"year","month","day","country","dengue_activity"
2002,"12","29","Argentina",NA
2002,"12","29","Bolivia",0.101
2002,"12","29","Brazil",0.073
2002,"12","29","India",0.062
2002,"12","29","Indonesia",0.101
2002,"12","29","Mexico",NA
2002,"12","29","Philippines",NA
2002,"12","29","Singapore",0.059
2002,"12","29","Thailand",NA
2002,"12","29","Venezuela",NA
2003,"01","05","Argentina",NA
2003,"01","05","Bolivia",0.143
2003,"01","05","Brazil",0.098
2003,"01","05","India",0.047
2003,"01","05","Indonesia",0.039
2003,"01","05","Mexico",NA
2003,"01","05","Philippines",NA
2003,"01","05","Singapore",0.059
2003,"01","05","Thailand",NA
2003,"01","05","Venezuela",NA
2003,"01","12","Argentina",NA
2003,"01","12","Bolivia",0.176
2003,"01","12","Brazil",0.119
2003,"01","12","India",0.051
2003,"01","12","Indonesia",0.059
2003,"01","12","Mexico",0.071
2003,"01","12","Philippines",NA
2003,"01","12","Singapore",0.238
2003,"01","12","Thailand",NA
2003,"01","12","Venezuela",NA
2003,"01","19","Argentina",NA
2003,"01","19","Bolivia",0.173
2003,"01","19","Brazil",0.17
2003,"01","19","India",0.032
2003,"01","19","Indonesia",0.039
2003,"01","19","Mexico",0.052
2003,"01","19","Philippines",NA
2003,"01","19","Singapore",0.175
2003,"01","19","Thailand",NA
2003,"01","19","Venezuela",NA
2003,"01","26","Argentina",NA
2003,"01","26","Bolivia",0.146
2003,"01","26","Brazil",0.138
2003,"01","26","India",0.04
2003,"01","26","Indonesia",0.112
2003,"01","26","Mexico",0.048
2003,"01","26","Philippines",NA
2003,"01","26","Singapore",0.164
2003,"01","26","Thailand",NA
2003,"01","26","Venezuela",NA
2003,"02","02","Argentina",NA
2003,"02","02","Bolivia",0.16
2003,"02","02","Brazil",0.202
2003,"02","02","India",0.038
2003,"02","02","Indonesia",0.049
2003,"02","02","Mexico",0.041
2003,"02","02","Philippines",NA
2003,"02","02","Singapore",0.163
2003,"02","02","Thailand",NA
2003,"02","02","Venezuela",NA
2003,"02","09","Argentina",NA
2003,"02","09","Bolivia",0.225
2003,"02","09","Brazil",0.179
2003,"02","09","India",0.019
2003,"02","09","Indonesia",0.06
2003,"02","09","Mexico",0.042
2003,"02","09","Philippines",NA
2003,"02","09","Singapore",0.15
2003,"02","09","Thailand",NA
2003,"02","09","Venezuela",NA
2003,"02","16","Argentina",0.046
2003,"02","16","Bolivia",0.109
2003,"02","16","Brazil",0.239
2003,"02","16","India",0.008
2003,"02","16","Indonesia",0.039
2003,"02","16","Mexico",0.049
2003,"02","16","Philippines",NA
2003,"02","16","Singapore",0.144
2003,"02","16","Thailand",NA
2003,"02","16","Venezuela",0.139
2003,"02","23","Argentina",0.048
2003,"02","23","Bolivia",0.147
2003,"02","23","Brazil",0.205
2003,"02","23","India",0.022
2003,"02","23","Indonesia",0.078
2003,"02","23","Mexico",0.054
2003,"02","23","Philippines",NA
2003,"02","23","Singapore",0.142
2003,"02","23","Thailand",NA
2003,"02","23","Venezuela",0.137
2003,"03","02","Argentina",0.051
2003,"03","02","Bolivia",0.119
2003,"03","02","Brazil",0.142
2003,"03","02","India",0.028
2003,"03","02","Indonesia",0.048
2003,"03","02","Mexico",0.075
2003,"03","02","Philippines",NA
2003,"03","02","Singapore",0.129
2003,"03","02","Thailand",NA
2003,"03","02","Venezuela",0.168
2003,"03","09","Argentina",0.051
2003,"03","09","Bolivia",0.195
2003,"03","09","Brazil",0.28
2003,"03","09","India",0.003
2003,"03","09","Indonesia",0.089
2003,"03","09","Mexico",0.096
2003,"03","09","Philippines",NA
2003,"03","09","Singapore",0.13
2003,"03","09","Thailand",NA
2003,"03","09","Venezuela",0.169
2003,"03","16","Argentina",0.046
2003,"03","16","Bolivia",0.289
2003,"03","16","Brazil",0.162
2003,"03","16","India",0.006
2003,"03","16","Indonesia",0.08
2003,"03","16","Mexico",0.064
2003,"03","16","Philippines",NA
2003,"03","16","Singapore",0.12
2003,"03","16","Thailand",NA
2003,"03","16","Venezuela",0.157
2003,"03","23","Argentina",0.043
2003,"03","23","Bolivia",0.227
2003,"03","23","Brazil",0.17
2003,"03","23","India",0.015
2003,"03","23","Indonesia",0.054
2003,"03","23","Mexico",0.073
2003,"03","23","Philippines",NA
2003,"03","23","Singapore",0.115
2003,"03","23","Thailand",NA
2003,"03","23","Venezuela",0.154
2003,"03","30","Argentina",0.039
2003,"03","30","Bolivia",0.194
2003,"03","30","Brazil",0.176
2003,"03","30","India",0.033
2003,"03","30","Indonesia",0.071
2003,"03","30","Mexico",0.076
2003,"03","30","Philippines",0.059
2003,"03","30","Singapore",0.104
2003,"03","30","Thailand",NA
2003,"03","30","Venezuela",0.138
2003,"04","06","Argentina",0.036
2003,"04","06","Bolivia",0.121
2003,"04","06","Brazil",0.134
2003,"04","06","India",0.008
2003,"04","06","Indonesia",0.054
2003,"04","06","Mexico",0.068
2003,"04","06","Philippines",0.059
2003,"04","06","Singapore",0.107
2003,"04","06","Thailand",NA
2003,"04","06","Venezuela",0.136
2003,"04","13","Argentina",0.031
2003,"04","13","Bolivia",0.101
2003,"04","13","Brazil",0.15
2003,"04","13","India",0.012
2003,"04","13","Indonesia",0.088
2003,"04","13","Mexico",0.055
2003,"04","13","Philippines",0.058
2003,"04","13","Singapore",0.101
2003,"04","13","Thailand",NA
2003,"04","13","Venezuela",0.129
2003,"04","20","Argentina",0.029
2003,"04","20","Bolivia",0.147
2003,"04","20","Brazil",0.104
2003,"04","20","India",0.03
2003,"04","20","Indonesia",0.054
2003,"04","20","Mexico",0.056
2003,"04","20","Philippines",0.058
2003,"04","20","Singapore",0.102
2003,"04","20","Thailand",NA
2003,"04","20","Venezuela",0.168
2003,"04","27","Argentina",0.034
2003,"04","27","Bolivia",0.097
2003,"04","27","Brazil",0.104
2003,"04","27","India",0.004
2003,"04","27","Indonesia",0.081
2003,"04","27","Mexico",0.072
2003,"04","27","Philippines",0.061
2003,"04","27","Singapore",0.128
2003,"04","27","Thailand",NA
2003,"04","27","Venezuela",0.263
2003,"05","04","Argentina",0.031
2003,"05","04","Bolivia",0.069
2003,"05","04","Brazil",0.089
2003,"05","04","India",0.007
2003,"05","04","Indonesia",0.068
2003,"05","04","Mexico",0.071
2003,"05","04","Philippines",0.059
2003,"05","04","Singapore",0.132
2003,"05","04","Thailand",NA
2003,"05","04","Venezuela",0.222
2003,"05","11","Argentina",0.039
2003,"05","11","Bolivia",0.064
2003,"05","11","Brazil",0.067
2003,"05","11","India",0
2003,"05","11","Indonesia",0.048
2003,"05","11","Mexico",0.06
2003,"05","11","Philippines",0.059
2003,"05","11","Singapore",0.14
2003,"05","11","Thailand",NA
2003,"05","11","Venezuela",0.2
2003,"05","18","Argentina",0.039
2003,"05","18","Bolivia",0.053
2003,"05","18","Brazil",0.109
2003,"05","18","India",0.019
2003,"05","18","Indonesia",0.061
2003,"05","18","Mexico",0.069
2003,"05","18","Philippines",0.057
2003,"05","18","Singapore",0.151
2003,"05","18","Thailand",NA
2003,"05","18","Venezuela",0.202
2003,"05","25","Argentina",0.039
2003,"05","25","Bolivia",0.064
2003,"05","25","Brazil",0.071
2003,"05","25","India",0.015
2003,"05","25","Indonesia",0.062
2003,"05","25","Mexico",0.074
2003,"05","25","Philippines",0.055
2003,"05","25","Singapore",0.175
2003,"05","25","Thailand",NA
2003,"05","25","Venezuela",0.177
2003,"06","01","Argentina",0.034
2003,"06","01","Bolivia",0.058
2003,"06","01","Brazil",0.08
2003,"06","01","India",0.031
2003,"06","01","Indonesia",0.082
2003,"06","01","Mexico",0.079
2003,"06","01","Philippines",0.062
2003,"06","01","Singapore",0.161
2003,"06","01","Thailand",NA
2003,"06","01","Venezuela",0.192
2003,"06","08","Argentina",0.039
2003,"06","08","Bolivia",0.042
2003,"06","08","Brazil",0.062
2003,"06","08","India",0.05
2003,"06","08","Indonesia",0.069
2003,"06","08","Mexico",0.088
2003,"06","08","Philippines",0.059
2003,"06","08","Singapore",0.15
2003,"06","08","Thailand",NA
2003,"06","08","Venezuela",0.186
2003,"06","15","Argentina",0.039
2003,"06","15","Bolivia",0.047
2003,"06","15","Brazil",0.036
2003,"06","15","India",0.094
2003,"06","15","Indonesia",0.055
2003,"06","15","Mexico",0.074
2003,"06","15","Philippines",0.059
2003,"06","15","Singapore",0.163
2003,"06","15","Thailand",NA
2003,"06","15","Venezuela",0.178
2003,"06","22","Argentina",0.039
2003,"06","22","Bolivia",0.039
2003,"06","22","Brazil",0.073
2003,"06","22","India",0.165
2003,"06","22","Indonesia",0.055
2003,"06","22","Mexico",0.056
2003,"06","22","Philippines",0.058
2003,"06","22","Singapore",0.143
2003,"06","22","Thailand",NA
2003,"06","22","Venezuela",0.16
2003,"06","29","Argentina",0.031
2003,"06","29","Bolivia",0.038
2003,"06","29","Brazil",0.056
2003,"06","29","India",0.17
2003,"06","29","Indonesia",0.047
2003,"06","29","Mexico",0.071
2003,"06","29","Philippines",0.058
2003,"06","29","Singapore",0.132
2003,"06","29","Thailand",NA
2003,"06","29","Venezuela",0.172
2003,"07","06","Argentina",0.034
2003,"07","06","Bolivia",0.029
2003,"07","06","Brazil",0.018
2003,"07","06","India",0.195
2003,"07","06","Indonesia",0.1
2003,"07","06","Mexico",0.086
2003,"07","06","Philippines",0.056
2003,"07","06","Singapore",0.12
2003,"07","06","Thailand",NA
2003,"07","06","Venezuela",0.159
2003,"07","13","Argentina",0.036
2003,"07","13","Bolivia",0.023
2003,"07","13","Brazil",0.015
2003,"07","13","India",0.174
2003,"07","13","Indonesia",0.073
2003,"07","13","Mexico",0.072
2003,"07","13","Philippines",0.057
2003,"07","13","Singapore",0.129
2003,"07","13","Thailand",NA
2003,"07","13","Venezuela",0.161
2003,"07","20","Argentina",0.029
2003,"07","20","Bolivia",0.021
2003,"07","20","Brazil",0.052
2003,"07","20","India",0.187
2003,"07","20","Indonesia",0.047
2003,"07","20","Mexico",0.065
2003,"07","20","Philippines",0.064
2003,"07","20","Singapore",0.128
2003,"07","20","Thailand",NA
2003,"07","20","Venezuela",0.163
2003,"07","27","Argentina",0.027
2003,"07","27","Bolivia",0.018
2003,"07","27","Brazil",0.013
2003,"07","27","India",0.18
2003,"07","27","Indonesia",0.049
2003,"07","27","Mexico",0.068
2003,"07","27","Philippines",0.064
2003,"07","27","Singapore",0.123
2003,"07","27","Thailand",NA
2003,"07","27","Venezuela",0.153
2003,"08","03","Argentina",0.024
2003,"08","03","Bolivia",0.016
2003,"08","03","Brazil",0.044
2003,"08","03","India",0.116
2003,"08","03","Indonesia",0.039
2003,"08","03","Mexico",0.095
2003,"08","03","Philippines",0.081
2003,"08","03","Singapore",0.112
2003,"08","03","Thailand",NA
2003,"08","03","Venezuela",0.151
2003,"08","10","Argentina",0.022
2003,"08","10","Bolivia",0.019
2003,"08","10","Brazil",0.036
2003,"08","10","India",0.101
2003,"08","10","Indonesia",0.039
2003,"08","10","Mexico",0.092
2003,"08","10","Philippines",0.091
2003,"08","10","Singapore",0.131
2003,"08","10","Thailand",NA
2003,"08","10","Venezuela",0.15
2003,"08","17","Argentina",0.022
2003,"08","17","Bolivia",0.022
2003,"08","17","Brazil",0.032
2003,"08","17","India",0.1
2003,"08","17","Indonesia",0.039
2003,"08","17","Mexico",0.089
2003,"08","17","Philippines",0.134
2003,"08","17","Singapore",0.127
2003,"08","17","Thailand",NA
2003,"08","17","Venezuela",0.146
2003,"08","24","Argentina",0.019
2003,"08","24","Bolivia",0.018
2003,"08","24","Brazil",0.034
2003,"08","24","India",0.103
2003,"08","24","Indonesia",0.064
2003,"08","24","Mexico",0.063
2003,"08","24","Philippines",0.163
2003,"08","24","Singapore",0.116
2003,"08","24","Thailand",NA
2003,"08","24","Venezuela",0.152
2003,"08","31","Argentina",0.019
2003,"08","31","Bolivia",0.018
2003,"08","31","Brazil",0.011
2003,"08","31","India",0.135
2003,"08","31","Indonesia",0.055
2003,"08","31","Mexico",0.084
2003,"08","31","Philippines",0.152
2003,"08","31","Singapore",0.111
2003,"08","31","Thailand",NA
2003,"08","31","Venezuela",0.159
2003,"09","07","Argentina",0.019
2003,"09","07","Bolivia",0.019
2003,"09","07","Brazil",0.018
2003,"09","07","India",0.143
2003,"09","07","Indonesia",0.047
2003,"09","07","Mexico",0.137
2003,"09","07","Philippines",0.149
2003,"09","07","Singapore",0.109
2003,"09","07","Thailand",NA
2003,"09","07","Venezuela",0.166
2003,"09","14","Argentina",0.019
2003,"09","14","Bolivia",0.031
2003,"09","14","Brazil",0.034
2003,"09","14","India",0.196
2003,"09","14","Indonesia",0.047
2003,"09","14","Mexico",0.165
2003,"09","14","Philippines",0.147
2003,"09","14","Singapore",0.113
2003,"09","14","Thailand",NA
2003,"09","14","Venezuela",0.175
2003,"09","21","Argentina",0.019
2003,"09","21","Bolivia",0.041
2003,"09","21","Brazil",0.015
2003,"09","21","India",0.242
2003,"09","21","Indonesia",0.063
2003,"09","21","Mexico",0.124
2003,"09","21","Philippines",0.137
2003,"09","21","Singapore",0.123
2003,"09","21","Thailand",NA
2003,"09","21","Venezuela",0.162
2003,"09","28","Argentina",0.019
2003,"09","28","Bolivia",0.049
2003,"09","28","Brazil",0.016
2003,"09","28","India",0.292
2003,"09","28","Indonesia",0.054
2003,"09","28","Mexico",0.188
2003,"09","28","Philippines",0.123
2003,"09","28","Singapore",0.12
2003,"09","28","Thailand",NA
2003,"09","28","Venezuela",0.166
2003,"10","05","Argentina",0.019
2003,"10","05","Bolivia",0.035
2003,"10","05","Brazil",0.02
2003,"10","05","India",0.565
2003,"10","05","Indonesia",0.069
2003,"10","05","Mexico",0.182
2003,"10","05","Philippines",0.141
2003,"10","05","Singapore",0.108
2003,"10","05","Thailand",NA
2003,"10","05","Venezuela",0.16
2003,"10","12","Argentina",0.019
2003,"10","12","Bolivia",0.044
2003,"10","12","Brazil",0.041
2003,"10","12","India",0.928
2003,"10","12","Indonesia",0.075
2003,"10","12","Mexico",0.16
2003,"10","12","Philippines",0.123
2003,"10","12","Singapore",0.108
2003,"10","12","Thailand",NA
2003,"10","12","Venezuela",0.192
2003,"10","19","Argentina",0.022
2003,"10","19","Bolivia",0.054
2003,"10","19","Brazil",0.026
2003,"10","19","India",0.99
2003,"10","19","Indonesia",0.068
2003,"10","19","Mexico",0.157
2003,"10","19","Philippines",0.109
2003,"10","19","Singapore",0.119
2003,"10","19","Thailand",NA
2003,"10","19","Venezuela",0.231
2003,"10","26","Argentina",0.024
2003,"10","26","Bolivia",0.035
2003,"10","26","Brazil",0.034
2003,"10","26","India",0.91
2003,"10","26","Indonesia",0.076
2003,"10","26","Mexico",0.122
2003,"10","26","Philippines",0.103
2003,"10","26","Singapore",0.174
2003,"10","26","Thailand",NA
2003,"10","26","Venezuela",0.298
2003,"11","02","Argentina",0.029
2003,"11","02","Bolivia",0.032
2003,"11","02","Brazil",0.038
2003,"11","02","India",0.679
2003,"11","02","Indonesia",0.075
2003,"11","02","Mexico",0.159
2003,"11","02","Philippines",0.096
2003,"11","02","Singapore",0.195
2003,"11","02","Thailand",NA
2003,"11","02","Venezuela",0.302
2003,"11","09","Argentina",0.027
2003,"11","09","Bolivia",0.044
2003,"11","09","Brazil",0.038
2003,"11","09","India",0.509
2003,"11","09","Indonesia",0.06
2003,"11","09","Mexico",0.132
2003,"11","09","Philippines",0.09
2003,"11","09","Singapore",0.157
2003,"11","09","Thailand",NA
2003,"11","09","Venezuela",0.262
2003,"11","16","Argentina",0.027
2003,"11","16","Bolivia",0.031
2003,"11","16","Brazil",0.046
2003,"11","16","India",0.327
2003,"11","16","Indonesia",0.047
2003,"11","16","Mexico",0.088
2003,"11","16","Philippines",0.091
2003,"11","16","Singapore",0.126
2003,"11","16","Thailand",NA
2003,"11","16","Venezuela",0.238
2003,"11","23","Argentina",0.027
2003,"11","23","Bolivia",0.03
2003,"11","23","Brazil",0.068
2003,"11","23","India",0.245
2003,"11","23","Indonesia",0.055
2003,"11","23","Mexico",0.127
2003,"11","23","Philippines",0.088
2003,"11","23","Singapore",0.116
2003,"11","23","Thailand",NA
2003,"11","23","Venezuela",0.231
2003,"11","30","Argentina",0.027
2003,"11","30","Bolivia",0.024
2003,"11","30","Brazil",0.063
2003,"11","30","India",0.178
2003,"11","30","Indonesia",0.068
2003,"11","30","Mexico",0.079
2003,"11","30","Philippines",0.089
2003,"11","30","Singapore",0.129
2003,"11","30","Thailand",NA
2003,"11","30","Venezuela",0.252
2003,"12","07","Argentina",0.024
2003,"12","07","Bolivia",0.016
2003,"12","07","Brazil",0.06
2003,"12","07","India",0.133
2003,"12","07","Indonesia",0.058
2003,"12","07","Mexico",0.083
2003,"12","07","Philippines",0.091
2003,"12","07","Singapore",0.112
2003,"12","07","Thailand",NA
2003,"12","07","Venezuela",0.286
2003,"12","14","Argentina",0.022
2003,"12","14","Bolivia",0.012
2003,"12","14","Brazil",0.055
2003,"12","14","India",0.094
2003,"12","14","Indonesia",0.045
2003,"12","14","Mexico",0.066
2003,"12","14","Philippines",0.095
2003,"12","14","Singapore",0.109
2003,"12","14","Thailand",NA
2003,"12","14","Venezuela",0.36
2003,"12","21","Argentina",0.019
2003,"12","21","Bolivia",0.011
2003,"12","21","Brazil",0.053
2003,"12","21","India",0.1
2003,"12","21","Indonesia",0.055
2003,"12","21","Mexico",0.055
2003,"12","21","Philippines",0.098
2003,"12","21","Singapore",0.104
2003,"12","21","Thailand",NA
2003,"12","21","Venezuela",0.324
2003,"12","28","Argentina",0.019
2003,"12","28","Bolivia",0.01
2003,"12","28","Brazil",0.049
2003,"12","28","India",0.087
2003,"12","28","Indonesia",0.039
2003,"12","28","Mexico",0.042
2003,"12","28","Philippines",0.109
2003,"12","28","Singapore",0.117
2003,"12","28","Thailand",NA
2003,"12","28","Venezuela",0.321
2004,"01","04","Argentina",0.019
2004,"01","04","Bolivia",0.01
2004,"01","04","Brazil",0.085
2004,"01","04","India",0.07
2004,"01","04","Indonesia",0.065
2004,"01","04","Mexico",0.041
2004,"01","04","Philippines",0.105
2004,"01","04","Singapore",0.115
2004,"01","04","Thailand",NA
2004,"01","04","Venezuela",0.285
2004,"01","11","Argentina",0.017
2004,"01","11","Bolivia",0.018
2004,"01","11","Brazil",0.095
2004,"01","11","India",0.072
2004,"01","11","Indonesia",0.09
2004,"01","11","Mexico",0.036
2004,"01","11","Philippines",0.096
2004,"01","11","Singapore",0.109
2004,"01","11","Thailand",NA
2004,"01","11","Venezuela",0.256
2004,"01","18","Argentina",0.017
2004,"01","18","Bolivia",0.07
2004,"01","18","Brazil",0.072
2004,"01","18","India",0.062
2004,"01","18","Indonesia",0.039
2004,"01","18","Mexico",0.034
2004,"01","18","Philippines",0.097
2004,"01","18","Singapore",0.106
2004,"01","18","Thailand",NA
2004,"01","18","Venezuela",0.251
2004,"01","25","Argentina",0.019
2004,"01","25","Bolivia",0.091
2004,"01","25","Brazil",0.057
2004,"01","25","India",0.059
2004,"01","25","Indonesia",0.065
2004,"01","25","Mexico",0.033
2004,"01","25","Philippines",0.093
2004,"01","25","Singapore",0.108
2004,"01","25","Thailand",NA
2004,"01","25","Venezuela",0.284
2004,"02","01","Argentina",0.031
2004,"02","01","Bolivia",0.068
2004,"02","01","Brazil",0.069
2004,"02","01","India",0.043
2004,"02","01","Indonesia",0.058
2004,"02","01","Mexico",0.037
2004,"02","01","Philippines",0.088
2004,"02","01","Singapore",0.109
2004,"02","01","Thailand",NA
2004,"02","01","Venezuela",0.283
2004,"02","08","Argentina",0.039
2004,"02","08","Bolivia",0.046
2004,"02","08","Brazil",0.067
2004,"02","08","India",0.033
2004,"02","08","Indonesia",0.122
2004,"02","08","Mexico",0.032
2004,"02","08","Philippines",0.08
2004,"02","08","Singapore",0.145
2004,"02","08","Thailand",NA
2004,"02","08","Venezuela",0.227
2004,"02","15","Argentina",0.046
2004,"02","15","Bolivia",0.034
2004,"02","15","Brazil",0.077
2004,"02","15","India",0.058
2004,"02","15","Indonesia",0.295
2004,"02","15","Mexico",0.031
2004,"02","15","Philippines",0.074
2004,"02","15","Singapore",0.194
2004,"02","15","Thailand",NA
2004,"02","15","Venezuela",0.199
2004,"02","22","Argentina",0.041
2004,"02","22","Bolivia",0.034
2004,"02","22","Brazil",0.088
2004,"02","22","India",0.039
2004,"02","22","Indonesia",0.69
2004,"02","22","Mexico",0.033
2004,"02","22","Philippines",0.071
2004,"02","22","Singapore",0.178
2004,"02","22","Thailand",NA
2004,"02","22","Venezuela",0.195
2004,"02","29","Argentina",0.039
2004,"02","29","Bolivia",0.03
2004,"02","29","Brazil",0.085
2004,"02","29","India",0.031
2004,"02","29","Indonesia",1
2004,"02","29","Mexico",0.04
2004,"02","29","Philippines",0.073
2004,"02","29","Singapore",0.172
2004,"02","29","Thailand",NA
2004,"02","29","Venezuela",0.207
2004,"03","07","Argentina",0.039
2004,"03","07","Bolivia",0.028
2004,"03","07","Brazil",0.096
2004,"03","07","India",0.023
2004,"03","07","Indonesia",0.8
2004,"03","07","Mexico",0.036
2004,"03","07","Philippines",0.07
2004,"03","07","Singapore",0.161
2004,"03","07","Thailand",NA
2004,"03","07","Venezuela",0.188
2004,"03","14","Argentina",0.053
2004,"03","14","Bolivia",0.023
2004,"03","14","Brazil",0.071
2004,"03","14","India",0.039
2004,"03","14","Indonesia",0.521
2004,"03","14","Mexico",0.04
2004,"03","14","Philippines",0.065
2004,"03","14","Singapore",0.164
2004,"03","14","Thailand",NA
2004,"03","14","Venezuela",0.183
2004,"03","21","Argentina",0.065
2004,"03","21","Bolivia",0.037
2004,"03","21","Brazil",0.085
2004,"03","21","India",0.023
2004,"03","21","Indonesia",0.424
2004,"03","21","Mexico",0.047
2004,"03","21","Philippines",0.06
2004,"03","21","Singapore",0.135
2004,"03","21","Thailand",NA
2004,"03","21","Venezuela",0.184
2004,"03","28","Argentina",0.063
2004,"03","28","Bolivia",0.056
2004,"03","28","Brazil",0.096
2004,"03","28","India",0.026
2004,"03","28","Indonesia",0.205
2004,"03","28","Mexico",0.052
2004,"03","28","Philippines",0.06
2004,"03","28","Singapore",0.17
2004,"03","28","Thailand",NA
2004,"03","28","Venezuela",0.168
2004,"04","04","Argentina",0.046
2004,"04","04","Bolivia",0.042
2004,"04","04","Brazil",0.071
2004,"04","04","India",0.037
2004,"04","04","Indonesia",0.262
2004,"04","04","Mexico",0.051
2004,"04","04","Philippines",0.057
2004,"04","04","Singapore",0.149
2004,"04","04","Thailand",NA
2004,"04","04","Venezuela",0.176
2004,"04","11","Argentina",0.041
2004,"04","11","Bolivia",0.035
2004,"04","11","Brazil",0.054
2004,"04","11","India",0.027
2004,"04","11","Indonesia",0.212
2004,"04","11","Mexico",0.051
2004,"04","11","Philippines",0.058
2004,"04","11","Singapore",0.127
2004,"04","11","Thailand",NA
2004,"04","11","Venezuela",0.162
2004,"04","18","Argentina",0.036
2004,"04","18","Bolivia",0.04
2004,"04","18","Brazil",0.067
2004,"04","18","India",0.031
2004,"04","18","Indonesia",0.186
2004,"04","18","Mexico",0.049
2004,"04","18","Philippines",0.057
2004,"04","18","Singapore",0.118
2004,"04","18","Thailand",NA
2004,"04","18","Venezuela",0.162
2004,"04","25","Argentina",0.041
2004,"04","25","Bolivia",0.045
2004,"04","25","Brazil",0.027
2004,"04","25","India",0.019
2004,"04","25","Indonesia",0.151
2004,"04","25","Mexico",0.044
2004,"04","25","Philippines",0.056
2004,"04","25","Singapore",0.127
2004,"04","25","Thailand",NA
2004,"04","25","Venezuela",0.187
2004,"05","02","Argentina",0.041
2004,"05","02","Bolivia",0.051
2004,"05","02","Brazil",0.039
2004,"05","02","India",0.016
2004,"05","02","Indonesia",0.142
2004,"05","02","Mexico",0.038
2004,"05","02","Philippines",0.054
2004,"05","02","Singapore",0.15
2004,"05","02","Thailand",NA
2004,"05","02","Venezuela",0.206
2004,"05","09","Argentina",0.041
2004,"05","09","Bolivia",0.049
2004,"05","09","Brazil",0.043
2004,"05","09","India",0.021
2004,"05","09","Indonesia",0.127
2004,"05","09","Mexico",0.051
2004,"05","09","Philippines",0.053
2004,"05","09","Singapore",0.138
2004,"05","09","Thailand",NA
2004,"05","09","Venezuela",0.259
2004,"05","16","Argentina",0.036
2004,"05","16","Bolivia",0.032
2004,"05","16","Brazil",0.031
2004,"05","16","India",0.037
2004,"05","16","Indonesia",0.139
2004,"05","16","Mexico",0.06
2004,"05","16","Philippines",0.056
2004,"05","16","Singapore",0.12
2004,"05","16","Thailand",NA
2004,"05","16","Venezuela",0.236
2004,"05","23","Argentina",0.036
2004,"05","23","Bolivia",0.026
2004,"05","23","Brazil",0.04
2004,"05","23","India",0.029
2004,"05","23","Indonesia",0.098
2004,"05","23","Mexico",0.114
2004,"05","23","Philippines",0.055
2004,"05","23","Singapore",0.161
2004,"05","23","Thailand",NA
2004,"05","23","Venezuela",0.202
2004,"05","30","Argentina",0.039
2004,"05","30","Bolivia",0.032
2004,"05","30","Brazil",0.03
2004,"05","30","India",0.037
2004,"05","30","Indonesia",0.082
2004,"05","30","Mexico",0.071
2004,"05","30","Philippines",0.056
2004,"05","30","Singapore",0.164
2004,"05","30","Thailand",NA
2004,"05","30","Venezuela",0.195
2004,"06","06","Argentina",0.036
2004,"06","06","Bolivia",0.039
2004,"06","06","Brazil",0.032
2004,"06","06","India",0.04
2004,"06","06","Indonesia",0.084
2004,"06","06","Mexico",0.06
2004,"06","06","Philippines",0.054
2004,"06","06","Singapore",0.137
2004,"06","06","Thailand",NA
2004,"06","06","Venezuela",0.186
2004,"06","13","Argentina",0.029
2004,"06","13","Bolivia",0.028
2004,"06","13","Brazil",0.024
2004,"06","13","India",0.04
2004,"06","13","Indonesia",0.076
2004,"06","13","Mexico",0.073
2004,"06","13","Philippines",0.058
2004,"06","13","Singapore",0.132
2004,"06","13","Thailand",NA
2004,"06","13","Venezuela",0.166
2004,"06","20","Argentina",0.027
2004,"06","20","Bolivia",0.024
2004,"06","20","Brazil",0.022
2004,"06","20","India",0.057
2004,"06","20","Indonesia",0.104
2004,"06","20","Mexico",0.05
2004,"06","20","Philippines",0.063
2004,"06","20","Singapore",0.128
2004,"06","20","Thailand",NA
2004,"06","20","Venezuela",0.172
2004,"06","27","Argentina",0.024
2004,"06","27","Bolivia",0.015
2004,"06","27","Brazil",0.032
2004,"06","27","India",0.048
2004,"06","27","Indonesia",0.091
2004,"06","27","Mexico",0.059
2004,"06","27","Philippines",0.089
2004,"06","27","Singapore",0.145
2004,"06","27","Thailand",NA
2004,"06","27","Venezuela",0.18
2004,"07","04","Argentina",0.022
2004,"07","04","Bolivia",0.015
2004,"07","04","Brazil",0.017
2004,"07","04","India",0.054
2004,"07","04","Indonesia",0.068
2004,"07","04","Mexico",0.067
2004,"07","04","Philippines",0.092
2004,"07","04","Singapore",0.134
2004,"07","04","Thailand",NA
2004,"07","04","Venezuela",0.163
2004,"07","11","Argentina",0.022
2004,"07","11","Bolivia",0.015
2004,"07","11","Brazil",0.028
2004,"07","11","India",0.056
2004,"07","11","Indonesia",0.111
2004,"07","11","Mexico",0.057
2004,"07","11","Philippines",0.095
2004,"07","11","Singapore",0.154
2004,"07","11","Thailand",NA
2004,"07","11","Venezuela",0.158
2004,"07","18","Argentina",0.019
2004,"07","18","Bolivia",0.021
2004,"07","18","Brazil",0.01
2004,"07","18","India",0.057
2004,"07","18","Indonesia",0.066
2004,"07","18","Mexico",0.069
2004,"07","18","Philippines",0.114
2004,"07","18","Singapore",0.16
2004,"07","18","Thailand",NA
2004,"07","18","Venezuela",0.151
2004,"07","25","Argentina",0.017
2004,"07","25","Bolivia",0.026
2004,"07","25","Brazil",0.017
2004,"07","25","India",0.093
2004,"07","25","Indonesia",0.087
2004,"07","25","Mexico",0.104
2004,"07","25","Philippines",0.112
2004,"07","25","Singapore",0.194
2004,"07","25","Thailand",NA
2004,"07","25","Venezuela",0.158
2004,"08","01","Argentina",0.017
2004,"08","01","Bolivia",0.025
2004,"08","01","Brazil",0.026
2004,"08","01","India",0.099
2004,"08","01","Indonesia",0.077
2004,"08","01","Mexico",0.128
2004,"08","01","Philippines",0.107
2004,"08","01","Singapore",0.188
2004,"08","01","Thailand",NA
2004,"08","01","Venezuela",0.169
2004,"08","08","Argentina",0.017
2004,"08","08","Bolivia",0.029
2004,"08","08","Brazil",0.013
2004,"08","08","India",0.099
2004,"08","08","Indonesia",0.075
2004,"08","08","Mexico",0.178
2004,"08","08","Philippines",0.099
2004,"08","08","Singapore",0.205
2004,"08","08","Thailand",NA
2004,"08","08","Venezuela",0.165
2004,"08","15","Argentina",0.024
2004,"08","15","Bolivia",0.02
2004,"08","15","Brazil",0.018
2004,"08","15","India",0.075
2004,"08","15","Indonesia",0.078
2004,"08","15","Mexico",0.129
2004,"08","15","Philippines",0.096
2004,"08","15","Singapore",0.193
2004,"08","15","Thailand",NA
2004,"08","15","Venezuela",0.154
2004,"08","22","Argentina",0.022
2004,"08","22","Bolivia",0.017
2004,"08","22","Brazil",0.02
2004,"08","22","India",0.08
2004,"08","22","Indonesia",0.106
2004,"08","22","Mexico",0.131
2004,"08","22","Philippines",0.09
2004,"08","22","Singapore",0.178
2004,"08","22","Thailand",NA
2004,"08","22","Venezuela",0.149
2004,"08","29","Argentina",0.022
2004,"08","29","Bolivia",0.018
2004,"08","29","Brazil",0.019
2004,"08","29","India",0.085
2004,"08","29","Indonesia",0.083
2004,"08","29","Mexico",0.11
2004,"08","29","Philippines",0.098
2004,"08","29","Singapore",0.164
2004,"08","29","Thailand",NA
2004,"08","29","Venezuela",0.148
2004,"09","05","Argentina",0.019
2004,"09","05","Bolivia",0.016
2004,"09","05","Brazil",0.031
2004,"09","05","India",0.082
2004,"09","05","Indonesia",0.077
2004,"09","05","Mexico",0.106
2004,"09","05","Philippines",0.131
2004,"09","05","Singapore",0.193
2004,"09","05","Thailand",NA
2004,"09","05","Venezuela",0.157
2004,"09","12","Argentina",0.022
2004,"09","12","Bolivia",0.014
2004,"09","12","Brazil",0.019
2004,"09","12","India",0.103
2004,"09","12","Indonesia",0.072
2004,"09","12","Mexico",0.124
2004,"09","12","Philippines",0.153
2004,"09","12","Singapore",0.165
2004,"09","12","Thailand",NA
2004,"09","12","Venezuela",0.151
2004,"09","19","Argentina",0.019
2004,"09","19","Bolivia",0.011
2004,"09","19","Brazil",0.022
2004,"09","19","India",0.127
2004,"09","19","Indonesia",0.062
2004,"09","19","Mexico",0.138
2004,"09","19","Philippines",0.153
2004,"09","19","Singapore",0.208
2004,"09","19","Thailand",NA
2004,"09","19","Venezuela",0.159
2004,"09","26","Argentina",0.027
2004,"09","26","Bolivia",0.011
2004,"09","26","Brazil",0.026
2004,"09","26","India",0.12
2004,"09","26","Indonesia",0.079
2004,"09","26","Mexico",0.135
2004,"09","26","Philippines",0.139
2004,"09","26","Singapore",0.178
2004,"09","26","Thailand",NA
2004,"09","26","Venezuela",0.173
2004,"10","03","Argentina",0.022
2004,"10","03","Bolivia",0.012
2004,"10","03","Brazil",0.021
2004,"10","03","India",0.114
2004,"10","03","Indonesia",0.082
2004,"10","03","Mexico",0.115
2004,"10","03","Philippines",0.118
2004,"10","03","Singapore",0.174
2004,"10","03","Thailand",NA
2004,"10","03","Venezuela",0.198
2004,"10","10","Argentina",0.029
2004,"10","10","Bolivia",0.015
2004,"10","10","Brazil",0.015
2004,"10","10","India",0.137
2004,"10","10","Indonesia",0.071
2004,"10","10","Mexico",0.124
2004,"10","10","Philippines",0.114
2004,"10","10","Singapore",0.188
2004,"10","10","Thailand",NA
2004,"10","10","Venezuela",0.202
2004,"10","17","Argentina",0.027
2004,"10","17","Bolivia",0.018
2004,"10","17","Brazil",0.045
2004,"10","17","India",0.171
2004,"10","17","Indonesia",0.115
2004,"10","17","Mexico",0.148
2004,"10","17","Philippines",0.101
2004,"10","17","Singapore",0.186
2004,"10","17","Thailand",NA
2004,"10","17","Venezuela",0.24
2004,"10","24","Argentina",0.027
2004,"10","24","Bolivia",0.021
2004,"10","24","Brazil",0.041
2004,"10","24","India",0.173
2004,"10","24","Indonesia",0.078
2004,"10","24","Mexico",0.138
2004,"10","24","Philippines",0.097
2004,"10","24","Singapore",0.165
2004,"10","24","Thailand",NA
2004,"10","24","Venezuela",0.23
2004,"10","31","Argentina",0.029
2004,"10","31","Bolivia",0.02
2004,"10","31","Brazil",0.047
2004,"10","31","India",0.164
2004,"10","31","Indonesia",0.066
2004,"10","31","Mexico",0.073
2004,"10","31","Philippines",0.09
2004,"10","31","Singapore",0.177
2004,"10","31","Thailand",NA
2004,"10","31","Venezuela",0.221
2004,"11","07","Argentina",0.029
2004,"11","07","Bolivia",0.017
2004,"11","07","Brazil",0.046
2004,"11","07","India",0.182
2004,"11","07","Indonesia",0.067
2004,"11","07","Mexico",0.075
2004,"11","07","Philippines",0.096
2004,"11","07","Singapore",0.187
2004,"11","07","Thailand",NA
2004,"11","07","Venezuela",0.227
2004,"11","14","Argentina",0.027
2004,"11","14","Bolivia",0.016
2004,"11","14","Brazil",0.059
2004,"11","14","India",0.155
2004,"11","14","Indonesia",0.084
2004,"11","14","Mexico",0.078
2004,"11","14","Philippines",0.09
2004,"11","14","Singapore",0.195
2004,"11","14","Thailand",NA
2004,"11","14","Venezuela",0.183
2004,"11","21","Argentina",0.027
2004,"11","21","Bolivia",0.017
2004,"11","21","Brazil",0.078
2004,"11","21","India",0.125
2004,"11","21","Indonesia",0.09
2004,"11","21","Mexico",0.072
2004,"11","21","Philippines",0.095
2004,"11","21","Singapore",0.182
2004,"11","21","Thailand",NA
2004,"11","21","Venezuela",0.171
2004,"11","28","Argentina",0.022
2004,"11","28","Bolivia",0.022
2004,"11","28","Brazil",0.057
2004,"11","28","India",0.093
2004,"11","28","Indonesia",0.16
2004,"11","28","Mexico",0.061
2004,"11","28","Philippines",0.09
2004,"11","28","Singapore",0.193
2004,"11","28","Thailand",NA
2004,"11","28","Venezuela",0.201
2004,"12","05","Argentina",0.019
2004,"12","05","Bolivia",0.019
2004,"12","05","Brazil",0.032
2004,"12","05","India",0.093
2004,"12","05","Indonesia",0.097
2004,"12","05","Mexico",0.07
2004,"12","05","Philippines",0.098
2004,"12","05","Singapore",0.185
2004,"12","05","Thailand",NA
2004,"12","05","Venezuela",0.18
2004,"12","12","Argentina",0.017
2004,"12","12","Bolivia",0.016
2004,"12","12","Brazil",0.033
2004,"12","12","India",0.071
2004,"12","12","Indonesia",0.112
2004,"12","12","Mexico",0.049
2004,"12","12","Philippines",0.105
2004,"12","12","Singapore",0.185
2004,"12","12","Thailand",NA
2004,"12","12","Venezuela",0.169
2004,"12","19","Argentina",0.014
2004,"12","19","Bolivia",0.016
2004,"12","19","Brazil",0.04
2004,"12","19","India",0.062
2004,"12","19","Indonesia",0.093
2004,"12","19","Mexico",0.048
2004,"12","19","Philippines",0.099
2004,"12","19","Singapore",0.187
2004,"12","19","Thailand",NA
2004,"12","19","Venezuela",0.159
2004,"12","26","Argentina",0.014
2004,"12","26","Bolivia",0.015
2004,"12","26","Brazil",0.045
2004,"12","26","India",0.055
2004,"12","26","Indonesia",0.072
2004,"12","26","Mexico",0.042
2004,"12","26","Philippines",0.1
2004,"12","26","Singapore",0.186
2004,"12","26","Thailand",NA
2004,"12","26","Venezuela",0.16
2005,"01","02","Argentina",0.012
2005,"01","02","Bolivia",0.015
2005,"01","02","Brazil",0.063
2005,"01","02","India",0.039
2005,"01","02","Indonesia",0.113
2005,"01","02","Mexico",0.048
2005,"01","02","Philippines",0.103
2005,"01","02","Singapore",0.167
2005,"01","02","Thailand",NA
2005,"01","02","Venezuela",0.162
2005,"01","09","Argentina",0.012
2005,"01","09","Bolivia",0.015
2005,"01","09","Brazil",0.057
2005,"01","09","India",0.034
2005,"01","09","Indonesia",0.079
2005,"01","09","Mexico",0.038
2005,"01","09","Philippines",0.101
2005,"01","09","Singapore",0.194
2005,"01","09","Thailand",NA
2005,"01","09","Venezuela",0.174
2005,"01","16","Argentina",0.012
2005,"01","16","Bolivia",0.02
2005,"01","16","Brazil",0.07
2005,"01","16","India",0.032
2005,"01","16","Indonesia",0.104
2005,"01","16","Mexico",0.04
2005,"01","16","Philippines",0.103
2005,"01","16","Singapore",0.18
2005,"01","16","Thailand",NA
2005,"01","16","Venezuela",0.176
2005,"01","23","Argentina",0.01
2005,"01","23","Bolivia",0.029
2005,"01","23","Brazil",0.062
2005,"01","23","India",0.03
2005,"01","23","Indonesia",0.171
2005,"01","23","Mexico",0.045
2005,"01","23","Philippines",0.1
2005,"01","23","Singapore",0.184
2005,"01","23","Thailand",NA
2005,"01","23","Venezuela",0.183
2005,"01","30","Argentina",0.01
2005,"01","30","Bolivia",0.041
2005,"01","30","Brazil",0.062
2005,"01","30","India",0.02
2005,"01","30","Indonesia",0.206
2005,"01","30","Mexico",0.033
2005,"01","30","Philippines",0.093
2005,"01","30","Singapore",0.251
2005,"01","30","Thailand",NA
2005,"01","30","Venezuela",0.21
2005,"02","06","Argentina",0.01
2005,"02","06","Bolivia",0.038
2005,"02","06","Brazil",0.074
2005,"02","06","India",0.035
2005,"02","06","Indonesia",0.328
2005,"02","06","Mexico",0.036
2005,"02","06","Philippines",0.089
2005,"02","06","Singapore",0.271
2005,"02","06","Thailand",NA
2005,"02","06","Venezuela",0.183
2005,"02","13","Argentina",0.014
2005,"02","13","Bolivia",0.032
2005,"02","13","Brazil",0.086
2005,"02","13","India",0.027
2005,"02","13","Indonesia",0.39
2005,"02","13","Mexico",0.04
2005,"02","13","Philippines",0.078
2005,"02","13","Singapore",0.236
2005,"02","13","Thailand",NA
2005,"02","13","Venezuela",0.165
2005,"02","20","Argentina",0.014
2005,"02","20","Bolivia",0.029
2005,"02","20","Brazil",0.072
2005,"02","20","India",0.015
2005,"02","20","Indonesia",0.278
2005,"02","20","Mexico",0.036
2005,"02","20","Philippines",0.073
2005,"02","20","Singapore",0.291
2005,"02","20","Thailand",NA
2005,"02","20","Venezuela",0.188
2005,"02","27","Argentina",0.012
2005,"02","27","Bolivia",0.018
2005,"02","27","Brazil",0.04
2005,"02","27","India",0.019
2005,"02","27","Indonesia",0.177
2005,"02","27","Mexico",0.055
2005,"02","27","Philippines",0.07
2005,"02","27","Singapore",0.184
2005,"02","27","Thailand",NA
2005,"02","27","Venezuela",0.196
2005,"03","06","Argentina",0.014
2005,"03","06","Bolivia",0.028
2005,"03","06","Brazil",0.079
2005,"03","06","India",0.014
2005,"03","06","Indonesia",0.211
2005,"03","06","Mexico",0.052
2005,"03","06","Philippines",0.071
2005,"03","06","Singapore",0.165
2005,"03","06","Thailand",NA
2005,"03","06","Venezuela",0.17
2005,"03","13","Argentina",0.019
2005,"03","13","Bolivia",0.028
2005,"03","13","Brazil",0.068
2005,"03","13","India",0.029
2005,"03","13","Indonesia",0.174
2005,"03","13","Mexico",0.051
2005,"03","13","Philippines",0.068
2005,"03","13","Singapore",0.153
2005,"03","13","Thailand",NA
2005,"03","13","Venezuela",0.162
2005,"03","20","Argentina",0.024
2005,"03","20","Bolivia",0.024
2005,"03","20","Brazil",0.074
2005,"03","20","India",0.022
2005,"03","20","Indonesia",0.159
2005,"03","20","Mexico",0.047
2005,"03","20","Philippines",0.068
2005,"03","20","Singapore",0.194
2005,"03","20","Thailand",NA
2005,"03","20","Venezuela",0.164
2005,"03","27","Argentina",0.031
2005,"03","27","Bolivia",0.03
2005,"03","27","Brazil",0.091
2005,"03","27","India",0.018
2005,"03","27","Indonesia",0.181
2005,"03","27","Mexico",0.049
2005,"03","27","Philippines",0.065
2005,"03","27","Singapore",0.204
2005,"03","27","Thailand",NA
2005,"03","27","Venezuela",0.17
2005,"04","03","Argentina",0.027
2005,"04","03","Bolivia",0.028
2005,"04","03","Brazil",0.067
2005,"04","03","India",0.008
2005,"04","03","Indonesia",0.132
2005,"04","03","Mexico",0.035
2005,"04","03","Philippines",0.061
2005,"04","03","Singapore",0.202
2005,"04","03","Thailand",NA
2005,"04","03","Venezuela",0.172
2005,"04","10","Argentina",0.024
2005,"04","10","Bolivia",0.051
2005,"04","10","Brazil",0.057
2005,"04","10","India",0.016
2005,"04","10","Indonesia",0.176
2005,"04","10","Mexico",0.051
2005,"04","10","Philippines",0.059
2005,"04","10","Singapore",0.181
2005,"04","10","Thailand",NA
2005,"04","10","Venezuela",0.164
2005,"04","17","Argentina",0.022
2005,"04","17","Bolivia",0.068
2005,"04","17","Brazil",0.062
2005,"04","17","India",0.013
2005,"04","17","Indonesia",0.135
2005,"04","17","Mexico",0.049
2005,"04","17","Philippines",0.061
2005,"04","17","Singapore",0.172
2005,"04","17","Thailand",NA
2005,"04","17","Venezuela",0.167
2005,"04","24","Argentina",0.024
2005,"04","24","Bolivia",0.051
2005,"04","24","Brazil",0.062
2005,"04","24","India",0.015
2005,"04","24","Indonesia",0.124
2005,"04","24","Mexico",0.053
2005,"04","24","Philippines",0.061
2005,"04","24","Singapore",0.177
2005,"04","24","Thailand",NA
2005,"04","24","Venezuela",0.162
2005,"05","01","Argentina",0.029
2005,"05","01","Bolivia",0.044
2005,"05","01","Brazil",0.058
2005,"05","01","India",0.013
2005,"05","01","Indonesia",0.129
2005,"05","01","Mexico",0.051
2005,"05","01","Philippines",0.06
2005,"05","01","Singapore",0.187
2005,"05","01","Thailand",NA
2005,"05","01","Venezuela",0.174
2005,"05","08","Argentina",0.024
2005,"05","08","Bolivia",0.045
2005,"05","08","Brazil",0.059
2005,"05","08","India",0.021
2005,"05","08","Indonesia",0.139
2005,"05","08","Mexico",0.056
2005,"05","08","Philippines",0.059
2005,"05","08","Singapore",0.181
2005,"05","08","Thailand",NA
2005,"05","08","Venezuela",0.175
2005,"05","15","Argentina",0.022
2005,"05","15","Bolivia",0.045
2005,"05","15","Brazil",0.063
2005,"05","15","India",0.044
2005,"05","15","Indonesia",0.098
2005,"05","15","Mexico",0.057
2005,"05","15","Philippines",0.062
2005,"05","15","Singapore",0.178
2005,"05","15","Thailand",NA
2005,"05","15","Venezuela",0.19
2005,"05","22","Argentina",0.019
2005,"05","22","Bolivia",0.045
2005,"05","22","Brazil",0.05
2005,"05","22","India",0.028
2005,"05","22","Indonesia",0.101
2005,"05","22","Mexico",0.063
2005,"05","22","Philippines",0.059
2005,"05","22","Singapore",0.144
2005,"05","22","Thailand",NA
2005,"05","22","Venezuela",0.181
2005,"05","29","Argentina",0.019
2005,"05","29","Bolivia",0.041
2005,"05","29","Brazil",0.067
2005,"05","29","India",0.031
2005,"05","29","Indonesia",0.11
2005,"05","29","Mexico",0.07
2005,"05","29","Philippines",0.071
2005,"05","29","Singapore",0.162
2005,"05","29","Thailand",NA
2005,"05","29","Venezuela",0.192
2005,"06","05","Argentina",0.017
2005,"06","05","Bolivia",0.024
2005,"06","05","Brazil",0.056
2005,"06","05","India",0.028
2005,"06","05","Indonesia",0.098
2005,"06","05","Mexico",0.075
2005,"06","05","Philippines",0.079
2005,"06","05","Singapore",0.175
2005,"06","05","Thailand",NA
2005,"06","05","Venezuela",0.176
2005,"06","12","Argentina",0.022
2005,"06","12","Bolivia",0.03
2005,"06","12","Brazil",0.056
2005,"06","12","India",0.052
2005,"06","12","Indonesia",0.07
2005,"06","12","Mexico",0.089
2005,"06","12","Philippines",0.083
2005,"06","12","Singapore",0.181
2005,"06","12","Thailand",NA
2005,"06","12","Venezuela",0.175
2005,"06","19","Argentina",0.022
2005,"06","19","Bolivia",0.034
2005,"06","19","Brazil",0.05
2005,"06","19","India",0.028
2005,"06","19","Indonesia",0.072
2005,"06","19","Mexico",0.089
2005,"06","19","Philippines",0.095
2005,"06","19","Singapore",0.204
2005,"06","19","Thailand",NA
2005,"06","19","Venezuela",0.2
2005,"06","26","Argentina",0.022
2005,"06","26","Bolivia",0.022
2005,"06","26","Brazil",0.041
2005,"06","26","India",0.055
2005,"06","26","Indonesia",0.086
2005,"06","26","Mexico",0.088
2005,"06","26","Philippines",0.128
2005,"06","26","Singapore",0.232
2005,"06","26","Thailand",NA
2005,"06","26","Venezuela",0.211
2005,"07","03","Argentina",0.019
2005,"07","03","Bolivia",0.014
2005,"07","03","Brazil",0.042
2005,"07","03","India",0.051
2005,"07","03","Indonesia",0.1
2005,"07","03","Mexico",0.1
2005,"07","03","Philippines",0.136
2005,"07","03","Singapore",0.221
2005,"07","03","Thailand",NA
2005,"07","03","Venezuela",0.186
2005,"07","10","Argentina",0.017
2005,"07","10","Bolivia",0.011
2005,"07","10","Brazil",0.034
2005,"07","10","India",0.075
2005,"07","10","Indonesia",0.093
2005,"07","10","Mexico",0.081
2005,"07","10","Philippines",0.133
2005,"07","10","Singapore",0.226
2005,"07","10","Thailand",NA
2005,"07","10","Venezuela",0.183
2005,"07","17","Argentina",0.014
2005,"07","17","Bolivia",0.011
2005,"07","17","Brazil",0.035
2005,"07","17","India",0.134
2005,"07","17","Indonesia",0.111
2005,"07","17","Mexico",0.104
2005,"07","17","Philippines",0.162
2005,"07","17","Singapore",0.25
2005,"07","17","Thailand",NA
2005,"07","17","Venezuela",0.222
2005,"07","24","Argentina",0.012
2005,"07","24","Bolivia",0.007
2005,"07","24","Brazil",0.051
2005,"07","24","India",0.13
2005,"07","24","Indonesia",0.103
2005,"07","24","Mexico",0.135
2005,"07","24","Philippines",0.185
2005,"07","24","Singapore",0.291
2005,"07","24","Thailand",NA
2005,"07","24","Venezuela",0.196
2005,"07","31","Argentina",0.012
2005,"07","31","Bolivia",0.008
2005,"07","31","Brazil",0.049
2005,"07","31","India",0.093
2005,"07","31","Indonesia",0.103
2005,"07","31","Mexico",0.151
2005,"07","31","Philippines",0.25
2005,"07","31","Singapore",0.289
2005,"07","31","Thailand",NA
2005,"07","31","Venezuela",0.218
2005,"08","07","Argentina",0.019
2005,"08","07","Bolivia",0.007
2005,"08","07","Brazil",0.052
2005,"08","07","India",0.172
2005,"08","07","Indonesia",0.152
2005,"08","07","Mexico",0.154
2005,"08","07","Philippines",0.32
2005,"08","07","Singapore",0.247
2005,"08","07","Thailand",NA
2005,"08","07","Venezuela",0.18
2005,"08","14","Argentina",0.024
2005,"08","14","Bolivia",0.009
2005,"08","14","Brazil",0.052
2005,"08","14","India",0.218
2005,"08","14","Indonesia",0.2
2005,"08","14","Mexico",0.136
2005,"08","14","Philippines",0.367
2005,"08","14","Singapore",0.257
2005,"08","14","Thailand",NA
2005,"08","14","Venezuela",0.255
2005,"08","21","Argentina",0.027
2005,"08","21","Bolivia",0.02
2005,"08","21","Brazil",0.026
2005,"08","21","India",0.228
2005,"08","21","Indonesia",0.219
2005,"08","21","Mexico",0.099
2005,"08","21","Philippines",0.295
2005,"08","21","Singapore",0.365
2005,"08","21","Thailand",NA
2005,"08","21","Venezuela",0.217
2005,"08","28","Argentina",0.029
2005,"08","28","Bolivia",0.023
2005,"08","28","Brazil",0.035
2005,"08","28","India",0.299
2005,"08","28","Indonesia",0.188
2005,"08","28","Mexico",0.127
2005,"08","28","Philippines",0.325
2005,"08","28","Singapore",0.402
2005,"08","28","Thailand",NA
2005,"08","28","Venezuela",0.197
2005,"09","04","Argentina",0.029
2005,"09","04","Bolivia",0.03
2005,"09","04","Brazil",0.026
2005,"09","04","India",0.355
2005,"09","04","Indonesia",0.157
2005,"09","04","Mexico",0.143
2005,"09","04","Philippines",0.333
2005,"09","04","Singapore",0.566
2005,"09","04","Thailand",NA
2005,"09","04","Venezuela",0.229
2005,"09","11","Argentina",0.022
2005,"09","11","Bolivia",0.033
2005,"09","11","Brazil",0.025
2005,"09","11","India",0.298
2005,"09","11","Indonesia",0.124
2005,"09","11","Mexico",0.177
2005,"09","11","Philippines",0.228
2005,"09","11","Singapore",1
2005,"09","11","Thailand",NA
2005,"09","11","Venezuela",0.226
2005,"09","18","Argentina",0.019
2005,"09","18","Bolivia",0.02
2005,"09","18","Brazil",0.029
2005,"09","18","India",0.247
2005,"09","18","Indonesia",0.151
2005,"09","18","Mexico",0.208
2005,"09","18","Philippines",0.213
2005,"09","18","Singapore",0.839
2005,"09","18","Thailand",NA
2005,"09","18","Venezuela",0.19
2005,"09","25","Argentina",0.014
2005,"09","25","Bolivia",0.024
2005,"09","25","Brazil",0.029
2005,"09","25","India",0.224
2005,"09","25","Indonesia",0.135
2005,"09","25","Mexico",0.167
2005,"09","25","Philippines",0.165
2005,"09","25","Singapore",0.815
2005,"09","25","Thailand",NA
2005,"09","25","Venezuela",0.229
2005,"10","02","Argentina",0.014
2005,"10","02","Bolivia",0.022
2005,"10","02","Brazil",0.028
2005,"10","02","India",0.213
2005,"10","02","Indonesia",0.116
2005,"10","02","Mexico",0.156
2005,"10","02","Philippines",0.138
2005,"10","02","Singapore",0.622
2005,"10","02","Thailand",NA
2005,"10","02","Venezuela",0.207
2005,"10","09","Argentina",0.014
2005,"10","09","Bolivia",0.036
2005,"10","09","Brazil",0.03
2005,"10","09","India",0.237
2005,"10","09","Indonesia",0.168
2005,"10","09","Mexico",0.179
2005,"10","09","Philippines",0.137
2005,"10","09","Singapore",0.401
2005,"10","09","Thailand",NA
2005,"10","09","Venezuela",0.239
2005,"10","16","Argentina",0.022
2005,"10","16","Bolivia",0.026
2005,"10","16","Brazil",0.048
2005,"10","16","India",0.285
2005,"10","16","Indonesia",0.277
2005,"10","16","Mexico",0.194
2005,"10","16","Philippines",0.141
2005,"10","16","Singapore",0.359
2005,"10","16","Thailand",NA
2005,"10","16","Venezuela",0.283
2005,"10","23","Argentina",0.046
2005,"10","23","Bolivia",0.023
2005,"10","23","Brazil",0.043
2005,"10","23","India",0.295
2005,"10","23","Indonesia",0.168
2005,"10","23","Mexico",0.169
2005,"10","23","Philippines",0.115
2005,"10","23","Singapore",0.345
2005,"10","23","Thailand",NA
2005,"10","23","Venezuela",0.301
2005,"10","30","Argentina",0.036
2005,"10","30","Bolivia",0.03
2005,"10","30","Brazil",0.041
2005,"10","30","India",0.276
2005,"10","30","Indonesia",0.154
2005,"10","30","Mexico",0.155
2005,"10","30","Philippines",0.117
2005,"10","30","Singapore",0.324
2005,"10","30","Thailand",NA
2005,"10","30","Venezuela",0.246
2005,"11","06","Argentina",0.034
2005,"11","06","Bolivia",0.024
2005,"11","06","Brazil",0.046
2005,"11","06","India",0.251
2005,"11","06","Indonesia",0.144
2005,"11","06","Mexico",0.147
2005,"11","06","Philippines",0.106
2005,"11","06","Singapore",0.246
2005,"11","06","Thailand",NA
2005,"11","06","Venezuela",0.244
2005,"11","13","Argentina",0.029
2005,"11","13","Bolivia",0.049
2005,"11","13","Brazil",0.067
2005,"11","13","India",0.232
2005,"11","13","Indonesia",0.214
2005,"11","13","Mexico",0.115
2005,"11","13","Philippines",0.09
2005,"11","13","Singapore",0.203
2005,"11","13","Thailand",NA
2005,"11","13","Venezuela",0.206
2005,"11","20","Argentina",0.022
2005,"11","20","Bolivia",0.061
2005,"11","20","Brazil",0.069
2005,"11","20","India",0.198
2005,"11","20","Indonesia",0.207
2005,"11","20","Mexico",0.105
2005,"11","20","Philippines",0.094
2005,"11","20","Singapore",0.164
2005,"11","20","Thailand",NA
2005,"11","20","Venezuela",0.275
2005,"11","27","Argentina",0.019
2005,"11","27","Bolivia",0.052
2005,"11","27","Brazil",0.032
2005,"11","27","India",0.15
2005,"11","27","Indonesia",0.288
2005,"11","27","Mexico",0.091
2005,"11","27","Philippines",0.081
2005,"11","27","Singapore",0.156
2005,"11","27","Thailand",NA
2005,"11","27","Venezuela",0.211
2005,"12","04","Argentina",0.017
2005,"12","04","Bolivia",0.025
2005,"12","04","Brazil",0.037
2005,"12","04","India",0.123
2005,"12","04","Indonesia",0.307
2005,"12","04","Mexico",0.067
2005,"12","04","Philippines",0.08
2005,"12","04","Singapore",0.156
2005,"12","04","Thailand",NA
2005,"12","04","Venezuela",0.177
2005,"12","11","Argentina",0.014
2005,"12","11","Bolivia",0.015
2005,"12","11","Brazil",0.027
2005,"12","11","India",0.098
2005,"12","11","Indonesia",0.377
2005,"12","11","Mexico",0.05
2005,"12","11","Philippines",0.082
2005,"12","11","Singapore",0.146
2005,"12","11","Thailand",NA
2005,"12","11","Venezuela",0.187
2005,"12","18","Argentina",0.012
2005,"12","18","Bolivia",0.017
2005,"12","18","Brazil",0.043
2005,"12","18","India",0.054
2005,"12","18","Indonesia",0.452
2005,"12","18","Mexico",0.044
2005,"12","18","Philippines",0.08
2005,"12","18","Singapore",0.142
2005,"12","18","Thailand",NA
2005,"12","18","Venezuela",0.18
2005,"12","25","Argentina",0.012
2005,"12","25","Bolivia",0.013
2005,"12","25","Brazil",0.046
2005,"12","25","India",0.049
2005,"12","25","Indonesia",0.43
2005,"12","25","Mexico",0.054
2005,"12","25","Philippines",0.095
2005,"12","25","Singapore",0.138
2005,"12","25","Thailand",NA
2005,"12","25","Venezuela",0.18
2006,"01","01","Argentina",0.01
2006,"01","01","Bolivia",0.013
2006,"01","01","Brazil",0.067
2006,"01","01","India",0.074
2006,"01","01","Indonesia",0.386
2006,"01","01","Mexico",0.033
2006,"01","01","Philippines",0.096
2006,"01","01","Singapore",0.14
2006,"01","01","Thailand",NA
2006,"01","01","Venezuela",0.204
2006,"01","08","Argentina",0.01
2006,"01","08","Bolivia",0.01
2006,"01","08","Brazil",0.055
2006,"01","08","India",0.046
2006,"01","08","Indonesia",0.293
2006,"01","08","Mexico",0.046
2006,"01","08","Philippines",0.095
2006,"01","08","Singapore",0.144
2006,"01","08","Thailand",NA
2006,"01","08","Venezuela",0.207
2006,"01","15","Argentina",0.01
2006,"01","15","Bolivia",0.017
2006,"01","15","Brazil",0.088
2006,"01","15","India",0.047
2006,"01","15","Indonesia",0.248
2006,"01","15","Mexico",0.044
2006,"01","15","Philippines",0.094
2006,"01","15","Singapore",0.135
2006,"01","15","Thailand",NA
2006,"01","15","Venezuela",0.201
2006,"01","22","Argentina",0.01
2006,"01","22","Bolivia",0.011
2006,"01","22","Brazil",0.127
2006,"01","22","India",0.033
2006,"01","22","Indonesia",0.259
2006,"01","22","Mexico",0.042
2006,"01","22","Philippines",0.095
2006,"01","22","Singapore",0.132
2006,"01","22","Thailand",NA
2006,"01","22","Venezuela",0.2
2006,"01","29","Argentina",0.01
2006,"01","29","Bolivia",0.009
2006,"01","29","Brazil",0.133
2006,"01","29","India",0.037
2006,"01","29","Indonesia",0.273
2006,"01","29","Mexico",0.035
2006,"01","29","Philippines",0.084
2006,"01","29","Singapore",0.134
2006,"01","29","Thailand",NA
2006,"01","29","Venezuela",0.194
2006,"02","05","Argentina",0.012
2006,"02","05","Bolivia",0.009
2006,"02","05","Brazil",0.145
2006,"02","05","India",0.029
2006,"02","05","Indonesia",0.221
2006,"02","05","Mexico",0.031
2006,"02","05","Philippines",0.093
2006,"02","05","Singapore",0.123
2006,"02","05","Thailand",NA
2006,"02","05","Venezuela",0.215
2006,"02","12","Argentina",0.012
2006,"02","12","Bolivia",0.02
2006,"02","12","Brazil",0.137
2006,"02","12","India",0.035
2006,"02","12","Indonesia",0.201
2006,"02","12","Mexico",0.036
2006,"02","12","Philippines",0.082
2006,"02","12","Singapore",0.127
2006,"02","12","Thailand",NA
2006,"02","12","Venezuela",0.217
2006,"02","19","Argentina",0.017
2006,"02","19","Bolivia",0.016
2006,"02","19","Brazil",0.136
2006,"02","19","India",0.027
2006,"02","19","Indonesia",0.244
2006,"02","19","Mexico",0.036
2006,"02","19","Philippines",0.084
2006,"02","19","Singapore",0.135
2006,"02","19","Thailand",NA
2006,"02","19","Venezuela",0.199
2006,"02","26","Argentina",0.019
2006,"02","26","Bolivia",0.014
2006,"02","26","Brazil",0.162
2006,"02","26","India",0.029
2006,"02","26","Indonesia",0.235
2006,"02","26","Mexico",0.065
2006,"02","26","Philippines",0.078
2006,"02","26","Singapore",0.132
2006,"02","26","Thailand",NA
2006,"02","26","Venezuela",0.183
2006,"03","05","Argentina",0.024
2006,"03","05","Bolivia",0.012
2006,"03","05","Brazil",0.156
2006,"03","05","India",0.027
2006,"03","05","Indonesia",0.236
2006,"03","05","Mexico",0.049
2006,"03","05","Philippines",0.07
2006,"03","05","Singapore",0.129
2006,"03","05","Thailand",NA
2006,"03","05","Venezuela",0.189
2006,"03","12","Argentina",0.029
2006,"03","12","Bolivia",0.016
2006,"03","12","Brazil",0.167
2006,"03","12","India",0.037
2006,"03","12","Indonesia",0.203
2006,"03","12","Mexico",0.049
2006,"03","12","Philippines",0.071
2006,"03","12","Singapore",0.12
2006,"03","12","Thailand",NA
2006,"03","12","Venezuela",0.167
2006,"03","19","Argentina",0.022
2006,"03","19","Bolivia",0.015
2006,"03","19","Brazil",0.175
2006,"03","19","India",0.034
2006,"03","19","Indonesia",0.247
2006,"03","19","Mexico",0.051
2006,"03","19","Philippines",0.067
2006,"03","19","Singapore",0.122
2006,"03","19","Thailand",NA
2006,"03","19","Venezuela",0.204
2006,"03","26","Argentina",0.024
2006,"03","26","Bolivia",0.029
2006,"03","26","Brazil",0.161
2006,"03","26","India",0.021
2006,"03","26","Indonesia",0.274
2006,"03","26","Mexico",0.071
2006,"03","26","Philippines",0.066
2006,"03","26","Singapore",0.121
2006,"03","26","Thailand",NA
2006,"03","26","Venezuela",0.205
2006,"04","02","Argentina",0.034
2006,"04","02","Bolivia",0.021
2006,"04","02","Brazil",0.155
2006,"04","02","India",0.029
2006,"04","02","Indonesia",0.231
2006,"04","02","Mexico",0.077
2006,"04","02","Philippines",0.065
2006,"04","02","Singapore",0.123
2006,"04","02","Thailand",NA
2006,"04","02","Venezuela",0.168
2006,"04","09","Argentina",0.048
2006,"04","09","Bolivia",0.045
2006,"04","09","Brazil",0.187
2006,"04","09","India",0.024
2006,"04","09","Indonesia",0.207
2006,"04","09","Mexico",0.057
2006,"04","09","Philippines",0.058
2006,"04","09","Singapore",0.115
2006,"04","09","Thailand",NA
2006,"04","09","Venezuela",0.229
2006,"04","16","Argentina",0.041
2006,"04","16","Bolivia",0.054
2006,"04","16","Brazil",0.197
2006,"04","16","India",0.022
2006,"04","16","Indonesia",0.257
2006,"04","16","Mexico",0.074
2006,"04","16","Philippines",0.061
2006,"04","16","Singapore",0.111
2006,"04","16","Thailand",NA
2006,"04","16","Venezuela",0.172
2006,"04","23","Argentina",0.034
2006,"04","23","Bolivia",0.069
2006,"04","23","Brazil",0.217
2006,"04","23","India",0.033
2006,"04","23","Indonesia",0.266
2006,"04","23","Mexico",0.068
2006,"04","23","Philippines",0.061
2006,"04","23","Singapore",0.117
2006,"04","23","Thailand",NA
2006,"04","23","Venezuela",0.145
2006,"04","30","Argentina",0.029
2006,"04","30","Bolivia",0.039
2006,"04","30","Brazil",0.211
2006,"04","30","India",0.02
2006,"04","30","Indonesia",0.245
2006,"04","30","Mexico",0.047
2006,"04","30","Philippines",0.059
2006,"04","30","Singapore",0.131
2006,"04","30","Thailand",NA
2006,"04","30","Venezuela",0.148
2006,"05","07","Argentina",0.027
2006,"05","07","Bolivia",0.051
2006,"05","07","Brazil",0.158
2006,"05","07","India",0.017
2006,"05","07","Indonesia",0.201
2006,"05","07","Mexico",0.049
2006,"05","07","Philippines",0.053
2006,"05","07","Singapore",0.118
2006,"05","07","Thailand",NA
2006,"05","07","Venezuela",0.172
2006,"05","14","Argentina",0.024
2006,"05","14","Bolivia",0.041
2006,"05","14","Brazil",0.119
2006,"05","14","India",0.028
2006,"05","14","Indonesia",0.21
2006,"05","14","Mexico",0.064
2006,"05","14","Philippines",0.055
2006,"05","14","Singapore",0.122
2006,"05","14","Thailand",NA
2006,"05","14","Venezuela",0.169
2006,"05","21","Argentina",0.024
2006,"05","21","Bolivia",0.041
2006,"05","21","Brazil",0.118
2006,"05","21","India",0.025
2006,"05","21","Indonesia",0.22
2006,"05","21","Mexico",0.063
2006,"05","21","Philippines",0.056
2006,"05","21","Singapore",0.151
2006,"05","21","Thailand",NA
2006,"05","21","Venezuela",0.176
2006,"05","28","Argentina",0.022
2006,"05","28","Bolivia",0.027
2006,"05","28","Brazil",0.132
2006,"05","28","India",0.018
2006,"05","28","Indonesia",0.176
2006,"05","28","Mexico",0.067
2006,"05","28","Philippines",0.062
2006,"05","28","Singapore",0.131
2006,"05","28","Thailand",NA
2006,"05","28","Venezuela",0.193
2006,"06","04","Argentina",0.027
2006,"06","04","Bolivia",0.022
2006,"06","04","Brazil",0.09
2006,"06","04","India",0.032
2006,"06","04","Indonesia",0.173
2006,"06","04","Mexico",0.071
2006,"06","04","Philippines",0.06
2006,"06","04","Singapore",0.118
2006,"06","04","Thailand",NA
2006,"06","04","Venezuela",0.193
2006,"06","11","Argentina",0.024
2006,"06","11","Bolivia",0.024
2006,"06","11","Brazil",0.063
2006,"06","11","India",0.036
2006,"06","11","Indonesia",0.167
2006,"06","11","Mexico",0.086
2006,"06","11","Philippines",0.057
2006,"06","11","Singapore",0.135
2006,"06","11","Thailand",NA
2006,"06","11","Venezuela",0.204
2006,"06","18","Argentina",0.022
2006,"06","18","Bolivia",0.02
2006,"06","18","Brazil",0.083
2006,"06","18","India",0.045
2006,"06","18","Indonesia",0.181
2006,"06","18","Mexico",0.074
2006,"06","18","Philippines",0.066
2006,"06","18","Singapore",0.153
2006,"06","18","Thailand",NA
2006,"06","18","Venezuela",0.207
2006,"06","25","Argentina",0.024
2006,"06","25","Bolivia",0.028
2006,"06","25","Brazil",0.066
2006,"06","25","India",0.051
2006,"06","25","Indonesia",0.225
2006,"06","25","Mexico",0.077
2006,"06","25","Philippines",0.066
2006,"06","25","Singapore",0.172
2006,"06","25","Thailand",NA
2006,"06","25","Venezuela",0.201
2006,"07","02","Argentina",0.019
2006,"07","02","Bolivia",0.024
2006,"07","02","Brazil",0.045
2006,"07","02","India",0.063
2006,"07","02","Indonesia",0.18
2006,"07","02","Mexico",0.06
2006,"07","02","Philippines",0.081
2006,"07","02","Singapore",0.173
2006,"07","02","Thailand",NA
2006,"07","02","Venezuela",0.173
2006,"07","09","Argentina",0.014
2006,"07","09","Bolivia",0.023
2006,"07","09","Brazil",0.044
2006,"07","09","India",0.053
2006,"07","09","Indonesia",0.153
2006,"07","09","Mexico",0.084
2006,"07","09","Philippines",0.123
2006,"07","09","Singapore",0.144
2006,"07","09","Thailand",NA
2006,"07","09","Venezuela",0.171
2006,"07","16","Argentina",0.014
2006,"07","16","Bolivia",0.015
2006,"07","16","Brazil",0.045
2006,"07","16","India",0.057
2006,"07","16","Indonesia",0.148
2006,"07","16","Mexico",0.106
2006,"07","16","Philippines",0.131
2006,"07","16","Singapore",0.126
2006,"07","16","Thailand",NA
2006,"07","16","Venezuela",0.161
2006,"07","23","Argentina",0.012
2006,"07","23","Bolivia",0.011
2006,"07","23","Brazil",0.046
2006,"07","23","India",0.063
2006,"07","23","Indonesia",0.185
2006,"07","23","Mexico",0.099
2006,"07","23","Philippines",0.149
2006,"07","23","Singapore",0.134
2006,"07","23","Thailand",NA
2006,"07","23","Venezuela",0.147
2006,"07","30","Argentina",0.01
2006,"07","30","Bolivia",0.005
2006,"07","30","Brazil",0.023
2006,"07","30","India",0.068
2006,"07","30","Indonesia",0.23
2006,"07","30","Mexico",0.106
2006,"07","30","Philippines",0.16
2006,"07","30","Singapore",0.113
2006,"07","30","Thailand",NA
2006,"07","30","Venezuela",0.149
2006,"08","06","Argentina",0.012
2006,"08","06","Bolivia",0.006
2006,"08","06","Brazil",0.039
2006,"08","06","India",0.057
2006,"08","06","Indonesia",0.172
2006,"08","06","Mexico",0.103
2006,"08","06","Philippines",0.149
2006,"08","06","Singapore",0.119
2006,"08","06","Thailand",NA
2006,"08","06","Venezuela",0.152
2006,"08","13","Argentina",0.012
2006,"08","13","Bolivia",0.005
2006,"08","13","Brazil",0.034
2006,"08","13","India",0.064
2006,"08","13","Indonesia",0.132
2006,"08","13","Mexico",0.124
2006,"08","13","Philippines",0.149
2006,"08","13","Singapore",0.129
2006,"08","13","Thailand",NA
2006,"08","13","Venezuela",0.15
2006,"08","20","Argentina",0.012
2006,"08","20","Bolivia",0.008
2006,"08","20","Brazil",0.043
2006,"08","20","India",0.076
2006,"08","20","Indonesia",0.169
2006,"08","20","Mexico",0.106
2006,"08","20","Philippines",0.209
2006,"08","20","Singapore",0.119
2006,"08","20","Thailand",NA
2006,"08","20","Venezuela",0.15
2006,"08","27","Argentina",0.017
2006,"08","27","Bolivia",0.016
2006,"08","27","Brazil",0.041
2006,"08","27","India",0.085
2006,"08","27","Indonesia",0.159
2006,"08","27","Mexico",0.129
2006,"08","27","Philippines",0.214
2006,"08","27","Singapore",0.104
2006,"08","27","Thailand",NA
2006,"08","27","Venezuela",0.15
2006,"09","03","Argentina",0.014
2006,"09","03","Bolivia",0.015
2006,"09","03","Brazil",0.026
2006,"09","03","India",0.088
2006,"09","03","Indonesia",0.157
2006,"09","03","Mexico",0.126
2006,"09","03","Philippines",0.293
2006,"09","03","Singapore",0.095
2006,"09","03","Thailand",NA
2006,"09","03","Venezuela",0.147
2006,"09","10","Argentina",0.014
2006,"09","10","Bolivia",0.008
2006,"09","10","Brazil",0.036
2006,"09","10","India",0.141
2006,"09","10","Indonesia",0.17
2006,"09","10","Mexico",0.151
2006,"09","10","Philippines",0.459
2006,"09","10","Singapore",0.107
2006,"09","10","Thailand",NA
2006,"09","10","Venezuela",0.148
2006,"09","17","Argentina",0.017
2006,"09","17","Bolivia",0.007
2006,"09","17","Brazil",0.043
2006,"09","17","India",0.16
2006,"09","17","Indonesia",0.19
2006,"09","17","Mexico",0.193
2006,"09","17","Philippines",0.43
2006,"09","17","Singapore",0.115
2006,"09","17","Thailand",NA
2006,"09","17","Venezuela",0.15
2006,"09","24","Argentina",0.017
2006,"09","24","Bolivia",0.007
2006,"09","24","Brazil",0.031
2006,"09","24","India",0.279
2006,"09","24","Indonesia",0.215
2006,"09","24","Mexico",0.221
2006,"09","24","Philippines",0.448
2006,"09","24","Singapore",0.119
2006,"09","24","Thailand",NA
2006,"09","24","Venezuela",0.146
2006,"10","01","Argentina",0.019
2006,"10","01","Bolivia",0.017
2006,"10","01","Brazil",0.026
2006,"10","01","India",0.466
2006,"10","01","Indonesia",0.192
2006,"10","01","Mexico",0.218
2006,"10","01","Philippines",0.346
2006,"10","01","Singapore",0.135
2006,"10","01","Thailand",NA
2006,"10","01","Venezuela",0.159
2006,"10","08","Argentina",0.017
2006,"10","08","Bolivia",0.043
2006,"10","08","Brazil",0.022
2006,"10","08","India",0.6
2006,"10","08","Indonesia",0.174
2006,"10","08","Mexico",0.202
2006,"10","08","Philippines",0.313
2006,"10","08","Singapore",0.132
2006,"10","08","Thailand",NA
2006,"10","08","Venezuela",0.165
2006,"10","15","Argentina",0.017
2006,"10","15","Bolivia",0.029
2006,"10","15","Brazil",0.032
2006,"10","15","India",0.913
2006,"10","15","Indonesia",0.099
2006,"10","15","Mexico",0.204
2006,"10","15","Philippines",0.296
2006,"10","15","Singapore",0.138
2006,"10","15","Thailand",NA
2006,"10","15","Venezuela",0.181
2006,"10","22","Argentina",0.019
2006,"10","22","Bolivia",0.023
2006,"10","22","Brazil",0.043
2006,"10","22","India",0.967
2006,"10","22","Indonesia",0.1
2006,"10","22","Mexico",0.166
2006,"10","22","Philippines",0.211
2006,"10","22","Singapore",0.139
2006,"10","22","Thailand",NA
2006,"10","22","Venezuela",0.177
2006,"10","29","Argentina",0.024
2006,"10","29","Bolivia",0.018
2006,"10","29","Brazil",0.036
2006,"10","29","India",0.917
2006,"10","29","Indonesia",0.167
2006,"10","29","Mexico",0.157
2006,"10","29","Philippines",0.187
2006,"10","29","Singapore",0.139
2006,"10","29","Thailand",NA
2006,"10","29","Venezuela",0.206
2006,"11","05","Argentina",0.022
2006,"11","05","Bolivia",0.02
2006,"11","05","Brazil",0.041
2006,"11","05","India",0.677
2006,"11","05","Indonesia",0.19
2006,"11","05","Mexico",0.156
2006,"11","05","Philippines",0.168
2006,"11","05","Singapore",0.116
2006,"11","05","Thailand",NA
2006,"11","05","Venezuela",0.203
2006,"11","12","Argentina",0.022
2006,"11","12","Bolivia",0.016
2006,"11","12","Brazil",0.054
2006,"11","12","India",0.519
2006,"11","12","Indonesia",0.2
2006,"11","12","Mexico",0.108
2006,"11","12","Philippines",0.166
2006,"11","12","Singapore",0.108
2006,"11","12","Thailand",NA
2006,"11","12","Venezuela",0.191
2006,"11","19","Argentina",0.019
2006,"11","19","Bolivia",0.014
2006,"11","19","Brazil",0.069
2006,"11","19","India",0.388
2006,"11","19","Indonesia",0.192
2006,"11","19","Mexico",0.112
2006,"11","19","Philippines",0.129
2006,"11","19","Singapore",0.1
2006,"11","19","Thailand",NA
2006,"11","19","Venezuela",0.216
2006,"11","26","Argentina",0.019
2006,"11","26","Bolivia",0.022
2006,"11","26","Brazil",0.052
2006,"11","26","India",0.305
2006,"11","26","Indonesia",0.215
2006,"11","26","Mexico",0.1
2006,"11","26","Philippines",0.114
2006,"11","26","Singapore",0.106
2006,"11","26","Thailand",NA
2006,"11","26","Venezuela",0.182
2006,"12","03","Argentina",0.014
2006,"12","03","Bolivia",0.014
2006,"12","03","Brazil",0.042
2006,"12","03","India",0.233
2006,"12","03","Indonesia",0.205
2006,"12","03","Mexico",0.085
2006,"12","03","Philippines",0.119
2006,"12","03","Singapore",0.111
2006,"12","03","Thailand",NA
2006,"12","03","Venezuela",0.183
2006,"12","10","Argentina",0.012
2006,"12","10","Bolivia",0.012
2006,"12","10","Brazil",0.054
2006,"12","10","India",0.174
2006,"12","10","Indonesia",0.176
2006,"12","10","Mexico",0.087
2006,"12","10","Philippines",0.117
2006,"12","10","Singapore",0.105
2006,"12","10","Thailand",NA
2006,"12","10","Venezuela",0.203
2006,"12","17","Argentina",0.01
2006,"12","17","Bolivia",0.008
2006,"12","17","Brazil",0.05
2006,"12","17","India",0.156
2006,"12","17","Indonesia",0.172
2006,"12","17","Mexico",0.062
2006,"12","17","Philippines",0.11
2006,"12","17","Singapore",0.1
2006,"12","17","Thailand",NA
2006,"12","17","Venezuela",0.199
2006,"12","24","Argentina",0.01
2006,"12","24","Bolivia",0.005
2006,"12","24","Brazil",0.059
2006,"12","24","India",0.179
2006,"12","24","Indonesia",0.19
2006,"12","24","Mexico",0.053
2006,"12","24","Philippines",0.11
2006,"12","24","Singapore",0.105
2006,"12","24","Thailand",NA
2006,"12","24","Venezuela",0.204
2006,"12","31","Argentina",0.01
2006,"12","31","Bolivia",0.004
2006,"12","31","Brazil",0.067
2006,"12","31","India",0.19
2006,"12","31","Indonesia",0.196
2006,"12","31","Mexico",0.058
2006,"12","31","Philippines",0.113
2006,"12","31","Singapore",0.127
2006,"12","31","Thailand",NA
2006,"12","31","Venezuela",0.23
2007,"01","07","Argentina",0.01
2007,"01","07","Bolivia",0.006
2007,"01","07","Brazil",0.068
2007,"01","07","India",0.161
2007,"01","07","Indonesia",0.236
2007,"01","07","Mexico",0.061
2007,"01","07","Philippines",0.115
2007,"01","07","Singapore",0.117
2007,"01","07","Thailand",NA
2007,"01","07","Venezuela",0.258
2007,"01","14","Argentina",0.014
2007,"01","14","Bolivia",0.027
2007,"01","14","Brazil",0.063
2007,"01","14","India",0.128
2007,"01","14","Indonesia",0.224
2007,"01","14","Mexico",0.061
2007,"01","14","Philippines",0.103
2007,"01","14","Singapore",0.107
2007,"01","14","Thailand",NA
2007,"01","14","Venezuela",0.225
2007,"01","21","Argentina",0.031
2007,"01","21","Bolivia",0.037
2007,"01","21","Brazil",0.097
2007,"01","21","India",0.068
2007,"01","21","Indonesia",0.383
2007,"01","21","Mexico",0.058
2007,"01","21","Philippines",0.107
2007,"01","21","Singapore",0.106
2007,"01","21","Thailand",NA
2007,"01","21","Venezuela",0.222
2007,"01","28","Argentina",0.077
2007,"01","28","Bolivia",0.08
2007,"01","28","Brazil",0.145
2007,"01","28","India",0.066
2007,"01","28","Indonesia",0.66
2007,"01","28","Mexico",0.057
2007,"01","28","Philippines",0.103
2007,"01","28","Singapore",0.111
2007,"01","28","Thailand",NA
2007,"01","28","Venezuela",0.248
2007,"02","04","Argentina",0.096
2007,"02","04","Bolivia",0.135
2007,"02","04","Brazil",0.13
2007,"02","04","India",0.07
2007,"02","04","Indonesia",0.613
2007,"02","04","Mexico",0.053
2007,"02","04","Philippines",0.106
2007,"02","04","Singapore",0.11
2007,"02","04","Thailand",NA
2007,"02","04","Venezuela",0.233
2007,"02","11","Argentina",0.084
2007,"02","11","Bolivia",0.145
2007,"02","11","Brazil",0.143
2007,"02","11","India",0.059
2007,"02","11","Indonesia",0.592
2007,"02","11","Mexico",0.048
2007,"02","11","Philippines",0.104
2007,"02","11","Singapore",0.105
2007,"02","11","Thailand",NA
2007,"02","11","Venezuela",0.191
2007,"02","18","Argentina",0.092
2007,"02","18","Bolivia",0.158
2007,"02","18","Brazil",0.164
2007,"02","18","India",0.04
2007,"02","18","Indonesia",0.562
2007,"02","18","Mexico",0.06
2007,"02","18","Philippines",0.091
2007,"02","18","Singapore",0.111
2007,"02","18","Thailand",NA
2007,"02","18","Venezuela",0.206
2007,"02","25","Argentina",0.195
2007,"02","25","Bolivia",0.172
2007,"02","25","Brazil",0.18
2007,"02","25","India",0.042
2007,"02","25","Indonesia",0.567
2007,"02","25","Mexico",0.066
2007,"02","25","Philippines",0.085
2007,"02","25","Singapore",0.117
2007,"02","25","Thailand",NA
2007,"02","25","Venezuela",0.207
2007,"03","04","Argentina",0.407
2007,"03","04","Bolivia",0.202
2007,"03","04","Brazil",0.213
2007,"03","04","India",0.044
2007,"03","04","Indonesia",0.44
2007,"03","04","Mexico",0.071
2007,"03","04","Philippines",0.088
2007,"03","04","Singapore",0.106
2007,"03","04","Thailand",NA
2007,"03","04","Venezuela",0.199
2007,"03","11","Argentina",0.694
2007,"03","11","Bolivia",0.199
2007,"03","11","Brazil",0.277
2007,"03","11","India",0.043
2007,"03","11","Indonesia",0.341
2007,"03","11","Mexico",0.081
2007,"03","11","Philippines",0.083
2007,"03","11","Singapore",0.104
2007,"03","11","Thailand",NA
2007,"03","11","Venezuela",0.169
2007,"03","18","Argentina",0.933
2007,"03","18","Bolivia",0.127
2007,"03","18","Brazil",0.306
2007,"03","18","India",0.027
2007,"03","18","Indonesia",0.371
2007,"03","18","Mexico",0.072
2007,"03","18","Philippines",0.076
2007,"03","18","Singapore",0.108
2007,"03","18","Thailand",NA
2007,"03","18","Venezuela",0.182
2007,"03","25","Argentina",0.561
2007,"03","25","Bolivia",0.107
2007,"03","25","Brazil",0.317
2007,"03","25","India",0.032
2007,"03","25","Indonesia",0.287
2007,"03","25","Mexico",0.079
2007,"03","25","Philippines",0.076
2007,"03","25","Singapore",0.113
2007,"03","25","Thailand",NA
2007,"03","25","Venezuela",0.177
2007,"04","01","Argentina",0.301
2007,"04","01","Bolivia",0.109
2007,"04","01","Brazil",0.342
2007,"04","01","India",0.026
2007,"04","01","Indonesia",0.42
2007,"04","01","Mexico",0.058
2007,"04","01","Philippines",0.072
2007,"04","01","Singapore",0.109
2007,"04","01","Thailand",NA
2007,"04","01","Venezuela",0.173
2007,"04","08","Argentina",0.316
2007,"04","08","Bolivia",0.093
2007,"04","08","Brazil",0.364
2007,"04","08","India",0.023
2007,"04","08","Indonesia",0.427
2007,"04","08","Mexico",0.066
2007,"04","08","Philippines",0.071
2007,"04","08","Singapore",0.111
2007,"04","08","Thailand",NA
2007,"04","08","Venezuela",0.183
2007,"04","15","Argentina",0.325
2007,"04","15","Bolivia",0.082
2007,"04","15","Brazil",0.384
2007,"04","15","India",0.019
2007,"04","15","Indonesia",0.392
2007,"04","15","Mexico",0.083
2007,"04","15","Philippines",0.068
2007,"04","15","Singapore",0.148
2007,"04","15","Thailand",NA
2007,"04","15","Venezuela",0.166
2007,"04","22","Argentina",0.207
2007,"04","22","Bolivia",0.089
2007,"04","22","Brazil",0.393
2007,"04","22","India",0.028
2007,"04","22","Indonesia",0.352
2007,"04","22","Mexico",0.068
2007,"04","22","Philippines",0.07
2007,"04","22","Singapore",0.142
2007,"04","22","Thailand",NA
2007,"04","22","Venezuela",0.162
2007,"04","29","Argentina",0.128
2007,"04","29","Bolivia",0.081
2007,"04","29","Brazil",0.333
2007,"04","29","India",0.03
2007,"04","29","Indonesia",0.487
2007,"04","29","Mexico",0.073
2007,"04","29","Philippines",0.063
2007,"04","29","Singapore",0.191
2007,"04","29","Thailand",NA
2007,"04","29","Venezuela",0.156
2007,"05","06","Argentina",0.104
2007,"05","06","Bolivia",0.046
2007,"05","06","Brazil",0.269
2007,"05","06","India",0.031
2007,"05","06","Indonesia",0.348
2007,"05","06","Mexico",0.056
2007,"05","06","Philippines",0.062
2007,"05","06","Singapore",0.188
2007,"05","06","Thailand",NA
2007,"05","06","Venezuela",0.179
2007,"05","13","Argentina",0.07
2007,"05","13","Bolivia",0.059
2007,"05","13","Brazil",0.253
2007,"05","13","India",0.029
2007,"05","13","Indonesia",0.299
2007,"05","13","Mexico",0.061
2007,"05","13","Philippines",0.061
2007,"05","13","Singapore",0.213
2007,"05","13","Thailand",NA
2007,"05","13","Venezuela",0.174
2007,"05","20","Argentina",0.053
2007,"05","20","Bolivia",0.064
2007,"05","20","Brazil",0.221
2007,"05","20","India",0.046
2007,"05","20","Indonesia",0.322
2007,"05","20","Mexico",0.07
2007,"05","20","Philippines",0.063
2007,"05","20","Singapore",0.287
2007,"05","20","Thailand",NA
2007,"05","20","Venezuela",0.163
2007,"05","27","Argentina",0.055
2007,"05","27","Bolivia",0.049
2007,"05","27","Brazil",0.173
2007,"05","27","India",0.045
2007,"05","27","Indonesia",0.321
2007,"05","27","Mexico",0.081
2007,"05","27","Philippines",0.072
2007,"05","27","Singapore",0.293
2007,"05","27","Thailand",NA
2007,"05","27","Venezuela",0.17
2007,"06","03","Argentina",0.051
2007,"06","03","Bolivia",0.037
2007,"06","03","Brazil",0.146
2007,"06","03","India",0.06
2007,"06","03","Indonesia",0.317
2007,"06","03","Mexico",0.091
2007,"06","03","Philippines",0.071
2007,"06","03","Singapore",0.263
2007,"06","03","Thailand",NA
2007,"06","03","Venezuela",0.189
2007,"06","10","Argentina",0.053
2007,"06","10","Bolivia",0.029
2007,"06","10","Brazil",0.18
2007,"06","10","India",0.082
2007,"06","10","Indonesia",0.25
2007,"06","10","Mexico",0.096
2007,"06","10","Philippines",0.068
2007,"06","10","Singapore",0.284
2007,"06","10","Thailand",NA
2007,"06","10","Venezuela",0.189
2007,"06","17","Argentina",0.043
2007,"06","17","Bolivia",0.022
2007,"06","17","Brazil",0.13
2007,"06","17","India",0.1
2007,"06","17","Indonesia",0.23
2007,"06","17","Mexico",0.1
2007,"06","17","Philippines",0.078
2007,"06","17","Singapore",0.347
2007,"06","17","Thailand",NA
2007,"06","17","Venezuela",0.224
2007,"06","24","Argentina",0.039
2007,"06","24","Bolivia",0.024
2007,"06","24","Brazil",0.101
2007,"06","24","India",0.116
2007,"06","24","Indonesia",0.188
2007,"06","24","Mexico",0.115
2007,"06","24","Philippines",0.11
2007,"06","24","Singapore",0.434
2007,"06","24","Thailand",NA
2007,"06","24","Venezuela",0.203
2007,"07","01","Argentina",0.024
2007,"07","01","Bolivia",0.024
2007,"07","01","Brazil",0.088
2007,"07","01","India",0.105
2007,"07","01","Indonesia",0.213
2007,"07","01","Mexico",0.104
2007,"07","01","Philippines",0.138
2007,"07","01","Singapore",0.413
2007,"07","01","Thailand",NA
2007,"07","01","Venezuela",0.22
2007,"07","08","Argentina",0.019
2007,"07","08","Bolivia",0.017
2007,"07","08","Brazil",0.1
2007,"07","08","India",0.136
2007,"07","08","Indonesia",0.181
2007,"07","08","Mexico",0.106
2007,"07","08","Philippines",0.168
2007,"07","08","Singapore",0.406
2007,"07","08","Thailand",NA
2007,"07","08","Venezuela",0.234
2007,"07","15","Argentina",0.019
2007,"07","15","Bolivia",0.017
2007,"07","15","Brazil",0.087
2007,"07","15","India",0.129
2007,"07","15","Indonesia",0.22
2007,"07","15","Mexico",0.116
2007,"07","15","Philippines",0.223
2007,"07","15","Singapore",0.377
2007,"07","15","Thailand",NA
2007,"07","15","Venezuela",0.262
2007,"07","22","Argentina",0.019
2007,"07","22","Bolivia",0.018
2007,"07","22","Brazil",0.075
2007,"07","22","India",0.097
2007,"07","22","Indonesia",0.214
2007,"07","22","Mexico",0.118
2007,"07","22","Philippines",0.208
2007,"07","22","Singapore",0.33
2007,"07","22","Thailand",NA
2007,"07","22","Venezuela",0.288
2007,"07","29","Argentina",0.017
2007,"07","29","Bolivia",0.019
2007,"07","29","Brazil",0.074
2007,"07","29","India",0.087
2007,"07","29","Indonesia",0.215
2007,"07","29","Mexico",0.104
2007,"07","29","Philippines",0.158
2007,"07","29","Singapore",0.339
2007,"07","29","Thailand",NA
2007,"07","29","Venezuela",0.309
2007,"08","05","Argentina",0.017
2007,"08","05","Bolivia",0.022
2007,"08","05","Brazil",0.045
2007,"08","05","India",0.1
2007,"08","05","Indonesia",0.234
2007,"08","05","Mexico",0.123
2007,"08","05","Philippines",0.161
2007,"08","05","Singapore",0.232
2007,"08","05","Thailand",NA
2007,"08","05","Venezuela",0.345
2007,"08","12","Argentina",0.019
2007,"08","12","Bolivia",0.019
2007,"08","12","Brazil",0.05
2007,"08","12","India",0.106
2007,"08","12","Indonesia",0.197
2007,"08","12","Mexico",0.149
2007,"08","12","Philippines",0.196
2007,"08","12","Singapore",0.214
2007,"08","12","Thailand",NA
2007,"08","12","Venezuela",0.346
2007,"08","19","Argentina",0.017
2007,"08","19","Bolivia",0.019
2007,"08","19","Brazil",0.051
2007,"08","19","India",0.134
2007,"08","19","Indonesia",0.224
2007,"08","19","Mexico",0.133
2007,"08","19","Philippines",0.199
2007,"08","19","Singapore",0.192
2007,"08","19","Thailand",NA
2007,"08","19","Venezuela",0.388
2007,"08","26","Argentina",0.022
2007,"08","26","Bolivia",0.014
2007,"08","26","Brazil",0.054
2007,"08","26","India",0.118
2007,"08","26","Indonesia",0.209
2007,"08","26","Mexico",0.178
2007,"08","26","Philippines",0.188
2007,"08","26","Singapore",0.176
2007,"08","26","Thailand",NA
2007,"08","26","Venezuela",0.366
2007,"09","02","Argentina",0.022
2007,"09","02","Bolivia",0.012
2007,"09","02","Brazil",0.068
2007,"09","02","India",0.128
2007,"09","02","Indonesia",0.179
2007,"09","02","Mexico",0.186
2007,"09","02","Philippines",0.205
2007,"09","02","Singapore",0.192
2007,"09","02","Thailand",NA
2007,"09","02","Venezuela",0.375
2007,"09","09","Argentina",0.019
2007,"09","09","Bolivia",0.013
2007,"09","09","Brazil",0.065
2007,"09","09","India",0.151
2007,"09","09","Indonesia",0.176
2007,"09","09","Mexico",0.192
2007,"09","09","Philippines",0.189
2007,"09","09","Singapore",0.224
2007,"09","09","Thailand",NA
2007,"09","09","Venezuela",0.353
2007,"09","16","Argentina",0.017
2007,"09","16","Bolivia",0.01
2007,"09","16","Brazil",0.062
2007,"09","16","India",0.159
2007,"09","16","Indonesia",0.233
2007,"09","16","Mexico",0.24
2007,"09","16","Philippines",0.225
2007,"09","16","Singapore",0.23
2007,"09","16","Thailand",NA
2007,"09","16","Venezuela",0.378
2007,"09","23","Argentina",0.034
2007,"09","23","Bolivia",0.009
2007,"09","23","Brazil",0.055
2007,"09","23","India",0.16
2007,"09","23","Indonesia",0.169
2007,"09","23","Mexico",0.274
2007,"09","23","Philippines",0.195
2007,"09","23","Singapore",0.186
2007,"09","23","Thailand",NA
2007,"09","23","Venezuela",0.359
2007,"09","30","Argentina",0.036
2007,"09","30","Bolivia",0.01
2007,"09","30","Brazil",0.059
2007,"09","30","India",0.174
2007,"09","30","Indonesia",0.174
2007,"09","30","Mexico",0.345
2007,"09","30","Philippines",0.248
2007,"09","30","Singapore",0.17
2007,"09","30","Thailand",NA
2007,"09","30","Venezuela",0.362
2007,"10","07","Argentina",0.029
2007,"10","07","Bolivia",0.02
2007,"10","07","Brazil",0.079
2007,"10","07","India",0.205
2007,"10","07","Indonesia",0.111
2007,"10","07","Mexico",0.363
2007,"10","07","Philippines",0.24
2007,"10","07","Singapore",0.151
2007,"10","07","Thailand",NA
2007,"10","07","Venezuela",0.385
2007,"10","14","Argentina",0.024
2007,"10","14","Bolivia",0.03
2007,"10","14","Brazil",0.119
2007,"10","14","India",0.197
2007,"10","14","Indonesia",0.126
2007,"10","14","Mexico",0.488
2007,"10","14","Philippines",0.18
2007,"10","14","Singapore",0.126
2007,"10","14","Thailand",NA
2007,"10","14","Venezuela",0.434
2007,"10","21","Argentina",0.034
2007,"10","21","Bolivia",0.021
2007,"10","21","Brazil",0.121
2007,"10","21","India",0.172
2007,"10","21","Indonesia",0.187
2007,"10","21","Mexico",0.586
2007,"10","21","Philippines",0.212
2007,"10","21","Singapore",0.135
2007,"10","21","Thailand",NA
2007,"10","21","Venezuela",0.43
2007,"10","28","Argentina",0.041
2007,"10","28","Bolivia",0.017
2007,"10","28","Brazil",0.122
2007,"10","28","India",0.139
2007,"10","28","Indonesia",0.201
2007,"10","28","Mexico",0.529
2007,"10","28","Philippines",0.2
2007,"10","28","Singapore",0.124
2007,"10","28","Thailand",NA
2007,"10","28","Venezuela",0.417
2007,"11","04","Argentina",0.031
2007,"11","04","Bolivia",0.016
2007,"11","04","Brazil",0.125
2007,"11","04","India",0.11
2007,"11","04","Indonesia",0.222
2007,"11","04","Mexico",0.397
2007,"11","04","Philippines",0.19
2007,"11","04","Singapore",0.12
2007,"11","04","Thailand",NA
2007,"11","04","Venezuela",0.441
2007,"11","11","Argentina",0.034
2007,"11","11","Bolivia",0.014
2007,"11","11","Brazil",0.099
2007,"11","11","India",0.109
2007,"11","11","Indonesia",0.195
2007,"11","11","Mexico",0.287
2007,"11","11","Philippines",0.17
2007,"11","11","Singapore",0.111
2007,"11","11","Thailand",NA
2007,"11","11","Venezuela",0.457
2007,"11","18","Argentina",0.027
2007,"11","18","Bolivia",0.015
2007,"11","18","Brazil",0.134
2007,"11","18","India",0.116
2007,"11","18","Indonesia",0.245
2007,"11","18","Mexico",0.214
2007,"11","18","Philippines",0.152
2007,"11","18","Singapore",0.11
2007,"11","18","Thailand",NA
2007,"11","18","Venezuela",0.435
2007,"11","25","Argentina",0.024
2007,"11","25","Bolivia",0.014
2007,"11","25","Brazil",0.131
2007,"11","25","India",0.088
2007,"11","25","Indonesia",0.192
2007,"11","25","Mexico",0.162
2007,"11","25","Philippines",0.139
2007,"11","25","Singapore",0.116
2007,"11","25","Thailand",NA
2007,"11","25","Venezuela",0.411
2007,"12","02","Argentina",0.024
2007,"12","02","Bolivia",0.016
2007,"12","02","Brazil",0.123
2007,"12","02","India",0.072
2007,"12","02","Indonesia",0.225
2007,"12","02","Mexico",0.159
2007,"12","02","Philippines",0.169
2007,"12","02","Singapore",0.115
2007,"12","02","Thailand",NA
2007,"12","02","Venezuela",0.408
2007,"12","09","Argentina",0.019
2007,"12","09","Bolivia",0.015
2007,"12","09","Brazil",0.105
2007,"12","09","India",0.051
2007,"12","09","Indonesia",0.217
2007,"12","09","Mexico",0.115
2007,"12","09","Philippines",0.141
2007,"12","09","Singapore",0.107
2007,"12","09","Thailand",NA
2007,"12","09","Venezuela",0.441
2007,"12","16","Argentina",0.014
2007,"12","16","Bolivia",0.011
2007,"12","16","Brazil",0.116
2007,"12","16","India",0.045
2007,"12","16","Indonesia",0.183
2007,"12","16","Mexico",0.088
2007,"12","16","Philippines",0.132
2007,"12","16","Singapore",0.116
2007,"12","16","Thailand",NA
2007,"12","16","Venezuela",0.492
2007,"12","23","Argentina",0.014
2007,"12","23","Bolivia",0.01
2007,"12","23","Brazil",0.15
2007,"12","23","India",0.045
2007,"12","23","Indonesia",0.22
2007,"12","23","Mexico",0.069
2007,"12","23","Philippines",0.134
2007,"12","23","Singapore",0.126
2007,"12","23","Thailand",NA
2007,"12","23","Venezuela",0.568
2007,"12","30","Argentina",0.014
2007,"12","30","Bolivia",0.008
2007,"12","30","Brazil",0.194
2007,"12","30","India",0.043
2007,"12","30","Indonesia",0.183
2007,"12","30","Mexico",0.058
2007,"12","30","Philippines",0.171
2007,"12","30","Singapore",0.12
2007,"12","30","Thailand",NA
2007,"12","30","Venezuela",0.509
2008,"01","06","Argentina",0.012
2008,"01","06","Bolivia",0.009
2008,"01","06","Brazil",0.164
2008,"01","06","India",0.036
2008,"01","06","Indonesia",0.219
2008,"01","06","Mexico",0.063
2008,"01","06","Philippines",0.149
2008,"01","06","Singapore",0.138
2008,"01","06","Thailand",NA
2008,"01","06","Venezuela",0.558
2008,"01","13","Argentina",0.014
2008,"01","13","Bolivia",0.022
2008,"01","13","Brazil",0.204
2008,"01","13","India",0.04
2008,"01","13","Indonesia",0.238
2008,"01","13","Mexico",0.057
2008,"01","13","Philippines",0.147
2008,"01","13","Singapore",0.123
2008,"01","13","Thailand",NA
2008,"01","13","Venezuela",0.675
2008,"01","20","Argentina",0.017
2008,"01","20","Bolivia",0.028
2008,"01","20","Brazil",0.175
2008,"01","20","India",0.039
2008,"01","20","Indonesia",0.309
2008,"01","20","Mexico",0.055
2008,"01","20","Philippines",0.16
2008,"01","20","Singapore",0.14
2008,"01","20","Thailand",NA
2008,"01","20","Venezuela",0.773
2008,"01","27","Argentina",0.014
2008,"01","27","Bolivia",0.03
2008,"01","27","Brazil",0.165
2008,"01","27","India",0.038
2008,"01","27","Indonesia",0.3
2008,"01","27","Mexico",0.063
2008,"01","27","Philippines",0.183
2008,"01","27","Singapore",0.14
2008,"01","27","Thailand",NA
2008,"01","27","Venezuela",0.733
2008,"02","03","Argentina",0.017
2008,"02","03","Bolivia",0.028
2008,"02","03","Brazil",0.156
2008,"02","03","India",0.033
2008,"02","03","Indonesia",0.284
2008,"02","03","Mexico",0.062
2008,"02","03","Philippines",0.186
2008,"02","03","Singapore",0.124
2008,"02","03","Thailand",NA
2008,"02","03","Venezuela",0.729
2008,"02","10","Argentina",0.022
2008,"02","10","Bolivia",0.027
2008,"02","10","Brazil",0.18
2008,"02","10","India",0.021
2008,"02","10","Indonesia",0.314
2008,"02","10","Mexico",0.063
2008,"02","10","Philippines",0.175
2008,"02","10","Singapore",0.123
2008,"02","10","Thailand",NA
2008,"02","10","Venezuela",0.659
2008,"02","17","Argentina",0.046
2008,"02","17","Bolivia",0.052
2008,"02","17","Brazil",0.191
2008,"02","17","India",0.025
2008,"02","17","Indonesia",0.28
2008,"02","17","Mexico",0.064
2008,"02","17","Philippines",0.164
2008,"02","17","Singapore",0.122
2008,"02","17","Thailand",NA
2008,"02","17","Venezuela",0.624
2008,"02","24","Argentina",0.041
2008,"02","24","Bolivia",0.033
2008,"02","24","Brazil",0.233
2008,"02","24","India",0.026
2008,"02","24","Indonesia",0.233
2008,"02","24","Mexico",0.058
2008,"02","24","Philippines",0.115
2008,"02","24","Singapore",0.116
2008,"02","24","Thailand",NA
2008,"02","24","Venezuela",0.544
2008,"03","02","Argentina",0.058
2008,"03","02","Bolivia",0.028
2008,"03","02","Brazil",0.27
2008,"03","02","India",0.025
2008,"03","02","Indonesia",0.193
2008,"03","02","Mexico",0.065
2008,"03","02","Philippines",0.116
2008,"03","02","Singapore",0.108
2008,"03","02","Thailand",NA
2008,"03","02","Venezuela",0.522
2008,"03","09","Argentina",0.099
2008,"03","09","Bolivia",0.043
2008,"03","09","Brazil",0.335
2008,"03","09","India",0.026
2008,"03","09","Indonesia",0.267
2008,"03","09","Mexico",0.054
2008,"03","09","Philippines",0.105
2008,"03","09","Singapore",0.106
2008,"03","09","Thailand",NA
2008,"03","09","Venezuela",0.424
2008,"03","16","Argentina",0.084
2008,"03","16","Bolivia",0.033
2008,"03","16","Brazil",0.447
2008,"03","16","India",0.015
2008,"03","16","Indonesia",0.231
2008,"03","16","Mexico",0.055
2008,"03","16","Philippines",0.097
2008,"03","16","Singapore",0.108
2008,"03","16","Thailand",NA
2008,"03","16","Venezuela",0.31
2008,"03","23","Argentina",0.075
2008,"03","23","Bolivia",0.04
2008,"03","23","Brazil",0.702
2008,"03","23","India",0.021
2008,"03","23","Indonesia",0.241
2008,"03","23","Mexico",0.069
2008,"03","23","Philippines",0.083
2008,"03","23","Singapore",0.113
2008,"03","23","Thailand",NA
2008,"03","23","Venezuela",0.483
2008,"03","30","Argentina",0.07
2008,"03","30","Bolivia",0.041
2008,"03","30","Brazil",0.957
2008,"03","30","India",0.021
2008,"03","30","Indonesia",0.268
2008,"03","30","Mexico",0.065
2008,"03","30","Philippines",0.084
2008,"03","30","Singapore",0.109
2008,"03","30","Thailand",NA
2008,"03","30","Venezuela",0.374
2008,"04","06","Argentina",0.082
2008,"04","06","Bolivia",0.064
2008,"04","06","Brazil",1
2008,"04","06","India",0.024
2008,"04","06","Indonesia",0.274
2008,"04","06","Mexico",0.078
2008,"04","06","Philippines",0.086
2008,"04","06","Singapore",0.126
2008,"04","06","Thailand",NA
2008,"04","06","Venezuela",0.309
2008,"04","13","Argentina",0.06
2008,"04","13","Bolivia",0.044
2008,"04","13","Brazil",0.758
2008,"04","13","India",0.016
2008,"04","13","Indonesia",0.283
2008,"04","13","Mexico",0.078
2008,"04","13","Philippines",0.083
2008,"04","13","Singapore",0.145
2008,"04","13","Thailand",NA
2008,"04","13","Venezuela",0.27
2008,"04","20","Argentina",0.063
2008,"04","20","Bolivia",0.059
2008,"04","20","Brazil",0.662
2008,"04","20","India",0.026
2008,"04","20","Indonesia",0.239
2008,"04","20","Mexico",0.081
2008,"04","20","Philippines",0.077
2008,"04","20","Singapore",0.139
2008,"04","20","Thailand",NA
2008,"04","20","Venezuela",0.259
2008,"04","27","Argentina",0.053
2008,"04","27","Bolivia",0.046
2008,"04","27","Brazil",0.451
2008,"04","27","India",0.018
2008,"04","27","Indonesia",0.27
2008,"04","27","Mexico",0.063
2008,"04","27","Philippines",0.078
2008,"04","27","Singapore",0.146
2008,"04","27","Thailand",NA
2008,"04","27","Venezuela",0.239
2008,"05","04","Argentina",0.043
2008,"05","04","Bolivia",0.054
2008,"05","04","Brazil",0.309
2008,"05","04","India",0.014
2008,"05","04","Indonesia",0.259
2008,"05","04","Mexico",0.071
2008,"05","04","Philippines",0.075
2008,"05","04","Singapore",0.142
2008,"05","04","Thailand",NA
2008,"05","04","Venezuela",0.222
2008,"05","11","Argentina",0.029
2008,"05","11","Bolivia",0.031
2008,"05","11","Brazil",0.249
2008,"05","11","India",0.015
2008,"05","11","Indonesia",0.252
2008,"05","11","Mexico",0.066
2008,"05","11","Philippines",0.077
2008,"05","11","Singapore",0.137
2008,"05","11","Thailand",NA
2008,"05","11","Venezuela",0.227
2008,"05","18","Argentina",0.034
2008,"05","18","Bolivia",0.027
2008,"05","18","Brazil",0.229
2008,"05","18","India",0.021
2008,"05","18","Indonesia",0.236
2008,"05","18","Mexico",0.079
2008,"05","18","Philippines",0.076
2008,"05","18","Singapore",0.139
2008,"05","18","Thailand",NA
2008,"05","18","Venezuela",0.238
2008,"05","25","Argentina",0.024
2008,"05","25","Bolivia",0.028
2008,"05","25","Brazil",0.197
2008,"05","25","India",0.021
2008,"05","25","Indonesia",0.231
2008,"05","25","Mexico",0.101
2008,"05","25","Philippines",0.085
2008,"05","25","Singapore",0.115
2008,"05","25","Thailand",NA
2008,"05","25","Venezuela",0.207
2008,"06","01","Argentina",0.022
2008,"06","01","Bolivia",0.06
2008,"06","01","Brazil",0.124
2008,"06","01","India",0.018
2008,"06","01","Indonesia",0.23
2008,"06","01","Mexico",0.142
2008,"06","01","Philippines",0.079
2008,"06","01","Singapore",0.113
2008,"06","01","Thailand",NA
2008,"06","01","Venezuela",0.214
2008,"06","08","Argentina",0.017
2008,"06","08","Bolivia",0.036
2008,"06","08","Brazil",0.105
2008,"06","08","India",0.03
2008,"06","08","Indonesia",0.181
2008,"06","08","Mexico",0.12
2008,"06","08","Philippines",0.081
2008,"06","08","Singapore",0.123
2008,"06","08","Thailand",NA
2008,"06","08","Venezuela",0.216
2008,"06","15","Argentina",0.014
2008,"06","15","Bolivia",0.037
2008,"06","15","Brazil",0.1
2008,"06","15","India",0.045
2008,"06","15","Indonesia",0.186
2008,"06","15","Mexico",0.097
2008,"06","15","Philippines",0.084
2008,"06","15","Singapore",0.118
2008,"06","15","Thailand",NA
2008,"06","15","Venezuela",0.226
2008,"06","22","Argentina",0.014
2008,"06","22","Bolivia",0.027
2008,"06","22","Brazil",0.065
2008,"06","22","India",0.052
2008,"06","22","Indonesia",0.148
2008,"06","22","Mexico",0.109
2008,"06","22","Philippines",0.079
2008,"06","22","Singapore",0.124
2008,"06","22","Thailand",NA
2008,"06","22","Venezuela",0.198
2008,"06","29","Argentina",0.014
2008,"06","29","Bolivia",0.018
2008,"06","29","Brazil",0.048
2008,"06","29","India",0.062
2008,"06","29","Indonesia",0.14
2008,"06","29","Mexico",0.103
2008,"06","29","Philippines",0.091
2008,"06","29","Singapore",0.126
2008,"06","29","Thailand",NA
2008,"06","29","Venezuela",0.182
2008,"07","06","Argentina",0.014
2008,"07","06","Bolivia",0.021
2008,"07","06","Brazil",0.045
2008,"07","06","India",0.051
2008,"07","06","Indonesia",0.147
2008,"07","06","Mexico",0.109
2008,"07","06","Philippines",0.099
2008,"07","06","Singapore",0.122
2008,"07","06","Thailand",NA
2008,"07","06","Venezuela",0.181
2008,"07","13","Argentina",0.014
2008,"07","13","Bolivia",0.018
2008,"07","13","Brazil",0.03
2008,"07","13","India",0.056
2008,"07","13","Indonesia",0.146
2008,"07","13","Mexico",0.131
2008,"07","13","Philippines",0.082
2008,"07","13","Singapore",0.133
2008,"07","13","Thailand",NA
2008,"07","13","Venezuela",0.178
2008,"07","20","Argentina",0.012
2008,"07","20","Bolivia",0.014
2008,"07","20","Brazil",0.028
2008,"07","20","India",0.052
2008,"07","20","Indonesia",0.146
2008,"07","20","Mexico",0.132
2008,"07","20","Philippines",0.087
2008,"07","20","Singapore",0.133
2008,"07","20","Thailand",NA
2008,"07","20","Venezuela",0.175
2008,"07","27","Argentina",0.01
2008,"07","27","Bolivia",0.01
2008,"07","27","Brazil",0.032
2008,"07","27","India",0.071
2008,"07","27","Indonesia",0.155
2008,"07","27","Mexico",0.128
2008,"07","27","Philippines",0.099
2008,"07","27","Singapore",0.139
2008,"07","27","Thailand",NA
2008,"07","27","Venezuela",0.18
2008,"08","03","Argentina",0.012
2008,"08","03","Bolivia",0.007
2008,"08","03","Brazil",0.027
2008,"08","03","India",0.078
2008,"08","03","Indonesia",0.161
2008,"08","03","Mexico",0.123
2008,"08","03","Philippines",0.115
2008,"08","03","Singapore",0.122
2008,"08","03","Thailand",NA
2008,"08","03","Venezuela",0.17
2008,"08","10","Argentina",0.012
2008,"08","10","Bolivia",0.007
2008,"08","10","Brazil",0.024
2008,"08","10","India",0.09
2008,"08","10","Indonesia",0.123
2008,"08","10","Mexico",0.137
2008,"08","10","Philippines",0.115
2008,"08","10","Singapore",0.121
2008,"08","10","Thailand",NA
2008,"08","10","Venezuela",0.177
2008,"08","17","Argentina",0.012
2008,"08","17","Bolivia",0.005
2008,"08","17","Brazil",0.035
2008,"08","17","India",0.109
2008,"08","17","Indonesia",0.13
2008,"08","17","Mexico",0.125
2008,"08","17","Philippines",0.141
2008,"08","17","Singapore",0.113
2008,"08","17","Thailand",NA
2008,"08","17","Venezuela",0.174
2008,"08","24","Argentina",0.014
2008,"08","24","Bolivia",0.01
2008,"08","24","Brazil",0.029
2008,"08","24","India",0.175
2008,"08","24","Indonesia",0.146
2008,"08","24","Mexico",0.135
2008,"08","24","Philippines",0.135
2008,"08","24","Singapore",0.121
2008,"08","24","Thailand",NA
2008,"08","24","Venezuela",0.173
2008,"08","31","Argentina",0.017
2008,"08","31","Bolivia",0.017
2008,"08","31","Brazil",0.031
2008,"08","31","India",0.222
2008,"08","31","Indonesia",0.158
2008,"08","31","Mexico",0.157
2008,"08","31","Philippines",0.164
2008,"08","31","Singapore",0.115
2008,"08","31","Thailand",NA
2008,"08","31","Venezuela",0.187
2008,"09","07","Argentina",0.014
2008,"09","07","Bolivia",0.017
2008,"09","07","Brazil",0.033
2008,"09","07","India",0.232
2008,"09","07","Indonesia",0.171
2008,"09","07","Mexico",0.191
2008,"09","07","Philippines",0.107
2008,"09","07","Singapore",0.118
2008,"09","07","Thailand",NA
2008,"09","07","Venezuela",0.164
2008,"09","14","Argentina",0.012
2008,"09","14","Bolivia",0.011
2008,"09","14","Brazil",0.025
2008,"09","14","India",0.249
2008,"09","14","Indonesia",0.164
2008,"09","14","Mexico",0.2
2008,"09","14","Philippines",0.157
2008,"09","14","Singapore",0.108
2008,"09","14","Thailand",0.104
2008,"09","14","Venezuela",0.171
2008,"09","21","Argentina",0.012
2008,"09","21","Bolivia",0.008
2008,"09","21","Brazil",0.026
2008,"09","21","India",0.262
2008,"09","21","Indonesia",0.15
2008,"09","21","Mexico",0.208
2008,"09","21","Philippines",0.123
2008,"09","21","Singapore",0.107
2008,"09","21","Thailand",0.125
2008,"09","21","Venezuela",0.178
2008,"09","28","Argentina",0.014
2008,"09","28","Bolivia",0.01
2008,"09","28","Brazil",0.025
2008,"09","28","India",0.244
2008,"09","28","Indonesia",0.115
2008,"09","28","Mexico",0.259
2008,"09","28","Philippines",0.1
2008,"09","28","Singapore",0.105
2008,"09","28","Thailand",0.118
2008,"09","28","Venezuela",0.176
2008,"10","05","Argentina",0.017
2008,"10","05","Bolivia",0.012
2008,"10","05","Brazil",0.025
2008,"10","05","India",0.215
2008,"10","05","Indonesia",0.165
2008,"10","05","Mexico",0.243
2008,"10","05","Philippines",0.096
2008,"10","05","Singapore",0.112
2008,"10","05","Thailand",0.112
2008,"10","05","Venezuela",0.197
2008,"10","12","Argentina",0.014
2008,"10","12","Bolivia",0.014
2008,"10","12","Brazil",0.028
2008,"10","12","India",0.23
2008,"10","12","Indonesia",0.162
2008,"10","12","Mexico",0.224
2008,"10","12","Philippines",0.1
2008,"10","12","Singapore",0.11
2008,"10","12","Thailand",0.113
2008,"10","12","Venezuela",0.216
2008,"10","19","Argentina",0.014
2008,"10","19","Bolivia",0.016
2008,"10","19","Brazil",0.044
2008,"10","19","India",0.232
2008,"10","19","Indonesia",0.189
2008,"10","19","Mexico",0.217
2008,"10","19","Philippines",0.102
2008,"10","19","Singapore",0.109
2008,"10","19","Thailand",0.113
2008,"10","19","Venezuela",0.233
2008,"10","26","Argentina",0.024
2008,"10","26","Bolivia",0.03
2008,"10","26","Brazil",0.046
2008,"10","26","India",0.235
2008,"10","26","Indonesia",0.192
2008,"10","26","Mexico",0.201
2008,"10","26","Philippines",0.103
2008,"10","26","Singapore",0.105
2008,"10","26","Thailand",0.122
2008,"10","26","Venezuela",0.251
2008,"11","02","Argentina",0.029
2008,"11","02","Bolivia",0.021
2008,"11","02","Brazil",0.049
2008,"11","02","India",0.193
2008,"11","02","Indonesia",0.18
2008,"11","02","Mexico",0.179
2008,"11","02","Philippines",0.107
2008,"11","02","Singapore",0.117
2008,"11","02","Thailand",0.136
2008,"11","02","Venezuela",0.267
2008,"11","09","Argentina",0.031
2008,"11","09","Bolivia",0.025
2008,"11","09","Brazil",0.061
2008,"11","09","India",0.161
2008,"11","09","Indonesia",0.207
2008,"11","09","Mexico",0.17
2008,"11","09","Philippines",0.097
2008,"11","09","Singapore",0.11
2008,"11","09","Thailand",0.146
2008,"11","09","Venezuela",0.241
2008,"11","16","Argentina",0.031
2008,"11","16","Bolivia",0.032
2008,"11","16","Brazil",0.059
2008,"11","16","India",0.12
2008,"11","16","Indonesia",0.205
2008,"11","16","Mexico",0.148
2008,"11","16","Philippines",0.085
2008,"11","16","Singapore",0.109
2008,"11","16","Thailand",0.159
2008,"11","16","Venezuela",0.205
2008,"11","23","Argentina",0.024
2008,"11","23","Bolivia",0.036
2008,"11","23","Brazil",0.059
2008,"11","23","India",0.095
2008,"11","23","Indonesia",0.226
2008,"11","23","Mexico",0.136
2008,"11","23","Philippines",0.091
2008,"11","23","Singapore",0.115
2008,"11","23","Thailand",0.149
2008,"11","23","Venezuela",0.223
2008,"11","30","Argentina",0.017
2008,"11","30","Bolivia",0.031
2008,"11","30","Brazil",0.041
2008,"11","30","India",0.075
2008,"11","30","Indonesia",0.21
2008,"11","30","Mexico",0.12
2008,"11","30","Philippines",0.086
2008,"11","30","Singapore",0.109
2008,"11","30","Thailand",0.123
2008,"11","30","Venezuela",0.237
2008,"12","07","Argentina",0.014
2008,"12","07","Bolivia",0.037
2008,"12","07","Brazil",0.07
2008,"12","07","India",0.068
2008,"12","07","Indonesia",0.195
2008,"12","07","Mexico",0.102
2008,"12","07","Philippines",0.088
2008,"12","07","Singapore",0.104
2008,"12","07","Thailand",0.101
2008,"12","07","Venezuela",0.245
2008,"12","14","Argentina",0.012
2008,"12","14","Bolivia",0.035
2008,"12","14","Brazil",0.099
2008,"12","14","India",0.076
2008,"12","14","Indonesia",0.199
2008,"12","14","Mexico",0.073
2008,"12","14","Philippines",0.101
2008,"12","14","Singapore",0.106
2008,"12","14","Thailand",0.102
2008,"12","14","Venezuela",0.215
2008,"12","21","Argentina",0.014
2008,"12","21","Bolivia",0.039
2008,"12","21","Brazil",0.098
2008,"12","21","India",0.069
2008,"12","21","Indonesia",0.169
2008,"12","21","Mexico",0.057
2008,"12","21","Philippines",0.103
2008,"12","21","Singapore",0.107
2008,"12","21","Thailand",0.097
2008,"12","21","Venezuela",0.216
2008,"12","28","Argentina",0.014
2008,"12","28","Bolivia",0.065
2008,"12","28","Brazil",0.108
2008,"12","28","India",0.063
2008,"12","28","Indonesia",0.188
2008,"12","28","Mexico",0.06
2008,"12","28","Philippines",0.112
2008,"12","28","Singapore",0.115
2008,"12","28","Thailand",0.091
2008,"12","28","Venezuela",0.205
2009,"01","04","Argentina",0.014
2009,"01","04","Bolivia",0.123
2009,"01","04","Brazil",0.127
2009,"01","04","India",0.047
2009,"01","04","Indonesia",0.21
2009,"01","04","Mexico",0.066
2009,"01","04","Philippines",0.13
2009,"01","04","Singapore",0.12
2009,"01","04","Thailand",0.086
2009,"01","04","Venezuela",0.206
2009,"01","11","Argentina",0.017
2009,"01","11","Bolivia",0.231
2009,"01","11","Brazil",0.117
2009,"01","11","India",0.039
2009,"01","11","Indonesia",0.242
2009,"01","11","Mexico",0.062
2009,"01","11","Philippines",0.115
2009,"01","11","Singapore",0.116
2009,"01","11","Thailand",0.091
2009,"01","11","Venezuela",0.213
2009,"01","18","Argentina",0.017
2009,"01","18","Bolivia",0.37
2009,"01","18","Brazil",0.117
2009,"01","18","India",0.041
2009,"01","18","Indonesia",0.235
2009,"01","18","Mexico",0.058
2009,"01","18","Philippines",0.114
2009,"01","18","Singapore",0.12
2009,"01","18","Thailand",0.089
2009,"01","18","Venezuela",0.241
2009,"01","25","Argentina",0.027
2009,"01","25","Bolivia",0.548
2009,"01","25","Brazil",0.145
2009,"01","25","India",0.038
2009,"01","25","Indonesia",0.235
2009,"01","25","Mexico",0.064
2009,"01","25","Philippines",0.125
2009,"01","25","Singapore",0.12
2009,"01","25","Thailand",0.109
2009,"01","25","Venezuela",0.22
2009,"02","01","Argentina",0.029
2009,"02","01","Bolivia",0.803
2009,"02","01","Brazil",0.172
2009,"02","01","India",0.027
2009,"02","01","Indonesia",0.227
2009,"02","01","Mexico",0.057
2009,"02","01","Philippines",0.122
2009,"02","01","Singapore",0.128
2009,"02","01","Thailand",0.125
2009,"02","01","Venezuela",0.221
2009,"02","08","Argentina",0.039
2009,"02","08","Bolivia",1
2009,"02","08","Brazil",0.209
2009,"02","08","India",0.029
2009,"02","08","Indonesia",0.239
2009,"02","08","Mexico",0.07
2009,"02","08","Philippines",0.102
2009,"02","08","Singapore",0.113
2009,"02","08","Thailand",0.13
2009,"02","08","Venezuela",0.209
2009,"02","15","Argentina",0.07
2009,"02","15","Bolivia",0.852
2009,"02","15","Brazil",0.252
2009,"02","15","India",0.023
2009,"02","15","Indonesia",0.249
2009,"02","15","Mexico",0.069
2009,"02","15","Philippines",0.122
2009,"02","15","Singapore",0.115
2009,"02","15","Thailand",0.12
2009,"02","15","Venezuela",0.199
2009,"02","22","Argentina",0.108
2009,"02","22","Bolivia",0.723
2009,"02","22","Brazil",0.262
2009,"02","22","India",0.026
2009,"02","22","Indonesia",0.214
2009,"02","22","Mexico",0.073
2009,"02","22","Philippines",0.137
2009,"02","22","Singapore",0.11
2009,"02","22","Thailand",0.106
2009,"02","22","Venezuela",0.207
2009,"03","01","Argentina",0.166
2009,"03","01","Bolivia",0.929
2009,"03","01","Brazil",0.377
2009,"03","01","India",0.022
2009,"03","01","Indonesia",0.217
2009,"03","01","Mexico",0.081
2009,"03","01","Philippines",0.099
2009,"03","01","Singapore",0.101
2009,"03","01","Thailand",0.096
2009,"03","01","Venezuela",0.217
2009,"03","08","Argentina",0.227
2009,"03","08","Bolivia",0.753
2009,"03","08","Brazil",0.42
2009,"03","08","India",0.02
2009,"03","08","Indonesia",0.226
2009,"03","08","Mexico",0.071
2009,"03","08","Philippines",0.099
2009,"03","08","Singapore",0.119
2009,"03","08","Thailand",0.084
2009,"03","08","Venezuela",0.232
2009,"03","15","Argentina",0.383
2009,"03","15","Bolivia",0.509
2009,"03","15","Brazil",0.435
2009,"03","15","India",0.021
2009,"03","15","Indonesia",0.244
2009,"03","15","Mexico",0.071
2009,"03","15","Philippines",0.1
2009,"03","15","Singapore",0.129
2009,"03","15","Thailand",0.086
2009,"03","15","Venezuela",0.21
2009,"03","22","Argentina",0.436
2009,"03","22","Bolivia",0.399
2009,"03","22","Brazil",0.439
2009,"03","22","India",0.019
2009,"03","22","Indonesia",0.226
2009,"03","22","Mexico",0.086
2009,"03","22","Philippines",0.1
2009,"03","22","Singapore",0.13
2009,"03","22","Thailand",0.085
2009,"03","22","Venezuela",0.194
2009,"03","29","Argentina",0.53
2009,"03","29","Bolivia",0.301
2009,"03","29","Brazil",0.403
2009,"03","29","India",0.019
2009,"03","29","Indonesia",0.224
2009,"03","29","Mexico",0.101
2009,"03","29","Philippines",0.083
2009,"03","29","Singapore",0.138
2009,"03","29","Thailand",0.084
2009,"03","29","Venezuela",0.205
2009,"04","05","Argentina",0.699
2009,"04","05","Bolivia",0.179
2009,"04","05","Brazil",0.31
2009,"04","05","India",0.016
2009,"04","05","Indonesia",0.223
2009,"04","05","Mexico",0.083
2009,"04","05","Philippines",0.076
2009,"04","05","Singapore",0.129
2009,"04","05","Thailand",0.078
2009,"04","05","Venezuela",0.201
2009,"04","12","Argentina",0.788
2009,"04","12","Bolivia",0.173
2009,"04","12","Brazil",0.344
2009,"04","12","India",0.023
2009,"04","12","Indonesia",0.235
2009,"04","12","Mexico",0.121
2009,"04","12","Philippines",0.068
2009,"04","12","Singapore",0.133
2009,"04","12","Thailand",0.073
2009,"04","12","Venezuela",0.226
2009,"04","19","Argentina",0.817
2009,"04","19","Bolivia",0.142
2009,"04","19","Brazil",0.255
2009,"04","19","India",0.023
2009,"04","19","Indonesia",0.211
2009,"04","19","Mexico",0.121
2009,"04","19","Philippines",0.071
2009,"04","19","Singapore",0.141
2009,"04","19","Thailand",0.078
2009,"04","19","Venezuela",0.227
2009,"04","26","Argentina",0.971
2009,"04","26","Bolivia",0.156
2009,"04","26","Brazil",0.235
2009,"04","26","India",0.019
2009,"04","26","Indonesia",0.217
2009,"04","26","Mexico",0.079
2009,"04","26","Philippines",0.078
2009,"04","26","Singapore",0.123
2009,"04","26","Thailand",0.1
2009,"04","26","Venezuela",0.226
2009,"05","03","Argentina",1
2009,"05","03","Bolivia",0.164
2009,"05","03","Brazil",0.214
2009,"05","03","India",0.024
2009,"05","03","Indonesia",0.215
2009,"05","03","Mexico",0.07
2009,"05","03","Philippines",0.078
2009,"05","03","Singapore",0.115
2009,"05","03","Thailand",0.099
2009,"05","03","Venezuela",0.194
2009,"05","10","Argentina",0.916
2009,"05","10","Bolivia",0.143
2009,"05","10","Brazil",0.23
2009,"05","10","India",0.021
2009,"05","10","Indonesia",0.192
2009,"05","10","Mexico",0.103
2009,"05","10","Philippines",0.075
2009,"05","10","Singapore",0.107
2009,"05","10","Thailand",0.125
2009,"05","10","Venezuela",0.207
2009,"05","17","Argentina",0.619
2009,"05","17","Bolivia",0.111
2009,"05","17","Brazil",0.23
2009,"05","17","India",0.019
2009,"05","17","Indonesia",0.187
2009,"05","17","Mexico",0.151
2009,"05","17","Philippines",0.089
2009,"05","17","Singapore",0.113
2009,"05","17","Thailand",0.202
2009,"05","17","Venezuela",0.212
2009,"05","24","Argentina",0.489
2009,"05","24","Bolivia",0.1
2009,"05","24","Brazil",0.206
2009,"05","24","India",0.023
2009,"05","24","Indonesia",0.177
2009,"05","24","Mexico",0.144
2009,"05","24","Philippines",0.087
2009,"05","24","Singapore",0.117
2009,"05","24","Thailand",0.227
2009,"05","24","Venezuela",0.184
2009,"05","31","Argentina",0.412
2009,"05","31","Bolivia",0.084
2009,"05","31","Brazil",0.166
2009,"05","31","India",0.031
2009,"05","31","Indonesia",0.175
2009,"05","31","Mexico",0.117
2009,"05","31","Philippines",0.087
2009,"05","31","Singapore",0.1
2009,"05","31","Thailand",0.235
2009,"05","31","Venezuela",0.181
2009,"06","07","Argentina",0.357
2009,"06","07","Bolivia",0.099
2009,"06","07","Brazil",0.108
2009,"06","07","India",0.041
2009,"06","07","Indonesia",0.176
2009,"06","07","Mexico",0.11
2009,"06","07","Philippines",0.181
2009,"06","07","Singapore",0.1
2009,"06","07","Thailand",0.231
2009,"06","07","Venezuela",0.199
2009,"06","14","Argentina",0.263
2009,"06","14","Bolivia",0.096
2009,"06","14","Brazil",0.111
2009,"06","14","India",0.041
2009,"06","14","Indonesia",0.174
2009,"06","14","Mexico",0.098
2009,"06","14","Philippines",0.178
2009,"06","14","Singapore",0.095
2009,"06","14","Thailand",0.248
2009,"06","14","Venezuela",0.205
2009,"06","21","Argentina",0.217
2009,"06","21","Bolivia",0.074
2009,"06","21","Brazil",0.088
2009,"06","21","India",0.051
2009,"06","21","Indonesia",0.176
2009,"06","21","Mexico",0.102
2009,"06","21","Philippines",0.182
2009,"06","21","Singapore",0.097
2009,"06","21","Thailand",0.224
2009,"06","21","Venezuela",0.195
2009,"06","28","Argentina",0.145
2009,"06","28","Bolivia",0.064
2009,"06","28","Brazil",0.069
2009,"06","28","India",0.053
2009,"06","28","Indonesia",0.154
2009,"06","28","Mexico",0.097
2009,"06","28","Philippines",0.19
2009,"06","28","Singapore",0.095
2009,"06","28","Thailand",0.181
2009,"06","28","Venezuela",0.18
2009,"07","05","Argentina",0.101
2009,"07","05","Bolivia",0.048
2009,"07","05","Brazil",0.07
2009,"07","05","India",0.061
2009,"07","05","Indonesia",0.17
2009,"07","05","Mexico",0.102
2009,"07","05","Philippines",0.19
2009,"07","05","Singapore",0.099
2009,"07","05","Thailand",0.141
2009,"07","05","Venezuela",0.177
2009,"07","12","Argentina",0.128
2009,"07","12","Bolivia",0.055
2009,"07","12","Brazil",0.064
2009,"07","12","India",0.068
2009,"07","12","Indonesia",0.17
2009,"07","12","Mexico",0.112
2009,"07","12","Philippines",0.176
2009,"07","12","Singapore",0.111
2009,"07","12","Thailand",0.189
2009,"07","12","Venezuela",0.187
2009,"07","19","Argentina",0.106
2009,"07","19","Bolivia",0.077
2009,"07","19","Brazil",0.049
2009,"07","19","India",0.064
2009,"07","19","Indonesia",0.159
2009,"07","19","Mexico",0.117
2009,"07","19","Philippines",0.16
2009,"07","19","Singapore",0.105
2009,"07","19","Thailand",0.17
2009,"07","19","Venezuela",0.183
2009,"07","26","Argentina",0.159
2009,"07","26","Bolivia",0.069
2009,"07","26","Brazil",0.052
2009,"07","26","India",0.064
2009,"07","26","Indonesia",0.147
2009,"07","26","Mexico",0.121
2009,"07","26","Philippines",0.14
2009,"07","26","Singapore",0.1
2009,"07","26","Thailand",0.145
2009,"07","26","Venezuela",0.192
2009,"08","02","Argentina",0.169
2009,"08","02","Bolivia",0.049
2009,"08","02","Brazil",0.055
2009,"08","02","India",0.084
2009,"08","02","Indonesia",0.161
2009,"08","02","Mexico",0.18
2009,"08","02","Philippines",0.131
2009,"08","02","Singapore",0.107
2009,"08","02","Thailand",0.147
2009,"08","02","Venezuela",0.191
2009,"08","09","Argentina",0.142
2009,"08","09","Bolivia",0.058
2009,"08","09","Brazil",0.058
2009,"08","09","India",0.096
2009,"08","09","Indonesia",0.177
2009,"08","09","Mexico",0.198
2009,"08","09","Philippines",0.126
2009,"08","09","Singapore",0.098
2009,"08","09","Thailand",0.144
2009,"08","09","Venezuela",0.195
2009,"08","16","Argentina",0.152
2009,"08","16","Bolivia",0.066
2009,"08","16","Brazil",0.078
2009,"08","16","India",0.106
2009,"08","16","Indonesia",0.133
2009,"08","16","Mexico",0.218
2009,"08","16","Philippines",0.143
2009,"08","16","Singapore",0.098
2009,"08","16","Thailand",0.165
2009,"08","16","Venezuela",0.201
2009,"08","23","Argentina",0.212
2009,"08","23","Bolivia",0.055
2009,"08","23","Brazil",0.079
2009,"08","23","India",0.114
2009,"08","23","Indonesia",0.151
2009,"08","23","Mexico",0.271
2009,"08","23","Philippines",0.156
2009,"08","23","Singapore",0.087
2009,"08","23","Thailand",0.168
2009,"08","23","Venezuela",0.23
2009,"08","30","Argentina",0.224
2009,"08","30","Bolivia",0.066
2009,"08","30","Brazil",0.076
2009,"08","30","India",0.098
2009,"08","30","Indonesia",0.145
2009,"08","30","Mexico",0.452
2009,"08","30","Philippines",0.171
2009,"08","30","Singapore",0.086
2009,"08","30","Thailand",0.139
2009,"08","30","Venezuela",0.239
2009,"09","06","Argentina",0.166
2009,"09","06","Bolivia",0.07
2009,"09","06","Brazil",0.064
2009,"09","06","India",0.112
2009,"09","06","Indonesia",0.136
2009,"09","06","Mexico",0.652
2009,"09","06","Philippines",0.176
2009,"09","06","Singapore",0.084
2009,"09","06","Thailand",0.137
2009,"09","06","Venezuela",0.252
2009,"09","13","Argentina",0.147
2009,"09","13","Bolivia",0.056
2009,"09","13","Brazil",0.08
2009,"09","13","India",0.125
2009,"09","13","Indonesia",0.116
2009,"09","13","Mexico",0.769
2009,"09","13","Philippines",0.184
2009,"09","13","Singapore",0.085
2009,"09","13","Thailand",0.125
2009,"09","13","Venezuela",0.252
2009,"09","20","Argentina",0.149
2009,"09","20","Bolivia",0.034
2009,"09","20","Brazil",0.065
2009,"09","20","India",0.14
2009,"09","20","Indonesia",0.108
2009,"09","20","Mexico",0.943
2009,"09","20","Philippines",0.186
2009,"09","20","Singapore",0.094
2009,"09","20","Thailand",0.104
2009,"09","20","Venezuela",0.28
2009,"09","27","Argentina",0.21
2009,"09","27","Bolivia",0.044
2009,"09","27","Brazil",0.063
2009,"09","27","India",0.173
2009,"09","27","Indonesia",0.135
2009,"09","27","Mexico",1
2009,"09","27","Philippines",0.161
2009,"09","27","Singapore",0.091
2009,"09","27","Thailand",0.093
2009,"09","27","Venezuela",0.347
2009,"10","04","Argentina",0.287
2009,"10","04","Bolivia",0.048
2009,"10","04","Brazil",0.053
2009,"10","04","India",0.215
2009,"10","04","Indonesia",0.138
2009,"10","04","Mexico",0.977
2009,"10","04","Philippines",0.167
2009,"10","04","Singapore",0.091
2009,"10","04","Thailand",0.08
2009,"10","04","Venezuela",0.405
2009,"10","11","Argentina",0.347
2009,"10","11","Bolivia",0.049
2009,"10","11","Brazil",0.044
2009,"10","11","India",0.241
2009,"10","11","Indonesia",0.139
2009,"10","11","Mexico",0.988
2009,"10","11","Philippines",0.159
2009,"10","11","Singapore",0.091
2009,"10","11","Thailand",0.069
2009,"10","11","Venezuela",0.473
2009,"10","18","Argentina",0.463
2009,"10","18","Bolivia",0.057
2009,"10","18","Brazil",0.074
2009,"10","18","India",0.292
2009,"10","18","Indonesia",0.135
2009,"10","18","Mexico",0.847
2009,"10","18","Philippines",0.147
2009,"10","18","Singapore",0.094
2009,"10","18","Thailand",0.066
2009,"10","18","Venezuela",0.586
2009,"10","25","Argentina",0.46
2009,"10","25","Bolivia",0.043
2009,"10","25","Brazil",0.086
2009,"10","25","India",0.335
2009,"10","25","Indonesia",0.141
2009,"10","25","Mexico",0.729
2009,"10","25","Philippines",0.194
2009,"10","25","Singapore",0.091
2009,"10","25","Thailand",0.071
2009,"10","25","Venezuela",0.637
2009,"11","01","Argentina",0.366
2009,"11","01","Bolivia",0.037
2009,"11","01","Brazil",0.109
2009,"11","01","India",0.316
2009,"11","01","Indonesia",0.158
2009,"11","01","Mexico",0.644
2009,"11","01","Philippines",0.15
2009,"11","01","Singapore",0.085
2009,"11","01","Thailand",0.09
2009,"11","01","Venezuela",0.656
2009,"11","08","Argentina",0.371
2009,"11","08","Bolivia",0.044
2009,"11","08","Brazil",0.118
2009,"11","08","India",0.267
2009,"11","08","Indonesia",0.146
2009,"11","08","Mexico",0.567
2009,"11","08","Philippines",0.146
2009,"11","08","Singapore",0.086
2009,"11","08","Thailand",0.102
2009,"11","08","Venezuela",0.681
2009,"11","15","Argentina",0.427
2009,"11","15","Bolivia",0.035
2009,"11","15","Brazil",0.122
2009,"11","15","India",0.206
2009,"11","15","Indonesia",0.143
2009,"11","15","Mexico",0.59
2009,"11","15","Philippines",0.154
2009,"11","15","Singapore",0.088
2009,"11","15","Thailand",0.112
2009,"11","15","Venezuela",0.69
2009,"11","22","Argentina",0.373
2009,"11","22","Bolivia",0.043
2009,"11","22","Brazil",0.142
2009,"11","22","India",0.17
2009,"11","22","Indonesia",0.123
2009,"11","22","Mexico",0.432
2009,"11","22","Philippines",0.177
2009,"11","22","Singapore",0.088
2009,"11","22","Thailand",0.107
2009,"11","22","Venezuela",0.729
2009,"11","29","Argentina",0.349
2009,"11","29","Bolivia",0.038
2009,"11","29","Brazil",0.121
2009,"11","29","India",0.125
2009,"11","29","Indonesia",0.153
2009,"11","29","Mexico",0.31
2009,"11","29","Philippines",0.17
2009,"11","29","Singapore",0.09
2009,"11","29","Thailand",0.097
2009,"11","29","Venezuela",0.626
2009,"12","06","Argentina",0.275
2009,"12","06","Bolivia",0.037
2009,"12","06","Brazil",0.103
2009,"12","06","India",0.105
2009,"12","06","Indonesia",0.144
2009,"12","06","Mexico",0.24
2009,"12","06","Philippines",0.164
2009,"12","06","Singapore",0.095
2009,"12","06","Thailand",0.087
2009,"12","06","Venezuela",0.573
2009,"12","13","Argentina",0.412
2009,"12","13","Bolivia",0.027
2009,"12","13","Brazil",0.11
2009,"12","13","India",0.08
2009,"12","13","Indonesia",0.141
2009,"12","13","Mexico",0.185
2009,"12","13","Philippines",0.15
2009,"12","13","Singapore",0.093
2009,"12","13","Thailand",0.093
2009,"12","13","Venezuela",0.502
2009,"12","20","Argentina",0.388
2009,"12","20","Bolivia",0.018
2009,"12","20","Brazil",0.108
2009,"12","20","India",0.069
2009,"12","20","Indonesia",0.129
2009,"12","20","Mexico",0.13
2009,"12","20","Philippines",0.135
2009,"12","20","Singapore",0.089
2009,"12","20","Thailand",0.089
2009,"12","20","Venezuela",0.45
2009,"12","27","Argentina",0.4
2009,"12","27","Bolivia",0.013
2009,"12","27","Brazil",0.127
2009,"12","27","India",0.067
2009,"12","27","Indonesia",0.13
2009,"12","27","Mexico",0.129
2009,"12","27","Philippines",0.177
2009,"12","27","Singapore",0.093
2009,"12","27","Thailand",0.077
2009,"12","27","Venezuela",0.434
2010,"01","03","Argentina",0.482
2010,"01","03","Bolivia",0.011
2010,"01","03","Brazil",0.161
2010,"01","03","India",0.071
2010,"01","03","Indonesia",0.15
2010,"01","03","Mexico",0.106
2010,"01","03","Philippines",0.175
2010,"01","03","Singapore",0.095
2010,"01","03","Thailand",0.079
2010,"01","03","Venezuela",0.471
2010,"01","10","Argentina",0.386
2010,"01","10","Bolivia",0.014
2010,"01","10","Brazil",0.185
2010,"01","10","India",0.057
2010,"01","10","Indonesia",0.178
2010,"01","10","Mexico",0.096
2010,"01","10","Philippines",0.17
2010,"01","10","Singapore",0.104
2010,"01","10","Thailand",0.096
2010,"01","10","Venezuela",0.414
2010,"01","17","Argentina",0.361
2010,"01","17","Bolivia",0.019
2010,"01","17","Brazil",0.199
2010,"01","17","India",0.051
2010,"01","17","Indonesia",0.17
2010,"01","17","Mexico",0.089
2010,"01","17","Philippines",0.151
2010,"01","17","Singapore",0.11
2010,"01","17","Thailand",0.095
2010,"01","17","Venezuela",0.395
2010,"01","24","Argentina",0.258
2010,"01","24","Bolivia",0.024
2010,"01","24","Brazil",0.212
2010,"01","24","India",0.045
2010,"01","24","Indonesia",0.167
2010,"01","24","Mexico",0.093
2010,"01","24","Philippines",0.166
2010,"01","24","Singapore",0.1
2010,"01","24","Thailand",0.093
2010,"01","24","Venezuela",0.371
2010,"01","31","Argentina",0.21
2010,"01","31","Bolivia",0.022
2010,"01","31","Brazil",0.257
2010,"01","31","India",0.041
2010,"01","31","Indonesia",0.174
2010,"01","31","Mexico",0.08
2010,"01","31","Philippines",0.169
2010,"01","31","Singapore",0.097
2010,"01","31","Thailand",0.096
2010,"01","31","Venezuela",0.362
2010,"02","07","Argentina",0.251
2010,"02","07","Bolivia",0.028
2010,"02","07","Brazil",0.318
2010,"02","07","India",0.041
2010,"02","07","Indonesia",0.168
2010,"02","07","Mexico",0.085
2010,"02","07","Philippines",0.146
2010,"02","07","Singapore",0.097
2010,"02","07","Thailand",0.094
2010,"02","07","Venezuela",0.337
2010,"02","14","Argentina",0.455
2010,"02","14","Bolivia",0.031
2010,"02","14","Brazil",0.37
2010,"02","14","India",0.038
2010,"02","14","Indonesia",0.164
2010,"02","14","Mexico",0.078
2010,"02","14","Philippines",0.148
2010,"02","14","Singapore",0.096
2010,"02","14","Thailand",0.096
2010,"02","14","Venezuela",0.345
2010,"02","21","Argentina",0.284
2010,"02","21","Bolivia",0.062
2010,"02","21","Brazil",0.583
2010,"02","21","India",0.027
2010,"02","21","Indonesia",0.153
2010,"02","21","Mexico",0.075
2010,"02","21","Philippines",0.138
2010,"02","21","Singapore",0.098
2010,"02","21","Thailand",0.095
2010,"02","21","Venezuela",0.373
2010,"02","28","Argentina",0.306
2010,"02","28","Bolivia",0.092
2010,"02","28","Brazil",0.596
2010,"02","28","India",0.02
2010,"02","28","Indonesia",0.161
2010,"02","28","Mexico",0.082
2010,"02","28","Philippines",0.125
2010,"02","28","Singapore",0.098
2010,"02","28","Thailand",0.102
2010,"02","28","Venezuela",0.361
2010,"03","07","Argentina",0.316
2010,"03","07","Bolivia",0.081
2010,"03","07","Brazil",0.626
2010,"03","07","India",0.016
2010,"03","07","Indonesia",0.168
2010,"03","07","Mexico",0.09
2010,"03","07","Philippines",0.12
2010,"03","07","Singapore",0.09
2010,"03","07","Thailand",0.107
2010,"03","07","Venezuela",0.366
2010,"03","14","Argentina",0.287
2010,"03","14","Bolivia",0.065
2010,"03","14","Brazil",0.623
2010,"03","14","India",0.017
2010,"03","14","Indonesia",0.167
2010,"03","14","Mexico",0.09
2010,"03","14","Philippines",0.138
2010,"03","14","Singapore",0.089
2010,"03","14","Thailand",0.096
2010,"03","14","Venezuela",0.375
2010,"03","21","Argentina",0.229
2010,"03","21","Bolivia",0.065
2010,"03","21","Brazil",0.652
2010,"03","21","India",0.017
2010,"03","21","Indonesia",0.161
2010,"03","21","Mexico",0.107
2010,"03","21","Philippines",0.113
2010,"03","21","Singapore",0.106
2010,"03","21","Thailand",0.095
2010,"03","21","Venezuela",0.35
2010,"03","28","Argentina",0.229
2010,"03","28","Bolivia",0.047
2010,"03","28","Brazil",0.586
2010,"03","28","India",0.012
2010,"03","28","Indonesia",0.154
2010,"03","28","Mexico",0.067
2010,"03","28","Philippines",0.117
2010,"03","28","Singapore",0.106
2010,"03","28","Thailand",0.082
2010,"03","28","Venezuela",0.325
2010,"04","04","Argentina",0.181
2010,"04","04","Bolivia",0.049
2010,"04","04","Brazil",0.623
2010,"04","04","India",0.013
2010,"04","04","Indonesia",0.158
2010,"04","04","Mexico",0.085
2010,"04","04","Philippines",0.097
2010,"04","04","Singapore",0.113
2010,"04","04","Thailand",0.072
2010,"04","04","Venezuela",0.351
2010,"04","11","Argentina",0.147
2010,"04","11","Bolivia",0.046
2010,"04","11","Brazil",0.62
2010,"04","11","India",0.009
2010,"04","11","Indonesia",0.154
2010,"04","11","Mexico",0.103
2010,"04","11","Philippines",0.089
2010,"04","11","Singapore",0.101
2010,"04","11","Thailand",0.069
2010,"04","11","Venezuela",0.349
2010,"04","18","Argentina",0.142
2010,"04","18","Bolivia",0.036
2010,"04","18","Brazil",0.499
2010,"04","18","India",0.013
2010,"04","18","Indonesia",0.151
2010,"04","18","Mexico",0.099
2010,"04","18","Philippines",0.097
2010,"04","18","Singapore",0.112
2010,"04","18","Thailand",0.078
2010,"04","18","Venezuela",0.369
2010,"04","25","Argentina",0.104
2010,"04","25","Bolivia",0.032
2010,"04","25","Brazil",0.465
2010,"04","25","India",0.014
2010,"04","25","Indonesia",0.158
2010,"04","25","Mexico",0.109
2010,"04","25","Philippines",0.107
2010,"04","25","Singapore",0.116
2010,"04","25","Thailand",0.096
2010,"04","25","Venezuela",0.42
2010,"05","02","Argentina",0.101
2010,"05","02","Bolivia",0.032
2010,"05","02","Brazil",0.482
2010,"05","02","India",0.013
2010,"05","02","Indonesia",0.133
2010,"05","02","Mexico",0.102
2010,"05","02","Philippines",0.109
2010,"05","02","Singapore",0.108
2010,"05","02","Thailand",0.097
2010,"05","02","Venezuela",0.464
2010,"05","09","Argentina",0.087
2010,"05","09","Bolivia",0.026
2010,"05","09","Brazil",0.396
2010,"05","09","India",0.016
2010,"05","09","Indonesia",0.139
2010,"05","09","Mexico",0.105
2010,"05","09","Philippines",0.1
2010,"05","09","Singapore",0.104
2010,"05","09","Thailand",0.114
2010,"05","09","Venezuela",0.582
2010,"05","16","Argentina",0.07
2010,"05","16","Bolivia",0.024
2010,"05","16","Brazil",0.349
2010,"05","16","India",0.023
2010,"05","16","Indonesia",0.144
2010,"05","16","Mexico",0.116
2010,"05","16","Philippines",0.113
2010,"05","16","Singapore",0.102
2010,"05","16","Thailand",0.17
2010,"05","16","Venezuela",0.744
2010,"05","23","Argentina",0.06
2010,"05","23","Bolivia",0.025
2010,"05","23","Brazil",0.286
2010,"05","23","India",0.027
2010,"05","23","Indonesia",0.144
2010,"05","23","Mexico",0.117
2010,"05","23","Philippines",0.113
2010,"05","23","Singapore",0.107
2010,"05","23","Thailand",0.156
2010,"05","23","Venezuela",0.948
2010,"05","30","Argentina",0.07
2010,"05","30","Bolivia",0.028
2010,"05","30","Brazil",0.229
2010,"05","30","India",0.038
2010,"05","30","Indonesia",0.135
2010,"05","30","Mexico",0.123
2010,"05","30","Philippines",0.115
2010,"05","30","Singapore",0.101
2010,"05","30","Thailand",0.221
2010,"05","30","Venezuela",1
2010,"06","06","Argentina",0.048
2010,"06","06","Bolivia",0.025
2010,"06","06","Brazil",0.213
2010,"06","06","India",0.051
2010,"06","06","Indonesia",0.126
2010,"06","06","Mexico",0.128
2010,"06","06","Philippines",0.127
2010,"06","06","Singapore",0.102
2010,"06","06","Thailand",0.286
2010,"06","06","Venezuela",0.977
2010,"06","13","Argentina",0.046
2010,"06","13","Bolivia",0.023
2010,"06","13","Brazil",0.183
2010,"06","13","India",0.058
2010,"06","13","Indonesia",0.126
2010,"06","13","Mexico",0.116
2010,"06","13","Philippines",0.118
2010,"06","13","Singapore",0.097
2010,"06","13","Thailand",0.272
2010,"06","13","Venezuela",0.96
2010,"06","20","Argentina",0.041
2010,"06","20","Bolivia",0.018
2010,"06","20","Brazil",0.165
2010,"06","20","India",0.07
2010,"06","20","Indonesia",0.124
2010,"06","20","Mexico",0.118
2010,"06","20","Philippines",0.17
2010,"06","20","Singapore",0.105
2010,"06","20","Thailand",0.299
2010,"06","20","Venezuela",0.963
2010,"06","27","Argentina",0.048
2010,"06","27","Bolivia",0.019
2010,"06","27","Brazil",0.134
2010,"06","27","India",0.079
2010,"06","27","Indonesia",0.115
2010,"06","27","Mexico",0.119
2010,"06","27","Philippines",0.218
2010,"06","27","Singapore",0.104
2010,"06","27","Thailand",0.36
2010,"06","27","Venezuela",0.977
2010,"07","04","Argentina",0.034
2010,"07","04","Bolivia",0.021
2010,"07","04","Brazil",0.125
2010,"07","04","India",0.097
2010,"07","04","Indonesia",0.112
2010,"07","04","Mexico",0.147
2010,"07","04","Philippines",0.319
2010,"07","04","Singapore",0.113
2010,"07","04","Thailand",0.385
2010,"07","04","Venezuela",0.865
2010,"07","11","Argentina",0.029
2010,"07","11","Bolivia",0.015
2010,"07","11","Brazil",0.107
2010,"07","11","India",0.102
2010,"07","11","Indonesia",0.131
2010,"07","11","Mexico",0.197
2010,"07","11","Philippines",0.39
2010,"07","11","Singapore",0.112
2010,"07","11","Thailand",0.393
2010,"07","11","Venezuela",0.761
2010,"07","18","Argentina",0.022
2010,"07","18","Bolivia",0.012
2010,"07","18","Brazil",0.099
2010,"07","18","India",0.134
2010,"07","18","Indonesia",0.132
2010,"07","18","Mexico",0.279
2010,"07","18","Philippines",0.386
2010,"07","18","Singapore",0.112
2010,"07","18","Thailand",0.39
2010,"07","18","Venezuela",0.703
2010,"07","25","Argentina",0.034
2010,"07","25","Bolivia",0.012
2010,"07","25","Brazil",0.096
2010,"07","25","India",0.165
2010,"07","25","Indonesia",0.124
2010,"07","25","Mexico",0.328
2010,"07","25","Philippines",0.486
2010,"07","25","Singapore",0.115
2010,"07","25","Thailand",0.311
2010,"07","25","Venezuela",0.658
2010,"08","01","Argentina",0.036
2010,"08","01","Bolivia",0.015
2010,"08","01","Brazil",0.093
2010,"08","01","India",0.189
2010,"08","01","Indonesia",0.127
2010,"08","01","Mexico",0.333
2010,"08","01","Philippines",0.494
2010,"08","01","Singapore",0.126
2010,"08","01","Thailand",0.381
2010,"08","01","Venezuela",0.615
2010,"08","08","Argentina",0.036
2010,"08","08","Bolivia",0.016
2010,"08","08","Brazil",0.108
2010,"08","08","India",0.214
2010,"08","08","Indonesia",0.123
2010,"08","08","Mexico",0.287
2010,"08","08","Philippines",0.58
2010,"08","08","Singapore",0.127
2010,"08","08","Thailand",0.345
2010,"08","08","Venezuela",0.611
2010,"08","15","Argentina",0.039
2010,"08","15","Bolivia",0.016
2010,"08","15","Brazil",0.103
2010,"08","15","India",0.364
2010,"08","15","Indonesia",0.12
2010,"08","15","Mexico",0.25
2010,"08","15","Philippines",0.753
2010,"08","15","Singapore",0.12
2010,"08","15","Thailand",0.486
2010,"08","15","Venezuela",0.607
2010,"08","22","Argentina",0.048
2010,"08","22","Bolivia",0.011
2010,"08","22","Brazil",0.109
2010,"08","22","India",0.513
2010,"08","22","Indonesia",0.137
2010,"08","22","Mexico",0.227
2010,"08","22","Philippines",0.882
2010,"08","22","Singapore",0.117
2010,"08","22","Thailand",0.562
2010,"08","22","Venezuela",0.552
2010,"08","29","Argentina",0.034
2010,"08","29","Bolivia",0.011
2010,"08","29","Brazil",0.102
2010,"08","29","India",0.566
2010,"08","29","Indonesia",0.118
2010,"08","29","Mexico",0.222
2010,"08","29","Philippines",1
2010,"08","29","Singapore",0.119
2010,"08","29","Thailand",0.547
2010,"08","29","Venezuela",0.529
2010,"09","05","Argentina",0.039
2010,"09","05","Bolivia",0.016
2010,"09","05","Brazil",0.087
2010,"09","05","India",0.634
2010,"09","05","Indonesia",0.093
2010,"09","05","Mexico",0.216
2010,"09","05","Philippines",0.912
2010,"09","05","Singapore",0.115
2010,"09","05","Thailand",0.433
2010,"09","05","Venezuela",0.504
2010,"09","12","Argentina",0.039
2010,"09","12","Bolivia",0.016
2010,"09","12","Brazil",0.102
2010,"09","12","India",0.705
2010,"09","12","Indonesia",0.11
2010,"09","12","Mexico",0.196
2010,"09","12","Philippines",0.845
2010,"09","12","Singapore",0.119
2010,"09","12","Thailand",0.428
2010,"09","12","Venezuela",0.464
2010,"09","19","Argentina",0.046
2010,"09","19","Bolivia",0.011
2010,"09","19","Brazil",0.096
2010,"09","19","India",0.693
2010,"09","19","Indonesia",0.133
2010,"09","19","Mexico",0.209
2010,"09","19","Philippines",0.674
2010,"09","19","Singapore",0.113
2010,"09","19","Thailand",0.345
2010,"09","19","Venezuela",0.412
2010,"09","26","Argentina",0.06
2010,"09","26","Bolivia",0.011
2010,"09","26","Brazil",0.073
2010,"09","26","India",0.626
2010,"09","26","Indonesia",0.144
2010,"09","26","Mexico",0.216
2010,"09","26","Philippines",0.548
2010,"09","26","Singapore",0.117
2010,"09","26","Thailand",0.24
2010,"09","26","Venezuela",0.414
2010,"10","03","Argentina",0.075
2010,"10","03","Bolivia",0.021
2010,"10","03","Brazil",0.065
2010,"10","03","India",0.626
2010,"10","03","Indonesia",0.143
2010,"10","03","Mexico",0.228
2010,"10","03","Philippines",0.381
2010,"10","03","Singapore",0.123
2010,"10","03","Thailand",0.174
2010,"10","03","Venezuela",0.405
2010,"10","10","Argentina",0.084
2010,"10","10","Bolivia",0.02
2010,"10","10","Brazil",0.054
2010,"10","10","India",0.572
2010,"10","10","Indonesia",0.137
2010,"10","10","Mexico",0.218
2010,"10","10","Philippines",0.288
2010,"10","10","Singapore",0.109
2010,"10","10","Thailand",0.147
2010,"10","10","Venezuela",0.437
2010,"10","17","Argentina",0.082
2010,"10","17","Bolivia",0.017
2010,"10","17","Brazil",0.08
2010,"10","17","India",0.572
2010,"10","17","Indonesia",0.143
2010,"10","17","Mexico",0.209
2010,"10","17","Philippines",0.238
2010,"10","17","Singapore",0.115
2010,"10","17","Thailand",0.119
2010,"10","17","Venezuela",0.471
2010,"10","24","Argentina",0.072
2010,"10","24","Bolivia",0.015
2010,"10","24","Brazil",0.085
2010,"10","24","India",0.442
2010,"10","24","Indonesia",0.142
2010,"10","24","Mexico",0.221
2010,"10","24","Philippines",0.214
2010,"10","24","Singapore",0.107
2010,"10","24","Thailand",0.126
2010,"10","24","Venezuela",0.568
2010,"10","31","Argentina",0.12
2010,"10","31","Bolivia",0.02
2010,"10","31","Brazil",0.096
2010,"10","31","India",0.31
2010,"10","31","Indonesia",0.135
2010,"10","31","Mexico",0.214
2010,"10","31","Philippines",0.178
2010,"10","31","Singapore",0.113
2010,"10","31","Thailand",0.11
2010,"10","31","Venezuela",0.632
2010,"11","07","Argentina",0.094
2010,"11","07","Bolivia",0.02
2010,"11","07","Brazil",0.102
2010,"11","07","India",0.258
2010,"11","07","Indonesia",0.134
2010,"11","07","Mexico",0.203
2010,"11","07","Philippines",0.174
2010,"11","07","Singapore",0.102
2010,"11","07","Thailand",0.129
2010,"11","07","Venezuela",0.628
2010,"11","14","Argentina",0.099
2010,"11","14","Bolivia",0.018
2010,"11","14","Brazil",0.114
2010,"11","14","India",0.187
2010,"11","14","Indonesia",0.118
2010,"11","14","Mexico",0.184
2010,"11","14","Philippines",0.168
2010,"11","14","Singapore",0.096
2010,"11","14","Thailand",0.13
2010,"11","14","Venezuela",0.574
2010,"11","21","Argentina",0.08
2010,"11","21","Bolivia",0.017
2010,"11","21","Brazil",0.121
2010,"11","21","India",0.144
2010,"11","21","Indonesia",0.124
2010,"11","21","Mexico",0.186
2010,"11","21","Philippines",0.191
2010,"11","21","Singapore",0.098
2010,"11","21","Thailand",0.133
2010,"11","21","Venezuela",0.553
2010,"11","28","Argentina",0.063
2010,"11","28","Bolivia",0.014
2010,"11","28","Brazil",0.102
2010,"11","28","India",0.113
2010,"11","28","Indonesia",0.142
2010,"11","28","Mexico",0.149
2010,"11","28","Philippines",0.167
2010,"11","28","Singapore",0.094
2010,"11","28","Thailand",0.121
2010,"11","28","Venezuela",0.481
2010,"12","05","Argentina",0.048
2010,"12","05","Bolivia",0.012
2010,"12","05","Brazil",0.093
2010,"12","05","India",0.093
2010,"12","05","Indonesia",0.124
2010,"12","05","Mexico",0.138
2010,"12","05","Philippines",0.177
2010,"12","05","Singapore",0.098
2010,"12","05","Thailand",0.124
2010,"12","05","Venezuela",0.432
2010,"12","12","Argentina",0.039
2010,"12","12","Bolivia",0.012
2010,"12","12","Brazil",0.094
2010,"12","12","India",0.073
2010,"12","12","Indonesia",0.128
2010,"12","12","Mexico",0.103
2010,"12","12","Philippines",0.182
2010,"12","12","Singapore",0.101
2010,"12","12","Thailand",0.122
2010,"12","12","Venezuela",0.372
2010,"12","19","Argentina",0.034
2010,"12","19","Bolivia",0.012
2010,"12","19","Brazil",0.105
2010,"12","19","India",0.061
2010,"12","19","Indonesia",0.114
2010,"12","19","Mexico",0.06
2010,"12","19","Philippines",0.185
2010,"12","19","Singapore",0.097
2010,"12","19","Thailand",0.097
2010,"12","19","Venezuela",0.323
2010,"12","26","Argentina",0.036
2010,"12","26","Bolivia",0.01
2010,"12","26","Brazil",0.101
2010,"12","26","India",0.064
2010,"12","26","Indonesia",0.105
2010,"12","26","Mexico",0.05
2010,"12","26","Philippines",0.204
2010,"12","26","Singapore",0.106
2010,"12","26","Thailand",0.087
2010,"12","26","Venezuela",0.327
2011,"01","02","Argentina",0.041
2011,"01","02","Bolivia",0.014
2011,"01","02","Brazil",0.112
2011,"01","02","India",0.067
2011,"01","02","Indonesia",0.116
2011,"01","02","Mexico",0.049
2011,"01","02","Philippines",0.197
2011,"01","02","Singapore",0.106
2011,"01","02","Thailand",0.086
2011,"01","02","Venezuela",0.34
2011,"01","09","Argentina",0.041
2011,"01","09","Bolivia",0.051
2011,"01","09","Brazil",0.126
2011,"01","09","India",0.056
2011,"01","09","Indonesia",0.128
2011,"01","09","Mexico",0.051
2011,"01","09","Philippines",0.161
2011,"01","09","Singapore",0.109
2011,"01","09","Thailand",0.101
2011,"01","09","Venezuela",0.341
2011,"01","16","Argentina",0.053
2011,"01","16","Bolivia",0.068
2011,"01","16","Brazil",0.127
2011,"01","16","India",0.056
2011,"01","16","Indonesia",0.124
2011,"01","16","Mexico",0.048
2011,"01","16","Philippines",0.171
2011,"01","16","Singapore",0.107
2011,"01","16","Thailand",0.101
2011,"01","16","Venezuela",0.348
2011,"01","23","Argentina",0.063
2011,"01","23","Bolivia",0.058
2011,"01","23","Brazil",0.15
2011,"01","23","India",0.042
2011,"01","23","Indonesia",0.121
2011,"01","23","Mexico",0.048
2011,"01","23","Philippines",0.152
2011,"01","23","Singapore",0.111
2011,"01","23","Thailand",0.092
2011,"01","23","Venezuela",0.318
2011,"01","30","Argentina",0.077
2011,"01","30","Bolivia",0.085
2011,"01","30","Brazil",0.162
2011,"01","30","India",0.036
2011,"01","30","Indonesia",0.106
2011,"01","30","Mexico",0.042
2011,"01","30","Philippines",0.151
2011,"01","30","Singapore",0.111
2011,"01","30","Thailand",0.102
2011,"01","30","Venezuela",0.322
2011,"02","06","Argentina",0.077
2011,"02","06","Bolivia",0.115
2011,"02","06","Brazil",0.216
2011,"02","06","India",0.029
2011,"02","06","Indonesia",0.112
2011,"02","06","Mexico",0.045
2011,"02","06","Philippines",0.156
2011,"02","06","Singapore",0.099
2011,"02","06","Thailand",0.104
2011,"02","06","Venezuela",0.33
2011,"02","13","Argentina",0.089
2011,"02","13","Bolivia",0.101
2011,"02","13","Brazil",0.262
2011,"02","13","India",0.024
2011,"02","13","Indonesia",0.104
2011,"02","13","Mexico",0.043
2011,"02","13","Philippines",0.168
2011,"02","13","Singapore",0.089
2011,"02","13","Thailand",0.089
2011,"02","13","Venezuela",0.32
2011,"02","20","Argentina",0.087
2011,"02","20","Bolivia",0.104
2011,"02","20","Brazil",0.324
2011,"02","20","India",0.019
2011,"02","20","Indonesia",0.11
2011,"02","20","Mexico",0.052
2011,"02","20","Philippines",0.143
2011,"02","20","Singapore",0.093
2011,"02","20","Thailand",0.091
2011,"02","20","Venezuela",0.313
2011,"02","27","Argentina",0.087
2011,"02","27","Bolivia",0.08
2011,"02","27","Brazil",0.295
2011,"02","27","India",0.015
2011,"02","27","Indonesia",0.102
2011,"02","27","Mexico",0.067
2011,"02","27","Philippines",0.136
2011,"02","27","Singapore",0.093
2011,"02","27","Thailand",0.086
2011,"02","27","Venezuela",0.271
2011,"03","06","Argentina",0.142
2011,"03","06","Bolivia",0.08
2011,"03","06","Brazil",0.284
2011,"03","06","India",0.014
2011,"03","06","Indonesia",0.11
2011,"03","06","Mexico",0.079
2011,"03","06","Philippines",0.112
2011,"03","06","Singapore",0.093
2011,"03","06","Thailand",0.076
2011,"03","06","Venezuela",0.263
2011,"03","13","Argentina",0.202
2011,"03","13","Bolivia",0.084
2011,"03","13","Brazil",0.392
2011,"03","13","India",0.013
2011,"03","13","Indonesia",0.118
2011,"03","13","Mexico",0.086
2011,"03","13","Philippines",0.106
2011,"03","13","Singapore",0.094
2011,"03","13","Thailand",0.077
2011,"03","13","Venezuela",0.274
2011,"03","20","Argentina",0.193
2011,"03","20","Bolivia",0.092
2011,"03","20","Brazil",0.487
2011,"03","20","India",0.016
2011,"03","20","Indonesia",0.114
2011,"03","20","Mexico",0.076
2011,"03","20","Philippines",0.108
2011,"03","20","Singapore",0.099
2011,"03","20","Thailand",0.072
2011,"03","20","Venezuela",0.3
2011,"03","27","Argentina",0.202
2011,"03","27","Bolivia",0.096
2011,"03","27","Brazil",0.458
2011,"03","27","India",0.012
2011,"03","27","Indonesia",0.106
2011,"03","27","Mexico",0.078
2011,"03","27","Philippines",0.094
2011,"03","27","Singapore",0.1
2011,"03","27","Thailand",0.065
2011,"03","27","Venezuela",0.279
2011,"04","03","Argentina",0.207
2011,"04","03","Bolivia",0.109
2011,"04","03","Brazil",0.486
2011,"04","03","India",0.017
2011,"04","03","Indonesia",0.11
2011,"04","03","Mexico",0.081
2011,"04","03","Philippines",0.093
2011,"04","03","Singapore",0.104
2011,"04","03","Thailand",0.061
2011,"04","03","Venezuela",0.271
2011,"04","10","Argentina",0.169
2011,"04","10","Bolivia",0.1
2011,"04","10","Brazil",0.444
2011,"04","10","India",0.022
2011,"04","10","Indonesia",0.109
2011,"04","10","Mexico",0.085
2011,"04","10","Philippines",0.093
2011,"04","10","Singapore",0.095
2011,"04","10","Thailand",0.056
2011,"04","10","Venezuela",0.214
2011,"04","17","Argentina",0.096
2011,"04","17","Bolivia",0.089
2011,"04","17","Brazil",0.372
2011,"04","17","India",0.035
2011,"04","17","Indonesia",0.101
2011,"04","17","Mexico",0.062
2011,"04","17","Philippines",0.084
2011,"04","17","Singapore",0.09
2011,"04","17","Thailand",0.069
2011,"04","17","Venezuela",0.178
2011,"04","24","Argentina",0.099
2011,"04","24","Bolivia",0.094
2011,"04","24","Brazil",0.366
2011,"04","24","India",0.026
2011,"04","24","Indonesia",0.107
2011,"04","24","Mexico",0.085
2011,"04","24","Philippines",0.092
2011,"04","24","Singapore",0.094
2011,"04","24","Thailand",0.08
2011,"04","24","Venezuela",0.21
2011,"05","01","Argentina",0.072
2011,"05","01","Bolivia",0.076
2011,"05","01","Brazil",0.32
2011,"05","01","India",0.023
2011,"05","01","Indonesia",0.101
2011,"05","01","Mexico",0.081
2011,"05","01","Philippines",0.096
2011,"05","01","Singapore",0.091
2011,"05","01","Thailand",0.085
2011,"05","01","Venezuela",0.189
2011,"05","08","Argentina",0.089
2011,"05","08","Bolivia",0.058
2011,"05","08","Brazil",0.279
2011,"05","08","India",0.021
2011,"05","08","Indonesia",0.105
2011,"05","08","Mexico",0.075
2011,"05","08","Philippines",0.075
2011,"05","08","Singapore",0.088
2011,"05","08","Thailand",0.109
2011,"05","08","Venezuela",0.201
2011,"05","15","Argentina",0.077
2011,"05","15","Bolivia",0.05
2011,"05","15","Brazil",0.255
2011,"05","15","India",0.024
2011,"05","15","Indonesia",0.093
2011,"05","15","Mexico",0.082
2011,"05","15","Philippines",0.07
2011,"05","15","Singapore",0.09
2011,"05","15","Thailand",0.122
2011,"05","15","Venezuela",0.206
2011,"05","22","Argentina",0.055
2011,"05","22","Bolivia",0.04
2011,"05","22","Brazil",0.216
2011,"05","22","India",0.023
2011,"05","22","Indonesia",0.101
2011,"05","22","Mexico",0.084
2011,"05","22","Philippines",0.077
2011,"05","22","Singapore",0.093
2011,"05","22","Thailand",0.163
2011,"05","22","Venezuela",0.205
2011,"05","29","Argentina",0.053
2011,"05","29","Bolivia",0.046
2011,"05","29","Brazil",0.175
2011,"05","29","India",0.023
2011,"05","29","Indonesia",0.096
2011,"05","29","Mexico",0.08
2011,"05","29","Philippines",0.104
2011,"05","29","Singapore",0.102
2011,"05","29","Thailand",0.193
2011,"05","29","Venezuela",0.199
2011,"06","05","Argentina",0.055
2011,"06","05","Bolivia",0.046
2011,"06","05","Brazil",0.139
2011,"06","05","India",0.024
2011,"06","05","Indonesia",0.097
2011,"06","05","Mexico",0.08
2011,"06","05","Philippines",0.109
2011,"06","05","Singapore",0.099
2011,"06","05","Thailand",0.231
2011,"06","05","Venezuela",0.206
2011,"06","12","Argentina",0.041
2011,"06","12","Bolivia",0.034
2011,"06","12","Brazil",0.129
2011,"06","12","India",0.029
2011,"06","12","Indonesia",0.102
2011,"06","12","Mexico",0.078
2011,"06","12","Philippines",0.117
2011,"06","12","Singapore",0.108
2011,"06","12","Thailand",0.257
2011,"06","12","Venezuela",0.195
2011,"06","19","Argentina",0.041
2011,"06","19","Bolivia",0.027
2011,"06","19","Brazil",0.099
2011,"06","19","India",0.035
2011,"06","19","Indonesia",0.099
2011,"06","19","Mexico",0.073
2011,"06","19","Philippines",0.108
2011,"06","19","Singapore",0.104
2011,"06","19","Thailand",0.259
2011,"06","19","Venezuela",0.188
2011,"06","26","Argentina",0.043
2011,"06","26","Bolivia",0.021
2011,"06","26","Brazil",0.089
2011,"06","26","India",0.051
2011,"06","26","Indonesia",0.086
2011,"06","26","Mexico",0.069
2011,"06","26","Philippines",0.141
2011,"06","26","Singapore",0.123
2011,"06","26","Thailand",0.238
2011,"06","26","Venezuela",0.185
2011,"07","03","Argentina",0.029
2011,"07","03","Bolivia",0.016
2011,"07","03","Brazil",0.076
2011,"07","03","India",0.047
2011,"07","03","Indonesia",0.092
2011,"07","03","Mexico",0.086
2011,"07","03","Philippines",0.145
2011,"07","03","Singapore",0.128
2011,"07","03","Thailand",0.219
2011,"07","03","Venezuela",0.174
2011,"07","10","Argentina",0.024
2011,"07","10","Bolivia",0.011
2011,"07","10","Brazil",0.072
2011,"07","10","India",0.049
2011,"07","10","Indonesia",0.085
2011,"07","10","Mexico",0.098
2011,"07","10","Philippines",0.184
2011,"07","10","Singapore",0.129
2011,"07","10","Thailand",0.186
2011,"07","10","Venezuela",0.175
2011,"07","17","Argentina",0.014
2011,"07","17","Bolivia",0.012
2011,"07","17","Brazil",0.058
2011,"07","17","India",0.062
2011,"07","17","Indonesia",0.087
2011,"07","17","Mexico",0.1
2011,"07","17","Philippines",0.181
2011,"07","17","Singapore",0.134
2011,"07","17","Thailand",0.229
2011,"07","17","Venezuela",0.16
2011,"07","24","Argentina",0.029
2011,"07","24","Bolivia",0.012
2011,"07","24","Brazil",0.068
2011,"07","24","India",0.062
2011,"07","24","Indonesia",0.08
2011,"07","24","Mexico",0.118
2011,"07","24","Philippines",0.201
2011,"07","24","Singapore",0.152
2011,"07","24","Thailand",0.199
2011,"07","24","Venezuela",0.166
2011,"07","31","Argentina",0.029
2011,"07","31","Bolivia",0.009
2011,"07","31","Brazil",0.066
2011,"07","31","India",0.067
2011,"07","31","Indonesia",0.081
2011,"07","31","Mexico",0.106
2011,"07","31","Philippines",0.233
2011,"07","31","Singapore",0.151
2011,"07","31","Thailand",0.206
2011,"07","31","Venezuela",0.156
2011,"08","07","Argentina",0.027
2011,"08","07","Bolivia",0.007
2011,"08","07","Brazil",0.073
2011,"08","07","India",0.078
2011,"08","07","Indonesia",0.081
2011,"08","07","Mexico",0.095
2011,"08","07","Philippines",0.443
2011,"08","07","Singapore",0.148
2011,"08","07","Thailand",0.175
2011,"08","07","Venezuela",0.156
2011,"08","14","Argentina",0.024
2011,"08","14","Bolivia",0.01
2011,"08","14","Brazil",0.074
2011,"08","14","India",0.089
2011,"08","14","Indonesia",0.077
2011,"08","14","Mexico",0.094
2011,"08","14","Philippines",0.725
2011,"08","14","Singapore",0.134
2011,"08","14","Thailand",0.181
2011,"08","14","Venezuela",0.159
2011,"08","21","Argentina",0.029
2011,"08","21","Bolivia",0.013
2011,"08","21","Brazil",0.074
2011,"08","21","India",0.086
2011,"08","21","Indonesia",0.072
2011,"08","21","Mexico",0.093
2011,"08","21","Philippines",0.871
2011,"08","21","Singapore",0.119
2011,"08","21","Thailand",0.206
2011,"08","21","Venezuela",0.158
2011,"08","28","Argentina",0.029
2011,"08","28","Bolivia",0.012
2011,"08","28","Brazil",0.076
2011,"08","28","India",0.076
2011,"08","28","Indonesia",0.067
2011,"08","28","Mexico",0.104
2011,"08","28","Philippines",0.634
2011,"08","28","Singapore",0.112
2011,"08","28","Thailand",0.182
2011,"08","28","Venezuela",0.157
2011,"09","04","Argentina",0.029
2011,"09","04","Bolivia",0.012
2011,"09","04","Brazil",0.076
2011,"09","04","India",0.079
2011,"09","04","Indonesia",0.077
2011,"09","04","Mexico",0.118
2011,"09","04","Philippines",0.499
2011,"09","04","Singapore",0.118
2011,"09","04","Thailand",0.172
2011,"09","04","Venezuela",0.157
2011,"09","11","Argentina",0.019
2011,"09","11","Bolivia",0.011
2011,"09","11","Brazil",0.079
2011,"09","11","India",0.092
2011,"09","11","Indonesia",0.094
2011,"09","11","Mexico",0.111
2011,"09","11","Philippines",0.403
2011,"09","11","Singapore",0.11
2011,"09","11","Thailand",0.181
2011,"09","11","Venezuela",0.164
2011,"09","18","Argentina",0.019
2011,"09","18","Bolivia",0.01
2011,"09","18","Brazil",0.073
2011,"09","18","India",0.098
2011,"09","18","Indonesia",0.091
2011,"09","18","Mexico",0.131
2011,"09","18","Philippines",0.361
2011,"09","18","Singapore",0.117
2011,"09","18","Thailand",0.18
2011,"09","18","Venezuela",0.183
2011,"09","25","Argentina",0.029
2011,"09","25","Bolivia",0.01
2011,"09","25","Brazil",0.071
2011,"09","25","India",0.116
2011,"09","25","Indonesia",0.095
2011,"09","25","Mexico",0.161
2011,"09","25","Philippines",0.324
2011,"09","25","Singapore",0.122
2011,"09","25","Thailand",0.139
2011,"09","25","Venezuela",0.175
2011,"10","02","Argentina",0.027
2011,"10","02","Bolivia",0.01
2011,"10","02","Brazil",0.075
2011,"10","02","India",0.127
2011,"10","02","Indonesia",0.098
2011,"10","02","Mexico",0.167
2011,"10","02","Philippines",0.287
2011,"10","02","Singapore",0.112
2011,"10","02","Thailand",0.12
2011,"10","02","Venezuela",0.189
2011,"10","09","Argentina",0.024
2011,"10","09","Bolivia",0.012
2011,"10","09","Brazil",0.071
2011,"10","09","India",0.156
2011,"10","09","Indonesia",0.101
2011,"10","09","Mexico",0.171
2011,"10","09","Philippines",0.209
2011,"10","09","Singapore",0.116
2011,"10","09","Thailand",0.108
2011,"10","09","Venezuela",0.199
2011,"10","16","Argentina",0.029
2011,"10","16","Bolivia",0.018
2011,"10","16","Brazil",0.082
2011,"10","16","India",0.189
2011,"10","16","Indonesia",0.101
2011,"10","16","Mexico",0.178
2011,"10","16","Philippines",0.137
2011,"10","16","Singapore",0.104
2011,"10","16","Thailand",0.098
2011,"10","16","Venezuela",0.246
2011,"10","23","Argentina",0.031
2011,"10","23","Bolivia",0.019
2011,"10","23","Brazil",0.097
2011,"10","23","India",0.192
2011,"10","23","Indonesia",0.101
2011,"10","23","Mexico",0.165
2011,"10","23","Philippines",0.117
2011,"10","23","Singapore",0.104
2011,"10","23","Thailand",0.093
2011,"10","23","Venezuela",0.299
2011,"10","30","Argentina",0.034
2011,"10","30","Bolivia",0.018
2011,"10","30","Brazil",0.09
2011,"10","30","India",0.191
2011,"10","30","Indonesia",0.095
2011,"10","30","Mexico",0.128
2011,"10","30","Philippines",0.094
2011,"10","30","Singapore",0.109
2011,"10","30","Thailand",0.107
2011,"10","30","Venezuela",0.33
2011,"11","06","Argentina",0.036
2011,"11","06","Bolivia",0.017
2011,"11","06","Brazil",0.097
2011,"11","06","India",0.142
2011,"11","06","Indonesia",0.1
2011,"11","06","Mexico",0.13
2011,"11","06","Philippines",0.085
2011,"11","06","Singapore",0.116
2011,"11","06","Thailand",0.14
2011,"11","06","Venezuela",0.296
2011,"11","13","Argentina",0.039
2011,"11","13","Bolivia",0.015
2011,"11","13","Brazil",0.09
2011,"11","13","India",0.1
2011,"11","13","Indonesia",0.11
2011,"11","13","Mexico",0.106
2011,"11","13","Philippines",0.083
2011,"11","13","Singapore",0.102
2011,"11","13","Thailand",0.149
2011,"11","13","Venezuela",0.274
2011,"11","20","Argentina",0.043
2011,"11","20","Bolivia",0.019
2011,"11","20","Brazil",0.092
2011,"11","20","India",0.084
2011,"11","20","Indonesia",0.099
2011,"11","20","Mexico",0.086
2011,"11","20","Philippines",0.092
2011,"11","20","Singapore",0.106
2011,"11","20","Thailand",0.152
2011,"11","20","Venezuela",0.278
2011,"11","27","Argentina",0.041
2011,"11","27","Bolivia",0.022
2011,"11","27","Brazil",0.079
2011,"11","27","India",0.069
2011,"11","27","Indonesia",0.106
2011,"11","27","Mexico",0.075
2011,"11","27","Philippines",0.085
2011,"11","27","Singapore",0.104
2011,"11","27","Thailand",0.133
2011,"11","27","Venezuela",0.251
2011,"12","04","Argentina",0.029
2011,"12","04","Bolivia",0.019
2011,"12","04","Brazil",0.08
2011,"12","04","India",0.054
2011,"12","04","Indonesia",0.107
2011,"12","04","Mexico",0.067
2011,"12","04","Philippines",0.105
2011,"12","04","Singapore",0.104
2011,"12","04","Thailand",0.123
2011,"12","04","Venezuela",0.232
2011,"12","11","Argentina",0.024
2011,"12","11","Bolivia",0.014
2011,"12","11","Brazil",0.087
2011,"12","11","India",0.04
2011,"12","11","Indonesia",0.104
2011,"12","11","Mexico",0.056
2011,"12","11","Philippines",0.092
2011,"12","11","Singapore",0.102
2011,"12","11","Thailand",0.108
2011,"12","11","Venezuela",0.208
2011,"12","18","Argentina",0.024
2011,"12","18","Bolivia",0.011
2011,"12","18","Brazil",0.083
2011,"12","18","India",0.032
2011,"12","18","Indonesia",0.101
2011,"12","18","Mexico",0.048
2011,"12","18","Philippines",0.098
2011,"12","18","Singapore",0.098
2011,"12","18","Thailand",0.117
2011,"12","18","Venezuela",0.183
2011,"12","25","Argentina",0.024
2011,"12","25","Bolivia",0.016
2011,"12","25","Brazil",0.084
2011,"12","25","India",0.034
2011,"12","25","Indonesia",0.093
2011,"12","25","Mexico",0.049
2011,"12","25","Philippines",0.104
2011,"12","25","Singapore",0.101
2011,"12","25","Thailand",0.101
2011,"12","25","Venezuela",0.182
2012,"01","01","Argentina",0.034
2012,"01","01","Bolivia",0.061
2012,"01","01","Brazil",0.103
2012,"01","01","India",0.033
2012,"01","01","Indonesia",0.106
2012,"01","01","Mexico",0.054
2012,"01","01","Philippines",0.102
2012,"01","01","Singapore",0.109
2012,"01","01","Thailand",0.108
2012,"01","01","Venezuela",0.183
2012,"01","08","Argentina",0.036
2012,"01","08","Bolivia",0.06
2012,"01","08","Brazil",0.112
2012,"01","08","India",0.031
2012,"01","08","Indonesia",0.116
2012,"01","08","Mexico",0.058
2012,"01","08","Philippines",0.097
2012,"01","08","Singapore",0.104
2012,"01","08","Thailand",0.125
2012,"01","08","Venezuela",0.197
2012,"01","15","Argentina",0.036
2012,"01","15","Bolivia",0.058
2012,"01","15","Brazil",0.095
2012,"01","15","India",0.022
2012,"01","15","Indonesia",0.118
2012,"01","15","Mexico",0.06
2012,"01","15","Philippines",0.091
2012,"01","15","Singapore",0.102
2012,"01","15","Thailand",0.134
2012,"01","15","Venezuela",0.203
2012,"01","22","Argentina",0.039
2012,"01","22","Bolivia",0.049
2012,"01","22","Brazil",0.102
2012,"01","22","India",0.018
2012,"01","22","Indonesia",0.113
2012,"01","22","Mexico",0.066
2012,"01","22","Philippines",0.101
2012,"01","22","Singapore",0.104
2012,"01","22","Thailand",0.12
2012,"01","22","Venezuela",0.214
2012,"01","29","Argentina",0.055
2012,"01","29","Bolivia",0.063
2012,"01","29","Brazil",0.109
2012,"01","29","India",0.017
2012,"01","29","Indonesia",0.115
2012,"01","29","Mexico",0.069
2012,"01","29","Philippines",0.123
2012,"01","29","Singapore",0.101
2012,"01","29","Thailand",0.106
2012,"01","29","Venezuela",0.205
2012,"02","05","Argentina",0.077
2012,"02","05","Bolivia",0.087
2012,"02","05","Brazil",0.116
2012,"02","05","India",0.012
2012,"02","05","Indonesia",0.114
2012,"02","05","Mexico",0.059
2012,"02","05","Philippines",0.117
2012,"02","05","Singapore",0.097
2012,"02","05","Thailand",0.127
2012,"02","05","Venezuela",0.198
2012,"02","12","Argentina",0.092
2012,"02","12","Bolivia",0.087
2012,"02","12","Brazil",0.124
2012,"02","12","India",0.012
2012,"02","12","Indonesia",0.105
2012,"02","12","Mexico",0.06
2012,"02","12","Philippines",0.103
2012,"02","12","Singapore",0.112
2012,"02","12","Thailand",0.109
2012,"02","12","Venezuela",0.184
2012,"02","19","Argentina",0.089
2012,"02","19","Bolivia",0.075
2012,"02","19","Brazil",0.141
2012,"02","19","India",0.011
2012,"02","19","Indonesia",0.108
2012,"02","19","Mexico",0.061
2012,"02","19","Philippines",0.12
2012,"02","19","Singapore",0.116
2012,"02","19","Thailand",0.119
2012,"02","19","Venezuela",0.191
2012,"02","26","Argentina",0.077
2012,"02","26","Bolivia",0.077
2012,"02","26","Brazil",0.177
2012,"02","26","India",0.009
2012,"02","26","Indonesia",0.106
2012,"02","26","Mexico",0.071
2012,"02","26","Philippines",0.102
2012,"02","26","Singapore",0.109
2012,"02","26","Thailand",0.098
2012,"02","26","Venezuela",0.198
2012,"03","04","Argentina",0.07
2012,"03","04","Bolivia",0.061
2012,"03","04","Brazil",0.176
2012,"03","04","India",0.007
2012,"03","04","Indonesia",0.112
2012,"03","04","Mexico",0.073
2012,"03","04","Philippines",0.091
2012,"03","04","Singapore",0.111
2012,"03","04","Thailand",0.082
2012,"03","04","Venezuela",0.204
2012,"03","11","Argentina",0.08
2012,"03","11","Bolivia",0.07
2012,"03","11","Brazil",0.188
2012,"03","11","India",0.01
2012,"03","11","Indonesia",0.106
2012,"03","11","Mexico",0.064
2012,"03","11","Philippines",0.092
2012,"03","11","Singapore",0.106
2012,"03","11","Thailand",0.083
2012,"03","11","Venezuela",0.186
2012,"03","18","Argentina",0.07
2012,"03","18","Bolivia",0.061
2012,"03","18","Brazil",0.198
2012,"03","18","India",0.008
2012,"03","18","Indonesia",0.102
2012,"03","18","Mexico",0.063
2012,"03","18","Philippines",0.101
2012,"03","18","Singapore",0.109
2012,"03","18","Thailand",0.086
2012,"03","18","Venezuela",0.184
2012,"03","25","Argentina",0.058
2012,"03","25","Bolivia",0.055
2012,"03","25","Brazil",0.194
2012,"03","25","India",0.01
2012,"03","25","Indonesia",0.106
2012,"03","25","Mexico",0.071
2012,"03","25","Philippines",0.08
2012,"03","25","Singapore",0.108
2012,"03","25","Thailand",0.072
2012,"03","25","Venezuela",0.174
2012,"04","01","Argentina",0.055
2012,"04","01","Bolivia",0.047
2012,"04","01","Brazil",0.177
2012,"04","01","India",0.013
2012,"04","01","Indonesia",0.098
2012,"04","01","Mexico",0.059
2012,"04","01","Philippines",0.078
2012,"04","01","Singapore",0.105
2012,"04","01","Thailand",0.063
2012,"04","01","Venezuela",0.161
2012,"04","08","Argentina",0.055
2012,"04","08","Bolivia",0.045
2012,"04","08","Brazil",0.202
2012,"04","08","India",0.013
2012,"04","08","Indonesia",0.104
2012,"04","08","Mexico",0.072
2012,"04","08","Philippines",0.083
2012,"04","08","Singapore",0.104
2012,"04","08","Thailand",0.062
2012,"04","08","Venezuela",0.169
2012,"04","15","Argentina",0.046
2012,"04","15","Bolivia",0.044
2012,"04","15","Brazil",0.204
2012,"04","15","India",0.015
2012,"04","15","Indonesia",0.1
2012,"04","15","Mexico",0.076
2012,"04","15","Philippines",0.085
2012,"04","15","Singapore",0.106
2012,"04","15","Thailand",0.071
2012,"04","15","Venezuela",0.171
2012,"04","22","Argentina",0.034
2012,"04","22","Bolivia",0.038
2012,"04","22","Brazil",0.217
2012,"04","22","India",0.018
2012,"04","22","Indonesia",0.099
2012,"04","22","Mexico",0.071
2012,"04","22","Philippines",0.076
2012,"04","22","Singapore",0.105
2012,"04","22","Thailand",0.078
2012,"04","22","Venezuela",0.166
2012,"04","29","Argentina",0.029
2012,"04","29","Bolivia",0.034
2012,"04","29","Brazil",0.185
2012,"04","29","India",0.015
2012,"04","29","Indonesia",0.1
2012,"04","29","Mexico",0.07
2012,"04","29","Philippines",0.09
2012,"04","29","Singapore",0.101
2012,"04","29","Thailand",0.092
2012,"04","29","Venezuela",0.165
2012,"05","06","Argentina",0.043
2012,"05","06","Bolivia",0.037
2012,"05","06","Brazil",0.197
2012,"05","06","India",0.022
2012,"05","06","Indonesia",0.1
2012,"05","06","Mexico",0.068
2012,"05","06","Philippines",0.087
2012,"05","06","Singapore",0.108
2012,"05","06","Thailand",0.095
2012,"05","06","Venezuela",0.168
2012,"05","13","Argentina",0.043
2012,"05","13","Bolivia",0.024
2012,"05","13","Brazil",0.186
2012,"05","13","India",0.029
2012,"05","13","Indonesia",0.093
2012,"05","13","Mexico",0.075
2012,"05","13","Philippines",0.116
2012,"05","13","Singapore",0.112
2012,"05","13","Thailand",0.129
2012,"05","13","Venezuela",0.181
2012,"05","20","Argentina",0.034
2012,"05","20","Bolivia",0.023
2012,"05","20","Brazil",0.17
2012,"05","20","India",0.05
2012,"05","20","Indonesia",0.096
2012,"05","20","Mexico",0.083
2012,"05","20","Philippines",0.141
2012,"05","20","Singapore",0.108
2012,"05","20","Thailand",0.155
2012,"05","20","Venezuela",0.197
2012,"05","27","Argentina",0.039
2012,"05","27","Bolivia",0.02
2012,"05","27","Brazil",0.16
2012,"05","27","India",0.06
2012,"05","27","Indonesia",0.1
2012,"05","27","Mexico",0.09
2012,"05","27","Philippines",0.142
2012,"05","27","Singapore",0.113
2012,"05","27","Thailand",0.176
2012,"05","27","Venezuela",0.202
2012,"06","03","Argentina",0.031
2012,"06","03","Bolivia",0.016
2012,"06","03","Brazil",0.114
2012,"06","03","India",0.051
2012,"06","03","Indonesia",0.094
2012,"06","03","Mexico",0.094
2012,"06","03","Philippines",0.17
2012,"06","03","Singapore",0.124
2012,"06","03","Thailand",0.196
2012,"06","03","Venezuela",0.188
2012,"06","10","Argentina",0.029
2012,"06","10","Bolivia",0.015
2012,"06","10","Brazil",0.113
2012,"06","10","India",0.065
2012,"06","10","Indonesia",0.095
2012,"06","10","Mexico",0.097
2012,"06","10","Philippines",0.189
2012,"06","10","Singapore",0.112
2012,"06","10","Thailand",0.258
2012,"06","10","Venezuela",0.182
2012,"06","17","Argentina",0.024
2012,"06","17","Bolivia",0.016
2012,"06","17","Brazil",0.107
2012,"06","17","India",0.066
2012,"06","17","Indonesia",0.096
2012,"06","17","Mexico",0.103
2012,"06","17","Philippines",0.185
2012,"06","17","Singapore",0.119
2012,"06","17","Thailand",0.258
2012,"06","17","Venezuela",0.186
2012,"06","24","Argentina",0.027
2012,"06","24","Bolivia",0.011
2012,"06","24","Brazil",0.093
2012,"06","24","India",0.069
2012,"06","24","Indonesia",0.087
2012,"06","24","Mexico",0.111
2012,"06","24","Philippines",0.197
2012,"06","24","Singapore",0.123
2012,"06","24","Thailand",0.297
2012,"06","24","Venezuela",0.196
2012,"07","01","Argentina",0.019
2012,"07","01","Bolivia",0.009
2012,"07","01","Brazil",0.083
2012,"07","01","India",0.06
2012,"07","01","Indonesia",0.084
2012,"07","01","Mexico",0.117
2012,"07","01","Philippines",0.206
2012,"07","01","Singapore",0.124
2012,"07","01","Thailand",0.3
2012,"07","01","Venezuela",0.2
2012,"07","08","Argentina",0.017
2012,"07","08","Bolivia",0.008
2012,"07","08","Brazil",0.067
2012,"07","08","India",0.055
2012,"07","08","Indonesia",0.083
2012,"07","08","Mexico",0.141
2012,"07","08","Philippines",0.242
2012,"07","08","Singapore",0.133
2012,"07","08","Thailand",0.345
2012,"07","08","Venezuela",0.182
2012,"07","15","Argentina",0.012
2012,"07","15","Bolivia",0.008
2012,"07","15","Brazil",0.051
2012,"07","15","India",0.057
2012,"07","15","Indonesia",0.076
2012,"07","15","Mexico",0.164
2012,"07","15","Philippines",0.286
2012,"07","15","Singapore",0.14
2012,"07","15","Thailand",0.322
2012,"07","15","Venezuela",0.192
2012,"07","22","Argentina",0.012
2012,"07","22","Bolivia",0.008
2012,"07","22","Brazil",0.06
2012,"07","22","India",0.074
2012,"07","22","Indonesia",0.081
2012,"07","22","Mexico",0.196
2012,"07","22","Philippines",0.284
2012,"07","22","Singapore",0.141
2012,"07","22","Thailand",0.334
2012,"07","22","Venezuela",0.2
2012,"07","29","Argentina",0.017
2012,"07","29","Bolivia",0.005
2012,"07","29","Brazil",0.061
2012,"07","29","India",0.091
2012,"07","29","Indonesia",0.078
2012,"07","29","Mexico",0.223
2012,"07","29","Philippines",0.256
2012,"07","29","Singapore",0.122
2012,"07","29","Thailand",0.227
2012,"07","29","Venezuela",0.212
2012,"08","05","Argentina",0.017
2012,"08","05","Bolivia",0.005
2012,"08","05","Brazil",0.059
2012,"08","05","India",0.097
2012,"08","05","Indonesia",0.076
2012,"08","05","Mexico",0.235
2012,"08","05","Philippines",0.236
2012,"08","05","Singapore",0.109
2012,"08","05","Thailand",0.272
2012,"08","05","Venezuela",0.224
2012,"08","12","Argentina",0.019
2012,"08","12","Bolivia",0.01
2012,"08","12","Brazil",0.053
2012,"08","12","India",0.122
2012,"08","12","Indonesia",0.069
2012,"08","12","Mexico",0.258
2012,"08","12","Philippines",0.256
2012,"08","12","Singapore",0.115
2012,"08","12","Thailand",0.254
2012,"08","12","Venezuela",0.235
2012,"08","19","Argentina",0.017
2012,"08","19","Bolivia",0.012
2012,"08","19","Brazil",0.05
2012,"08","19","India",0.147
2012,"08","19","Indonesia",0.07
2012,"08","19","Mexico",0.288
2012,"08","19","Philippines",0.227
2012,"08","19","Singapore",0.115
2012,"08","19","Thailand",0.256
2012,"08","19","Venezuela",0.258
2012,"08","26","Argentina",0.024
2012,"08","26","Bolivia",0.014
2012,"08","26","Brazil",0.049
2012,"08","26","India",0.19
2012,"08","26","Indonesia",0.075
2012,"08","26","Mexico",0.309
2012,"08","26","Philippines",0.212
2012,"08","26","Singapore",0.116
2012,"08","26","Thailand",0.233
2012,"08","26","Venezuela",0.273
2012,"09","02","Argentina",0.029
2012,"09","02","Bolivia",0.012
2012,"09","02","Brazil",0.044
2012,"09","02","India",0.248
2012,"09","02","Indonesia",0.083
2012,"09","02","Mexico",0.337
2012,"09","02","Philippines",0.207
2012,"09","02","Singapore",0.112
2012,"09","02","Thailand",0.221
2012,"09","02","Venezuela",0.269
2012,"09","09","Argentina",0.039
2012,"09","09","Bolivia",0.009
2012,"09","09","Brazil",0.051
2012,"09","09","India",0.228
2012,"09","09","Indonesia",0.08
2012,"09","09","Mexico",0.319
2012,"09","09","Philippines",0.204
2012,"09","09","Singapore",0.113
2012,"09","09","Thailand",0.224
2012,"09","09","Venezuela",0.269
2012,"09","16","Argentina",0.034
2012,"09","16","Bolivia",0.009
2012,"09","16","Brazil",0.054
2012,"09","16","India",0.212
2012,"09","16","Indonesia",0.082
2012,"09","16","Mexico",0.311
2012,"09","16","Philippines",0.184
2012,"09","16","Singapore",0.115
2012,"09","16","Thailand",0.217
2012,"09","16","Venezuela",0.243
2012,"09","23","Argentina",0.027
2012,"09","23","Bolivia",0.006
2012,"09","23","Brazil",0.043
2012,"09","23","India",0.231
2012,"09","23","Indonesia",0.088
2012,"09","23","Mexico",0.315
2012,"09","23","Philippines",0.218
2012,"09","23","Singapore",0.118
2012,"09","23","Thailand",0.181
2012,"09","23","Venezuela",0.236
2012,"09","30","Argentina",0.027
2012,"09","30","Bolivia",0.012
2012,"09","30","Brazil",0.043
2012,"09","30","India",0.302
2012,"09","30","Indonesia",0.086
2012,"09","30","Mexico",0.323
2012,"09","30","Philippines",0.257
2012,"09","30","Singapore",0.118
2012,"09","30","Thailand",0.17
2012,"09","30","Venezuela",0.235
2012,"10","07","Argentina",0.027
2012,"10","07","Bolivia",0.014
2012,"10","07","Brazil",0.038
2012,"10","07","India",0.459
2012,"10","07","Indonesia",0.087
2012,"10","07","Mexico",0.314
2012,"10","07","Philippines",0.311
2012,"10","07","Singapore",0.118
2012,"10","07","Thailand",0.159
2012,"10","07","Venezuela",0.224
2012,"10","14","Argentina",0.031
2012,"10","14","Bolivia",0.012
2012,"10","14","Brazil",0.05
2012,"10","14","India",0.644
2012,"10","14","Indonesia",0.084
2012,"10","14","Mexico",0.316
2012,"10","14","Philippines",0.337
2012,"10","14","Singapore",0.119
2012,"10","14","Thailand",0.142
2012,"10","14","Venezuela",0.243
2012,"10","21","Argentina",0.036
2012,"10","21","Bolivia",0.015
2012,"10","21","Brazil",0.059
2012,"10","21","India",1
2012,"10","21","Indonesia",0.081
2012,"10","21","Mexico",0.311
2012,"10","21","Philippines",0.247
2012,"10","21","Singapore",0.127
2012,"10","21","Thailand",0.152
2012,"10","21","Venezuela",0.272
2012,"10","28","Argentina",0.043
2012,"10","28","Bolivia",0.014
2012,"10","28","Brazil",0.056
2012,"10","28","India",0.913
2012,"10","28","Indonesia",0.084
2012,"10","28","Mexico",0.282
2012,"10","28","Philippines",0.231
2012,"10","28","Singapore",0.128
2012,"10","28","Thailand",0.156
2012,"10","28","Venezuela",0.326
2012,"11","04","Argentina",0.043
2012,"11","04","Bolivia",0.013
2012,"11","04","Brazil",0.063
2012,"11","04","India",0.715
2012,"11","04","Indonesia",0.088
2012,"11","04","Mexico",0.284
2012,"11","04","Philippines",0.22
2012,"11","04","Singapore",0.115
2012,"11","04","Thailand",0.174
2012,"11","04","Venezuela",0.346
2012,"11","11","Argentina",0.041
2012,"11","11","Bolivia",0.013
2012,"11","11","Brazil",0.058
2012,"11","11","India",0.452
2012,"11","11","Indonesia",0.085
2012,"11","11","Mexico",0.231
2012,"11","11","Philippines",0.132
2012,"11","11","Singapore",0.117
2012,"11","11","Thailand",0.181
2012,"11","11","Venezuela",0.333
2012,"11","18","Argentina",0.041
2012,"11","18","Bolivia",0.01
2012,"11","18","Brazil",0.067
2012,"11","18","India",0.401
2012,"11","18","Indonesia",0.095
2012,"11","18","Mexico",0.195
2012,"11","18","Philippines",0.128
2012,"11","18","Singapore",0.12
2012,"11","18","Thailand",0.186
2012,"11","18","Venezuela",0.307
2012,"11","25","Argentina",0.041
2012,"11","25","Bolivia",0.009
2012,"11","25","Brazil",0.057
2012,"11","25","India",0.294
2012,"11","25","Indonesia",0.1
2012,"11","25","Mexico",0.168
2012,"11","25","Philippines",0.134
2012,"11","25","Singapore",0.118
2012,"11","25","Thailand",0.168
2012,"11","25","Venezuela",0.309
2012,"12","02","Argentina",0.034
2012,"12","02","Bolivia",0.014
2012,"12","02","Brazil",0.054
2012,"12","02","India",0.216
2012,"12","02","Indonesia",0.103
2012,"12","02","Mexico",0.162
2012,"12","02","Philippines",0.134
2012,"12","02","Singapore",0.116
2012,"12","02","Thailand",0.187
2012,"12","02","Venezuela",0.277
2012,"12","09","Argentina",0.029
2012,"12","09","Bolivia",0.015
2012,"12","09","Brazil",0.053
2012,"12","09","India",0.177
2012,"12","09","Indonesia",0.106
2012,"12","09","Mexico",0.117
2012,"12","09","Philippines",0.154
2012,"12","09","Singapore",0.115
2012,"12","09","Thailand",0.192
2012,"12","09","Venezuela",0.229
2012,"12","16","Argentina",0.039
2012,"12","16","Bolivia",0.009
2012,"12","16","Brazil",0.059
2012,"12","16","India",0.132
2012,"12","16","Indonesia",0.098
2012,"12","16","Mexico",0.116
2012,"12","16","Philippines",0.171
2012,"12","16","Singapore",0.118
2012,"12","16","Thailand",0.184
2012,"12","16","Venezuela",0.228
2012,"12","23","Argentina",0.034
2012,"12","23","Bolivia",0.008
2012,"12","23","Brazil",0.081
2012,"12","23","India",0.105
2012,"12","23","Indonesia",0.095
2012,"12","23","Mexico",0.103
2012,"12","23","Philippines",0.195
2012,"12","23","Singapore",0.126
2012,"12","23","Thailand",0.155
2012,"12","23","Venezuela",0.235
2012,"12","30","Argentina",0.031
2012,"12","30","Bolivia",0.006
2012,"12","30","Brazil",0.111
2012,"12","30","India",0.093
2012,"12","30","Indonesia",0.102
2012,"12","30","Mexico",0.092
2012,"12","30","Philippines",0.185
2012,"12","30","Singapore",0.126
2012,"12","30","Thailand",0.143
2012,"12","30","Venezuela",0.223
2013,"01","06","Argentina",0.053
2013,"01","06","Bolivia",0.012
2013,"01","06","Brazil",0.127
2013,"01","06","India",0.078
2013,"01","06","Indonesia",0.112
2013,"01","06","Mexico",0.084
2013,"01","06","Philippines",0.172
2013,"01","06","Singapore",0.141
2013,"01","06","Thailand",0.178
2013,"01","06","Venezuela",0.231
2013,"01","13","Argentina",0.06
2013,"01","13","Bolivia",0.021
2013,"01","13","Brazil",0.145
2013,"01","13","India",0.07
2013,"01","13","Indonesia",0.122
2013,"01","13","Mexico",0.079
2013,"01","13","Philippines",0.16
2013,"01","13","Singapore",0.142
2013,"01","13","Thailand",0.171
2013,"01","13","Venezuela",0.221
2013,"01","20","Argentina",0.089
2013,"01","20","Bolivia",0.015
2013,"01","20","Brazil",0.171
2013,"01","20","India",0.063
2013,"01","20","Indonesia",0.114
2013,"01","20","Mexico",0.079
2013,"01","20","Philippines",0.154
2013,"01","20","Singapore",0.152
2013,"01","20","Thailand",0.186
2013,"01","20","Venezuela",0.248
2013,"01","27","Argentina",0.125
2013,"01","27","Bolivia",0.011
2013,"01","27","Brazil",0.178
2013,"01","27","India",0.057
2013,"01","27","Indonesia",0.119
2013,"01","27","Mexico",0.081
2013,"01","27","Philippines",0.169
2013,"01","27","Singapore",0.169
2013,"01","27","Thailand",0.184
2013,"01","27","Venezuela",0.252
2013,"02","03","Argentina",0.106
2013,"02","03","Bolivia",0.015
2013,"02","03","Brazil",0.182
2013,"02","03","India",0.056
2013,"02","03","Indonesia",0.121
2013,"02","03","Mexico",0.085
2013,"02","03","Philippines",0.175
2013,"02","03","Singapore",0.185
2013,"02","03","Thailand",0.177
2013,"02","03","Venezuela",0.267
2013,"02","10","Argentina",0.12
2013,"02","10","Bolivia",0.013
2013,"02","10","Brazil",0.238
2013,"02","10","India",0.054
2013,"02","10","Indonesia",0.109
2013,"02","10","Mexico",0.082
2013,"02","10","Philippines",0.148
2013,"02","10","Singapore",0.184
2013,"02","10","Thailand",0.178
2013,"02","10","Venezuela",0.245
2013,"02","17","Argentina",0.212
2013,"02","17","Bolivia",0.025
2013,"02","17","Brazil",0.275
2013,"02","17","India",0.051
2013,"02","17","Indonesia",0.112
2013,"02","17","Mexico",0.084
2013,"02","17","Philippines",0.113
2013,"02","17","Singapore",0.193
2013,"02","17","Thailand",0.178
2013,"02","17","Venezuela",0.263
2013,"02","24","Argentina",0.181
2013,"02","24","Bolivia",0.022
2013,"02","24","Brazil",0.323
2013,"02","24","India",0.049
2013,"02","24","Indonesia",0.111
2013,"02","24","Mexico",0.086
2013,"02","24","Philippines",0.105
2013,"02","24","Singapore",0.167
2013,"02","24","Thailand",0.147
2013,"02","24","Venezuela",0.312
2013,"03","03","Argentina",0.217
2013,"03","03","Bolivia",0.018
2013,"03","03","Brazil",0.328
2013,"03","03","India",0.035
2013,"03","03","Indonesia",0.107
2013,"03","03","Mexico",0.091
2013,"03","03","Philippines",0.094
2013,"03","03","Singapore",0.162
2013,"03","03","Thailand",0.185
2013,"03","03","Venezuela",0.255
2013,"03","10","Argentina",0.207
2013,"03","10","Bolivia",0.014
2013,"03","10","Brazil",0.368
2013,"03","10","India",0.032
2013,"03","10","Indonesia",0.111
2013,"03","10","Mexico",0.083
2013,"03","10","Philippines",0.091
2013,"03","10","Singapore",0.142
2013,"03","10","Thailand",0.187
2013,"03","10","Venezuela",0.258
2013,"03","17","Argentina",0.188
2013,"03","17","Bolivia",0.022
2013,"03","17","Brazil",0.421
2013,"03","17","India",0.029
2013,"03","17","Indonesia",0.118
2013,"03","17","Mexico",0.085
2013,"03","17","Philippines",0.071
2013,"03","17","Singapore",0.123
2013,"03","17","Thailand",0.2
2013,"03","17","Venezuela",0.288
2013,"03","24","Argentina",0.154
2013,"03","24","Bolivia",0.023
2013,"03","24","Brazil",0.423
2013,"03","24","India",0.025
2013,"03","24","Indonesia",0.111
2013,"03","24","Mexico",0.07
2013,"03","24","Philippines",0.081
2013,"03","24","Singapore",0.143
2013,"03","24","Thailand",0.162
2013,"03","24","Venezuela",0.215
2013,"03","31","Argentina",0.159
2013,"03","31","Bolivia",0.019
2013,"03","31","Brazil",0.501
2013,"03","31","India",0.025
2013,"03","31","Indonesia",0.108
2013,"03","31","Mexico",0.088
2013,"03","31","Philippines",0.063
2013,"03","31","Singapore",0.157
2013,"03","31","Thailand",0.146
2013,"03","31","Venezuela",0.281
2013,"04","07","Argentina",0.154
2013,"04","07","Bolivia",0.015
2013,"04","07","Brazil",0.568
2013,"04","07","India",0.03
2013,"04","07","Indonesia",0.108
2013,"04","07","Mexico",0.093
2013,"04","07","Philippines",0.061
2013,"04","07","Singapore",0.196
2013,"04","07","Thailand",0.138
2013,"04","07","Venezuela",0.215
2013,"04","14","Argentina",0.176
2013,"04","14","Bolivia",0.023
2013,"04","14","Brazil",0.488
2013,"04","14","India",0.022
2013,"04","14","Indonesia",0.104
2013,"04","14","Mexico",0.088
2013,"04","14","Philippines",0.053
2013,"04","14","Singapore",0.219
2013,"04","14","Thailand",0.147
2013,"04","14","Venezuela",0.195
2013,"04","21","Argentina",0.234
2013,"04","21","Bolivia",0.018
2013,"04","21","Brazil",0.383
2013,"04","21","India",0.027
2013,"04","21","Indonesia",0.097
2013,"04","21","Mexico",0.089
2013,"04","21","Philippines",0.049
2013,"04","21","Singapore",0.217
2013,"04","21","Thailand",0.191
2013,"04","21","Venezuela",0.223
2013,"04","28","Argentina",0.152
2013,"04","28","Bolivia",0.016
2013,"04","28","Brazil",0.32
2013,"04","28","India",0.02
2013,"04","28","Indonesia",0.101
2013,"04","28","Mexico",0.087
2013,"04","28","Philippines",0.053
2013,"04","28","Singapore",0.27
2013,"04","28","Thailand",0.187
2013,"04","28","Venezuela",0.218
2013,"05","05","Argentina",0.152
2013,"05","05","Bolivia",0.018
2013,"05","05","Brazil",0.264
2013,"05","05","India",0.025
2013,"05","05","Indonesia",0.102
2013,"05","05","Mexico",0.094
2013,"05","05","Philippines",0.053
2013,"05","05","Singapore",0.252
2013,"05","05","Thailand",0.194
2013,"05","05","Venezuela",0.259
2013,"05","12","Argentina",0.137
2013,"05","12","Bolivia",0.019
2013,"05","12","Brazil",0.241
2013,"05","12","India",0.033
2013,"05","12","Indonesia",0.101
2013,"05","12","Mexico",0.104
2013,"05","12","Philippines",0.057
2013,"05","12","Singapore",0.228
2013,"05","12","Thailand",0.21
2013,"05","12","Venezuela",0.314
2013,"05","19","Argentina",0.096
2013,"05","19","Bolivia",0.012
2013,"05","19","Brazil",0.2
2013,"05","19","India",0.04
2013,"05","19","Indonesia",0.101
2013,"05","19","Mexico",0.108
2013,"05","19","Philippines",0.064
2013,"05","19","Singapore",0.23
2013,"05","19","Thailand",0.26
2013,"05","19","Venezuela",0.334
2013,"05","26","Argentina",0.082
2013,"05","26","Bolivia",0.008
2013,"05","26","Brazil",0.147
2013,"05","26","India",0.065
2013,"05","26","Indonesia",0.1
2013,"05","26","Mexico",0.113
2013,"05","26","Philippines",0.077
2013,"05","26","Singapore",0.25
2013,"05","26","Thailand",0.318
2013,"05","26","Venezuela",0.332
2013,"06","02","Argentina",0.077
2013,"06","02","Bolivia",0.009
2013,"06","02","Brazil",0.129
2013,"06","02","India",0.093
2013,"06","02","Indonesia",0.096
2013,"06","02","Mexico",0.133
2013,"06","02","Philippines",0.093
2013,"06","02","Singapore",0.314
2013,"06","02","Thailand",0.461
2013,"06","02","Venezuela",0.321
2013,"06","09","Argentina",0.067
2013,"06","09","Bolivia",0.008
2013,"06","09","Brazil",0.124
2013,"06","09","India",0.103
2013,"06","09","Indonesia",0.093
2013,"06","09","Mexico",0.156
2013,"06","09","Philippines",0.109
2013,"06","09","Singapore",0.441
2013,"06","09","Thailand",0.727
2013,"06","09","Venezuela",0.31
2013,"06","16","Argentina",0.039
2013,"06","16","Bolivia",0.006
2013,"06","16","Brazil",0.114
2013,"06","16","India",0.11
2013,"06","16","Indonesia",0.094
2013,"06","16","Mexico",0.163
2013,"06","16","Philippines",0.129
2013,"06","16","Singapore",0.417
2013,"06","16","Thailand",0.905
2013,"06","16","Venezuela",0.299
2013,"06","23","Argentina",0.051
2013,"06","23","Bolivia",0.005
2013,"06","23","Brazil",0.088
2013,"06","23","India",0.114
2013,"06","23","Indonesia",0.091
2013,"06","23","Mexico",0.184
2013,"06","23","Philippines",0.164
2013,"06","23","Singapore",0.306
2013,"06","23","Thailand",0.85
2013,"06","23","Venezuela",0.277
2013,"06","30","Argentina",0.048
2013,"06","30","Bolivia",0.004
2013,"06","30","Brazil",0.078
2013,"06","30","India",0.124
2013,"06","30","Indonesia",0.089
2013,"06","30","Mexico",0.212
2013,"06","30","Philippines",0.129
2013,"06","30","Singapore",0.236
2013,"06","30","Thailand",0.862
2013,"06","30","Venezuela",0.25
2013,"07","07","Argentina",0.029
2013,"07","07","Bolivia",0.003
2013,"07","07","Brazil",0.065
2013,"07","07","India",0.134
2013,"07","07","Indonesia",0.086
2013,"07","07","Mexico",0.219
2013,"07","07","Philippines",0.163
2013,"07","07","Singapore",0.222
2013,"07","07","Thailand",0.938
2013,"07","07","Venezuela",0.232
2013,"07","14","Argentina",0.019
2013,"07","14","Bolivia",0.002
2013,"07","14","Brazil",0.064
2013,"07","14","India",0.135
2013,"07","14","Indonesia",0.089
2013,"07","14","Mexico",0.279
2013,"07","14","Philippines",0.168
2013,"07","14","Singapore",0.189
2013,"07","14","Thailand",1
2013,"07","14","Venezuela",0.215
2013,"07","21","Argentina",0.022
2013,"07","21","Bolivia",0.003
2013,"07","21","Brazil",0.051
2013,"07","21","India",0.139
2013,"07","21","Indonesia",0.087
2013,"07","21","Mexico",0.306
2013,"07","21","Philippines",0.199
2013,"07","21","Singapore",0.171
2013,"07","21","Thailand",0.765
2013,"07","21","Venezuela",0.214
2013,"07","28","Argentina",0.039
2013,"07","28","Bolivia",0.002
2013,"07","28","Brazil",0.056
2013,"07","28","India",0.139
2013,"07","28","Indonesia",0.08
2013,"07","28","Mexico",0.325
2013,"07","28","Philippines",0.212
2013,"07","28","Singapore",0.156
2013,"07","28","Thailand",0.657
2013,"07","28","Venezuela",0.213
2013,"08","04","Argentina",0.036
2013,"08","04","Bolivia",0.004
2013,"08","04","Brazil",0.063
2013,"08","04","India",0.126
2013,"08","04","Indonesia",0.079
2013,"08","04","Mexico",0.37
2013,"08","04","Philippines",0.235
2013,"08","04","Singapore",0.142
2013,"08","04","Thailand",0.608
2013,"08","04","Venezuela",0.221
2013,"08","11","Argentina",0.027
2013,"08","11","Bolivia",0.006
2013,"08","11","Brazil",0.057
2013,"08","11","India",0.134
2013,"08","11","Indonesia",0.084
2013,"08","11","Mexico",0.329
2013,"08","11","Philippines",0.286
2013,"08","11","Singapore",0.164
2013,"08","11","Thailand",0.563
2013,"08","11","Venezuela",0.228
2013,"08","18","Argentina",0.031
2013,"08","18","Bolivia",0.004
2013,"08","18","Brazil",0.06
2013,"08","18","India",0.172
2013,"08","18","Indonesia",0.089
2013,"08","18","Mexico",0.339
2013,"08","18","Philippines",0.237
2013,"08","18","Singapore",0.142
2013,"08","18","Thailand",0.587
2013,"08","18","Venezuela",0.241
2013,"08","25","Argentina",0.031
2013,"08","25","Bolivia",0.005
2013,"08","25","Brazil",0.054
2013,"08","25","India",0.216
2013,"08","25","Indonesia",0.086
2013,"08","25","Mexico",0.361
2013,"08","25","Philippines",0.253
2013,"08","25","Singapore",0.134
2013,"08","25","Thailand",0.546
2013,"08","25","Venezuela",0.261
2013,"09","01","Argentina",0.031
2013,"09","01","Bolivia",0.007
2013,"09","01","Brazil",0.053
2013,"09","01","India",0.305
2013,"09","01","Indonesia",0.084
2013,"09","01","Mexico",0.406
2013,"09","01","Philippines",0.204
2013,"09","01","Singapore",0.132
2013,"09","01","Thailand",0.47
2013,"09","01","Venezuela",0.242
2013,"09","08","Argentina",0.029
2013,"09","08","Bolivia",0.006
2013,"09","08","Brazil",0.057
2013,"09","08","India",0.378
2013,"09","08","Indonesia",0.081
2013,"09","08","Mexico",0.391
2013,"09","08","Philippines",0.191
2013,"09","08","Singapore",0.146
2013,"09","08","Thailand",0.466
2013,"09","08","Venezuela",0.247
2013,"09","15","Argentina",0.022
2013,"09","15","Bolivia",0.007
2013,"09","15","Brazil",0.057
2013,"09","15","India",0.483
2013,"09","15","Indonesia",0.084
2013,"09","15","Mexico",0.393
2013,"09","15","Philippines",0.186
2013,"09","15","Singapore",0.153
2013,"09","15","Thailand",0.397
2013,"09","15","Venezuela",0.247
2013,"09","22","Argentina",0.027
2013,"09","22","Bolivia",0.007
2013,"09","22","Brazil",0.052
2013,"09","22","India",0.585
2013,"09","22","Indonesia",0.087
2013,"09","22","Mexico",0.483
2013,"09","22","Philippines",0.191
2013,"09","22","Singapore",0.157
2013,"09","22","Thailand",0.315
2013,"09","22","Venezuela",0.268
2013,"09","29","Argentina",0.027
2013,"09","29","Bolivia",0.008
2013,"09","29","Brazil",0.047
2013,"09","29","India",0.606
2013,"09","29","Indonesia",0.083
2013,"09","29","Mexico",0.541
2013,"09","29","Philippines",0.186
2013,"09","29","Singapore",0.193
2013,"09","29","Thailand",0.245
2013,"09","29","Venezuela",0.291
2013,"10","06","Argentina",0.034
2013,"10","06","Bolivia",0.008
2013,"10","06","Brazil",0.045
2013,"10","06","India",0.552
2013,"10","06","Indonesia",0.081
2013,"10","06","Mexico",0.562
2013,"10","06","Philippines",0.182
2013,"10","06","Singapore",0.186
2013,"10","06","Thailand",0.216
2013,"10","06","Venezuela",0.315
2013,"10","13","Argentina",0.039
2013,"10","13","Bolivia",0.014
2013,"10","13","Brazil",0.051
2013,"10","13","India",0.537
2013,"10","13","Indonesia",0.078
2013,"10","13","Mexico",0.53
2013,"10","13","Philippines",0.168
2013,"10","13","Singapore",0.174
2013,"10","13","Thailand",0.173
2013,"10","13","Venezuela",0.36
2013,"10","20","Argentina",0.048
2013,"10","20","Bolivia",0.012
2013,"10","20","Brazil",0.063
2013,"10","20","India",0.511
2013,"10","20","Indonesia",0.081
2013,"10","20","Mexico",0.518
2013,"10","20","Philippines",0.149
2013,"10","20","Singapore",0.204
2013,"10","20","Thailand",0.169
2013,"10","20","Venezuela",0.404
2013,"10","27","Argentina",0.041
2013,"10","27","Bolivia",0.014
2013,"10","27","Brazil",0.056
2013,"10","27","India",0.41
2013,"10","27","Indonesia",0.08
2013,"10","27","Mexico",0.482
2013,"10","27","Philippines",0.144
2013,"10","27","Singapore",0.195
2013,"10","27","Thailand",0.156
2013,"10","27","Venezuela",0.449
2013,"11","03","Argentina",0.048
2013,"11","03","Bolivia",0.012
2013,"11","03","Brazil",0.06
2013,"11","03","India",0.358
2013,"11","03","Indonesia",0.082
2013,"11","03","Mexico",0.449
2013,"11","03","Philippines",0.123
2013,"11","03","Singapore",0.189
2013,"11","03","Thailand",0.175
2013,"11","03","Venezuela",0.489
2013,"11","10","Argentina",0.043
2013,"11","10","Bolivia",0.009
2013,"11","10","Brazil",0.061
2013,"11","10","India",0.288
2013,"11","10","Indonesia",0.086
2013,"11","10","Mexico",0.367
2013,"11","10","Philippines",0.11
2013,"11","10","Singapore",0.184
2013,"11","10","Thailand",0.166
2013,"11","10","Venezuela",0.468
2013,"11","17","Argentina",0.053
2013,"11","17","Bolivia",0.008
2013,"11","17","Brazil",0.076
2013,"11","17","India",0.215
2013,"11","17","Indonesia",0.088
2013,"11","17","Mexico",0.335
2013,"11","17","Philippines",0.092
2013,"11","17","Singapore",0.196
2013,"11","17","Thailand",0.163
2013,"11","17","Venezuela",0.499
2013,"11","24","Argentina",0.043
2013,"11","24","Bolivia",0.009
2013,"11","24","Brazil",0.059
2013,"11","24","India",0.16
2013,"11","24","Indonesia",0.089
2013,"11","24","Mexico",0.267
2013,"11","24","Philippines",0.078
2013,"11","24","Singapore",0.149
2013,"11","24","Thailand",0.156
2013,"11","24","Venezuela",0.489
2013,"12","01","Argentina",0.048
2013,"12","01","Bolivia",0.007
2013,"12","01","Brazil",0.056
2013,"12","01","India",0.128
2013,"12","01","Indonesia",0.088
2013,"12","01","Mexico",0.242
2013,"12","01","Philippines",0.088
2013,"12","01","Singapore",0.142
2013,"12","01","Thailand",0.129
2013,"12","01","Venezuela",0.453
2013,"12","08","Argentina",0.039
2013,"12","08","Bolivia",0.005
2013,"12","08","Brazil",0.051
2013,"12","08","India",0.09
2013,"12","08","Indonesia",0.093
2013,"12","08","Mexico",0.205
2013,"12","08","Philippines",0.094
2013,"12","08","Singapore",0.134
2013,"12","08","Thailand",0.139
2013,"12","08","Venezuela",0.44
2013,"12","15","Argentina",0.043
2013,"12","15","Bolivia",0.003
2013,"12","15","Brazil",0.051
2013,"12","15","India",0.071
2013,"12","15","Indonesia",0.091
2013,"12","15","Mexico",0.181
2013,"12","15","Philippines",0.087
2013,"12","15","Singapore",0.134
2013,"12","15","Thailand",0.124
2013,"12","15","Venezuela",0.45
2013,"12","22","Argentina",0.039
2013,"12","22","Bolivia",0.003
2013,"12","22","Brazil",0.053
2013,"12","22","India",0.055
2013,"12","22","Indonesia",0.087
2013,"12","22","Mexico",0.151
2013,"12","22","Philippines",0.108
2013,"12","22","Singapore",0.126
2013,"12","22","Thailand",0.1
2013,"12","22","Venezuela",0.471
2013,"12","29","Argentina",0.039
2013,"12","29","Bolivia",0.005
2013,"12","29","Brazil",0.068
2013,"12","29","India",0.053
2013,"12","29","Indonesia",0.09
2013,"12","29","Mexico",0.15
2013,"12","29","Philippines",0.107
2013,"12","29","Singapore",0.131
2013,"12","29","Thailand",0.1
2013,"12","29","Venezuela",0.456
2014,"01","05","Argentina",0.043
2014,"01","05","Bolivia",0.008
2014,"01","05","Brazil",0.076
2014,"01","05","India",0.049
2014,"01","05","Indonesia",0.101
2014,"01","05","Mexico",0.147
2014,"01","05","Philippines",0.087
2014,"01","05","Singapore",0.137
2014,"01","05","Thailand",0.138
2014,"01","05","Venezuela",0.438
2014,"01","12","Argentina",0.072
2014,"01","12","Bolivia",0.01
2014,"01","12","Brazil",0.071
2014,"01","12","India",0.04
2014,"01","12","Indonesia",0.099
2014,"01","12","Mexico",0.136
2014,"01","12","Philippines",0.083
2014,"01","12","Singapore",0.139
2014,"01","12","Thailand",0.134
2014,"01","12","Venezuela",0.516
2014,"01","19","Argentina",0.082
2014,"01","19","Bolivia",0.025
2014,"01","19","Brazil",0.072
2014,"01","19","India",0.039
2014,"01","19","Indonesia",0.104
2014,"01","19","Mexico",0.147
2014,"01","19","Philippines",0.085
2014,"01","19","Singapore",0.126
2014,"01","19","Thailand",0.121
2014,"01","19","Venezuela",0.526
2014,"01","26","Argentina",0.096
2014,"01","26","Bolivia",0.026
2014,"01","26","Brazil",0.08
2014,"01","26","India",0.04
2014,"01","26","Indonesia",0.103
2014,"01","26","Mexico",0.144
2014,"01","26","Philippines",0.083
2014,"01","26","Singapore",0.115
2014,"01","26","Thailand",0.138
2014,"01","26","Venezuela",0.493
2014,"02","02","Argentina",0.176
2014,"02","02","Bolivia",0.039
2014,"02","02","Brazil",0.092
2014,"02","02","India",0.036
2014,"02","02","Indonesia",0.101
2014,"02","02","Mexico",0.133
2014,"02","02","Philippines",0.075
2014,"02","02","Singapore",0.121
2014,"02","02","Thailand",0.161
2014,"02","02","Venezuela",0.522
2014,"02","09","Argentina",0.149
2014,"02","09","Bolivia",0.034
2014,"02","09","Brazil",0.101
2014,"02","09","India",0.031
2014,"02","09","Indonesia",0.1
2014,"02","09","Mexico",0.128
2014,"02","09","Philippines",0.067
2014,"02","09","Singapore",0.126
2014,"02","09","Thailand",0.159
2014,"02","09","Venezuela",0.443
2014,"02","16","Argentina",0.13
2014,"02","16","Bolivia",0.039
2014,"02","16","Brazil",0.115
2014,"02","16","India",0.03
2014,"02","16","Indonesia",0.099
2014,"02","16","Mexico",0.124
2014,"02","16","Philippines",0.073
2014,"02","16","Singapore",0.127
2014,"02","16","Thailand",0.156
2014,"02","16","Venezuela",0.379
2014,"02","23","Argentina",0.099
2014,"02","23","Bolivia",0.043
2014,"02","23","Brazil",0.128
2014,"02","23","India",0.026
2014,"02","23","Indonesia",0.102
2014,"02","23","Mexico",0.114
2014,"02","23","Philippines",0.062
2014,"02","23","Singapore",0.119
2014,"02","23","Thailand",0.162
2014,"02","23","Venezuela",0.306
2014,"03","02","Argentina",0.084
2014,"03","02","Bolivia",0.042
2014,"03","02","Brazil",0.127
2014,"03","02","India",0.021
2014,"03","02","Indonesia",0.095
2014,"03","02","Mexico",0.109
2014,"03","02","Philippines",0.065
2014,"03","02","Singapore",0.142
2014,"03","02","Thailand",0.155
2014,"03","02","Venezuela",0.269
2014,"03","09","Argentina",0.077
2014,"03","09","Bolivia",0.044
2014,"03","09","Brazil",0.151
2014,"03","09","India",0.021
2014,"03","09","Indonesia",0.1
2014,"03","09","Mexico",0.108
2014,"03","09","Philippines",0.065
2014,"03","09","Singapore",0.135
2014,"03","09","Thailand",0.135
2014,"03","09","Venezuela",0.302
2014,"03","16","Argentina",0.063
2014,"03","16","Bolivia",0.035
2014,"03","16","Brazil",0.185
2014,"03","16","India",0.021
2014,"03","16","Indonesia",0.096
2014,"03","16","Mexico",0.103
2014,"03","16","Philippines",0.066
2014,"03","16","Singapore",0.127
2014,"03","16","Thailand",0.116
2014,"03","16","Venezuela",0.286
2014,"03","23","Argentina",0.07
2014,"03","23","Bolivia",0.041
2014,"03","23","Brazil",0.222
2014,"03","23","India",0.019
2014,"03","23","Indonesia",0.095
2014,"03","23","Mexico",0.102
2014,"03","23","Philippines",0.076
2014,"03","23","Singapore",0.129
2014,"03","23","Thailand",0.094
2014,"03","23","Venezuela",0.271
2014,"03","30","Argentina",0.084
2014,"03","30","Bolivia",0.047
2014,"03","30","Brazil",0.263
2014,"03","30","India",0.027
2014,"03","30","Indonesia",0.097
2014,"03","30","Mexico",0.103
2014,"03","30","Philippines",0.059
2014,"03","30","Singapore",0.128
2014,"03","30","Thailand",0.074
2014,"03","30","Venezuela",0.276
2014,"04","06","Argentina",0.099
2014,"04","06","Bolivia",0.045
2014,"04","06","Brazil",0.345
2014,"04","06","India",0.03
2014,"04","06","Indonesia",0.095
2014,"04","06","Mexico",0.128
2014,"04","06","Philippines",0.055
2014,"04","06","Singapore",0.12
2014,"04","06","Thailand",0.076
2014,"04","06","Venezuela",0.276
2014,"04","13","Argentina",0.067
2014,"04","13","Bolivia",0.03
2014,"04","13","Brazil",0.425
2014,"04","13","India",0.021
2014,"04","13","Indonesia",0.097
2014,"04","13","Mexico",0.089
2014,"04","13","Philippines",0.052
2014,"04","13","Singapore",0.109
2014,"04","13","Thailand",0.075
2014,"04","13","Venezuela",0.238
2014,"04","20","Argentina",0.111
2014,"04","20","Bolivia",0.028
2014,"04","20","Brazil",0.458
2014,"04","20","India",0.026
2014,"04","20","Indonesia",0.098
2014,"04","20","Mexico",0.112
2014,"04","20","Philippines",0.046
2014,"04","20","Singapore",0.117
2014,"04","20","Thailand",0.088
2014,"04","20","Venezuela",0.249
2014,"04","27","Argentina",0.084
2014,"04","27","Bolivia",0.025
2014,"04","27","Brazil",0.439
2014,"04","27","India",0.022
2014,"04","27","Indonesia",0.092
2014,"04","27","Mexico",0.11
2014,"04","27","Philippines",0.046
2014,"04","27","Singapore",0.118
2014,"04","27","Thailand",0.084
2014,"04","27","Venezuela",0.265
2014,"05","04","Argentina",0.08
2014,"05","04","Bolivia",0.024
2014,"05","04","Brazil",0.417
2014,"05","04","India",0.024
2014,"05","04","Indonesia",0.097
2014,"05","04","Mexico",0.095
2014,"05","04","Philippines",0.047
2014,"05","04","Singapore",0.115
2014,"05","04","Thailand",0.084
2014,"05","04","Venezuela",0.249
2014,"05","11","Argentina",0.058
2014,"05","11","Bolivia",0.026
2014,"05","11","Brazil",0.34
2014,"05","11","India",0.024
2014,"05","11","Indonesia",0.096
2014,"05","11","Mexico",0.114
2014,"05","11","Philippines",0.056
2014,"05","11","Singapore",0.108
2014,"05","11","Thailand",0.102
2014,"05","11","Venezuela",0.251
2014,"05","18","Argentina",0.055
2014,"05","18","Bolivia",0.023
2014,"05","18","Brazil",0.285
2014,"05","18","India",0.025
2014,"05","18","Indonesia",0.096
2014,"05","18","Mexico",0.115
2014,"05","18","Philippines",0.066
2014,"05","18","Singapore",0.113
2014,"05","18","Thailand",0.127
2014,"05","18","Venezuela",0.315
2014,"05","25","Argentina",0.051
2014,"05","25","Bolivia",0.015
2014,"05","25","Brazil",0.208
2014,"05","25","India",0.026
2014,"05","25","Indonesia",0.089
2014,"05","25","Mexico",0.118
2014,"05","25","Philippines",0.06
2014,"05","25","Singapore",0.119
2014,"05","25","Thailand",0.131
2014,"05","25","Venezuela",0.371
2014,"06","01","Argentina",0.048
2014,"06","01","Bolivia",0.014
2014,"06","01","Brazil",0.172
2014,"06","01","India",0.024
2014,"06","01","Indonesia",0.093
2014,"06","01","Mexico",0.131
2014,"06","01","Philippines",0.053
2014,"06","01","Singapore",0.119
2014,"06","01","Thailand",0.174
2014,"06","01","Venezuela",0.339
2014,"06","08","Argentina",0.036
2014,"06","08","Bolivia",0.011
2014,"06","08","Brazil",0.146
2014,"06","08","India",0.027
2014,"06","08","Indonesia",0.094
2014,"06","08","Mexico",0.142
2014,"06","08","Philippines",0.063
2014,"06","08","Singapore",0.128
2014,"06","08","Thailand",0.205
2014,"06","08","Venezuela",0.297
2014,"06","15","Argentina",0.029
2014,"06","15","Bolivia",0.009
2014,"06","15","Brazil",0.127
2014,"06","15","India",0.034
2014,"06","15","Indonesia",0.09
2014,"06","15","Mexico",0.158
2014,"06","15","Philippines",0.064
2014,"06","15","Singapore",0.135
2014,"06","15","Thailand",0.273
2014,"06","15","Venezuela",0.316
2014,"06","22","Argentina",0.029
2014,"06","22","Bolivia",0.008
2014,"06","22","Brazil",0.112
2014,"06","22","India",0.042
2014,"06","22","Indonesia",0.084
2014,"06","22","Mexico",0.169
2014,"06","22","Philippines",0.058
2014,"06","22","Singapore",0.135
2014,"06","22","Thailand",0.271
2014,"06","22","Venezuela",0.32
2014,"06","29","Argentina",0.029
2014,"06","29","Bolivia",0.007
2014,"06","29","Brazil",0.092
2014,"06","29","India",0.05
2014,"06","29","Indonesia",0.087
2014,"06","29","Mexico",0.175
2014,"06","29","Philippines",0.074
2014,"06","29","Singapore",0.142
2014,"06","29","Thailand",0.271
2014,"06","29","Venezuela",0.33
2014,"07","06","Argentina",0.019
2014,"07","06","Bolivia",0.006
2014,"07","06","Brazil",0.081
2014,"07","06","India",0.058
2014,"07","06","Indonesia",0.082
2014,"07","06","Mexico",0.194
2014,"07","06","Philippines",0.091
2014,"07","06","Singapore",0.155
2014,"07","06","Thailand",0.261
2014,"07","06","Venezuela",0.343
2014,"07","13","Argentina",0.024
2014,"07","13","Bolivia",0
2014,"07","13","Brazil",0.073
2014,"07","13","India",0.069
2014,"07","13","Indonesia",0.084
2014,"07","13","Mexico",0.199
2014,"07","13","Philippines",0.106
2014,"07","13","Singapore",0.16
2014,"07","13","Thailand",0.306
2014,"07","13","Venezuela",0.346
2014,"07","20","Argentina",0.019
2014,"07","20","Bolivia",0
2014,"07","20","Brazil",0.063
2014,"07","20","India",0.083
2014,"07","20","Indonesia",0.08
2014,"07","20","Mexico",0.2
2014,"07","20","Philippines",0.101
2014,"07","20","Singapore",0.246
2014,"07","20","Thailand",0.296
2014,"07","20","Venezuela",0.381
2014,"07","27","Argentina",0.022
2014,"07","27","Bolivia",0
2014,"07","27","Brazil",0.057
2014,"07","27","India",0.083
2014,"07","27","Indonesia",0.079
2014,"07","27","Mexico",0.184
2014,"07","27","Philippines",0.105
2014,"07","27","Singapore",0.2
2014,"07","27","Thailand",0.252
2014,"07","27","Venezuela",0.392
2014,"08","03","Argentina",0.029
2014,"08","03","Bolivia",0.001
2014,"08","03","Brazil",0.066
2014,"08","03","India",0.095
2014,"08","03","Indonesia",0.091
2014,"08","03","Mexico",0.167
2014,"08","03","Philippines",0.118
2014,"08","03","Singapore",0.205
2014,"08","03","Thailand",0.232
2014,"08","03","Venezuela",0.421
2014,"08","10","Argentina",0.034
2014,"08","10","Bolivia",0.015
2014,"08","10","Brazil",0.059
2014,"08","10","India",0.094
2014,"08","10","Indonesia",0.091
2014,"08","10","Mexico",0.173
2014,"08","10","Philippines",0.112
2014,"08","10","Singapore",0.189
2014,"08","10","Thailand",0.232
2014,"08","10","Venezuela",0.478
2014,"08","17","Argentina",0.048
2014,"08","17","Bolivia",0.012
2014,"08","17","Brazil",0.055
2014,"08","17","India",0.119
2014,"08","17","Indonesia",0.089
2014,"08","17","Mexico",0.181
2014,"08","17","Philippines",0.102
2014,"08","17","Singapore",0.18
2014,"08","17","Thailand",0.24
2014,"08","17","Venezuela",0.528
2014,"08","24","Argentina",0.034
2014,"08","24","Bolivia",0.009
2014,"08","24","Brazil",0.057
2014,"08","24","India",0.114
2014,"08","24","Indonesia",0.088
2014,"08","24","Mexico",0.204
2014,"08","24","Philippines",0.104
2014,"08","24","Singapore",0.146
2014,"08","24","Thailand",0.209
2014,"08","24","Venezuela",0.539
2014,"08","31","Argentina",0.029
2014,"08","31","Bolivia",0.011
2014,"08","31","Brazil",0.055
2014,"08","31","India",0.12
2014,"08","31","Indonesia",0.088
2014,"08","31","Mexico",0.211
2014,"08","31","Philippines",0.099
2014,"08","31","Singapore",0.121
2014,"08","31","Thailand",0.221
2014,"08","31","Venezuela",0.547
2014,"09","07","Argentina",0.024
2014,"09","07","Bolivia",0.009
2014,"09","07","Brazil",0.053
2014,"09","07","India",0.158
2014,"09","07","Indonesia",0.09
2014,"09","07","Mexico",0.223
2014,"09","07","Philippines",0.1
2014,"09","07","Singapore",0.113
2014,"09","07","Thailand",0.214
2014,"09","07","Venezuela",0.597
2014,"09","14","Argentina",0.022
2014,"09","14","Bolivia",0.01
2014,"09","14","Brazil",0.057
2014,"09","14","India",0.173
2014,"09","14","Indonesia",0.088
2014,"09","14","Mexico",0.236
2014,"09","14","Philippines",0.084
2014,"09","14","Singapore",0.11
2014,"09","14","Thailand",0.182
2014,"09","14","Venezuela",0.664
2014,"09","21","Argentina",0.029
2014,"09","21","Bolivia",0.008
2014,"09","21","Brazil",0.054
2014,"09","21","India",0.175
2014,"09","21","Indonesia",0.09
2014,"09","21","Mexico",0.277
2014,"09","21","Philippines",0.076
2014,"09","21","Singapore",0.104
2014,"09","21","Thailand",0.164
2014,"09","21","Venezuela",0.777
2014,"09","28","Argentina",0.027
2014,"09","28","Bolivia",0.011
2014,"09","28","Brazil",0.057
2014,"09","28","India",0.176
2014,"09","28","Indonesia",0.087
2014,"09","28","Mexico",0.362
2014,"09","28","Philippines",0.076
2014,"09","28","Singapore",0.099
2014,"09","28","Thailand",0.141
2014,"09","28","Venezuela",0.845
2014,"10","05","Argentina",0.031
2014,"10","05","Bolivia",0.009
2014,"10","05","Brazil",0.054
2014,"10","05","India",0.222
2014,"10","05","Indonesia",0.085
2014,"10","05","Mexico",0.444
2014,"10","05","Philippines",0.075
2014,"10","05","Singapore",0.102
2014,"10","05","Thailand",0.127
2014,"10","05","Venezuela",0.98
2014,"10","12","Argentina",0.036
2014,"10","12","Bolivia",0.017
2014,"10","12","Brazil",0.061
2014,"10","12","India",0.27
2014,"10","12","Indonesia",0.088
2014,"10","12","Mexico",0.473
2014,"10","12","Philippines",0.086
2014,"10","12","Singapore",0.099
2014,"10","12","Thailand",0.132
2014,"10","12","Venezuela",0.952
2014,"10","19","Argentina",0.039
2014,"10","19","Bolivia",0.017
2014,"10","19","Brazil",0.064
2014,"10","19","India",0.257
2014,"10","19","Indonesia",0.086
2014,"10","19","Mexico",0.468
2014,"10","19","Philippines",0.096
2014,"10","19","Singapore",0.101
2014,"10","19","Thailand",0.124
2014,"10","19","Venezuela",0.875
2014,"10","26","Argentina",0.039
2014,"10","26","Bolivia",0.019
2014,"10","26","Brazil",0.061
2014,"10","26","India",0.325
2014,"10","26","Indonesia",0.092
2014,"10","26","Mexico",0.451
2014,"10","26","Philippines",0.081
2014,"10","26","Singapore",0.1
2014,"10","26","Thailand",0.131
2014,"10","26","Venezuela",0.798
2014,"11","02","Argentina",0.029
2014,"11","02","Bolivia",0.014
2014,"11","02","Brazil",0.071
2014,"11","02","India",0.396
2014,"11","02","Indonesia",0.087
2014,"11","02","Mexico",0.451
2014,"11","02","Philippines",0.097
2014,"11","02","Singapore",0.09
2014,"11","02","Thailand",0.146
2014,"11","02","Venezuela",0.674
2014,"11","09","Argentina",0.031
2014,"11","09","Bolivia",0.011
2014,"11","09","Brazil",0.064
2014,"11","09","India",0.35
2014,"11","09","Indonesia",0.088
2014,"11","09","Mexico",0.397
2014,"11","09","Philippines",0.083
2014,"11","09","Singapore",0.087
2014,"11","09","Thailand",0.15
2014,"11","09","Venezuela",0.588
2014,"11","16","Argentina",0.034
2014,"11","16","Bolivia",0.018
2014,"11","16","Brazil",0.06
2014,"11","16","India",0.284
2014,"11","16","Indonesia",0.093
2014,"11","16","Mexico",0.325
2014,"11","16","Philippines",0.087
2014,"11","16","Singapore",0.087
2014,"11","16","Thailand",0.153
2014,"11","16","Venezuela",0.51
2014,"11","23","Argentina",0.034
2014,"11","23","Bolivia",0.009
2014,"11","23","Brazil",0.051
2014,"11","23","India",0.198
2014,"11","23","Indonesia",0.093
2014,"11","23","Mexico",0.252
2014,"11","23","Philippines",0.097
2014,"11","23","Singapore",0.116
2014,"11","23","Thailand",0.149
2014,"11","23","Venezuela",0.491
2014,"11","30","Argentina",0.022
2014,"11","30","Bolivia",0.005
2014,"11","30","Brazil",0.052
2014,"11","30","India",0.143
2014,"11","30","Indonesia",0.093
2014,"11","30","Mexico",0.192
2014,"11","30","Philippines",0.085
2014,"11","30","Singapore",0.124
2014,"11","30","Thailand",0.132
2014,"11","30","Venezuela",0.416
2014,"12","07","Argentina",0.024
2014,"12","07","Bolivia",0.001
2014,"12","07","Brazil",0.054
2014,"12","07","India",0.106
2014,"12","07","Indonesia",0.094
2014,"12","07","Mexico",0.167
2014,"12","07","Philippines",0.091
2014,"12","07","Singapore",0.121
2014,"12","07","Thailand",0.135
2014,"12","07","Venezuela",0.284
2014,"12","14","Argentina",0.031
2014,"12","14","Bolivia",0
2014,"12","14","Brazil",0.055
2014,"12","14","India",0.074
2014,"12","14","Indonesia",0.093
2014,"12","14","Mexico",0.135
2014,"12","14","Philippines",0.084
2014,"12","14","Singapore",0.12
2014,"12","14","Thailand",0.123
2014,"12","14","Venezuela",0.185
2014,"12","21","Argentina",0.027
2014,"12","21","Bolivia",0
2014,"12","21","Brazil",0.058
2014,"12","21","India",0.058
2014,"12","21","Indonesia",0.088
2014,"12","21","Mexico",0.122
2014,"12","21","Philippines",0.084
2014,"12","21","Singapore",0.118
2014,"12","21","Thailand",0.108
2014,"12","21","Venezuela",0.181
2014,"12","28","Argentina",0.029
2014,"12","28","Bolivia",0
2014,"12","28","Brazil",0.077
2014,"12","28","India",0.048
2014,"12","28","Indonesia",0.088
2014,"12","28","Mexico",0.115
2014,"12","28","Philippines",0.092
2014,"12","28","Singapore",0.122
2014,"12","28","Thailand",0.087
2014,"12","28","Venezuela",0.179
2015,"01","04","Argentina",0.034
2015,"01","04","Bolivia",0
2015,"01","04","Brazil",0.089
2015,"01","04","India",0.055
2015,"01","04","Indonesia",0.102
2015,"01","04","Mexico",0.108
2015,"01","04","Philippines",0.097
2015,"01","04","Singapore",0.122
2015,"01","04","Thailand",0.111
2015,"01","04","Venezuela",0.177
2015,"01","11","Argentina",0.034
2015,"01","11","Bolivia",0
2015,"01","11","Brazil",0.096
2015,"01","11","India",0.049
2015,"01","11","Indonesia",0.112
2015,"01","11","Mexico",0.099
2015,"01","11","Philippines",0.089
2015,"01","11","Singapore",0.124
2015,"01","11","Thailand",0.107
2015,"01","11","Venezuela",0.189
2015,"01","18","Argentina",0.036
2015,"01","18","Bolivia",0.003
2015,"01","18","Brazil",0.107
2015,"01","18","India",0.049
2015,"01","18","Indonesia",0.128
2015,"01","18","Mexico",0.104
2015,"01","18","Philippines",0.085
2015,"01","18","Singapore",0.123
2015,"01","18","Thailand",0.11
2015,"01","18","Venezuela",0.197
2015,"01","25","Argentina",0.043
2015,"01","25","Bolivia",0.004
2015,"01","25","Brazil",0.146
2015,"01","25","India",0.052
2015,"01","25","Indonesia",0.155
2015,"01","25","Mexico",0.099
2015,"01","25","Philippines",0.068
2015,"01","25","Singapore",0.116
2015,"01","25","Thailand",0.13
2015,"01","25","Venezuela",0.186
2015,"02","01","Argentina",0.039
2015,"02","01","Bolivia",0.008
2015,"02","01","Brazil",0.195
2015,"02","01","India",0.058
2015,"02","01","Indonesia",0.177
2015,"02","01","Mexico",0.093
2015,"02","01","Philippines",0.08
2015,"02","01","Singapore",0.112
2015,"02","01","Thailand",0.117
2015,"02","01","Venezuela",0.189
2015,"02","08","Argentina",0.043
2015,"02","08","Bolivia",0.009
2015,"02","08","Brazil",0.252
2015,"02","08","India",0.05
2015,"02","08","Indonesia",0.157
2015,"02","08","Mexico",0.09
2015,"02","08","Philippines",0.073
2015,"02","08","Singapore",0.11
2015,"02","08","Thailand",0.123
2015,"02","08","Venezuela",0.166
2015,"02","15","Argentina",0.043
2015,"02","15","Bolivia",0.01
2015,"02","15","Brazil",0.294
2015,"02","15","India",0.041
2015,"02","15","Indonesia",0.133
2015,"02","15","Mexico",0.102
2015,"02","15","Philippines",0.066
2015,"02","15","Singapore",0.099
2015,"02","15","Thailand",0.127
2015,"02","15","Venezuela",0.163
2015,"02","22","Argentina",0.034
2015,"02","22","Bolivia",0.019
2015,"02","22","Brazil",0.38
2015,"02","22","India",0.038
2015,"02","22","Indonesia",0.133
2015,"02","22","Mexico",0.1
2015,"02","22","Philippines",0.059
2015,"02","22","Singapore",0.102
2015,"02","22","Thailand",0.125
2015,"02","22","Venezuela",0.162
2015,"03","01","Argentina",0.055
2015,"03","01","Bolivia",0.022
2015,"03","01","Brazil",0.503
2015,"03","01","India",0.027
2015,"03","01","Indonesia",0.119
2015,"03","01","Mexico",0.112
2015,"03","01","Philippines",0.057
2015,"03","01","Singapore",0.101
2015,"03","01","Thailand",0.107
2015,"03","01","Venezuela",0.174
2015,"03","08","Argentina",0.092
2015,"03","08","Bolivia",0.019
2015,"03","08","Brazil",0.612
2015,"03","08","India",0.026
2015,"03","08","Indonesia",0.123
2015,"03","08","Mexico",0.109
2015,"03","08","Philippines",0.054
2015,"03","08","Singapore",0.097
2015,"03","08","Thailand",0.115
2015,"03","08","Venezuela",0.176
2015,"03","15","Argentina",0.135
2015,"03","15","Bolivia",0.025
2015,"03","15","Brazil",0.694
2015,"03","15","India",0.023
2015,"03","15","Indonesia",0.116
2015,"03","15","Mexico",0.109
2015,"03","15","Philippines",0.048
2015,"03","15","Singapore",0.091
2015,"03","15","Thailand",0.107
2015,"03","15","Venezuela",0.163
2015,"03","22","Argentina",0.186
2015,"03","22","Bolivia",0.023
2015,"03","22","Brazil",0.783
2015,"03","22","India",0.019
2015,"03","22","Indonesia",0.11
2015,"03","22","Mexico",0.12
2015,"03","22","Philippines",0.049
2015,"03","22","Singapore",0.088
2015,"03","22","Thailand",0.09
2015,"03","22","Venezuela",0.162
2015,"03","29","Argentina",0.193
2015,"03","29","Bolivia",0.02
2015,"03","29","Brazil",0.753
2015,"03","29","India",0.015
2015,"03","29","Indonesia",0.106
2015,"03","29","Mexico",0.119
2015,"03","29","Philippines",0.053
2015,"03","29","Singapore",0.089
2015,"03","29","Thailand",0.086
2015,"03","29","Venezuela",0.139
2015,"04","05","Argentina",0.183
2015,"04","05","Bolivia",0.026
2015,"04","05","Brazil",0.737
2015,"04","05","India",0.018
2015,"04","05","Indonesia",0.108
2015,"04","05","Mexico",0.139
2015,"04","05","Philippines",0.054
2015,"04","05","Singapore",0.1
2015,"04","05","Thailand",0.088
2015,"04","05","Venezuela",0.158
2015,"04","12","Argentina",0.166
2015,"04","12","Bolivia",0.032
2015,"04","12","Brazil",0.895
2015,"04","12","India",0.02
2015,"04","12","Indonesia",0.11
2015,"04","12","Mexico",0.14
2015,"04","12","Philippines",0.049
2015,"04","12","Singapore",0.095
2015,"04","12","Thailand",0.087
2015,"04","12","Venezuela",0.147
2015,"04","19","Argentina",0.116
2015,"04","19","Bolivia",0.026
2015,"04","19","Brazil",0.801
2015,"04","19","India",0.022
2015,"04","19","Indonesia",0.104
2015,"04","19","Mexico",0.14
2015,"04","19","Philippines",0.045
2015,"04","19","Singapore",0.096
2015,"04","19","Thailand",0.112
2015,"04","19","Venezuela",0.158
2015,"04","26","Argentina",0.101
2015,"04","26","Bolivia",0.031
2015,"04","26","Brazil",0.714
2015,"04","26","India",0.019
2015,"04","26","Indonesia",0.106
2015,"04","26","Mexico",0.133
2015,"04","26","Philippines",0.048
2015,"04","26","Singapore",0.097
2015,"04","26","Thailand",0.11
2015,"04","26","Venezuela",0.143
2015,"05","03","Argentina",0.07
2015,"05","03","Bolivia",0.022
2015,"05","03","Brazil",0.7
2015,"05","03","India",0.02
2015,"05","03","Indonesia",0.103
2015,"05","03","Mexico",0.127
2015,"05","03","Philippines",0.046
2015,"05","03","Singapore",0.099
2015,"05","03","Thailand",0.119
2015,"05","03","Venezuela",0.155
2015,"05","10","Argentina",0.08
2015,"05","10","Bolivia",0.02
2015,"05","10","Brazil",0.537
2015,"05","10","India",0.02
2015,"05","10","Indonesia",0.102
2015,"05","10","Mexico",0.134
2015,"05","10","Philippines",0.047
2015,"05","10","Singapore",0.121
2015,"05","10","Thailand",0.137
2015,"05","10","Venezuela",0.152
2015,"05","17","Argentina",0.07
2015,"05","17","Bolivia",0.02
2015,"05","17","Brazil",0.456
2015,"05","17","India",0.022
2015,"05","17","Indonesia",0.104
2015,"05","17","Mexico",0.138
2015,"05","17","Philippines",0.051
2015,"05","17","Singapore",0.121
2015,"05","17","Thailand",0.178
2015,"05","17","Venezuela",0.149
2015,"05","24","Argentina",0.048
2015,"05","24","Bolivia",0.015
2015,"05","24","Brazil",0.383
2015,"05","24","India",0.023
2015,"05","24","Indonesia",0.101
2015,"05","24","Mexico",0.132
2015,"05","24","Philippines",0.049
2015,"05","24","Singapore",0.13
2015,"05","24","Thailand",0.213
2015,"05","24","Venezuela",0.157
2015,"05","31","Argentina",0.051
2015,"05","31","Bolivia",0.012
2015,"05","31","Brazil",0.275
2015,"05","31","India",0.028
2015,"05","31","Indonesia",0.098
2015,"05","31","Mexico",0.138
2015,"05","31","Philippines",0.052
2015,"05","31","Singapore",0.128
2015,"05","31","Thailand",0.234
2015,"05","31","Venezuela",0.15
2015,"06","07","Argentina",0.039
2015,"06","07","Bolivia",0.013
2015,"06","07","Brazil",0.265
2015,"06","07","India",0.038
2015,"06","07","Indonesia",0.097
2015,"06","07","Mexico",0.147
2015,"06","07","Philippines",0.053
2015,"06","07","Singapore",0.124
2015,"06","07","Thailand",0.271
2015,"06","07","Venezuela",0.144
2015,"06","14","Argentina",0.041
2015,"06","14","Bolivia",0.01
2015,"06","14","Brazil",0.211
2015,"06","14","India",0.058
2015,"06","14","Indonesia",0.092
2015,"06","14","Mexico",0.17
2015,"06","14","Philippines",0.05
2015,"06","14","Singapore",0.139
2015,"06","14","Thailand",0.31
2015,"06","14","Venezuela",0.153
2015,"06","21","Argentina",0.036
2015,"06","21","Bolivia",0.007
2015,"06","21","Brazil",0.155
2015,"06","21","India",0.072
2015,"06","21","Indonesia",0.09
2015,"06","21","Mexico",0.19
2015,"06","21","Philippines",0.061
2015,"06","21","Singapore",0.119
2015,"06","21","Thailand",0.342
2015,"06","21","Venezuela",0.154
2015,"06","28","Argentina",0.029
2015,"06","28","Bolivia",0.007
2015,"06","28","Brazil",0.124
2015,"06","28","India",0.084
2015,"06","28","Indonesia",0.087
2015,"06","28","Mexico",0.2
2015,"06","28","Philippines",0.07
2015,"06","28","Singapore",0.115
2015,"06","28","Thailand",0.399
2015,"06","28","Venezuela",0.162
2015,"07","05","Argentina",0.022
2015,"07","05","Bolivia",0.004
2015,"07","05","Brazil",0.101
2015,"07","05","India",0.096
2015,"07","05","Indonesia",0.085
2015,"07","05","Mexico",0.22
2015,"07","05","Philippines",0.083
2015,"07","05","Singapore",0.113
2015,"07","05","Thailand",0.357
2015,"07","05","Venezuela",0.171
2015,"07","12","Argentina",0.017
2015,"07","12","Bolivia",0.001
2015,"07","12","Brazil",0.104
2015,"07","12","India",0.105
2015,"07","12","Indonesia",0.077
2015,"07","12","Mexico",0.229
2015,"07","12","Philippines",0.092
2015,"07","12","Singapore",0.107
2015,"07","12","Thailand",0.384
2015,"07","12","Venezuela",0.166
2015,"07","19","Argentina",0.014
2015,"07","19","Bolivia",0.001
2015,"07","19","Brazil",0.09
2015,"07","19","India",0.135
2015,"07","19","Indonesia",0.077
2015,"07","19","Mexico",0.249
2015,"07","19","Philippines",0.11
2015,"07","19","Singapore",0.119
2015,"07","19","Thailand",0.411
2015,"07","19","Venezuela",0.175
2015,"07","26","Argentina",0.022
2015,"07","26","Bolivia",0.005
2015,"07","26","Brazil",0.088
2015,"07","26","India",0.144
2015,"07","26","Indonesia",0.084
2015,"07","26","Mexico",0.273
2015,"07","26","Philippines",0.125
2015,"07","26","Singapore",0.111
2015,"07","26","Thailand",0.334
2015,"07","26","Venezuela",0.174
2015,"08","02","Argentina",0.024
2015,"08","02","Bolivia",0.005
2015,"08","02","Brazil",0.085
2015,"08","02","India",0.166
2015,"08","02","Indonesia",0.078
2015,"08","02","Mexico",0.283
2015,"08","02","Philippines",0.137
2015,"08","02","Singapore",0.105
2015,"08","02","Thailand",0.408
2015,"08","02","Venezuela",0.179
2015,"08","09","Argentina",0.022
2015,"08","09","Bolivia",0.008
2015,"08","09","Brazil",0.08
2015,"08","09","India",0.19
2015,"08","09","Indonesia",0.077
2015,"08","09","Mexico",0.281
2015,"08","09","Philippines",0.143
2015,"08","09","Singapore",0.106
2015,"08","09","Thailand",0.415
2015,"08","09","Venezuela",0.177
