"year","month","day","country","flu_activity"
2002,"12","29","Argentina",NA
2002,"12","29","Australia",NA
2002,"12","29","Austria",NA
2002,"12","29","Belgium",NA
2002,"12","29","Bolivia",NA
2002,"12","29","Brazil",174
2002,"12","29","Bulgaria",NA
2002,"12","29","Canada",NA
2002,"12","29","Chile",NA
2002,"12","29","France",NA
2002,"12","29","Germany",NA
2002,"12","29","Hungary",NA
2002,"12","29","Japan",NA
2002,"12","29","Mexico",NA
2002,"12","29","Netherlands",NA
2002,"12","29","New Zealand",NA
2002,"12","29","Norway",NA
2002,"12","29","Paraguay",NA
2002,"12","29","Peru",329
2002,"12","29","Poland",NA
2002,"12","29","Romania",NA
2002,"12","29","Russia",NA
2002,"12","29","South Africa",NA
2002,"12","29","Spain",NA
2002,"12","29","Sweden",NA
2002,"12","29","Switzerland",NA
2002,"12","29","Ukraine",NA
2002,"12","29","United States",NA
2002,"12","29","Uruguay",NA
2003,"01","05","Argentina",NA
2003,"01","05","Australia",NA
2003,"01","05","Austria",NA
2003,"01","05","Belgium",NA
2003,"01","05","Bolivia",NA
2003,"01","05","Brazil",162
2003,"01","05","Bulgaria",NA
2003,"01","05","Canada",NA
2003,"01","05","Chile",NA
2003,"01","05","France",NA
2003,"01","05","Germany",NA
2003,"01","05","Hungary",NA
2003,"01","05","Japan",NA
2003,"01","05","Mexico",NA
2003,"01","05","Netherlands",NA
2003,"01","05","New Zealand",NA
2003,"01","05","Norway",NA
2003,"01","05","Paraguay",NA
2003,"01","05","Peru",315
2003,"01","05","Poland",NA
2003,"01","05","Romania",NA
2003,"01","05","Russia",NA
2003,"01","05","South Africa",NA
2003,"01","05","Spain",NA
2003,"01","05","Sweden",NA
2003,"01","05","Switzerland",NA
2003,"01","05","Ukraine",NA
2003,"01","05","United States",NA
2003,"01","05","Uruguay",NA
2003,"01","12","Argentina",NA
2003,"01","12","Australia",NA
2003,"01","12","Austria",NA
2003,"01","12","Belgium",NA
2003,"01","12","Bolivia",NA
2003,"01","12","Brazil",174
2003,"01","12","Bulgaria",NA
2003,"01","12","Canada",NA
2003,"01","12","Chile",1
2003,"01","12","France",NA
2003,"01","12","Germany",NA
2003,"01","12","Hungary",NA
2003,"01","12","Japan",NA
2003,"01","12","Mexico",NA
2003,"01","12","Netherlands",NA
2003,"01","12","New Zealand",NA
2003,"01","12","Norway",NA
2003,"01","12","Paraguay",NA
2003,"01","12","Peru",314
2003,"01","12","Poland",NA
2003,"01","12","Romania",NA
2003,"01","12","Russia",NA
2003,"01","12","South Africa",NA
2003,"01","12","Spain",NA
2003,"01","12","Sweden",NA
2003,"01","12","Switzerland",NA
2003,"01","12","Ukraine",NA
2003,"01","12","United States",NA
2003,"01","12","Uruguay",NA
2003,"01","19","Argentina",NA
2003,"01","19","Australia",NA
2003,"01","19","Austria",NA
2003,"01","19","Belgium",NA
2003,"01","19","Bolivia",NA
2003,"01","19","Brazil",162
2003,"01","19","Bulgaria",NA
2003,"01","19","Canada",NA
2003,"01","19","Chile",0
2003,"01","19","France",NA
2003,"01","19","Germany",NA
2003,"01","19","Hungary",NA
2003,"01","19","Japan",NA
2003,"01","19","Mexico",NA
2003,"01","19","Netherlands",NA
2003,"01","19","New Zealand",NA
2003,"01","19","Norway",NA
2003,"01","19","Paraguay",NA
2003,"01","19","Peru",267
2003,"01","19","Poland",NA
2003,"01","19","Romania",NA
2003,"01","19","Russia",NA
2003,"01","19","South Africa",NA
2003,"01","19","Spain",NA
2003,"01","19","Sweden",NA
2003,"01","19","Switzerland",NA
2003,"01","19","Ukraine",NA
2003,"01","19","United States",NA
2003,"01","19","Uruguay",NA
2003,"01","26","Argentina",NA
2003,"01","26","Australia",NA
2003,"01","26","Austria",NA
2003,"01","26","Belgium",NA
2003,"01","26","Bolivia",NA
2003,"01","26","Brazil",131
2003,"01","26","Bulgaria",NA
2003,"01","26","Canada",NA
2003,"01","26","Chile",0
2003,"01","26","France",NA
2003,"01","26","Germany",NA
2003,"01","26","Hungary",NA
2003,"01","26","Japan",NA
2003,"01","26","Mexico",NA
2003,"01","26","Netherlands",NA
2003,"01","26","New Zealand",NA
2003,"01","26","Norway",NA
2003,"01","26","Paraguay",NA
2003,"01","26","Peru",241
2003,"01","26","Poland",NA
2003,"01","26","Romania",NA
2003,"01","26","Russia",NA
2003,"01","26","South Africa",NA
2003,"01","26","Spain",NA
2003,"01","26","Sweden",NA
2003,"01","26","Switzerland",NA
2003,"01","26","Ukraine",NA
2003,"01","26","United States",NA
2003,"01","26","Uruguay",NA
2003,"02","02","Argentina",136
2003,"02","02","Australia",NA
2003,"02","02","Austria",NA
2003,"02","02","Belgium",NA
2003,"02","02","Bolivia",NA
2003,"02","02","Brazil",151
2003,"02","02","Bulgaria",NA
2003,"02","02","Canada",NA
2003,"02","02","Chile",0
2003,"02","02","France",NA
2003,"02","02","Germany",NA
2003,"02","02","Hungary",NA
2003,"02","02","Japan",NA
2003,"02","02","Mexico",NA
2003,"02","02","Netherlands",NA
2003,"02","02","New Zealand",NA
2003,"02","02","Norway",NA
2003,"02","02","Paraguay",NA
2003,"02","02","Peru",227
2003,"02","02","Poland",NA
2003,"02","02","Romania",NA
2003,"02","02","Russia",NA
2003,"02","02","South Africa",NA
2003,"02","02","Spain",NA
2003,"02","02","Sweden",NA
2003,"02","02","Switzerland",NA
2003,"02","02","Ukraine",NA
2003,"02","02","United States",NA
2003,"02","02","Uruguay",NA
2003,"02","09","Argentina",145
2003,"02","09","Australia",NA
2003,"02","09","Austria",NA
2003,"02","09","Belgium",NA
2003,"02","09","Bolivia",NA
2003,"02","09","Brazil",184
2003,"02","09","Bulgaria",NA
2003,"02","09","Canada",NA
2003,"02","09","Chile",0
2003,"02","09","France",NA
2003,"02","09","Germany",NA
2003,"02","09","Hungary",NA
2003,"02","09","Japan",NA
2003,"02","09","Mexico",NA
2003,"02","09","Netherlands",NA
2003,"02","09","New Zealand",NA
2003,"02","09","Norway",NA
2003,"02","09","Paraguay",NA
2003,"02","09","Peru",250
2003,"02","09","Poland",NA
2003,"02","09","Romania",664
2003,"02","09","Russia",NA
2003,"02","09","South Africa",NA
2003,"02","09","Spain",NA
2003,"02","09","Sweden",NA
2003,"02","09","Switzerland",NA
2003,"02","09","Ukraine",NA
2003,"02","09","United States",NA
2003,"02","09","Uruguay",NA
2003,"02","16","Argentina",141
2003,"02","16","Australia",NA
2003,"02","16","Austria",NA
2003,"02","16","Belgium",NA
2003,"02","16","Bolivia",NA
2003,"02","16","Brazil",162
2003,"02","16","Bulgaria",NA
2003,"02","16","Canada",NA
2003,"02","16","Chile",0
2003,"02","16","France",NA
2003,"02","16","Germany",NA
2003,"02","16","Hungary",NA
2003,"02","16","Japan",NA
2003,"02","16","Mexico",NA
2003,"02","16","Netherlands",NA
2003,"02","16","New Zealand",NA
2003,"02","16","Norway",NA
2003,"02","16","Paraguay",NA
2003,"02","16","Peru",236
2003,"02","16","Poland",NA
2003,"02","16","Romania",736
2003,"02","16","Russia",NA
2003,"02","16","South Africa",NA
2003,"02","16","Spain",NA
2003,"02","16","Sweden",NA
2003,"02","16","Switzerland",NA
2003,"02","16","Ukraine",NA
2003,"02","16","United States",NA
2003,"02","16","Uruguay",NA
2003,"02","23","Argentina",135
2003,"02","23","Australia",NA
2003,"02","23","Austria",NA
2003,"02","23","Belgium",NA
2003,"02","23","Bolivia",426
2003,"02","23","Brazil",194
2003,"02","23","Bulgaria",NA
2003,"02","23","Canada",NA
2003,"02","23","Chile",0
2003,"02","23","France",NA
2003,"02","23","Germany",NA
2003,"02","23","Hungary",NA
2003,"02","23","Japan",NA
2003,"02","23","Mexico",NA
2003,"02","23","Netherlands",NA
2003,"02","23","New Zealand",NA
2003,"02","23","Norway",NA
2003,"02","23","Paraguay",NA
2003,"02","23","Peru",274
2003,"02","23","Poland",NA
2003,"02","23","Romania",740
2003,"02","23","Russia",NA
2003,"02","23","South Africa",NA
2003,"02","23","Spain",NA
2003,"02","23","Sweden",NA
2003,"02","23","Switzerland",NA
2003,"02","23","Ukraine",NA
2003,"02","23","United States",NA
2003,"02","23","Uruguay",NA
2003,"03","02","Argentina",134
2003,"03","02","Australia",NA
2003,"03","02","Austria",NA
2003,"03","02","Belgium",NA
2003,"03","02","Bolivia",427
2003,"03","02","Brazil",177
2003,"03","02","Bulgaria",NA
2003,"03","02","Canada",NA
2003,"03","02","Chile",0
2003,"03","02","France",NA
2003,"03","02","Germany",NA
2003,"03","02","Hungary",NA
2003,"03","02","Japan",NA
2003,"03","02","Mexico",NA
2003,"03","02","Netherlands",NA
2003,"03","02","New Zealand",NA
2003,"03","02","Norway",NA
2003,"03","02","Paraguay",NA
2003,"03","02","Peru",270
2003,"03","02","Poland",NA
2003,"03","02","Romania",864
2003,"03","02","Russia",NA
2003,"03","02","South Africa",NA
2003,"03","02","Spain",NA
2003,"03","02","Sweden",NA
2003,"03","02","Switzerland",NA
2003,"03","02","Ukraine",NA
2003,"03","02","United States",NA
2003,"03","02","Uruguay",NA
2003,"03","09","Argentina",136
2003,"03","09","Australia",NA
2003,"03","09","Austria",NA
2003,"03","09","Belgium",NA
2003,"03","09","Bolivia",460
2003,"03","09","Brazil",223
2003,"03","09","Bulgaria",NA
2003,"03","09","Canada",NA
2003,"03","09","Chile",0
2003,"03","09","France",NA
2003,"03","09","Germany",NA
2003,"03","09","Hungary",NA
2003,"03","09","Japan",NA
2003,"03","09","Mexico",NA
2003,"03","09","Netherlands",NA
2003,"03","09","New Zealand",NA
2003,"03","09","Norway",NA
2003,"03","09","Paraguay",NA
2003,"03","09","Peru",312
2003,"03","09","Poland",NA
2003,"03","09","Romania",824
2003,"03","09","Russia",NA
2003,"03","09","South Africa",NA
2003,"03","09","Spain",NA
2003,"03","09","Sweden",NA
2003,"03","09","Switzerland",NA
2003,"03","09","Ukraine",NA
2003,"03","09","United States",NA
2003,"03","09","Uruguay",NA
2003,"03","16","Argentina",134
2003,"03","16","Australia",NA
2003,"03","16","Austria",NA
2003,"03","16","Belgium",NA
2003,"03","16","Bolivia",541
2003,"03","16","Brazil",213
2003,"03","16","Bulgaria",NA
2003,"03","16","Canada",NA
2003,"03","16","Chile",1
2003,"03","16","France",NA
2003,"03","16","Germany",NA
2003,"03","16","Hungary",NA
2003,"03","16","Japan",NA
2003,"03","16","Mexico",NA
2003,"03","16","Netherlands",NA
2003,"03","16","New Zealand",NA
2003,"03","16","Norway",NA
2003,"03","16","Paraguay",NA
2003,"03","16","Peru",350
2003,"03","16","Poland",NA
2003,"03","16","Romania",819
2003,"03","16","Russia",NA
2003,"03","16","South Africa",NA
2003,"03","16","Spain",NA
2003,"03","16","Sweden",NA
2003,"03","16","Switzerland",NA
2003,"03","16","Ukraine",NA
2003,"03","16","United States",NA
2003,"03","16","Uruguay",105
2003,"03","23","Argentina",153
2003,"03","23","Australia",NA
2003,"03","23","Austria",NA
2003,"03","23","Belgium",NA
2003,"03","23","Bolivia",549
2003,"03","23","Brazil",228
2003,"03","23","Bulgaria",NA
2003,"03","23","Canada",NA
2003,"03","23","Chile",1
2003,"03","23","France",NA
2003,"03","23","Germany",NA
2003,"03","23","Hungary",NA
2003,"03","23","Japan",NA
2003,"03","23","Mexico",NA
2003,"03","23","Netherlands",NA
2003,"03","23","New Zealand",NA
2003,"03","23","Norway",NA
2003,"03","23","Paraguay",NA
2003,"03","23","Peru",340
2003,"03","23","Poland",NA
2003,"03","23","Romania",821
2003,"03","23","Russia",NA
2003,"03","23","South Africa",NA
2003,"03","23","Spain",NA
2003,"03","23","Sweden",NA
2003,"03","23","Switzerland",NA
2003,"03","23","Ukraine",NA
2003,"03","23","United States",NA
2003,"03","23","Uruguay",102
2003,"03","30","Argentina",158
2003,"03","30","Australia",NA
2003,"03","30","Austria",NA
2003,"03","30","Belgium",NA
2003,"03","30","Bolivia",647
2003,"03","30","Brazil",262
2003,"03","30","Bulgaria",NA
2003,"03","30","Canada",NA
2003,"03","30","Chile",2
2003,"03","30","France",NA
2003,"03","30","Germany",NA
2003,"03","30","Hungary",NA
2003,"03","30","Japan",NA
2003,"03","30","Mexico",NA
2003,"03","30","Netherlands",NA
2003,"03","30","New Zealand",NA
2003,"03","30","Norway",NA
2003,"03","30","Paraguay",NA
2003,"03","30","Peru",301
2003,"03","30","Poland",NA
2003,"03","30","Romania",753
2003,"03","30","Russia",NA
2003,"03","30","South Africa",NA
2003,"03","30","Spain",NA
2003,"03","30","Sweden",NA
2003,"03","30","Switzerland",NA
2003,"03","30","Ukraine",NA
2003,"03","30","United States",NA
2003,"03","30","Uruguay",104
2003,"04","06","Argentina",187
2003,"04","06","Australia",NA
2003,"04","06","Austria",NA
2003,"04","06","Belgium",NA
2003,"04","06","Bolivia",636
2003,"04","06","Brazil",308
2003,"04","06","Bulgaria",NA
2003,"04","06","Canada",NA
2003,"04","06","Chile",1
2003,"04","06","France",NA
2003,"04","06","Germany",NA
2003,"04","06","Hungary",NA
2003,"04","06","Japan",NA
2003,"04","06","Mexico",NA
2003,"04","06","Netherlands",NA
2003,"04","06","New Zealand",NA
2003,"04","06","Norway",NA
2003,"04","06","Paraguay",NA
2003,"04","06","Peru",401
2003,"04","06","Poland",NA
2003,"04","06","Romania",777
2003,"04","06","Russia",NA
2003,"04","06","South Africa",NA
2003,"04","06","Spain",NA
2003,"04","06","Sweden",NA
2003,"04","06","Switzerland",NA
2003,"04","06","Ukraine",NA
2003,"04","06","United States",NA
2003,"04","06","Uruguay",110
2003,"04","13","Argentina",193
2003,"04","13","Australia",NA
2003,"04","13","Austria",NA
2003,"04","13","Belgium",NA
2003,"04","13","Bolivia",580
2003,"04","13","Brazil",259
2003,"04","13","Bulgaria",NA
2003,"04","13","Canada",NA
2003,"04","13","Chile",1
2003,"04","13","France",NA
2003,"04","13","Germany",NA
2003,"04","13","Hungary",NA
2003,"04","13","Japan",NA
2003,"04","13","Mexico",NA
2003,"04","13","Netherlands",NA
2003,"04","13","New Zealand",NA
2003,"04","13","Norway",NA
2003,"04","13","Paraguay",NA
2003,"04","13","Peru",508
2003,"04","13","Poland",NA
2003,"04","13","Romania",757
2003,"04","13","Russia",NA
2003,"04","13","South Africa",NA
2003,"04","13","Spain",NA
2003,"04","13","Sweden",NA
2003,"04","13","Switzerland",NA
2003,"04","13","Ukraine",NA
2003,"04","13","United States",NA
2003,"04","13","Uruguay",111
2003,"04","20","Argentina",186
2003,"04","20","Australia",NA
2003,"04","20","Austria",NA
2003,"04","20","Belgium",NA
2003,"04","20","Bolivia",537
2003,"04","20","Brazil",287
2003,"04","20","Bulgaria",NA
2003,"04","20","Canada",NA
2003,"04","20","Chile",1
2003,"04","20","France",NA
2003,"04","20","Germany",NA
2003,"04","20","Hungary",NA
2003,"04","20","Japan",NA
2003,"04","20","Mexico",NA
2003,"04","20","Netherlands",NA
2003,"04","20","New Zealand",NA
2003,"04","20","Norway",NA
2003,"04","20","Paraguay",NA
2003,"04","20","Peru",527
2003,"04","20","Poland",NA
2003,"04","20","Romania",726
2003,"04","20","Russia",NA
2003,"04","20","South Africa",NA
2003,"04","20","Spain",NA
2003,"04","20","Sweden",NA
2003,"04","20","Switzerland",NA
2003,"04","20","Ukraine",NA
2003,"04","20","United States",NA
2003,"04","20","Uruguay",106
2003,"04","27","Argentina",209
2003,"04","27","Australia",NA
2003,"04","27","Austria",NA
2003,"04","27","Belgium",NA
2003,"04","27","Bolivia",525
2003,"04","27","Brazil",299
2003,"04","27","Bulgaria",NA
2003,"04","27","Canada",NA
2003,"04","27","Chile",2
2003,"04","27","France",NA
2003,"04","27","Germany",NA
2003,"04","27","Hungary",NA
2003,"04","27","Japan",NA
2003,"04","27","Mexico",NA
2003,"04","27","Netherlands",NA
2003,"04","27","New Zealand",NA
2003,"04","27","Norway",NA
2003,"04","27","Paraguay",NA
2003,"04","27","Peru",567
2003,"04","27","Poland",NA
2003,"04","27","Romania",703
2003,"04","27","Russia",NA
2003,"04","27","South Africa",NA
2003,"04","27","Spain",NA
2003,"04","27","Sweden",NA
2003,"04","27","Switzerland",NA
2003,"04","27","Ukraine",NA
2003,"04","27","United States",NA
2003,"04","27","Uruguay",104
2003,"05","04","Argentina",239
2003,"05","04","Australia",NA
2003,"05","04","Austria",NA
2003,"05","04","Belgium",NA
2003,"05","04","Bolivia",493
2003,"05","04","Brazil",319
2003,"05","04","Bulgaria",NA
2003,"05","04","Canada",NA
2003,"05","04","Chile",4
2003,"05","04","France",NA
2003,"05","04","Germany",NA
2003,"05","04","Hungary",NA
2003,"05","04","Japan",NA
2003,"05","04","Mexico",NA
2003,"05","04","Netherlands",NA
2003,"05","04","New Zealand",NA
2003,"05","04","Norway",NA
2003,"05","04","Paraguay",NA
2003,"05","04","Peru",494
2003,"05","04","Poland",NA
2003,"05","04","Romania",655
2003,"05","04","Russia",NA
2003,"05","04","South Africa",NA
2003,"05","04","Spain",NA
2003,"05","04","Sweden",NA
2003,"05","04","Switzerland",NA
2003,"05","04","Ukraine",NA
2003,"05","04","United States",NA
2003,"05","04","Uruguay",116
2003,"05","11","Argentina",241
2003,"05","11","Australia",NA
2003,"05","11","Austria",NA
2003,"05","11","Belgium",NA
2003,"05","11","Bolivia",560
2003,"05","11","Brazil",336
2003,"05","11","Bulgaria",NA
2003,"05","11","Canada",NA
2003,"05","11","Chile",3
2003,"05","11","France",NA
2003,"05","11","Germany",NA
2003,"05","11","Hungary",NA
2003,"05","11","Japan",NA
2003,"05","11","Mexico",NA
2003,"05","11","Netherlands",NA
2003,"05","11","New Zealand",NA
2003,"05","11","Norway",NA
2003,"05","11","Paraguay",NA
2003,"05","11","Peru",456
2003,"05","11","Poland",NA
2003,"05","11","Romania",657
2003,"05","11","Russia",NA
2003,"05","11","South Africa",NA
2003,"05","11","Spain",NA
2003,"05","11","Sweden",NA
2003,"05","11","Switzerland",NA
2003,"05","11","Ukraine",NA
2003,"05","11","United States",NA
2003,"05","11","Uruguay",122
2003,"05","18","Argentina",232
2003,"05","18","Australia",NA
2003,"05","18","Austria",NA
2003,"05","18","Belgium",NA
2003,"05","18","Bolivia",539
2003,"05","18","Brazil",361
2003,"05","18","Bulgaria",NA
2003,"05","18","Canada",NA
2003,"05","18","Chile",1
2003,"05","18","France",NA
2003,"05","18","Germany",NA
2003,"05","18","Hungary",NA
2003,"05","18","Japan",NA
2003,"05","18","Mexico",NA
2003,"05","18","Netherlands",NA
2003,"05","18","New Zealand",NA
2003,"05","18","Norway",NA
2003,"05","18","Paraguay",NA
2003,"05","18","Peru",450
2003,"05","18","Poland",NA
2003,"05","18","Romania",639
2003,"05","18","Russia",NA
2003,"05","18","South Africa",NA
2003,"05","18","Spain",NA
2003,"05","18","Sweden",NA
2003,"05","18","Switzerland",NA
2003,"05","18","Ukraine",NA
2003,"05","18","United States",NA
2003,"05","18","Uruguay",119
2003,"05","25","Argentina",251
2003,"05","25","Australia",NA
2003,"05","25","Austria",NA
2003,"05","25","Belgium",NA
2003,"05","25","Bolivia",547
2003,"05","25","Brazil",385
2003,"05","25","Bulgaria",NA
2003,"05","25","Canada",NA
2003,"05","25","Chile",1
2003,"05","25","France",NA
2003,"05","25","Germany",NA
2003,"05","25","Hungary",NA
2003,"05","25","Japan",NA
2003,"05","25","Mexico",NA
2003,"05","25","Netherlands",NA
2003,"05","25","New Zealand",NA
2003,"05","25","Norway",NA
2003,"05","25","Paraguay",NA
2003,"05","25","Peru",441
2003,"05","25","Poland",NA
2003,"05","25","Romania",613
2003,"05","25","Russia",NA
2003,"05","25","South Africa",NA
2003,"05","25","Spain",NA
2003,"05","25","Sweden",NA
2003,"05","25","Switzerland",NA
2003,"05","25","Ukraine",NA
2003,"05","25","United States",NA
2003,"05","25","Uruguay",118
2003,"06","01","Argentina",253
2003,"06","01","Australia",NA
2003,"06","01","Austria",NA
2003,"06","01","Belgium",NA
2003,"06","01","Bolivia",567
2003,"06","01","Brazil",403
2003,"06","01","Bulgaria",NA
2003,"06","01","Canada",NA
2003,"06","01","Chile",2
2003,"06","01","France",NA
2003,"06","01","Germany",NA
2003,"06","01","Hungary",NA
2003,"06","01","Japan",NA
2003,"06","01","Mexico",NA
2003,"06","01","Netherlands",NA
2003,"06","01","New Zealand",NA
2003,"06","01","Norway",NA
2003,"06","01","Paraguay",NA
2003,"06","01","Peru",497
2003,"06","01","Poland",NA
2003,"06","01","Romania",584
2003,"06","01","Russia",NA
2003,"06","01","South Africa",NA
2003,"06","01","Spain",NA
2003,"06","01","Sweden",NA
2003,"06","01","Switzerland",NA
2003,"06","01","Ukraine",NA
2003,"06","01","United States",NA
2003,"06","01","Uruguay",128
2003,"06","08","Argentina",261
2003,"06","08","Australia",NA
2003,"06","08","Austria",NA
2003,"06","08","Belgium",NA
2003,"06","08","Bolivia",529
2003,"06","08","Brazil",371
2003,"06","08","Bulgaria",NA
2003,"06","08","Canada",NA
2003,"06","08","Chile",2
2003,"06","08","France",NA
2003,"06","08","Germany",NA
2003,"06","08","Hungary",NA
2003,"06","08","Japan",NA
2003,"06","08","Mexico",NA
2003,"06","08","Netherlands",NA
2003,"06","08","New Zealand",NA
2003,"06","08","Norway",NA
2003,"06","08","Paraguay",NA
2003,"06","08","Peru",358
2003,"06","08","Poland",NA
2003,"06","08","Romania",568
2003,"06","08","Russia",NA
2003,"06","08","South Africa",NA
2003,"06","08","Spain",NA
2003,"06","08","Sweden",NA
2003,"06","08","Switzerland",NA
2003,"06","08","Ukraine",NA
2003,"06","08","United States",NA
2003,"06","08","Uruguay",157
2003,"06","15","Argentina",258
2003,"06","15","Australia",NA
2003,"06","15","Austria",NA
2003,"06","15","Belgium",NA
2003,"06","15","Bolivia",521
2003,"06","15","Brazil",334
2003,"06","15","Bulgaria",NA
2003,"06","15","Canada",NA
2003,"06","15","Chile",3
2003,"06","15","France",NA
2003,"06","15","Germany",NA
2003,"06","15","Hungary",NA
2003,"06","15","Japan",NA
2003,"06","15","Mexico",NA
2003,"06","15","Netherlands",NA
2003,"06","15","New Zealand",NA
2003,"06","15","Norway",NA
2003,"06","15","Paraguay",NA
2003,"06","15","Peru",410
2003,"06","15","Poland",NA
2003,"06","15","Romania",561
2003,"06","15","Russia",NA
2003,"06","15","South Africa",NA
2003,"06","15","Spain",NA
2003,"06","15","Sweden",NA
2003,"06","15","Switzerland",NA
2003,"06","15","Ukraine",NA
2003,"06","15","United States",NA
2003,"06","15","Uruguay",221
2003,"06","22","Argentina",278
2003,"06","22","Australia",NA
2003,"06","22","Austria",NA
2003,"06","22","Belgium",NA
2003,"06","22","Bolivia",526
2003,"06","22","Brazil",279
2003,"06","22","Bulgaria",NA
2003,"06","22","Canada",NA
2003,"06","22","Chile",3
2003,"06","22","France",NA
2003,"06","22","Germany",NA
2003,"06","22","Hungary",NA
2003,"06","22","Japan",NA
2003,"06","22","Mexico",NA
2003,"06","22","Netherlands",NA
2003,"06","22","New Zealand",NA
2003,"06","22","Norway",NA
2003,"06","22","Paraguay",NA
2003,"06","22","Peru",427
2003,"06","22","Poland",NA
2003,"06","22","Romania",553
2003,"06","22","Russia",NA
2003,"06","22","South Africa",NA
2003,"06","22","Spain",NA
2003,"06","22","Sweden",NA
2003,"06","22","Switzerland",NA
2003,"06","22","Ukraine",NA
2003,"06","22","United States",NA
2003,"06","22","Uruguay",308
2003,"06","29","Argentina",348
2003,"06","29","Australia",NA
2003,"06","29","Austria",NA
2003,"06","29","Belgium",NA
2003,"06","29","Bolivia",506
2003,"06","29","Brazil",266
2003,"06","29","Bulgaria",NA
2003,"06","29","Canada",NA
2003,"06","29","Chile",4
2003,"06","29","France",NA
2003,"06","29","Germany",NA
2003,"06","29","Hungary",NA
2003,"06","29","Japan",NA
2003,"06","29","Mexico",NA
2003,"06","29","Netherlands",NA
2003,"06","29","New Zealand",NA
2003,"06","29","Norway",NA
2003,"06","29","Paraguay",NA
2003,"06","29","Peru",394
2003,"06","29","Poland",NA
2003,"06","29","Romania",553
2003,"06","29","Russia",NA
2003,"06","29","South Africa",NA
2003,"06","29","Spain",NA
2003,"06","29","Sweden",NA
2003,"06","29","Switzerland",NA
2003,"06","29","Ukraine",NA
2003,"06","29","United States",NA
2003,"06","29","Uruguay",251
2003,"07","06","Argentina",325
2003,"07","06","Australia",NA
2003,"07","06","Austria",NA
2003,"07","06","Belgium",NA
2003,"07","06","Bolivia",480
2003,"07","06","Brazil",256
2003,"07","06","Bulgaria",NA
2003,"07","06","Canada",NA
2003,"07","06","Chile",4
2003,"07","06","France",NA
2003,"07","06","Germany",NA
2003,"07","06","Hungary",NA
2003,"07","06","Japan",NA
2003,"07","06","Mexico",NA
2003,"07","06","Netherlands",NA
2003,"07","06","New Zealand",NA
2003,"07","06","Norway",NA
2003,"07","06","Paraguay",NA
2003,"07","06","Peru",371
2003,"07","06","Poland",NA
2003,"07","06","Romania",545
2003,"07","06","Russia",NA
2003,"07","06","South Africa",NA
2003,"07","06","Spain",NA
2003,"07","06","Sweden",NA
2003,"07","06","Switzerland",NA
2003,"07","06","Ukraine",NA
2003,"07","06","United States",NA
2003,"07","06","Uruguay",205
2003,"07","13","Argentina",307
2003,"07","13","Australia",NA
2003,"07","13","Austria",NA
2003,"07","13","Belgium",NA
2003,"07","13","Bolivia",475
2003,"07","13","Brazil",272
2003,"07","13","Bulgaria",NA
2003,"07","13","Canada",NA
2003,"07","13","Chile",6
2003,"07","13","France",NA
2003,"07","13","Germany",NA
2003,"07","13","Hungary",NA
2003,"07","13","Japan",NA
2003,"07","13","Mexico",NA
2003,"07","13","Netherlands",NA
2003,"07","13","New Zealand",NA
2003,"07","13","Norway",NA
2003,"07","13","Paraguay",NA
2003,"07","13","Peru",441
2003,"07","13","Poland",NA
2003,"07","13","Romania",541
2003,"07","13","Russia",NA
2003,"07","13","South Africa",NA
2003,"07","13","Spain",NA
2003,"07","13","Sweden",NA
2003,"07","13","Switzerland",NA
2003,"07","13","Ukraine",NA
2003,"07","13","United States",NA
2003,"07","13","Uruguay",199
2003,"07","20","Argentina",239
2003,"07","20","Australia",NA
2003,"07","20","Austria",NA
2003,"07","20","Belgium",NA
2003,"07","20","Bolivia",523
2003,"07","20","Brazil",260
2003,"07","20","Bulgaria",NA
2003,"07","20","Canada",NA
2003,"07","20","Chile",4
2003,"07","20","France",NA
2003,"07","20","Germany",NA
2003,"07","20","Hungary",NA
2003,"07","20","Japan",NA
2003,"07","20","Mexico",NA
2003,"07","20","Netherlands",NA
2003,"07","20","New Zealand",NA
2003,"07","20","Norway",NA
2003,"07","20","Paraguay",NA
2003,"07","20","Peru",394
2003,"07","20","Poland",NA
2003,"07","20","Romania",528
2003,"07","20","Russia",NA
2003,"07","20","South Africa",NA
2003,"07","20","Spain",NA
2003,"07","20","Sweden",NA
2003,"07","20","Switzerland",NA
2003,"07","20","Ukraine",NA
2003,"07","20","United States",NA
2003,"07","20","Uruguay",189
2003,"07","27","Argentina",229
2003,"07","27","Australia",NA
2003,"07","27","Austria",NA
2003,"07","27","Belgium",NA
2003,"07","27","Bolivia",520
2003,"07","27","Brazil",225
2003,"07","27","Bulgaria",NA
2003,"07","27","Canada",NA
2003,"07","27","Chile",2
2003,"07","27","France",NA
2003,"07","27","Germany",NA
2003,"07","27","Hungary",NA
2003,"07","27","Japan",NA
2003,"07","27","Mexico",NA
2003,"07","27","Netherlands",NA
2003,"07","27","New Zealand",NA
2003,"07","27","Norway",NA
2003,"07","27","Paraguay",NA
2003,"07","27","Peru",382
2003,"07","27","Poland",NA
2003,"07","27","Romania",522
2003,"07","27","Russia",NA
2003,"07","27","South Africa",NA
2003,"07","27","Spain",NA
2003,"07","27","Sweden",NA
2003,"07","27","Switzerland",NA
2003,"07","27","Ukraine",NA
2003,"07","27","United States",NA
2003,"07","27","Uruguay",173
2003,"08","03","Argentina",235
2003,"08","03","Australia",NA
2003,"08","03","Austria",NA
2003,"08","03","Belgium",NA
2003,"08","03","Bolivia",566
2003,"08","03","Brazil",223
2003,"08","03","Bulgaria",NA
2003,"08","03","Canada",NA
2003,"08","03","Chile",3
2003,"08","03","France",NA
2003,"08","03","Germany",NA
2003,"08","03","Hungary",NA
2003,"08","03","Japan",NA
2003,"08","03","Mexico",NA
2003,"08","03","Netherlands",NA
2003,"08","03","New Zealand",NA
2003,"08","03","Norway",NA
2003,"08","03","Paraguay",NA
2003,"08","03","Peru",388
2003,"08","03","Poland",NA
2003,"08","03","Romania",510
2003,"08","03","Russia",NA
2003,"08","03","South Africa",NA
2003,"08","03","Spain",NA
2003,"08","03","Sweden",NA
2003,"08","03","Switzerland",NA
2003,"08","03","Ukraine",NA
2003,"08","03","United States",NA
2003,"08","03","Uruguay",158
2003,"08","10","Argentina",225
2003,"08","10","Australia",NA
2003,"08","10","Austria",NA
2003,"08","10","Belgium",NA
2003,"08","10","Bolivia",557
2003,"08","10","Brazil",234
2003,"08","10","Bulgaria",NA
2003,"08","10","Canada",NA
2003,"08","10","Chile",1
2003,"08","10","France",NA
2003,"08","10","Germany",NA
2003,"08","10","Hungary",NA
2003,"08","10","Japan",NA
2003,"08","10","Mexico",NA
2003,"08","10","Netherlands",NA
2003,"08","10","New Zealand",NA
2003,"08","10","Norway",NA
2003,"08","10","Paraguay",NA
2003,"08","10","Peru",418
2003,"08","10","Poland",NA
2003,"08","10","Romania",509
2003,"08","10","Russia",NA
2003,"08","10","South Africa",NA
2003,"08","10","Spain",NA
2003,"08","10","Sweden",NA
2003,"08","10","Switzerland",NA
2003,"08","10","Ukraine",NA
2003,"08","10","United States",NA
2003,"08","10","Uruguay",178
2003,"08","17","Argentina",201
2003,"08","17","Australia",NA
2003,"08","17","Austria",NA
2003,"08","17","Belgium",NA
2003,"08","17","Bolivia",595
2003,"08","17","Brazil",262
2003,"08","17","Bulgaria",NA
2003,"08","17","Canada",NA
2003,"08","17","Chile",0
2003,"08","17","France",NA
2003,"08","17","Germany",NA
2003,"08","17","Hungary",NA
2003,"08","17","Japan",NA
2003,"08","17","Mexico",NA
2003,"08","17","Netherlands",NA
2003,"08","17","New Zealand",NA
2003,"08","17","Norway",NA
2003,"08","17","Paraguay",NA
2003,"08","17","Peru",383
2003,"08","17","Poland",NA
2003,"08","17","Romania",496
2003,"08","17","Russia",NA
2003,"08","17","South Africa",NA
2003,"08","17","Spain",NA
2003,"08","17","Sweden",NA
2003,"08","17","Switzerland",NA
2003,"08","17","Ukraine",NA
2003,"08","17","United States",NA
2003,"08","17","Uruguay",184
2003,"08","24","Argentina",192
2003,"08","24","Australia",NA
2003,"08","24","Austria",NA
2003,"08","24","Belgium",NA
2003,"08","24","Bolivia",578
2003,"08","24","Brazil",264
2003,"08","24","Bulgaria",NA
2003,"08","24","Canada",NA
2003,"08","24","Chile",1
2003,"08","24","France",NA
2003,"08","24","Germany",NA
2003,"08","24","Hungary",NA
2003,"08","24","Japan",NA
2003,"08","24","Mexico",NA
2003,"08","24","Netherlands",NA
2003,"08","24","New Zealand",NA
2003,"08","24","Norway",NA
2003,"08","24","Paraguay",NA
2003,"08","24","Peru",468
2003,"08","24","Poland",NA
2003,"08","24","Romania",502
2003,"08","24","Russia",NA
2003,"08","24","South Africa",NA
2003,"08","24","Spain",NA
2003,"08","24","Sweden",NA
2003,"08","24","Switzerland",NA
2003,"08","24","Ukraine",NA
2003,"08","24","United States",NA
2003,"08","24","Uruguay",212
2003,"08","31","Argentina",224
2003,"08","31","Australia",NA
2003,"08","31","Austria",NA
2003,"08","31","Belgium",NA
2003,"08","31","Bolivia",641
2003,"08","31","Brazil",247
2003,"08","31","Bulgaria",NA
2003,"08","31","Canada",NA
2003,"08","31","Chile",2
2003,"08","31","France",NA
2003,"08","31","Germany",NA
2003,"08","31","Hungary",NA
2003,"08","31","Japan",NA
2003,"08","31","Mexico",NA
2003,"08","31","Netherlands",NA
2003,"08","31","New Zealand",NA
2003,"08","31","Norway",NA
2003,"08","31","Paraguay",NA
2003,"08","31","Peru",510
2003,"08","31","Poland",NA
2003,"08","31","Romania",500
2003,"08","31","Russia",NA
2003,"08","31","South Africa",NA
2003,"08","31","Spain",NA
2003,"08","31","Sweden",NA
2003,"08","31","Switzerland",NA
2003,"08","31","Ukraine",NA
2003,"08","31","United States",NA
2003,"08","31","Uruguay",214
2003,"09","07","Argentina",210
2003,"09","07","Australia",NA
2003,"09","07","Austria",NA
2003,"09","07","Belgium",NA
2003,"09","07","Bolivia",625
2003,"09","07","Brazil",246
2003,"09","07","Bulgaria",NA
2003,"09","07","Canada",NA
2003,"09","07","Chile",2
2003,"09","07","France",NA
2003,"09","07","Germany",NA
2003,"09","07","Hungary",NA
2003,"09","07","Japan",NA
2003,"09","07","Mexico",NA
2003,"09","07","Netherlands",NA
2003,"09","07","New Zealand",NA
2003,"09","07","Norway",NA
2003,"09","07","Paraguay",NA
2003,"09","07","Peru",544
2003,"09","07","Poland",NA
2003,"09","07","Romania",491
2003,"09","07","Russia",NA
2003,"09","07","South Africa",NA
2003,"09","07","Spain",NA
2003,"09","07","Sweden",NA
2003,"09","07","Switzerland",NA
2003,"09","07","Ukraine",NA
2003,"09","07","United States",NA
2003,"09","07","Uruguay",208
2003,"09","14","Argentina",204
2003,"09","14","Australia",NA
2003,"09","14","Austria",NA
2003,"09","14","Belgium",NA
2003,"09","14","Bolivia",613
2003,"09","14","Brazil",228
2003,"09","14","Bulgaria",NA
2003,"09","14","Canada",NA
2003,"09","14","Chile",3
2003,"09","14","France",NA
2003,"09","14","Germany",NA
2003,"09","14","Hungary",NA
2003,"09","14","Japan",NA
2003,"09","14","Mexico",NA
2003,"09","14","Netherlands",NA
2003,"09","14","New Zealand",NA
2003,"09","14","Norway",NA
2003,"09","14","Paraguay",NA
2003,"09","14","Peru",630
2003,"09","14","Poland",NA
2003,"09","14","Romania",490
2003,"09","14","Russia",NA
2003,"09","14","South Africa",NA
2003,"09","14","Spain",NA
2003,"09","14","Sweden",NA
2003,"09","14","Switzerland",NA
2003,"09","14","Ukraine",NA
2003,"09","14","United States",NA
2003,"09","14","Uruguay",182
2003,"09","21","Argentina",213
2003,"09","21","Australia",NA
2003,"09","21","Austria",NA
2003,"09","21","Belgium",NA
2003,"09","21","Bolivia",607
2003,"09","21","Brazil",230
2003,"09","21","Bulgaria",NA
2003,"09","21","Canada",NA
2003,"09","21","Chile",3
2003,"09","21","France",NA
2003,"09","21","Germany",NA
2003,"09","21","Hungary",NA
2003,"09","21","Japan",NA
2003,"09","21","Mexico",NA
2003,"09","21","Netherlands",NA
2003,"09","21","New Zealand",NA
2003,"09","21","Norway",NA
2003,"09","21","Paraguay",NA
2003,"09","21","Peru",576
2003,"09","21","Poland",NA
2003,"09","21","Romania",509
2003,"09","21","Russia",NA
2003,"09","21","South Africa",NA
2003,"09","21","Spain",NA
2003,"09","21","Sweden",NA
2003,"09","21","Switzerland",NA
2003,"09","21","Ukraine",NA
2003,"09","21","United States",NA
2003,"09","21","Uruguay",162
2003,"09","28","Argentina",217
2003,"09","28","Australia",NA
2003,"09","28","Austria",515
2003,"09","28","Belgium",50
2003,"09","28","Bolivia",553
2003,"09","28","Brazil",243
2003,"09","28","Bulgaria",NA
2003,"09","28","Canada",1280
2003,"09","28","Chile",2
2003,"09","28","France",25
2003,"09","28","Germany",839
2003,"09","28","Hungary",NA
2003,"09","28","Japan",NA
2003,"09","28","Mexico",683
2003,"09","28","Netherlands",NA
2003,"09","28","New Zealand",NA
2003,"09","28","Norway",NA
2003,"09","28","Paraguay",NA
2003,"09","28","Peru",582
2003,"09","28","Poland",NA
2003,"09","28","Romania",539
2003,"09","28","Russia",NA
2003,"09","28","South Africa",NA
2003,"09","28","Spain",26
2003,"09","28","Sweden",NA
2003,"09","28","Switzerland",NA
2003,"09","28","Ukraine",NA
2003,"09","28","United States",902
2003,"09","28","Uruguay",149
2003,"10","05","Argentina",205
2003,"10","05","Australia",NA
2003,"10","05","Austria",752
2003,"10","05","Belgium",44
2003,"10","05","Bolivia",475
2003,"10","05","Brazil",216
2003,"10","05","Bulgaria",NA
2003,"10","05","Canada",1339
2003,"10","05","Chile",1
2003,"10","05","France",25
2003,"10","05","Germany",1040
2003,"10","05","Hungary",NA
2003,"10","05","Japan",NA
2003,"10","05","Mexico",707
2003,"10","05","Netherlands",25
2003,"10","05","New Zealand",NA
2003,"10","05","Norway",NA
2003,"10","05","Paraguay",NA
2003,"10","05","Peru",450
2003,"10","05","Poland",NA
2003,"10","05","Romania",642
2003,"10","05","Russia",NA
2003,"10","05","South Africa",NA
2003,"10","05","Spain",23
2003,"10","05","Sweden",NA
2003,"10","05","Switzerland",NA
2003,"10","05","Ukraine",NA
2003,"10","05","United States",952
2003,"10","05","Uruguay",147
2003,"10","12","Argentina",174
2003,"10","12","Australia",NA
2003,"10","12","Austria",720
2003,"10","12","Belgium",63
2003,"10","12","Bolivia",448
2003,"10","12","Brazil",206
2003,"10","12","Bulgaria",NA
2003,"10","12","Canada",1451
2003,"10","12","Chile",1
2003,"10","12","France",30
2003,"10","12","Germany",1171
2003,"10","12","Hungary",NA
2003,"10","12","Japan",NA
2003,"10","12","Mexico",800
2003,"10","12","Netherlands",22
2003,"10","12","New Zealand",NA
2003,"10","12","Norway",NA
2003,"10","12","Paraguay",NA
2003,"10","12","Peru",472
2003,"10","12","Poland",NA
2003,"10","12","Romania",706
2003,"10","12","Russia",NA
2003,"10","12","South Africa",NA
2003,"10","12","Spain",43
2003,"10","12","Sweden",NA
2003,"10","12","Switzerland",NA
2003,"10","12","Ukraine",NA
2003,"10","12","United States",1092
2003,"10","12","Uruguay",136
2003,"10","19","Argentina",178
2003,"10","19","Australia",NA
2003,"10","19","Austria",727
2003,"10","19","Belgium",112
2003,"10","19","Bolivia",405
2003,"10","19","Brazil",252
2003,"10","19","Bulgaria",NA
2003,"10","19","Canada",1593
2003,"10","19","Chile",1
2003,"10","19","France",81
2003,"10","19","Germany",1310
2003,"10","19","Hungary",NA
2003,"10","19","Japan",NA
2003,"10","19","Mexico",858
2003,"10","19","Netherlands",19
2003,"10","19","New Zealand",NA
2003,"10","19","Norway",NA
2003,"10","19","Paraguay",NA
2003,"10","19","Peru",395
2003,"10","19","Poland",NA
2003,"10","19","Romania",702
2003,"10","19","Russia",NA
2003,"10","19","South Africa",NA
2003,"10","19","Spain",46
2003,"10","19","Sweden",NA
2003,"10","19","Switzerland",NA
2003,"10","19","Ukraine",NA
2003,"10","19","United States",1209
2003,"10","19","Uruguay",142
2003,"10","26","Argentina",178
2003,"10","26","Australia",NA
2003,"10","26","Austria",710
2003,"10","26","Belgium",54
2003,"10","26","Bolivia",366
2003,"10","26","Brazil",233
2003,"10","26","Bulgaria",NA
2003,"10","26","Canada",1895
2003,"10","26","Chile",2
2003,"10","26","France",82
2003,"10","26","Germany",1210
2003,"10","26","Hungary",NA
2003,"10","26","Japan",9
2003,"10","26","Mexico",755
2003,"10","26","Netherlands",19
2003,"10","26","New Zealand",NA
2003,"10","26","Norway",NA
2003,"10","26","Paraguay",NA
2003,"10","26","Peru",385
2003,"10","26","Poland",NA
2003,"10","26","Romania",736
2003,"10","26","Russia",NA
2003,"10","26","South Africa",NA
2003,"10","26","Spain",77
2003,"10","26","Sweden",NA
2003,"10","26","Switzerland",NA
2003,"10","26","Ukraine",NA
2003,"10","26","United States",1249
2003,"10","26","Uruguay",157
2003,"11","02","Argentina",184
2003,"11","02","Australia",NA
2003,"11","02","Austria",608
2003,"11","02","Belgium",70
2003,"11","02","Bolivia",400
2003,"11","02","Brazil",230
2003,"11","02","Bulgaria",NA
2003,"11","02","Canada",1995
2003,"11","02","Chile",2
2003,"11","02","France",48
2003,"11","02","Germany",1055
2003,"11","02","Hungary",NA
2003,"11","02","Japan",14
2003,"11","02","Mexico",843
2003,"11","02","Netherlands",18
2003,"11","02","New Zealand",NA
2003,"11","02","Norway",NA
2003,"11","02","Paraguay",NA
2003,"11","02","Peru",364
2003,"11","02","Poland",NA
2003,"11","02","Romania",677
2003,"11","02","Russia",NA
2003,"11","02","South Africa",NA
2003,"11","02","Spain",130
2003,"11","02","Sweden",NA
2003,"11","02","Switzerland",17
2003,"11","02","Ukraine",NA
2003,"11","02","United States",1374
2003,"11","02","Uruguay",154
2003,"11","09","Argentina",166
2003,"11","09","Australia",NA
2003,"11","09","Austria",661
2003,"11","09","Belgium",74
2003,"11","09","Bolivia",427
2003,"11","09","Brazil",218
2003,"11","09","Bulgaria",NA
2003,"11","09","Canada",2335
2003,"11","09","Chile",4
2003,"11","09","France",146
2003,"11","09","Germany",1103
2003,"11","09","Hungary",NA
2003,"11","09","Japan",17
2003,"11","09","Mexico",957
2003,"11","09","Netherlands",22
2003,"11","09","New Zealand",NA
2003,"11","09","Norway",NA
2003,"11","09","Paraguay",NA
2003,"11","09","Peru",380
2003,"11","09","Poland",NA
2003,"11","09","Romania",655
2003,"11","09","Russia",NA
2003,"11","09","South Africa",NA
2003,"11","09","Spain",141
2003,"11","09","Sweden",NA
2003,"11","09","Switzerland",20
2003,"11","09","Ukraine",NA
2003,"11","09","United States",1702
2003,"11","09","Uruguay",136
2003,"11","16","Argentina",149
2003,"11","16","Australia",NA
2003,"11","16","Austria",708
2003,"11","16","Belgium",133
2003,"11","16","Bolivia",424
2003,"11","16","Brazil",239
2003,"11","16","Bulgaria",NA
2003,"11","16","Canada",2731
2003,"11","16","Chile",1
2003,"11","16","France",274
2003,"11","16","Germany",1142
2003,"11","16","Hungary",NA
2003,"11","16","Japan",22
2003,"11","16","Mexico",894
2003,"11","16","Netherlands",23
2003,"11","16","New Zealand",NA
2003,"11","16","Norway",NA
2003,"11","16","Paraguay",NA
2003,"11","16","Peru",351
2003,"11","16","Poland",NA
2003,"11","16","Romania",725
2003,"11","16","Russia",NA
2003,"11","16","South Africa",NA
2003,"11","16","Spain",170
2003,"11","16","Sweden",NA
2003,"11","16","Switzerland",19
2003,"11","16","Ukraine",NA
2003,"11","16","United States",2148
2003,"11","16","Uruguay",138
2003,"11","23","Argentina",133
2003,"11","23","Australia",NA
2003,"11","23","Austria",822
2003,"11","23","Belgium",273
2003,"11","23","Bolivia",408
2003,"11","23","Brazil",201
2003,"11","23","Bulgaria",NA
2003,"11","23","Canada",3138
2003,"11","23","Chile",2
2003,"11","23","France",877
2003,"11","23","Germany",991
2003,"11","23","Hungary",NA
2003,"11","23","Japan",25
2003,"11","23","Mexico",880
2003,"11","23","Netherlands",24
2003,"11","23","New Zealand",NA
2003,"11","23","Norway",NA
2003,"11","23","Paraguay",NA
2003,"11","23","Peru",327
2003,"11","23","Poland",NA
2003,"11","23","Romania",788
2003,"11","23","Russia",NA
2003,"11","23","South Africa",NA
2003,"11","23","Spain",158
2003,"11","23","Sweden",NA
2003,"11","23","Switzerland",20
2003,"11","23","Ukraine",NA
2003,"11","23","United States",2968
2003,"11","23","Uruguay",134
2003,"11","30","Argentina",123
2003,"11","30","Australia",NA
2003,"11","30","Austria",652
2003,"11","30","Belgium",725
2003,"11","30","Bolivia",388
2003,"11","30","Brazil",177
2003,"11","30","Bulgaria",NA
2003,"11","30","Canada",4229
2003,"11","30","Chile",2
2003,"11","30","France",1282
2003,"11","30","Germany",1071
2003,"11","30","Hungary",NA
2003,"11","30","Japan",33
2003,"11","30","Mexico",979
2003,"11","30","Netherlands",55
2003,"11","30","New Zealand",NA
2003,"11","30","Norway",NA
2003,"11","30","Paraguay",NA
2003,"11","30","Peru",316
2003,"11","30","Poland",NA
2003,"11","30","Romania",844
2003,"11","30","Russia",NA
2003,"11","30","South Africa",NA
2003,"11","30","Spain",73
2003,"11","30","Sweden",NA
2003,"11","30","Switzerland",42
2003,"11","30","Ukraine",NA
2003,"11","30","United States",3524
2003,"11","30","Uruguay",124
2003,"12","07","Argentina",121
2003,"12","07","Australia",NA
2003,"12","07","Austria",719
2003,"12","07","Belgium",832
2003,"12","07","Bolivia",368
2003,"12","07","Brazil",154
2003,"12","07","Bulgaria",NA
2003,"12","07","Canada",5303
2003,"12","07","Chile",1
2003,"12","07","France",634
2003,"12","07","Germany",1287
2003,"12","07","Hungary",NA
2003,"12","07","Japan",47
2003,"12","07","Mexico",1025
2003,"12","07","Netherlands",121
2003,"12","07","New Zealand",NA
2003,"12","07","Norway",NA
2003,"12","07","Paraguay",NA
2003,"12","07","Peru",375
2003,"12","07","Poland",NA
2003,"12","07","Romania",1165
2003,"12","07","Russia",NA
2003,"12","07","South Africa",NA
2003,"12","07","Spain",83
2003,"12","07","Sweden",NA
2003,"12","07","Switzerland",110
2003,"12","07","Ukraine",NA
2003,"12","07","United States",5389
2003,"12","07","Uruguay",130
2003,"12","14","Argentina",109
2003,"12","14","Australia",NA
2003,"12","14","Austria",862
2003,"12","14","Belgium",729
2003,"12","14","Bolivia",344
2003,"12","14","Brazil",137
2003,"12","14","Bulgaria",NA
2003,"12","14","Canada",7531
2003,"12","14","Chile",1
2003,"12","14","France",457
2003,"12","14","Germany",1214
2003,"12","14","Hungary",NA
2003,"12","14","Japan",72
2003,"12","14","Mexico",1242
2003,"12","14","Netherlands",159
2003,"12","14","New Zealand",NA
2003,"12","14","Norway",NA
2003,"12","14","Paraguay",NA
2003,"12","14","Peru",333
2003,"12","14","Poland",NA
2003,"12","14","Romania",1434
2003,"12","14","Russia",NA
2003,"12","14","South Africa",NA
2003,"12","14","Spain",53
2003,"12","14","Sweden",NA
2003,"12","14","Switzerland",187
2003,"12","14","Ukraine",NA
2003,"12","14","United States",7276
2003,"12","14","Uruguay",117
2003,"12","21","Argentina",103
2003,"12","21","Australia",NA
2003,"12","21","Austria",824
2003,"12","21","Belgium",265
2003,"12","21","Bolivia",342
2003,"12","21","Brazil",148
2003,"12","21","Bulgaria",NA
2003,"12","21","Canada",7014
2003,"12","21","Chile",1
2003,"12","21","France",275
2003,"12","21","Germany",950
2003,"12","21","Hungary",NA
2003,"12","21","Japan",101
2003,"12","21","Mexico",1346
2003,"12","21","Netherlands",177
2003,"12","21","New Zealand",NA
2003,"12","21","Norway",NA
2003,"12","21","Paraguay",NA
2003,"12","21","Peru",322
2003,"12","21","Poland",NA
2003,"12","21","Romania",1304
2003,"12","21","Russia",NA
2003,"12","21","South Africa",NA
2003,"12","21","Spain",27
2003,"12","21","Sweden",NA
2003,"12","21","Switzerland",303
2003,"12","21","Ukraine",NA
2003,"12","21","United States",8196
2003,"12","21","Uruguay",109
2003,"12","28","Argentina",100
2003,"12","28","Australia",NA
2003,"12","28","Austria",898
2003,"12","28","Belgium",159
2003,"12","28","Bolivia",319
2003,"12","28","Brazil",155
2003,"12","28","Bulgaria",NA
2003,"12","28","Canada",4950
2003,"12","28","Chile",1
2003,"12","28","France",154
2003,"12","28","Germany",1124
2003,"12","28","Hungary",NA
2003,"12","28","Japan",118
2003,"12","28","Mexico",1264
2003,"12","28","Netherlands",102
2003,"12","28","New Zealand",NA
2003,"12","28","Norway",NA
2003,"12","28","Paraguay",NA
2003,"12","28","Peru",257
2003,"12","28","Poland",NA
2003,"12","28","Romania",1142
2003,"12","28","Russia",NA
2003,"12","28","South Africa",NA
2003,"12","28","Spain",33
2003,"12","28","Sweden",NA
2003,"12","28","Switzerland",504
2003,"12","28","Ukraine",NA
2003,"12","28","United States",5250
2003,"12","28","Uruguay",126
2004,"01","04","Argentina",98
2004,"01","04","Australia",NA
2004,"01","04","Austria",880
2004,"01","04","Belgium",119
2004,"01","04","Bolivia",311
2004,"01","04","Brazil",153
2004,"01","04","Bulgaria",NA
2004,"01","04","Canada",3649
2004,"01","04","Chile",1
2004,"01","04","France",71
2004,"01","04","Germany",1291
2004,"01","04","Hungary",NA
2004,"01","04","Japan",171
2004,"01","04","Mexico",1108
2004,"01","04","Netherlands",58
2004,"01","04","New Zealand",NA
2004,"01","04","Norway",NA
2004,"01","04","Paraguay",NA
2004,"01","04","Peru",275
2004,"01","04","Poland",NA
2004,"01","04","Romania",932
2004,"01","04","Russia",NA
2004,"01","04","South Africa",NA
2004,"01","04","Spain",46
2004,"01","04","Sweden",NA
2004,"01","04","Switzerland",354
2004,"01","04","Ukraine",NA
2004,"01","04","United States",3154
2004,"01","04","Uruguay",127
2004,"01","11","Argentina",98
2004,"01","11","Australia",NA
2004,"01","11","Austria",800
2004,"01","11","Belgium",68
2004,"01","11","Bolivia",322
2004,"01","11","Brazil",154
2004,"01","11","Bulgaria",NA
2004,"01","11","Canada",2866
2004,"01","11","Chile",1
2004,"01","11","France",44
2004,"01","11","Germany",1190
2004,"01","11","Hungary",NA
2004,"01","11","Japan",279
2004,"01","11","Mexico",1026
2004,"01","11","Netherlands",28
2004,"01","11","New Zealand",NA
2004,"01","11","Norway",NA
2004,"01","11","Paraguay",NA
2004,"01","11","Peru",266
2004,"01","11","Poland",NA
2004,"01","11","Romania",818
2004,"01","11","Russia",NA
2004,"01","11","South Africa",NA
2004,"01","11","Spain",23
2004,"01","11","Sweden",NA
2004,"01","11","Switzerland",252
2004,"01","11","Ukraine",NA
2004,"01","11","United States",2057
2004,"01","11","Uruguay",122
2004,"01","18","Argentina",98
2004,"01","18","Australia",NA
2004,"01","18","Austria",973
2004,"01","18","Belgium",93
2004,"01","18","Bolivia",343
2004,"01","18","Brazil",152
2004,"01","18","Bulgaria",NA
2004,"01","18","Canada",2230
2004,"01","18","Chile",1
2004,"01","18","France",29
2004,"01","18","Germany",1135
2004,"01","18","Hungary",NA
2004,"01","18","Japan",452
2004,"01","18","Mexico",977
2004,"01","18","Netherlands",20
2004,"01","18","New Zealand",NA
2004,"01","18","Norway",NA
2004,"01","18","Paraguay",NA
2004,"01","18","Peru",303
2004,"01","18","Poland",NA
2004,"01","18","Romania",815
2004,"01","18","Russia",NA
2004,"01","18","South Africa",NA
2004,"01","18","Spain",18
2004,"01","18","Sweden",NA
2004,"01","18","Switzerland",133
2004,"01","18","Ukraine",NA
2004,"01","18","United States",1616
2004,"01","18","Uruguay",117
2004,"01","25","Argentina",102
2004,"01","25","Australia",NA
2004,"01","25","Austria",998
2004,"01","25","Belgium",78
2004,"01","25","Bolivia",348
2004,"01","25","Brazil",145
2004,"01","25","Bulgaria",NA
2004,"01","25","Canada",2155
2004,"01","25","Chile",1
2004,"01","25","France",30
2004,"01","25","Germany",1190
2004,"01","25","Hungary",NA
2004,"01","25","Japan",695
2004,"01","25","Mexico",976
2004,"01","25","Netherlands",20
2004,"01","25","New Zealand",NA
2004,"01","25","Norway",NA
2004,"01","25","Paraguay",NA
2004,"01","25","Peru",284
2004,"01","25","Poland",NA
2004,"01","25","Romania",782
2004,"01","25","Russia",NA
2004,"01","25","South Africa",NA
2004,"01","25","Spain",19
2004,"01","25","Sweden",NA
2004,"01","25","Switzerland",82
2004,"01","25","Ukraine",NA
2004,"01","25","United States",1396
2004,"01","25","Uruguay",108
2004,"02","01","Argentina",102
2004,"02","01","Australia",NA
2004,"02","01","Austria",1016
2004,"02","01","Belgium",80
2004,"02","01","Bolivia",336
2004,"02","01","Brazil",146
2004,"02","01","Bulgaria",NA
2004,"02","01","Canada",1699
2004,"02","01","Chile",1
2004,"02","01","France",32
2004,"02","01","Germany",1196
2004,"02","01","Hungary",NA
2004,"02","01","Japan",708
2004,"02","01","Mexico",932
2004,"02","01","Netherlands",20
2004,"02","01","New Zealand",NA
2004,"02","01","Norway",NA
2004,"02","01","Paraguay",NA
2004,"02","01","Peru",261
2004,"02","01","Poland",NA
2004,"02","01","Romania",754
2004,"02","01","Russia",NA
2004,"02","01","South Africa",NA
2004,"02","01","Spain",19
2004,"02","01","Sweden",NA
2004,"02","01","Switzerland",53
2004,"02","01","Ukraine",NA
2004,"02","01","United States",1227
2004,"02","01","Uruguay",104
2004,"02","08","Argentina",102
2004,"02","08","Australia",NA
2004,"02","08","Austria",854
2004,"02","08","Belgium",65
2004,"02","08","Bolivia",321
2004,"02","08","Brazil",187
2004,"02","08","Bulgaria",NA
2004,"02","08","Canada",1649
2004,"02","08","Chile",2
2004,"02","08","France",22
2004,"02","08","Germany",1145
2004,"02","08","Hungary",NA
2004,"02","08","Japan",537
2004,"02","08","Mexico",939
2004,"02","08","Netherlands",19
2004,"02","08","New Zealand",NA
2004,"02","08","Norway",NA
2004,"02","08","Paraguay",NA
2004,"02","08","Peru",220
2004,"02","08","Poland",NA
2004,"02","08","Romania",811
2004,"02","08","Russia",NA
2004,"02","08","South Africa",NA
2004,"02","08","Spain",16
2004,"02","08","Sweden",NA
2004,"02","08","Switzerland",37
2004,"02","08","Ukraine",NA
2004,"02","08","United States",1186
2004,"02","08","Uruguay",100
2004,"02","15","Argentina",102
2004,"02","15","Australia",NA
2004,"02","15","Austria",824
2004,"02","15","Belgium",64
2004,"02","15","Bolivia",330
2004,"02","15","Brazil",185
2004,"02","15","Bulgaria",NA
2004,"02","15","Canada",1700
2004,"02","15","Chile",1
2004,"02","15","France",23
2004,"02","15","Germany",1194
2004,"02","15","Hungary",NA
2004,"02","15","Japan",337
2004,"02","15","Mexico",913
2004,"02","15","Netherlands",19
2004,"02","15","New Zealand",NA
2004,"02","15","Norway",NA
2004,"02","15","Paraguay",NA
2004,"02","15","Peru",289
2004,"02","15","Poland",NA
2004,"02","15","Romania",769
2004,"02","15","Russia",NA
2004,"02","15","South Africa",NA
2004,"02","15","Spain",13
2004,"02","15","Sweden",NA
2004,"02","15","Switzerland",29
2004,"02","15","Ukraine",NA
2004,"02","15","United States",1162
2004,"02","15","Uruguay",108
2004,"02","22","Argentina",114
2004,"02","22","Australia",NA
2004,"02","22","Austria",738
2004,"02","22","Belgium",44
2004,"02","22","Bolivia",329
2004,"02","22","Brazil",206
2004,"02","22","Bulgaria",NA
2004,"02","22","Canada",1580
2004,"02","22","Chile",1
2004,"02","22","France",31
2004,"02","22","Germany",1308
2004,"02","22","Hungary",NA
2004,"02","22","Japan",182
2004,"02","22","Mexico",974
2004,"02","22","Netherlands",18
2004,"02","22","New Zealand",NA
2004,"02","22","Norway",NA
2004,"02","22","Paraguay",NA
2004,"02","22","Peru",228
2004,"02","22","Poland",NA
2004,"02","22","Romania",761
2004,"02","22","Russia",NA
2004,"02","22","South Africa",NA
2004,"02","22","Spain",15
2004,"02","22","Sweden",NA
2004,"02","22","Switzerland",24
2004,"02","22","Ukraine",NA
2004,"02","22","United States",1118
2004,"02","22","Uruguay",115
2004,"02","29","Argentina",121
2004,"02","29","Australia",NA
2004,"02","29","Austria",726
2004,"02","29","Belgium",61
2004,"02","29","Bolivia",314
2004,"02","29","Brazil",228
2004,"02","29","Bulgaria",NA
2004,"02","29","Canada",1427
2004,"02","29","Chile",1
2004,"02","29","France",16
2004,"02","29","Germany",1257
2004,"02","29","Hungary",NA
2004,"02","29","Japan",91
2004,"02","29","Mexico",944
2004,"02","29","Netherlands",18
2004,"02","29","New Zealand",NA
2004,"02","29","Norway",NA
2004,"02","29","Paraguay",NA
2004,"02","29","Peru",208
2004,"02","29","Poland",NA
2004,"02","29","Romania",729
2004,"02","29","Russia",NA
2004,"02","29","South Africa",NA
2004,"02","29","Spain",10
2004,"02","29","Sweden",NA
2004,"02","29","Switzerland",20
2004,"02","29","Ukraine",NA
2004,"02","29","United States",989
2004,"02","29","Uruguay",106
2004,"03","07","Argentina",108
2004,"03","07","Australia",NA
2004,"03","07","Austria",653
2004,"03","07","Belgium",109
2004,"03","07","Bolivia",370
2004,"03","07","Brazil",244
2004,"03","07","Bulgaria",NA
2004,"03","07","Canada",1409
2004,"03","07","Chile",1
2004,"03","07","France",18
2004,"03","07","Germany",1280
2004,"03","07","Hungary",NA
2004,"03","07","Japan",56
2004,"03","07","Mexico",1040
2004,"03","07","Netherlands",17
2004,"03","07","New Zealand",NA
2004,"03","07","Norway",NA
2004,"03","07","Paraguay",NA
2004,"03","07","Peru",231
2004,"03","07","Poland",NA
2004,"03","07","Romania",703
2004,"03","07","Russia",NA
2004,"03","07","South Africa",NA
2004,"03","07","Spain",14
2004,"03","07","Sweden",NA
2004,"03","07","Switzerland",17
2004,"03","07","Ukraine",NA
2004,"03","07","United States",919
2004,"03","07","Uruguay",110
2004,"03","14","Argentina",107
2004,"03","14","Australia",NA
2004,"03","14","Austria",600
2004,"03","14","Belgium",70
2004,"03","14","Bolivia",421
2004,"03","14","Brazil",213
2004,"03","14","Bulgaria",NA
2004,"03","14","Canada",1404
2004,"03","14","Chile",4
2004,"03","14","France",14
2004,"03","14","Germany",1047
2004,"03","14","Hungary",NA
2004,"03","14","Japan",29
2004,"03","14","Mexico",1028
2004,"03","14","Netherlands",16
2004,"03","14","New Zealand",NA
2004,"03","14","Norway",NA
2004,"03","14","Paraguay",NA
2004,"03","14","Peru",301
2004,"03","14","Poland",NA
2004,"03","14","Romania",774
2004,"03","14","Russia",NA
2004,"03","14","South Africa",NA
2004,"03","14","Spain",19
2004,"03","14","Sweden",NA
2004,"03","14","Switzerland",16
2004,"03","14","Ukraine",NA
2004,"03","14","United States",846
2004,"03","14","Uruguay",115
2004,"03","21","Argentina",119
2004,"03","21","Australia",NA
2004,"03","21","Austria",628
2004,"03","21","Belgium",61
2004,"03","21","Bolivia",450
2004,"03","21","Brazil",243
2004,"03","21","Bulgaria",NA
2004,"03","21","Canada",1424
2004,"03","21","Chile",3
2004,"03","21","France",15
2004,"03","21","Germany",938
2004,"03","21","Hungary",NA
2004,"03","21","Japan",20
2004,"03","21","Mexico",1021
2004,"03","21","Netherlands",15
2004,"03","21","New Zealand",NA
2004,"03","21","Norway",NA
2004,"03","21","Paraguay",NA
2004,"03","21","Peru",284
2004,"03","21","Poland",NA
2004,"03","21","Romania",770
2004,"03","21","Russia",NA
2004,"03","21","South Africa",NA
2004,"03","21","Spain",28
2004,"03","21","Sweden",NA
2004,"03","21","Switzerland",15
2004,"03","21","Ukraine",NA
2004,"03","21","United States",883
2004,"03","21","Uruguay",113
2004,"03","28","Argentina",123
2004,"03","28","Australia",NA
2004,"03","28","Austria",636
2004,"03","28","Belgium",43
2004,"03","28","Bolivia",446
2004,"03","28","Brazil",240
2004,"03","28","Bulgaria",NA
2004,"03","28","Canada",1111
2004,"03","28","Chile",2
2004,"03","28","France",15
2004,"03","28","Germany",771
2004,"03","28","Hungary",NA
2004,"03","28","Japan",13
2004,"03","28","Mexico",880
2004,"03","28","Netherlands",12
2004,"03","28","New Zealand",NA
2004,"03","28","Norway",NA
2004,"03","28","Paraguay",NA
2004,"03","28","Peru",267
2004,"03","28","Poland",NA
2004,"03","28","Romania",757
2004,"03","28","Russia",NA
2004,"03","28","South Africa",NA
2004,"03","28","Spain",23
2004,"03","28","Sweden",NA
2004,"03","28","Switzerland",13
2004,"03","28","Ukraine",NA
2004,"03","28","United States",808
2004,"03","28","Uruguay",120
2004,"04","04","Argentina",125
2004,"04","04","Australia",NA
2004,"04","04","Austria",569
2004,"04","04","Belgium",21
2004,"04","04","Bolivia",415
2004,"04","04","Brazil",239
2004,"04","04","Bulgaria",NA
2004,"04","04","Canada",1178
2004,"04","04","Chile",3
2004,"04","04","France",9
2004,"04","04","Germany",739
2004,"04","04","Hungary",NA
2004,"04","04","Japan",10
2004,"04","04","Mexico",871
2004,"04","04","Netherlands",12
2004,"04","04","New Zealand",NA
2004,"04","04","Norway",NA
2004,"04","04","Paraguay",NA
2004,"04","04","Peru",279
2004,"04","04","Poland",NA
2004,"04","04","Romania",734
2004,"04","04","Russia",NA
2004,"04","04","South Africa",NA
2004,"04","04","Spain",9
2004,"04","04","Sweden",NA
2004,"04","04","Switzerland",12
2004,"04","04","Ukraine",NA
2004,"04","04","United States",831
2004,"04","04","Uruguay",122
2004,"04","11","Argentina",134
2004,"04","11","Australia",NA
2004,"04","11","Austria",550
2004,"04","11","Belgium",24
2004,"04","11","Bolivia",451
2004,"04","11","Brazil",243
2004,"04","11","Bulgaria",NA
2004,"04","11","Canada",1425
2004,"04","11","Chile",5
2004,"04","11","France",11
2004,"04","11","Germany",695
2004,"04","11","Hungary",NA
2004,"04","11","Japan",8
2004,"04","11","Mexico",908
2004,"04","11","Netherlands",14
2004,"04","11","New Zealand",NA
2004,"04","11","Norway",NA
2004,"04","11","Paraguay",NA
2004,"04","11","Peru",321
2004,"04","11","Poland",NA
2004,"04","11","Romania",686
2004,"04","11","Russia",NA
2004,"04","11","South Africa",NA
2004,"04","11","Spain",12
2004,"04","11","Sweden",NA
2004,"04","11","Switzerland",12
2004,"04","11","Ukraine",NA
2004,"04","11","United States",796
2004,"04","11","Uruguay",125
2004,"04","18","Argentina",134
2004,"04","18","Australia",NA
2004,"04","18","Austria",531
2004,"04","18","Belgium",32
2004,"04","18","Bolivia",430
2004,"04","18","Brazil",251
2004,"04","18","Bulgaria",NA
2004,"04","18","Canada",1163
2004,"04","18","Chile",4
2004,"04","18","France",7
2004,"04","18","Germany",712
2004,"04","18","Hungary",NA
2004,"04","18","Japan",7
2004,"04","18","Mexico",838
2004,"04","18","Netherlands",15
2004,"04","18","New Zealand",NA
2004,"04","18","Norway",NA
2004,"04","18","Paraguay",NA
2004,"04","18","Peru",369
2004,"04","18","Poland",NA
2004,"04","18","Romania",663
2004,"04","18","Russia",NA
2004,"04","18","South Africa",NA
2004,"04","18","Spain",16
2004,"04","18","Sweden",NA
2004,"04","18","Switzerland",11
2004,"04","18","Ukraine",NA
2004,"04","18","United States",719
2004,"04","18","Uruguay",119
2004,"04","25","Argentina",226
2004,"04","25","Australia",NA
2004,"04","25","Austria",531
2004,"04","25","Belgium",29
2004,"04","25","Bolivia",464
2004,"04","25","Brazil",272
2004,"04","25","Bulgaria",NA
2004,"04","25","Canada",1043
2004,"04","25","Chile",5
2004,"04","25","France",8
2004,"04","25","Germany",542
2004,"04","25","Hungary",NA
2004,"04","25","Japan",5
2004,"04","25","Mexico",828
2004,"04","25","Netherlands",16
2004,"04","25","New Zealand",NA
2004,"04","25","Norway",NA
2004,"04","25","Paraguay",NA
2004,"04","25","Peru",386
2004,"04","25","Poland",NA
2004,"04","25","Romania",671
2004,"04","25","Russia",NA
2004,"04","25","South Africa",NA
2004,"04","25","Spain",12
2004,"04","25","Sweden",NA
2004,"04","25","Switzerland",9
2004,"04","25","Ukraine",NA
2004,"04","25","United States",722
2004,"04","25","Uruguay",132
2004,"05","02","Argentina",199
2004,"05","02","Australia",NA
2004,"05","02","Austria",417
2004,"05","02","Belgium",34
2004,"05","02","Bolivia",449
2004,"05","02","Brazil",275
2004,"05","02","Bulgaria",NA
2004,"05","02","Canada",786
2004,"05","02","Chile",10
2004,"05","02","France",11
2004,"05","02","Germany",563
2004,"05","02","Hungary",NA
2004,"05","02","Japan",5
2004,"05","02","Mexico",799
2004,"05","02","Netherlands",14
2004,"05","02","New Zealand",NA
2004,"05","02","Norway",NA
2004,"05","02","Paraguay",NA
2004,"05","02","Peru",380
2004,"05","02","Poland",NA
2004,"05","02","Romania",683
2004,"05","02","Russia",NA
2004,"05","02","South Africa",NA
2004,"05","02","Spain",13
2004,"05","02","Sweden",NA
2004,"05","02","Switzerland",8
2004,"05","02","Ukraine",NA
2004,"05","02","United States",705
2004,"05","02","Uruguay",145
2004,"05","09","Argentina",198
2004,"05","09","Australia",NA
2004,"05","09","Austria",476
2004,"05","09","Belgium",42
2004,"05","09","Bolivia",532
2004,"05","09","Brazil",293
2004,"05","09","Bulgaria",NA
2004,"05","09","Canada",895
2004,"05","09","Chile",17
2004,"05","09","France",9
2004,"05","09","Germany",558
2004,"05","09","Hungary",NA
2004,"05","09","Japan",4
2004,"05","09","Mexico",790
2004,"05","09","Netherlands",16
2004,"05","09","New Zealand",NA
2004,"05","09","Norway",NA
2004,"05","09","Paraguay",NA
2004,"05","09","Peru",353
2004,"05","09","Poland",NA
2004,"05","09","Romania",661
2004,"05","09","Russia",NA
2004,"05","09","South Africa",NA
2004,"05","09","Spain",16
2004,"05","09","Sweden",NA
2004,"05","09","Switzerland",8
2004,"05","09","Ukraine",NA
2004,"05","09","United States",680
2004,"05","09","Uruguay",137
2004,"05","16","Argentina",239
2004,"05","16","Australia",NA
2004,"05","16","Austria",425
2004,"05","16","Belgium",33
2004,"05","16","Bolivia",587
2004,"05","16","Brazil",309
2004,"05","16","Bulgaria",NA
2004,"05","16","Canada",684
2004,"05","16","Chile",27
2004,"05","16","France",5
2004,"05","16","Germany",556
2004,"05","16","Hungary",NA
2004,"05","16","Japan",3
2004,"05","16","Mexico",852
2004,"05","16","Netherlands",16
2004,"05","16","New Zealand",NA
2004,"05","16","Norway",NA
2004,"05","16","Paraguay",NA
2004,"05","16","Peru",388
2004,"05","16","Poland",NA
2004,"05","16","Romania",637
2004,"05","16","Russia",NA
2004,"05","16","South Africa",NA
2004,"05","16","Spain",18
2004,"05","16","Sweden",NA
2004,"05","16","Switzerland",7
2004,"05","16","Ukraine",NA
2004,"05","16","United States",663
2004,"05","16","Uruguay",163
2004,"05","23","Argentina",240
2004,"05","23","Australia",NA
2004,"05","23","Austria",454
2004,"05","23","Belgium",38
2004,"05","23","Bolivia",583
2004,"05","23","Brazil",353
2004,"05","23","Bulgaria",NA
2004,"05","23","Canada",743
2004,"05","23","Chile",44
2004,"05","23","France",7
2004,"05","23","Germany",606
2004,"05","23","Hungary",NA
2004,"05","23","Japan",3
2004,"05","23","Mexico",733
2004,"05","23","Netherlands",13
2004,"05","23","New Zealand",NA
2004,"05","23","Norway",NA
2004,"05","23","Paraguay",NA
2004,"05","23","Peru",434
2004,"05","23","Poland",NA
2004,"05","23","Romania",613
2004,"05","23","Russia",NA
2004,"05","23","South Africa",NA
2004,"05","23","Spain",18
2004,"05","23","Sweden",NA
2004,"05","23","Switzerland",6
2004,"05","23","Ukraine",NA
2004,"05","23","United States",649
2004,"05","23","Uruguay",166
2004,"05","30","Argentina",265
2004,"05","30","Australia",NA
2004,"05","30","Austria",441
2004,"05","30","Belgium",41
2004,"05","30","Bolivia",563
2004,"05","30","Brazil",346
2004,"05","30","Bulgaria",NA
2004,"05","30","Canada",1041
2004,"05","30","Chile",57
2004,"05","30","France",8
2004,"05","30","Germany",544
2004,"05","30","Hungary",NA
2004,"05","30","Japan",2
2004,"05","30","Mexico",707
2004,"05","30","Netherlands",12
2004,"05","30","New Zealand",NA
2004,"05","30","Norway",NA
2004,"05","30","Paraguay",NA
2004,"05","30","Peru",292
2004,"05","30","Poland",NA
2004,"05","30","Romania",599
2004,"05","30","Russia",NA
2004,"05","30","South Africa",NA
2004,"05","30","Spain",9
2004,"05","30","Sweden",NA
2004,"05","30","Switzerland",6
2004,"05","30","Ukraine",NA
2004,"05","30","United States",650
2004,"05","30","Uruguay",151
2004,"06","06","Argentina",283
2004,"06","06","Australia",NA
2004,"06","06","Austria",487
2004,"06","06","Belgium",28
2004,"06","06","Bolivia",499
2004,"06","06","Brazil",319
2004,"06","06","Bulgaria",NA
2004,"06","06","Canada",792
2004,"06","06","Chile",35
2004,"06","06","France",6
2004,"06","06","Germany",429
2004,"06","06","Hungary",NA
2004,"06","06","Japan",2
2004,"06","06","Mexico",650
2004,"06","06","Netherlands",12
2004,"06","06","New Zealand",NA
2004,"06","06","Norway",NA
2004,"06","06","Paraguay",NA
2004,"06","06","Peru",385
2004,"06","06","Poland",NA
2004,"06","06","Romania",663
2004,"06","06","Russia",NA
2004,"06","06","South Africa",NA
2004,"06","06","Spain",14
2004,"06","06","Sweden",NA
2004,"06","06","Switzerland",6
2004,"06","06","Ukraine",NA
2004,"06","06","United States",653
2004,"06","06","Uruguay",162
2004,"06","13","Argentina",273
2004,"06","13","Australia",NA
2004,"06","13","Austria",485
2004,"06","13","Belgium",19
2004,"06","13","Bolivia",459
2004,"06","13","Brazil",336
2004,"06","13","Bulgaria",NA
2004,"06","13","Canada",819
2004,"06","13","Chile",22
2004,"06","13","France",4
2004,"06","13","Germany",471
2004,"06","13","Hungary",NA
2004,"06","13","Japan",2
2004,"06","13","Mexico",668
2004,"06","13","Netherlands",11
2004,"06","13","New Zealand",NA
2004,"06","13","Norway",NA
2004,"06","13","Paraguay",NA
2004,"06","13","Peru",327
2004,"06","13","Poland",NA
2004,"06","13","Romania",741
2004,"06","13","Russia",NA
2004,"06","13","South Africa",NA
2004,"06","13","Spain",17
2004,"06","13","Sweden",NA
2004,"06","13","Switzerland",6
2004,"06","13","Ukraine",NA
2004,"06","13","United States",631
2004,"06","13","Uruguay",165
2004,"06","20","Argentina",273
2004,"06","20","Australia",NA
2004,"06","20","Austria",482
2004,"06","20","Belgium",16
2004,"06","20","Bolivia",438
2004,"06","20","Brazil",360
2004,"06","20","Bulgaria",NA
2004,"06","20","Canada",755
2004,"06","20","Chile",15
2004,"06","20","France",4
2004,"06","20","Germany",470
2004,"06","20","Hungary",NA
2004,"06","20","Japan",2
2004,"06","20","Mexico",669
2004,"06","20","Netherlands",11
2004,"06","20","New Zealand",NA
2004,"06","20","Norway",NA
2004,"06","20","Paraguay",NA
2004,"06","20","Peru",351
2004,"06","20","Poland",NA
2004,"06","20","Romania",747
2004,"06","20","Russia",NA
2004,"06","20","South Africa",NA
2004,"06","20","Spain",12
2004,"06","20","Sweden",NA
2004,"06","20","Switzerland",6
2004,"06","20","Ukraine",NA
2004,"06","20","United States",623
2004,"06","20","Uruguay",163
2004,"06","27","Argentina",271
2004,"06","27","Australia",NA
2004,"06","27","Austria",455
2004,"06","27","Belgium",10
2004,"06","27","Bolivia",405
2004,"06","27","Brazil",316
2004,"06","27","Bulgaria",NA
2004,"06","27","Canada",711
2004,"06","27","Chile",10
2004,"06","27","France",4
2004,"06","27","Germany",425
2004,"06","27","Hungary",NA
2004,"06","27","Japan",2
2004,"06","27","Mexico",603
2004,"06","27","Netherlands",11
2004,"06","27","New Zealand",NA
2004,"06","27","Norway",NA
2004,"06","27","Paraguay",NA
2004,"06","27","Peru",328
2004,"06","27","Poland",NA
2004,"06","27","Romania",689
2004,"06","27","Russia",NA
2004,"06","27","South Africa",NA
2004,"06","27","Spain",9
2004,"06","27","Sweden",NA
2004,"06","27","Switzerland",6
2004,"06","27","Ukraine",NA
2004,"06","27","United States",602
2004,"06","27","Uruguay",172
2004,"07","04","Argentina",254
2004,"07","04","Australia",NA
2004,"07","04","Austria",540
2004,"07","04","Belgium",11
2004,"07","04","Bolivia",383
2004,"07","04","Brazil",287
2004,"07","04","Bulgaria",NA
2004,"07","04","Canada",752
2004,"07","04","Chile",9
2004,"07","04","France",5
2004,"07","04","Germany",448
2004,"07","04","Hungary",NA
2004,"07","04","Japan",2
2004,"07","04","Mexico",677
2004,"07","04","Netherlands",12
2004,"07","04","New Zealand",NA
2004,"07","04","Norway",NA
2004,"07","04","Paraguay",NA
2004,"07","04","Peru",373
2004,"07","04","Poland",NA
2004,"07","04","Romania",665
2004,"07","04","Russia",NA
2004,"07","04","South Africa",NA
2004,"07","04","Spain",10
2004,"07","04","Sweden",NA
2004,"07","04","Switzerland",6
2004,"07","04","Ukraine",NA
2004,"07","04","United States",629
2004,"07","04","Uruguay",245
2004,"07","11","Argentina",238
2004,"07","11","Australia",NA
2004,"07","11","Austria",459
2004,"07","11","Belgium",19
2004,"07","11","Bolivia",365
2004,"07","11","Brazil",257
2004,"07","11","Bulgaria",NA
2004,"07","11","Canada",663
2004,"07","11","Chile",14
2004,"07","11","France",5
2004,"07","11","Germany",485
2004,"07","11","Hungary",NA
2004,"07","11","Japan",2
2004,"07","11","Mexico",624
2004,"07","11","Netherlands",11
2004,"07","11","New Zealand",NA
2004,"07","11","Norway",NA
2004,"07","11","Paraguay",NA
2004,"07","11","Peru",349
2004,"07","11","Poland",NA
2004,"07","11","Romania",646
2004,"07","11","Russia",NA
2004,"07","11","South Africa",NA
2004,"07","11","Spain",16
2004,"07","11","Sweden",NA
2004,"07","11","Switzerland",7
2004,"07","11","Ukraine",NA
2004,"07","11","United States",597
2004,"07","11","Uruguay",251
2004,"07","18","Argentina",204
2004,"07","18","Australia",NA
2004,"07","18","Austria",445
2004,"07","18","Belgium",13
2004,"07","18","Bolivia",349
2004,"07","18","Brazil",249
2004,"07","18","Bulgaria",NA
2004,"07","18","Canada",699
2004,"07","18","Chile",4
2004,"07","18","France",5
2004,"07","18","Germany",423
2004,"07","18","Hungary",NA
2004,"07","18","Japan",2
2004,"07","18","Mexico",634
2004,"07","18","Netherlands",13
2004,"07","18","New Zealand",NA
2004,"07","18","Norway",NA
2004,"07","18","Paraguay",NA
2004,"07","18","Peru",354
2004,"07","18","Poland",NA
2004,"07","18","Romania",606
2004,"07","18","Russia",NA
2004,"07","18","South Africa",NA
2004,"07","18","Spain",16
2004,"07","18","Sweden",NA
2004,"07","18","Switzerland",7
2004,"07","18","Ukraine",NA
2004,"07","18","United States",576
2004,"07","18","Uruguay",231
2004,"07","25","Argentina",217
2004,"07","25","Australia",NA
2004,"07","25","Austria",512
2004,"07","25","Belgium",9
2004,"07","25","Bolivia",397
2004,"07","25","Brazil",282
2004,"07","25","Bulgaria",NA
2004,"07","25","Canada",528
2004,"07","25","Chile",2
2004,"07","25","France",4
2004,"07","25","Germany",439
2004,"07","25","Hungary",NA
2004,"07","25","Japan",2
2004,"07","25","Mexico",649
2004,"07","25","Netherlands",11
2004,"07","25","New Zealand",NA
2004,"07","25","Norway",NA
2004,"07","25","Paraguay",NA
2004,"07","25","Peru",291
2004,"07","25","Poland",NA
2004,"07","25","Romania",627
2004,"07","25","Russia",NA
2004,"07","25","South Africa",NA
2004,"07","25","Spain",15
2004,"07","25","Sweden",NA
2004,"07","25","Switzerland",6
2004,"07","25","Ukraine",NA
2004,"07","25","United States",587
2004,"07","25","Uruguay",208
2004,"08","01","Argentina",178
2004,"08","01","Australia",NA
2004,"08","01","Austria",438
2004,"08","01","Belgium",10
2004,"08","01","Bolivia",394
2004,"08","01","Brazil",274
2004,"08","01","Bulgaria",NA
2004,"08","01","Canada",631
2004,"08","01","Chile",1
2004,"08","01","France",4
2004,"08","01","Germany",347
2004,"08","01","Hungary",NA
2004,"08","01","Japan",1
2004,"08","01","Mexico",618
2004,"08","01","Netherlands",11
2004,"08","01","New Zealand",NA
2004,"08","01","Norway",NA
2004,"08","01","Paraguay",NA
2004,"08","01","Peru",367
2004,"08","01","Poland",NA
2004,"08","01","Romania",593
2004,"08","01","Russia",NA
2004,"08","01","South Africa",NA
2004,"08","01","Spain",9
2004,"08","01","Sweden",NA
2004,"08","01","Switzerland",7
2004,"08","01","Ukraine",NA
2004,"08","01","United States",593
2004,"08","01","Uruguay",226
2004,"08","08","Argentina",189
2004,"08","08","Australia",NA
2004,"08","08","Austria",455
2004,"08","08","Belgium",8
2004,"08","08","Bolivia",442
2004,"08","08","Brazil",263
2004,"08","08","Bulgaria",NA
2004,"08","08","Canada",651
2004,"08","08","Chile",2
2004,"08","08","France",9
2004,"08","08","Germany",318
2004,"08","08","Hungary",NA
2004,"08","08","Japan",1
2004,"08","08","Mexico",613
2004,"08","08","Netherlands",10
2004,"08","08","New Zealand",NA
2004,"08","08","Norway",NA
2004,"08","08","Paraguay",NA
2004,"08","08","Peru",332
2004,"08","08","Poland",NA
2004,"08","08","Romania",582
2004,"08","08","Russia",NA
2004,"08","08","South Africa",NA
2004,"08","08","Spain",13
2004,"08","08","Sweden",NA
2004,"08","08","Switzerland",7
2004,"08","08","Ukraine",NA
2004,"08","08","United States",599
2004,"08","08","Uruguay",190
2004,"08","15","Argentina",196
2004,"08","15","Australia",NA
2004,"08","15","Austria",471
2004,"08","15","Belgium",11
2004,"08","15","Bolivia",418
2004,"08","15","Brazil",304
2004,"08","15","Bulgaria",NA
2004,"08","15","Canada",810
2004,"08","15","Chile",2
2004,"08","15","France",7
2004,"08","15","Germany",364
2004,"08","15","Hungary",NA
2004,"08","15","Japan",1
2004,"08","15","Mexico",558
2004,"08","15","Netherlands",13
2004,"08","15","New Zealand",NA
2004,"08","15","Norway",NA
2004,"08","15","Paraguay",NA
2004,"08","15","Peru",345
2004,"08","15","Poland",NA
2004,"08","15","Romania",592
2004,"08","15","Russia",NA
2004,"08","15","South Africa",NA
2004,"08","15","Spain",18
2004,"08","15","Sweden",NA
2004,"08","15","Switzerland",6
2004,"08","15","Ukraine",NA
2004,"08","15","United States",618
2004,"08","15","Uruguay",174
2004,"08","22","Argentina",199
2004,"08","22","Australia",NA
2004,"08","22","Austria",450
2004,"08","22","Belgium",11
2004,"08","22","Bolivia",409
2004,"08","22","Brazil",298
2004,"08","22","Bulgaria",NA
2004,"08","22","Canada",671
2004,"08","22","Chile",3
2004,"08","22","France",8
2004,"08","22","Germany",396
2004,"08","22","Hungary",NA
2004,"08","22","Japan",1
2004,"08","22","Mexico",556
2004,"08","22","Netherlands",14
2004,"08","22","New Zealand",NA
2004,"08","22","Norway",NA
2004,"08","22","Paraguay",NA
2004,"08","22","Peru",367
2004,"08","22","Poland",NA
2004,"08","22","Romania",607
2004,"08","22","Russia",NA
2004,"08","22","South Africa",NA
2004,"08","22","Spain",17
2004,"08","22","Sweden",NA
2004,"08","22","Switzerland",6
2004,"08","22","Ukraine",NA
2004,"08","22","United States",676
2004,"08","22","Uruguay",150
2004,"08","29","Argentina",230
2004,"08","29","Australia",NA
2004,"08","29","Austria",408
2004,"08","29","Belgium",11
2004,"08","29","Bolivia",481
2004,"08","29","Brazil",273
2004,"08","29","Bulgaria",NA
2004,"08","29","Canada",755
2004,"08","29","Chile",3
2004,"08","29","France",6
2004,"08","29","Germany",406
2004,"08","29","Hungary",NA
2004,"08","29","Japan",1
2004,"08","29","Mexico",661
2004,"08","29","Netherlands",13
2004,"08","29","New Zealand",NA
2004,"08","29","Norway",NA
2004,"08","29","Paraguay",NA
2004,"08","29","Peru",353
2004,"08","29","Poland",NA
2004,"08","29","Romania",615
2004,"08","29","Russia",NA
2004,"08","29","South Africa",NA
2004,"08","29","Spain",11
2004,"08","29","Sweden",NA
2004,"08","29","Switzerland",7
2004,"08","29","Ukraine",NA
2004,"08","29","United States",701
2004,"08","29","Uruguay",136
2004,"09","05","Argentina",208
2004,"09","05","Australia",NA
2004,"09","05","Austria",443
2004,"09","05","Belgium",26
2004,"09","05","Bolivia",605
2004,"09","05","Brazil",285
2004,"09","05","Bulgaria",NA
2004,"09","05","Canada",1014
2004,"09","05","Chile",3
2004,"09","05","France",10
2004,"09","05","Germany",436
2004,"09","05","Hungary",NA
2004,"09","05","Japan",1
2004,"09","05","Mexico",771
2004,"09","05","Netherlands",17
2004,"09","05","New Zealand",NA
2004,"09","05","Norway",NA
2004,"09","05","Paraguay",NA
2004,"09","05","Peru",421
2004,"09","05","Poland",NA
2004,"09","05","Romania",597
2004,"09","05","Russia",NA
2004,"09","05","South Africa",NA
2004,"09","05","Spain",11
2004,"09","05","Sweden",NA
2004,"09","05","Switzerland",8
2004,"09","05","Ukraine",NA
2004,"09","05","United States",810
2004,"09","05","Uruguay",153
2004,"09","12","Argentina",216
2004,"09","12","Australia",NA
2004,"09","12","Austria",482
2004,"09","12","Belgium",34
2004,"09","12","Bolivia",563
2004,"09","12","Brazil",267
2004,"09","12","Bulgaria",NA
2004,"09","12","Canada",1042
2004,"09","12","Chile",3
2004,"09","12","France",13
2004,"09","12","Germany",497
2004,"09","12","Hungary",NA
2004,"09","12","Japan",2
2004,"09","12","Mexico",810
2004,"09","12","Netherlands",19
2004,"09","12","New Zealand",NA
2004,"09","12","Norway",NA
2004,"09","12","Paraguay",NA
2004,"09","12","Peru",411
2004,"09","12","Poland",NA
2004,"09","12","Romania",627
2004,"09","12","Russia",NA
2004,"09","12","South Africa",NA
2004,"09","12","Spain",15
2004,"09","12","Sweden",NA
2004,"09","12","Switzerland",8
2004,"09","12","Ukraine",NA
2004,"09","12","United States",826
2004,"09","12","Uruguay",172
2004,"09","19","Argentina",187
2004,"09","19","Australia",NA
2004,"09","19","Austria",587
2004,"09","19","Belgium",54
2004,"09","19","Bolivia",512
2004,"09","19","Brazil",293
2004,"09","19","Bulgaria",NA
2004,"09","19","Canada",1407
2004,"09","19","Chile",2
2004,"09","19","France",33
2004,"09","19","Germany",681
2004,"09","19","Hungary",NA
2004,"09","19","Japan",2
2004,"09","19","Mexico",884
2004,"09","19","Netherlands",24
2004,"09","19","New Zealand",NA
2004,"09","19","Norway",NA
2004,"09","19","Paraguay",NA
2004,"09","19","Peru",411
2004,"09","19","Poland",NA
2004,"09","19","Romania",672
2004,"09","19","Russia",NA
2004,"09","19","South Africa",NA
2004,"09","19","Spain",20
2004,"09","19","Sweden",NA
2004,"09","19","Switzerland",8
2004,"09","19","Ukraine",NA
2004,"09","19","United States",898
2004,"09","19","Uruguay",189
2004,"09","26","Argentina",198
2004,"09","26","Australia",NA
2004,"09","26","Austria",702
2004,"09","26","Belgium",75
2004,"09","26","Bolivia",461
2004,"09","26","Brazil",261
2004,"09","26","Bulgaria",NA
2004,"09","26","Canada",1656
2004,"09","26","Chile",2
2004,"09","26","France",40
2004,"09","26","Germany",858
2004,"09","26","Hungary",NA
2004,"09","26","Japan",3
2004,"09","26","Mexico",874
2004,"09","26","Netherlands",30
2004,"09","26","New Zealand",NA
2004,"09","26","Norway",NA
2004,"09","26","Paraguay",NA
2004,"09","26","Peru",387
2004,"09","26","Poland",19
2004,"09","26","Romania",793
2004,"09","26","Russia",NA
2004,"09","26","South Africa",NA
2004,"09","26","Spain",34
2004,"09","26","Sweden",NA
2004,"09","26","Switzerland",11
2004,"09","26","Ukraine",NA
2004,"09","26","United States",922
2004,"09","26","Uruguay",176
2004,"10","03","Argentina",184
2004,"10","03","Australia",NA
2004,"10","03","Austria",732
2004,"10","03","Belgium",81
2004,"10","03","Bolivia",478
2004,"10","03","Brazil",249
2004,"10","03","Bulgaria",NA
2004,"10","03","Canada",1544
2004,"10","03","Chile",1
2004,"10","03","France",51
2004,"10","03","Germany",1030
2004,"10","03","Hungary",NA
2004,"10","03","Japan",3
2004,"10","03","Mexico",906
2004,"10","03","Netherlands",29
2004,"10","03","New Zealand",NA
2004,"10","03","Norway",NA
2004,"10","03","Paraguay",NA
2004,"10","03","Peru",353
2004,"10","03","Poland",28
2004,"10","03","Romania",809
2004,"10","03","Russia",150
2004,"10","03","South Africa",NA
2004,"10","03","Spain",43
2004,"10","03","Sweden",NA
2004,"10","03","Switzerland",12
2004,"10","03","Ukraine",NA
2004,"10","03","United States",1139
2004,"10","03","Uruguay",193
2004,"10","10","Argentina",153
2004,"10","10","Australia",NA
2004,"10","10","Austria",652
2004,"10","10","Belgium",95
2004,"10","10","Bolivia",459
2004,"10","10","Brazil",247
2004,"10","10","Bulgaria",NA
2004,"10","10","Canada",1675
2004,"10","10","Chile",2
2004,"10","10","France",55
2004,"10","10","Germany",1327
2004,"10","10","Hungary",NA
2004,"10","10","Japan",4
2004,"10","10","Mexico",885
2004,"10","10","Netherlands",25
2004,"10","10","New Zealand",NA
2004,"10","10","Norway",NA
2004,"10","10","Paraguay",NA
2004,"10","10","Peru",400
2004,"10","10","Poland",61
2004,"10","10","Romania",818
2004,"10","10","Russia",168
2004,"10","10","South Africa",NA
2004,"10","10","Spain",33
2004,"10","10","Sweden",NA
2004,"10","10","Switzerland",11
2004,"10","10","Ukraine",NA
2004,"10","10","United States",1408
2004,"10","10","Uruguay",172
2004,"10","17","Argentina",184
2004,"10","17","Australia",NA
2004,"10","17","Austria",707
2004,"10","17","Belgium",63
2004,"10","17","Bolivia",409
2004,"10","17","Brazil",281
2004,"10","17","Bulgaria",NA
2004,"10","17","Canada",1924
2004,"10","17","Chile",2
2004,"10","17","France",51
2004,"10","17","Germany",1253
2004,"10","17","Hungary",NA
2004,"10","17","Japan",7
2004,"10","17","Mexico",946
2004,"10","17","Netherlands",26
2004,"10","17","New Zealand",NA
2004,"10","17","Norway",NA
2004,"10","17","Paraguay",NA
2004,"10","17","Peru",353
2004,"10","17","Poland",62
2004,"10","17","Romania",801
2004,"10","17","Russia",242
2004,"10","17","South Africa",NA
2004,"10","17","Spain",47
2004,"10","17","Sweden",NA
2004,"10","17","Switzerland",15
2004,"10","17","Ukraine",NA
2004,"10","17","United States",1630
2004,"10","17","Uruguay",158
2004,"10","24","Argentina",194
2004,"10","24","Australia",NA
2004,"10","24","Austria",664
2004,"10","24","Belgium",53
2004,"10","24","Bolivia",413
2004,"10","24","Brazil",250
2004,"10","24","Bulgaria",NA
2004,"10","24","Canada",2014
2004,"10","24","Chile",2
2004,"10","24","France",40
2004,"10","24","Germany",1011
2004,"10","24","Hungary",NA
2004,"10","24","Japan",14
2004,"10","24","Mexico",933
2004,"10","24","Netherlands",20
2004,"10","24","New Zealand",NA
2004,"10","24","Norway",NA
2004,"10","24","Paraguay",NA
2004,"10","24","Peru",367
2004,"10","24","Poland",57
2004,"10","24","Romania",800
2004,"10","24","Russia",284
2004,"10","24","South Africa",NA
2004,"10","24","Spain",26
2004,"10","24","Sweden",NA
2004,"10","24","Switzerland",16
2004,"10","24","Ukraine",NA
2004,"10","24","United States",1767
2004,"10","24","Uruguay",141
2004,"10","31","Argentina",167
2004,"10","31","Australia",NA
2004,"10","31","Austria",660
2004,"10","31","Belgium",49
2004,"10","31","Bolivia",393
2004,"10","31","Brazil",249
2004,"10","31","Bulgaria",NA
2004,"10","31","Canada",2207
2004,"10","31","Chile",3
2004,"10","31","France",52
2004,"10","31","Germany",944
2004,"10","31","Hungary",NA
2004,"10","31","Japan",20
2004,"10","31","Mexico",1079
2004,"10","31","Netherlands",19
2004,"10","31","New Zealand",NA
2004,"10","31","Norway",NA
2004,"10","31","Paraguay",NA
2004,"10","31","Peru",383
2004,"10","31","Poland",56
2004,"10","31","Romania",796
2004,"10","31","Russia",311
2004,"10","31","South Africa",NA
2004,"10","31","Spain",34
2004,"10","31","Sweden",NA
2004,"10","31","Switzerland",19
2004,"10","31","Ukraine",NA
2004,"10","31","United States",1804
2004,"10","31","Uruguay",124
2004,"11","07","Argentina",161
2004,"11","07","Australia",NA
2004,"11","07","Austria",737
2004,"11","07","Belgium",63
2004,"11","07","Bolivia",428
2004,"11","07","Brazil",259
2004,"11","07","Bulgaria",NA
2004,"11","07","Canada",2245
2004,"11","07","Chile",2
2004,"11","07","France",36
2004,"11","07","Germany",1118
2004,"11","07","Hungary",NA
2004,"11","07","Japan",30
2004,"11","07","Mexico",1044
2004,"11","07","Netherlands",20
2004,"11","07","New Zealand",NA
2004,"11","07","Norway",NA
2004,"11","07","Paraguay",NA
2004,"11","07","Peru",424
2004,"11","07","Poland",56
2004,"11","07","Romania",813
2004,"11","07","Russia",356
2004,"11","07","South Africa",NA
2004,"11","07","Spain",34
2004,"11","07","Sweden",NA
2004,"11","07","Switzerland",29
2004,"11","07","Ukraine",NA
2004,"11","07","United States",1819
2004,"11","07","Uruguay",117
2004,"11","14","Argentina",174
2004,"11","14","Australia",NA
2004,"11","14","Austria",808
2004,"11","14","Belgium",67
2004,"11","14","Bolivia",433
2004,"11","14","Brazil",262
2004,"11","14","Bulgaria",NA
2004,"11","14","Canada",2237
2004,"11","14","Chile",1
2004,"11","14","France",46
2004,"11","14","Germany",1162
2004,"11","14","Hungary",45
2004,"11","14","Japan",31
2004,"11","14","Mexico",1056
2004,"11","14","Netherlands",24
2004,"11","14","New Zealand",NA
2004,"11","14","Norway",12
2004,"11","14","Paraguay",NA
2004,"11","14","Peru",343
2004,"11","14","Poland",48
2004,"11","14","Romania",824
2004,"11","14","Russia",339
2004,"11","14","South Africa",NA
2004,"11","14","Spain",29
2004,"11","14","Sweden",NA
2004,"11","14","Switzerland",34
2004,"11","14","Ukraine",NA
2004,"11","14","United States",1761
2004,"11","14","Uruguay",117
2004,"11","21","Argentina",150
2004,"11","21","Australia",NA
2004,"11","21","Austria",839
2004,"11","21","Belgium",105
2004,"11","21","Bolivia",478
2004,"11","21","Brazil",270
2004,"11","21","Bulgaria",NA
2004,"11","21","Canada",2156
2004,"11","21","Chile",2
2004,"11","21","France",62
2004,"11","21","Germany",1048
2004,"11","21","Hungary",46
2004,"11","21","Japan",36
2004,"11","21","Mexico",1141
2004,"11","21","Netherlands",32
2004,"11","21","New Zealand",NA
2004,"11","21","Norway",13
2004,"11","21","Paraguay",NA
2004,"11","21","Peru",320
2004,"11","21","Poland",49
2004,"11","21","Romania",795
2004,"11","21","Russia",354
2004,"11","21","South Africa",NA
2004,"11","21","Spain",26
2004,"11","21","Sweden",NA
2004,"11","21","Switzerland",38
2004,"11","21","Ukraine",NA
2004,"11","21","United States",1595
2004,"11","21","Uruguay",114
2004,"11","28","Argentina",131
2004,"11","28","Australia",NA
2004,"11","28","Austria",793
2004,"11","28","Belgium",120
2004,"11","28","Bolivia",459
2004,"11","28","Brazil",204
2004,"11","28","Bulgaria",NA
2004,"11","28","Canada",2345
2004,"11","28","Chile",2
2004,"11","28","France",76
2004,"11","28","Germany",1028
2004,"11","28","Hungary",49
2004,"11","28","Japan",35
2004,"11","28","Mexico",1190
2004,"11","28","Netherlands",31
2004,"11","28","New Zealand",NA
2004,"11","28","Norway",13
2004,"11","28","Paraguay",NA
2004,"11","28","Peru",360
2004,"11","28","Poland",46
2004,"11","28","Romania",800
2004,"11","28","Russia",366
2004,"11","28","South Africa",NA
2004,"11","28","Spain",31
2004,"11","28","Sweden",NA
2004,"11","28","Switzerland",39
2004,"11","28","Ukraine",NA
2004,"11","28","United States",1800
2004,"11","28","Uruguay",116
2004,"12","05","Argentina",111
2004,"12","05","Australia",NA
2004,"12","05","Austria",742
2004,"12","05","Belgium",116
2004,"12","05","Bolivia",407
2004,"12","05","Brazil",188
2004,"12","05","Bulgaria",NA
2004,"12","05","Canada",2457
2004,"12","05","Chile",2
2004,"12","05","France",95
2004,"12","05","Germany",1056
2004,"12","05","Hungary",52
2004,"12","05","Japan",41
2004,"12","05","Mexico",1185
2004,"12","05","Netherlands",34
2004,"12","05","New Zealand",NA
2004,"12","05","Norway",13
2004,"12","05","Paraguay",NA
2004,"12","05","Peru",341
2004,"12","05","Poland",43
2004,"12","05","Romania",768
2004,"12","05","Russia",383
2004,"12","05","South Africa",NA
2004,"12","05","Spain",42
2004,"12","05","Sweden",NA
2004,"12","05","Switzerland",38
2004,"12","05","Ukraine",NA
2004,"12","05","United States",1782
2004,"12","05","Uruguay",117
2004,"12","12","Argentina",100
2004,"12","12","Australia",NA
2004,"12","12","Austria",810
2004,"12","12","Belgium",137
2004,"12","12","Bolivia",389
2004,"12","12","Brazil",172
2004,"12","12","Bulgaria",691
2004,"12","12","Canada",2722
2004,"12","12","Chile",2
2004,"12","12","France",100
2004,"12","12","Germany",1133
2004,"12","12","Hungary",52
2004,"12","12","Japan",49
2004,"12","12","Mexico",1237
2004,"12","12","Netherlands",36
2004,"12","12","New Zealand",NA
2004,"12","12","Norway",12
2004,"12","12","Paraguay",NA
2004,"12","12","Peru",270
2004,"12","12","Poland",44
2004,"12","12","Romania",755
2004,"12","12","Russia",364
2004,"12","12","South Africa",NA
2004,"12","12","Spain",55
2004,"12","12","Sweden",NA
2004,"12","12","Switzerland",38
2004,"12","12","Ukraine",NA
2004,"12","12","United States",1850
2004,"12","12","Uruguay",101
2004,"12","19","Argentina",89
2004,"12","19","Australia",NA
2004,"12","19","Austria",807
2004,"12","19","Belgium",144
2004,"12","19","Bolivia",355
2004,"12","19","Brazil",168
2004,"12","19","Bulgaria",715
2004,"12","19","Canada",3099
2004,"12","19","Chile",2
2004,"12","19","France",185
2004,"12","19","Germany",1132
2004,"12","19","Hungary",56
2004,"12","19","Japan",43
2004,"12","19","Mexico",1364
2004,"12","19","Netherlands",33
2004,"12","19","New Zealand",NA
2004,"12","19","Norway",12
2004,"12","19","Paraguay",NA
2004,"12","19","Peru",202
2004,"12","19","Poland",40
2004,"12","19","Romania",710
2004,"12","19","Russia",395
2004,"12","19","South Africa",NA
2004,"12","19","Spain",68
2004,"12","19","Sweden",NA
2004,"12","19","Switzerland",34
2004,"12","19","Ukraine",NA
2004,"12","19","United States",2206
2004,"12","19","Uruguay",99
2004,"12","26","Argentina",77
2004,"12","26","Australia",NA
2004,"12","26","Austria",848
2004,"12","26","Belgium",169
2004,"12","26","Bolivia",314
2004,"12","26","Brazil",164
2004,"12","26","Bulgaria",724
2004,"12","26","Canada",3586
2004,"12","26","Chile",1
2004,"12","26","France",171
2004,"12","26","Germany",1288
2004,"12","26","Hungary",59
2004,"12","26","Japan",42
2004,"12","26","Mexico",1409
2004,"12","26","Netherlands",34
2004,"12","26","New Zealand",NA
2004,"12","26","Norway",14
2004,"12","26","Paraguay",NA
2004,"12","26","Peru",256
2004,"12","26","Poland",43
2004,"12","26","Romania",720
2004,"12","26","Russia",419
2004,"12","26","South Africa",NA
2004,"12","26","Spain",326
2004,"12","26","Sweden",NA
2004,"12","26","Switzerland",35
2004,"12","26","Ukraine",NA
2004,"12","26","United States",2715
2004,"12","26","Uruguay",98
2005,"01","02","Argentina",78
2005,"01","02","Australia",NA
2005,"01","02","Austria",769
2005,"01","02","Belgium",203
2005,"01","02","Bolivia",294
2005,"01","02","Brazil",170
2005,"01","02","Bulgaria",751
2005,"01","02","Canada",3761
2005,"01","02","Chile",1
2005,"01","02","France",144
2005,"01","02","Germany",1253
2005,"01","02","Hungary",59
2005,"01","02","Japan",42
2005,"01","02","Mexico",1330
2005,"01","02","Netherlands",34
2005,"01","02","New Zealand",NA
2005,"01","02","Norway",14
2005,"01","02","Paraguay",NA
2005,"01","02","Peru",268
2005,"01","02","Poland",47
2005,"01","02","Romania",735
2005,"01","02","Russia",401
2005,"01","02","South Africa",NA
2005,"01","02","Spain",579
2005,"01","02","Sweden",NA
2005,"01","02","Switzerland",53
2005,"01","02","Ukraine",NA
2005,"01","02","United States",2673
2005,"01","02","Uruguay",92
2005,"01","09","Argentina",82
2005,"01","09","Australia",NA
2005,"01","09","Austria",839
2005,"01","09","Belgium",201
2005,"01","09","Bolivia",281
2005,"01","09","Brazil",174
2005,"01","09","Bulgaria",824
2005,"01","09","Canada",3120
2005,"01","09","Chile",1
2005,"01","09","France",149
2005,"01","09","Germany",1104
2005,"01","09","Hungary",58
2005,"01","09","Japan",46
2005,"01","09","Mexico",1206
2005,"01","09","Netherlands",37
2005,"01","09","New Zealand",NA
2005,"01","09","Norway",13
2005,"01","09","Paraguay",NA
2005,"01","09","Peru",255
2005,"01","09","Poland",52
2005,"01","09","Romania",840
2005,"01","09","Russia",390
2005,"01","09","South Africa",NA
2005,"01","09","Spain",538
2005,"01","09","Sweden",NA
2005,"01","09","Switzerland",134
2005,"01","09","Ukraine",NA
2005,"01","09","United States",2459
2005,"01","09","Uruguay",89
2005,"01","16","Argentina",88
2005,"01","16","Australia",NA
2005,"01","16","Austria",895
2005,"01","16","Belgium",168
2005,"01","16","Bolivia",273
2005,"01","16","Brazil",157
2005,"01","16","Bulgaria",812
2005,"01","16","Canada",3123
2005,"01","16","Chile",1
2005,"01","16","France",232
2005,"01","16","Germany",1032
2005,"01","16","Hungary",60
2005,"01","16","Japan",78
2005,"01","16","Mexico",1216
2005,"01","16","Netherlands",37
2005,"01","16","New Zealand",NA
2005,"01","16","Norway",14
2005,"01","16","Paraguay",NA
2005,"01","16","Peru",244
2005,"01","16","Poland",53
2005,"01","16","Romania",779
2005,"01","16","Russia",336
2005,"01","16","South Africa",NA
2005,"01","16","Spain",478
2005,"01","16","Sweden",NA
2005,"01","16","Switzerland",260
2005,"01","16","Ukraine",NA
2005,"01","16","United States",2562
2005,"01","16","Uruguay",84
2005,"01","23","Argentina",89
2005,"01","23","Australia",NA
2005,"01","23","Austria",1106
2005,"01","23","Belgium",191
2005,"01","23","Bolivia",272
2005,"01","23","Brazil",163
2005,"01","23","Bulgaria",947
2005,"01","23","Canada",3276
2005,"01","23","Chile",1
2005,"01","23","France",396
2005,"01","23","Germany",1124
2005,"01","23","Hungary",61
2005,"01","23","Japan",178
2005,"01","23","Mexico",1187
2005,"01","23","Netherlands",43
2005,"01","23","New Zealand",NA
2005,"01","23","Norway",15
2005,"01","23","Paraguay",NA
2005,"01","23","Peru",271
2005,"01","23","Poland",62
2005,"01","23","Romania",747
2005,"01","23","Russia",299
2005,"01","23","South Africa",NA
2005,"01","23","Spain",209
2005,"01","23","Sweden",NA
2005,"01","23","Switzerland",320
2005,"01","23","Ukraine",NA
2005,"01","23","United States",2886
2005,"01","23","Uruguay",91
2005,"01","30","Argentina",94
2005,"01","30","Australia",NA
2005,"01","30","Austria",1643
2005,"01","30","Belgium",233
2005,"01","30","Bolivia",275
2005,"01","30","Brazil",160
2005,"01","30","Bulgaria",1058
2005,"01","30","Canada",3392
2005,"01","30","Chile",3
2005,"01","30","France",623
2005,"01","30","Germany",1417
2005,"01","30","Hungary",61
2005,"01","30","Japan",417
2005,"01","30","Mexico",1052
2005,"01","30","Netherlands",60
2005,"01","30","New Zealand",NA
2005,"01","30","Norway",21
2005,"01","30","Paraguay",NA
2005,"01","30","Peru",218
2005,"01","30","Poland",271
2005,"01","30","Romania",884
2005,"01","30","Russia",282
2005,"01","30","South Africa",NA
2005,"01","30","Spain",137
2005,"01","30","Sweden",NA
2005,"01","30","Switzerland",497
2005,"01","30","Ukraine",NA
2005,"01","30","United States",3429
2005,"01","30","Uruguay",102
2005,"02","06","Argentina",111
2005,"02","06","Australia",NA
2005,"02","06","Austria",2200
2005,"02","06","Belgium",379
2005,"02","06","Bolivia",263
2005,"02","06","Brazil",204
2005,"02","06","Bulgaria",1219
2005,"02","06","Canada",3526
2005,"02","06","Chile",2
2005,"02","06","France",1132
2005,"02","06","Germany",2005
2005,"02","06","Hungary",62
2005,"02","06","Japan",856
2005,"02","06","Mexico",1092
2005,"02","06","Netherlands",95
2005,"02","06","New Zealand",NA
2005,"02","06","Norway",29
2005,"02","06","Paraguay",NA
2005,"02","06","Peru",207
2005,"02","06","Poland",392
2005,"02","06","Romania",870
2005,"02","06","Russia",296
2005,"02","06","South Africa",NA
2005,"02","06","Spain",88
2005,"02","06","Sweden",NA
2005,"02","06","Switzerland",628
2005,"02","06","Ukraine",NA
2005,"02","06","United States",4037
2005,"02","06","Uruguay",102
2005,"02","13","Argentina",98
2005,"02","13","Australia",NA
2005,"02","13","Austria",2396
2005,"02","13","Belgium",492
2005,"02","13","Bolivia",255
2005,"02","13","Brazil",197
2005,"02","13","Bulgaria",1270
2005,"02","13","Canada",3274
2005,"02","13","Chile",2
2005,"02","13","France",685
2005,"02","13","Germany",2469
2005,"02","13","Hungary",78
2005,"02","13","Japan",1202
2005,"02","13","Mexico",1139
2005,"02","13","Netherlands",119
2005,"02","13","New Zealand",NA
2005,"02","13","Norway",47
2005,"02","13","Paraguay",NA
2005,"02","13","Peru",242
2005,"02","13","Poland",423
2005,"02","13","Romania",913
2005,"02","13","Russia",295
2005,"02","13","South Africa",NA
2005,"02","13","Spain",51
2005,"02","13","Sweden",NA
2005,"02","13","Switzerland",515
2005,"02","13","Ukraine",NA
2005,"02","13","United States",4065
2005,"02","13","Uruguay",100
2005,"02","20","Argentina",94
2005,"02","20","Australia",NA
2005,"02","20","Austria",2143
2005,"02","20","Belgium",429
2005,"02","20","Bolivia",269
2005,"02","20","Brazil",191
2005,"02","20","Bulgaria",1268
2005,"02","20","Canada",3658
2005,"02","20","Chile",2
2005,"02","20","France",317
2005,"02","20","Germany",2443
2005,"02","20","Hungary",174
2005,"02","20","Japan",1526
2005,"02","20","Mexico",1120
2005,"02","20","Netherlands",140
2005,"02","20","New Zealand",NA
2005,"02","20","Norway",56
2005,"02","20","Paraguay",NA
2005,"02","20","Peru",249
2005,"02","20","Poland",404
2005,"02","20","Romania",882
2005,"02","20","Russia",327
2005,"02","20","South Africa",NA
2005,"02","20","Spain",57
2005,"02","20","Sweden",NA
2005,"02","20","Switzerland",350
2005,"02","20","Ukraine",NA
2005,"02","20","United States",3540
2005,"02","20","Uruguay",111
2005,"02","27","Argentina",101
2005,"02","27","Australia",NA
2005,"02","27","Austria",1492
2005,"02","27","Belgium",419
2005,"02","27","Bolivia",282
2005,"02","27","Brazil",204
2005,"02","27","Bulgaria",1352
2005,"02","27","Canada",3527
2005,"02","27","Chile",2
2005,"02","27","France",179
2005,"02","27","Germany",2025
2005,"02","27","Hungary",417
2005,"02","27","Japan",1451
2005,"02","27","Mexico",1177
2005,"02","27","Netherlands",108
2005,"02","27","New Zealand",NA
2005,"02","27","Norway",72
2005,"02","27","Paraguay",NA
2005,"02","27","Peru",230
2005,"02","27","Poland",466
2005,"02","27","Romania",919
2005,"02","27","Russia",348
2005,"02","27","South Africa",NA
2005,"02","27","Spain",56
2005,"02","27","Sweden",NA
2005,"02","27","Switzerland",166
2005,"02","27","Ukraine",NA
2005,"02","27","United States",2875
2005,"02","27","Uruguay",102
2005,"03","06","Argentina",97
2005,"03","06","Australia",NA
2005,"03","06","Austria",1246
2005,"03","06","Belgium",413
2005,"03","06","Bolivia",355
2005,"03","06","Brazil",213
2005,"03","06","Bulgaria",1234
2005,"03","06","Canada",2927
2005,"03","06","Chile",1
2005,"03","06","France",134
2005,"03","06","Germany",1799
2005,"03","06","Hungary",566
2005,"03","06","Japan",1164
2005,"03","06","Mexico",1118
2005,"03","06","Netherlands",94
2005,"03","06","New Zealand",NA
2005,"03","06","Norway",81
2005,"03","06","Paraguay",NA
2005,"03","06","Peru",236
2005,"03","06","Poland",442
2005,"03","06","Romania",1058
2005,"03","06","Russia",369
2005,"03","06","South Africa",NA
2005,"03","06","Spain",50
2005,"03","06","Sweden",NA
2005,"03","06","Switzerland",117
2005,"03","06","Ukraine",NA
2005,"03","06","United States",2554
2005,"03","06","Uruguay",93
2005,"03","13","Argentina",106
2005,"03","13","Australia",NA
2005,"03","13","Austria",1052
2005,"03","13","Belgium",330
2005,"03","13","Bolivia",378
2005,"03","13","Brazil",204
2005,"03","13","Bulgaria",1132
2005,"03","13","Canada",2786
2005,"03","13","Chile",3
2005,"03","13","France",90
2005,"03","13","Germany",1406
2005,"03","13","Hungary",402
2005,"03","13","Japan",737
2005,"03","13","Mexico",1091
2005,"03","13","Netherlands",87
2005,"03","13","New Zealand",NA
2005,"03","13","Norway",81
2005,"03","13","Paraguay",NA
2005,"03","13","Peru",226
2005,"03","13","Poland",267
2005,"03","13","Romania",1080
2005,"03","13","Russia",358
2005,"03","13","South Africa",NA
2005,"03","13","Spain",75
2005,"03","13","Sweden",NA
2005,"03","13","Switzerland",78
2005,"03","13","Ukraine",NA
2005,"03","13","United States",2230
2005,"03","13","Uruguay",86
2005,"03","20","Argentina",137
2005,"03","20","Australia",NA
2005,"03","20","Austria",840
2005,"03","20","Belgium",164
2005,"03","20","Bolivia",363
2005,"03","20","Brazil",232
2005,"03","20","Bulgaria",1064
2005,"03","20","Canada",2438
2005,"03","20","Chile",2
2005,"03","20","France",67
2005,"03","20","Germany",988
2005,"03","20","Hungary",296
2005,"03","20","Japan",413
2005,"03","20","Mexico",1131
2005,"03","20","Netherlands",61
2005,"03","20","New Zealand",NA
2005,"03","20","Norway",77
2005,"03","20","Paraguay",NA
2005,"03","20","Peru",227
2005,"03","20","Poland",182
2005,"03","20","Romania",1277
2005,"03","20","Russia",342
2005,"03","20","South Africa",NA
2005,"03","20","Spain",52
2005,"03","20","Sweden",NA
2005,"03","20","Switzerland",45
2005,"03","20","Ukraine",NA
2005,"03","20","United States",2024
2005,"03","20","Uruguay",82
2005,"03","27","Argentina",145
2005,"03","27","Australia",NA
2005,"03","27","Austria",623
2005,"03","27","Belgium",72
2005,"03","27","Bolivia",412
2005,"03","27","Brazil",263
2005,"03","27","Bulgaria",1002
2005,"03","27","Canada",2370
2005,"03","27","Chile",4
2005,"03","27","France",45
2005,"03","27","Germany",774
2005,"03","27","Hungary",217
2005,"03","27","Japan",207
2005,"03","27","Mexico",1066
2005,"03","27","Netherlands",36
2005,"03","27","New Zealand",NA
2005,"03","27","Norway",70
2005,"03","27","Paraguay",NA
2005,"03","27","Peru",269
2005,"03","27","Poland",156
2005,"03","27","Romania",1117
2005,"03","27","Russia",333
2005,"03","27","South Africa",NA
2005,"03","27","Spain",32
2005,"03","27","Sweden",NA
2005,"03","27","Switzerland",30
2005,"03","27","Ukraine",NA
2005,"03","27","United States",1749
2005,"03","27","Uruguay",81
2005,"04","03","Argentina",154
2005,"04","03","Australia",NA
2005,"04","03","Austria",629
2005,"04","03","Belgium",55
2005,"04","03","Bolivia",509
2005,"04","03","Brazil",259
2005,"04","03","Bulgaria",959
2005,"04","03","Canada",2036
2005,"04","03","Chile",3
2005,"04","03","France",34
2005,"04","03","Germany",646
2005,"04","03","Hungary",156
2005,"04","03","Japan",111
2005,"04","03","Mexico",981
2005,"04","03","Netherlands",29
2005,"04","03","New Zealand",NA
2005,"04","03","Norway",61
2005,"04","03","Paraguay",NA
2005,"04","03","Peru",288
2005,"04","03","Poland",98
2005,"04","03","Romania",914
2005,"04","03","Russia",291
2005,"04","03","South Africa",NA
2005,"04","03","Spain",25
2005,"04","03","Sweden",NA
2005,"04","03","Switzerland",22
2005,"04","03","Ukraine",NA
2005,"04","03","United States",1421
2005,"04","03","Uruguay",83
2005,"04","10","Argentina",162
2005,"04","10","Australia",NA
2005,"04","10","Austria",552
2005,"04","10","Belgium",57
2005,"04","10","Bolivia",441
2005,"04","10","Brazil",300
2005,"04","10","Bulgaria",881
2005,"04","10","Canada",1715
2005,"04","10","Chile",3
2005,"04","10","France",30
2005,"04","10","Germany",607
2005,"04","10","Hungary",119
2005,"04","10","Japan",55
2005,"04","10","Mexico",945
2005,"04","10","Netherlands",24
2005,"04","10","New Zealand",NA
2005,"04","10","Norway",49
2005,"04","10","Paraguay",NA
2005,"04","10","Peru",287
2005,"04","10","Poland",76
2005,"04","10","Romania",880
2005,"04","10","Russia",283
2005,"04","10","South Africa",NA
2005,"04","10","Spain",24
2005,"04","10","Sweden",NA
2005,"04","10","Switzerland",17
2005,"04","10","Ukraine",NA
2005,"04","10","United States",1186
2005,"04","10","Uruguay",107
2005,"04","17","Argentina",192
2005,"04","17","Australia",NA
2005,"04","17","Austria",578
2005,"04","17","Belgium",59
2005,"04","17","Bolivia",396
2005,"04","17","Brazil",276
2005,"04","17","Bulgaria",811
2005,"04","17","Canada",1509
2005,"04","17","Chile",5
2005,"04","17","France",25
2005,"04","17","Germany",657
2005,"04","17","Hungary",91
2005,"04","17","Japan",38
2005,"04","17","Mexico",894
2005,"04","17","Netherlands",23
2005,"04","17","New Zealand",NA
2005,"04","17","Norway",41
2005,"04","17","Paraguay",NA
2005,"04","17","Peru",297
2005,"04","17","Poland",59
2005,"04","17","Romania",858
2005,"04","17","Russia",268
2005,"04","17","South Africa",NA
2005,"04","17","Spain",27
2005,"04","17","Sweden",NA
2005,"04","17","Switzerland",14
2005,"04","17","Ukraine",NA
2005,"04","17","United States",1083
2005,"04","17","Uruguay",146
2005,"04","24","Argentina",189
2005,"04","24","Australia",NA
2005,"04","24","Austria",619
2005,"04","24","Belgium",59
2005,"04","24","Bolivia",430
2005,"04","24","Brazil",286
2005,"04","24","Bulgaria",746
2005,"04","24","Canada",1509
2005,"04","24","Chile",3
2005,"04","24","France",20
2005,"04","24","Germany",651
2005,"04","24","Hungary",77
2005,"04","24","Japan",30
2005,"04","24","Mexico",858
2005,"04","24","Netherlands",23
2005,"04","24","New Zealand",NA
2005,"04","24","Norway",35
2005,"04","24","Paraguay",NA
2005,"04","24","Peru",299
2005,"04","24","Poland",49
2005,"04","24","Romania",809
2005,"04","24","Russia",249
2005,"04","24","South Africa",NA
2005,"04","24","Spain",24
2005,"04","24","Sweden",NA
2005,"04","24","Switzerland",13
2005,"04","24","Ukraine",NA
2005,"04","24","United States",1017
2005,"04","24","Uruguay",150
2005,"05","01","Argentina",183
2005,"05","01","Australia",NA
2005,"05","01","Austria",506
2005,"05","01","Belgium",64
2005,"05","01","Bolivia",401
2005,"05","01","Brazil",310
2005,"05","01","Bulgaria",733
2005,"05","01","Canada",1451
2005,"05","01","Chile",4
2005,"05","01","France",10
2005,"05","01","Germany",596
2005,"05","01","Hungary",63
2005,"05","01","Japan",17
2005,"05","01","Mexico",900
2005,"05","01","Netherlands",18
2005,"05","01","New Zealand",NA
2005,"05","01","Norway",31
2005,"05","01","Paraguay",NA
2005,"05","01","Peru",320
2005,"05","01","Poland",43
2005,"05","01","Romania",719
2005,"05","01","Russia",235
2005,"05","01","South Africa",NA
2005,"05","01","Spain",31
2005,"05","01","Sweden",NA
2005,"05","01","Switzerland",11
2005,"05","01","Ukraine",NA
2005,"05","01","United States",959
2005,"05","01","Uruguay",140
2005,"05","08","Argentina",199
2005,"05","08","Australia",NA
2005,"05","08","Austria",589
2005,"05","08","Belgium",67
2005,"05","08","Bolivia",358
2005,"05","08","Brazil",320
2005,"05","08","Bulgaria",672
2005,"05","08","Canada",1524
2005,"05","08","Chile",3
2005,"05","08","France",10
2005,"05","08","Germany",711
2005,"05","08","Hungary",53
2005,"05","08","Japan",9
2005,"05","08","Mexico",854
2005,"05","08","Netherlands",21
2005,"05","08","New Zealand",NA
2005,"05","08","Norway",29
2005,"05","08","Paraguay",NA
2005,"05","08","Peru",345
2005,"05","08","Poland",36
2005,"05","08","Romania",689
2005,"05","08","Russia",218
2005,"05","08","South Africa",NA
2005,"05","08","Spain",26
2005,"05","08","Sweden",NA
2005,"05","08","Switzerland",11
2005,"05","08","Ukraine",NA
2005,"05","08","United States",902
2005,"05","08","Uruguay",125
2005,"05","15","Argentina",193
2005,"05","15","Australia",NA
2005,"05","15","Austria",579
2005,"05","15","Belgium",84
2005,"05","15","Bolivia",373
2005,"05","15","Brazil",355
2005,"05","15","Bulgaria",641
2005,"05","15","Canada",1262
2005,"05","15","Chile",6
2005,"05","15","France",10
2005,"05","15","Germany",671
2005,"05","15","Hungary",44
2005,"05","15","Japan",6
2005,"05","15","Mexico",832
2005,"05","15","Netherlands",16
2005,"05","15","New Zealand",NA
2005,"05","15","Norway",27
2005,"05","15","Paraguay",NA
2005,"05","15","Peru",396
2005,"05","15","Poland",32
2005,"05","15","Romania",665
2005,"05","15","Russia",222
2005,"05","15","South Africa",NA
2005,"05","15","Spain",26
2005,"05","15","Sweden",NA
2005,"05","15","Switzerland",11
2005,"05","15","Ukraine",NA
2005,"05","15","United States",850
2005,"05","15","Uruguay",132
2005,"05","22","Argentina",205
2005,"05","22","Australia",NA
2005,"05","22","Austria",420
2005,"05","22","Belgium",65
2005,"05","22","Bolivia",421
2005,"05","22","Brazil",330
2005,"05","22","Bulgaria",631
2005,"05","22","Canada",1182
2005,"05","22","Chile",9
2005,"05","22","France",9
2005,"05","22","Germany",570
2005,"05","22","Hungary",39
2005,"05","22","Japan",5
2005,"05","22","Mexico",882
2005,"05","22","Netherlands",18
2005,"05","22","New Zealand",NA
2005,"05","22","Norway",24
2005,"05","22","Paraguay",230
2005,"05","22","Peru",419
2005,"05","22","Poland",29
2005,"05","22","Romania",636
2005,"05","22","Russia",206
2005,"05","22","South Africa",NA
2005,"05","22","Spain",22
2005,"05","22","Sweden",NA
2005,"05","22","Switzerland",10
2005,"05","22","Ukraine",NA
2005,"05","22","United States",850
2005,"05","22","Uruguay",132
2005,"05","29","Argentina",198
2005,"05","29","Australia",NA
2005,"05","29","Austria",518
2005,"05","29","Belgium",50
2005,"05","29","Bolivia",427
2005,"05","29","Brazil",350
2005,"05","29","Bulgaria",587
2005,"05","29","Canada",1110
2005,"05","29","Chile",9
2005,"05","29","France",9
2005,"05","29","Germany",522
2005,"05","29","Hungary",35
2005,"05","29","Japan",5
2005,"05","29","Mexico",843
2005,"05","29","Netherlands",14
2005,"05","29","New Zealand",NA
2005,"05","29","Norway",23
2005,"05","29","Paraguay",263
2005,"05","29","Peru",307
2005,"05","29","Poland",25
2005,"05","29","Romania",626
2005,"05","29","Russia",192
2005,"05","29","South Africa",NA
2005,"05","29","Spain",14
2005,"05","29","Sweden",NA
2005,"05","29","Switzerland",11
2005,"05","29","Ukraine",NA
2005,"05","29","United States",826
2005,"05","29","Uruguay",137
2005,"06","05","Argentina",196
2005,"06","05","Australia",NA
2005,"06","05","Austria",519
2005,"06","05","Belgium",47
2005,"06","05","Bolivia",401
2005,"06","05","Brazil",324
2005,"06","05","Bulgaria",537
2005,"06","05","Canada",878
2005,"06","05","Chile",18
2005,"06","05","France",11
2005,"06","05","Germany",529
2005,"06","05","Hungary",32
2005,"06","05","Japan",4
2005,"06","05","Mexico",740
2005,"06","05","Netherlands",15
2005,"06","05","New Zealand",NA
2005,"06","05","Norway",19
2005,"06","05","Paraguay",286
2005,"06","05","Peru",340
2005,"06","05","Poland",22
2005,"06","05","Romania",598
2005,"06","05","Russia",183
2005,"06","05","South Africa",NA
2005,"06","05","Spain",17
2005,"06","05","Sweden",NA
2005,"06","05","Switzerland",11
2005,"06","05","Ukraine",NA
2005,"06","05","United States",751
2005,"06","05","Uruguay",142
2005,"06","12","Argentina",197
2005,"06","12","Australia",NA
2005,"06","12","Austria",479
2005,"06","12","Belgium",42
2005,"06","12","Bolivia",428
2005,"06","12","Brazil",288
2005,"06","12","Bulgaria",498
2005,"06","12","Canada",777
2005,"06","12","Chile",27
2005,"06","12","France",11
2005,"06","12","Germany",486
2005,"06","12","Hungary",31
2005,"06","12","Japan",3
2005,"06","12","Mexico",710
2005,"06","12","Netherlands",15
2005,"06","12","New Zealand",NA
2005,"06","12","Norway",18
2005,"06","12","Paraguay",333
2005,"06","12","Peru",371
2005,"06","12","Poland",20
2005,"06","12","Romania",617
2005,"06","12","Russia",170
2005,"06","12","South Africa",NA
2005,"06","12","Spain",14
2005,"06","12","Sweden",NA
2005,"06","12","Switzerland",9
2005,"06","12","Ukraine",NA
2005,"06","12","United States",761
2005,"06","12","Uruguay",140
2005,"06","19","Argentina",246
2005,"06","19","Australia",NA
2005,"06","19","Austria",503
2005,"06","19","Belgium",26
2005,"06","19","Bolivia",503
2005,"06","19","Brazil",333
2005,"06","19","Bulgaria",473
2005,"06","19","Canada",944
2005,"06","19","Chile",22
2005,"06","19","France",8
2005,"06","19","Germany",415
2005,"06","19","Hungary",30
2005,"06","19","Japan",3
2005,"06","19","Mexico",713
2005,"06","19","Netherlands",15
2005,"06","19","New Zealand",NA
2005,"06","19","Norway",17
2005,"06","19","Paraguay",379
2005,"06","19","Peru",354
2005,"06","19","Poland",18
2005,"06","19","Romania",656
2005,"06","19","Russia",158
2005,"06","19","South Africa",NA
2005,"06","19","Spain",14
2005,"06","19","Sweden",NA
2005,"06","19","Switzerland",9
2005,"06","19","Ukraine",NA
2005,"06","19","United States",740
2005,"06","19","Uruguay",159
2005,"06","26","Argentina",264
2005,"06","26","Australia",NA
2005,"06","26","Austria",462
2005,"06","26","Belgium",25
2005,"06","26","Bolivia",559
2005,"06","26","Brazil",289
2005,"06","26","Bulgaria",470
2005,"06","26","Canada",748
2005,"06","26","Chile",14
2005,"06","26","France",7
2005,"06","26","Germany",399
2005,"06","26","Hungary",29
2005,"06","26","Japan",2
2005,"06","26","Mexico",654
2005,"06","26","Netherlands",12
2005,"06","26","New Zealand",NA
2005,"06","26","Norway",15
2005,"06","26","Paraguay",400
2005,"06","26","Peru",355
2005,"06","26","Poland",17
2005,"06","26","Romania",709
2005,"06","26","Russia",155
2005,"06","26","South Africa",NA
2005,"06","26","Spain",13
2005,"06","26","Sweden",NA
2005,"06","26","Switzerland",11
2005,"06","26","Ukraine",NA
2005,"06","26","United States",684
2005,"06","26","Uruguay",143
2005,"07","03","Argentina",273
2005,"07","03","Australia",NA
2005,"07","03","Austria",414
2005,"07","03","Belgium",12
2005,"07","03","Bolivia",433
2005,"07","03","Brazil",277
2005,"07","03","Bulgaria",468
2005,"07","03","Canada",892
2005,"07","03","Chile",11
2005,"07","03","France",7
2005,"07","03","Germany",400
2005,"07","03","Hungary",28
2005,"07","03","Japan",2
2005,"07","03","Mexico",727
2005,"07","03","Netherlands",14
2005,"07","03","New Zealand",NA
2005,"07","03","Norway",15
2005,"07","03","Paraguay",361
2005,"07","03","Peru",335
2005,"07","03","Poland",16
2005,"07","03","Romania",662
2005,"07","03","Russia",138
2005,"07","03","South Africa",NA
2005,"07","03","Spain",11
2005,"07","03","Sweden",NA
2005,"07","03","Switzerland",9
2005,"07","03","Ukraine",NA
2005,"07","03","United States",711
2005,"07","03","Uruguay",130
2005,"07","10","Argentina",234
2005,"07","10","Australia",NA
2005,"07","10","Austria",512
2005,"07","10","Belgium",21
2005,"07","10","Bolivia",350
2005,"07","10","Brazil",259
2005,"07","10","Bulgaria",467
2005,"07","10","Canada",812
2005,"07","10","Chile",7
2005,"07","10","France",6
2005,"07","10","Germany",407
2005,"07","10","Hungary",27
2005,"07","10","Japan",2
2005,"07","10","Mexico",690
2005,"07","10","Netherlands",13
2005,"07","10","New Zealand",NA
2005,"07","10","Norway",16
2005,"07","10","Paraguay",346
2005,"07","10","Peru",291
2005,"07","10","Poland",14
2005,"07","10","Romania",621
2005,"07","10","Russia",127
2005,"07","10","South Africa",NA
2005,"07","10","Spain",9
2005,"07","10","Sweden",NA
2005,"07","10","Switzerland",10
2005,"07","10","Ukraine",NA
2005,"07","10","United States",712
2005,"07","10","Uruguay",118
2005,"07","17","Argentina",237
2005,"07","17","Australia",NA
2005,"07","17","Austria",485
2005,"07","17","Belgium",24
2005,"07","17","Bolivia",307
2005,"07","17","Brazil",259
2005,"07","17","Bulgaria",472
2005,"07","17","Canada",639
2005,"07","17","Chile",8
2005,"07","17","France",9
2005,"07","17","Germany",442
2005,"07","17","Hungary",27
2005,"07","17","Japan",2
2005,"07","17","Mexico",748
2005,"07","17","Netherlands",14
2005,"07","17","New Zealand",NA
2005,"07","17","Norway",15
2005,"07","17","Paraguay",375
2005,"07","17","Peru",296
2005,"07","17","Poland",13
2005,"07","17","Romania",600
2005,"07","17","Russia",125
2005,"07","17","South Africa",NA
2005,"07","17","Spain",10
2005,"07","17","Sweden",NA
2005,"07","17","Switzerland",9
2005,"07","17","Ukraine",NA
2005,"07","17","United States",697
2005,"07","17","Uruguay",124
2005,"07","24","Argentina",227
2005,"07","24","Australia",NA
2005,"07","24","Austria",462
2005,"07","24","Belgium",18
2005,"07","24","Bolivia",346
2005,"07","24","Brazil",245
2005,"07","24","Bulgaria",481
2005,"07","24","Canada",732
2005,"07","24","Chile",4
2005,"07","24","France",10
2005,"07","24","Germany",396
2005,"07","24","Hungary",29
2005,"07","24","Japan",2
2005,"07","24","Mexico",664
2005,"07","24","Netherlands",14
2005,"07","24","New Zealand",NA
2005,"07","24","Norway",15
2005,"07","24","Paraguay",408
2005,"07","24","Peru",246
2005,"07","24","Poland",12
2005,"07","24","Romania",591
2005,"07","24","Russia",112
2005,"07","24","South Africa",NA
2005,"07","24","Spain",10
2005,"07","24","Sweden",NA
2005,"07","24","Switzerland",10
2005,"07","24","Ukraine",NA
2005,"07","24","United States",695
2005,"07","24","Uruguay",159
2005,"07","31","Argentina",210
2005,"07","31","Australia",NA
2005,"07","31","Austria",479
2005,"07","31","Belgium",24
2005,"07","31","Bolivia",349
2005,"07","31","Brazil",289
2005,"07","31","Bulgaria",456
2005,"07","31","Canada",705
2005,"07","31","Chile",4
2005,"07","31","France",9
2005,"07","31","Germany",497
2005,"07","31","Hungary",29
2005,"07","31","Japan",2
2005,"07","31","Mexico",690
2005,"07","31","Netherlands",13
2005,"07","31","New Zealand",NA
2005,"07","31","Norway",18
2005,"07","31","Paraguay",404
2005,"07","31","Peru",281
2005,"07","31","Poland",12
2005,"07","31","Romania",628
2005,"07","31","Russia",113
2005,"07","31","South Africa",NA
2005,"07","31","Spain",11
2005,"07","31","Sweden",NA
2005,"07","31","Switzerland",10
2005,"07","31","Ukraine",NA
2005,"07","31","United States",693
2005,"07","31","Uruguay",175
2005,"08","07","Argentina",202
2005,"08","07","Australia",NA
2005,"08","07","Austria",455
2005,"08","07","Belgium",22
2005,"08","07","Bolivia",337
2005,"08","07","Brazil",292
2005,"08","07","Bulgaria",449
2005,"08","07","Canada",745
2005,"08","07","Chile",3
2005,"08","07","France",10
2005,"08","07","Germany",505
2005,"08","07","Hungary",28
2005,"08","07","Japan",2
2005,"08","07","Mexico",698
2005,"08","07","Netherlands",12
2005,"08","07","New Zealand",NA
2005,"08","07","Norway",19
2005,"08","07","Paraguay",462
2005,"08","07","Peru",309
2005,"08","07","Poland",12
2005,"08","07","Romania",604
2005,"08","07","Russia",110
2005,"08","07","South Africa",NA
2005,"08","07","Spain",9
2005,"08","07","Sweden",NA
2005,"08","07","Switzerland",9
2005,"08","07","Ukraine",NA
2005,"08","07","United States",710
2005,"08","07","Uruguay",154
2005,"08","14","Argentina",208
2005,"08","14","Australia",NA
2005,"08","14","Austria",518
2005,"08","14","Belgium",18
2005,"08","14","Bolivia",381
2005,"08","14","Brazil",281
2005,"08","14","Bulgaria",437
2005,"08","14","Canada",665
2005,"08","14","Chile",3
2005,"08","14","France",11
2005,"08","14","Germany",503
2005,"08","14","Hungary",27
2005,"08","14","Japan",2
2005,"08","14","Mexico",641
2005,"08","14","Netherlands",14
2005,"08","14","New Zealand",NA
2005,"08","14","Norway",18
2005,"08","14","Paraguay",402
2005,"08","14","Peru",339
2005,"08","14","Poland",12
2005,"08","14","Romania",675
2005,"08","14","Russia",105
2005,"08","14","South Africa",NA
2005,"08","14","Spain",15
2005,"08","14","Sweden",NA
2005,"08","14","Switzerland",9
2005,"08","14","Ukraine",NA
2005,"08","14","United States",739
2005,"08","14","Uruguay",162
2005,"08","21","Argentina",234
2005,"08","21","Australia",NA
2005,"08","21","Austria",512
2005,"08","21","Belgium",25
2005,"08","21","Bolivia",492
2005,"08","21","Brazil",286
2005,"08","21","Bulgaria",430
2005,"08","21","Canada",835
2005,"08","21","Chile",3
2005,"08","21","France",9
2005,"08","21","Germany",536
2005,"08","21","Hungary",28
2005,"08","21","Japan",2
2005,"08","21","Mexico",641
2005,"08","21","Netherlands",14
2005,"08","21","New Zealand",NA
2005,"08","21","Norway",20
2005,"08","21","Paraguay",388
2005,"08","21","Peru",358
2005,"08","21","Poland",12
2005,"08","21","Romania",646
2005,"08","21","Russia",109
2005,"08","21","South Africa",NA
2005,"08","21","Spain",14
2005,"08","21","Sweden",NA
2005,"08","21","Switzerland",7
2005,"08","21","Ukraine",NA
2005,"08","21","United States",787
2005,"08","21","Uruguay",180
2005,"08","28","Argentina",218
2005,"08","28","Australia",NA
2005,"08","28","Austria",514
2005,"08","28","Belgium",31
2005,"08","28","Bolivia",566
2005,"08","28","Brazil",289
2005,"08","28","Bulgaria",500
2005,"08","28","Canada",936
2005,"08","28","Chile",3
2005,"08","28","France",9
2005,"08","28","Germany",536
2005,"08","28","Hungary",28
2005,"08","28","Japan",1
2005,"08","28","Mexico",630
2005,"08","28","Netherlands",13
2005,"08","28","New Zealand",NA
2005,"08","28","Norway",26
2005,"08","28","Paraguay",357
2005,"08","28","Peru",391
2005,"08","28","Poland",12
2005,"08","28","Romania",662
2005,"08","28","Russia",111
2005,"08","28","South Africa",NA
2005,"08","28","Spain",18
2005,"08","28","Sweden",NA
2005,"08","28","Switzerland",9
2005,"08","28","Ukraine",NA
2005,"08","28","United States",772
2005,"08","28","Uruguay",178
2005,"09","04","Argentina",188
2005,"09","04","Australia",NA
2005,"09","04","Austria",527
2005,"09","04","Belgium",35
2005,"09","04","Bolivia",509
2005,"09","04","Brazil",261
2005,"09","04","Bulgaria",506
2005,"09","04","Canada",1050
2005,"09","04","Chile",3
2005,"09","04","France",13
2005,"09","04","Germany",538
2005,"09","04","Hungary",27
2005,"09","04","Japan",1
2005,"09","04","Mexico",811
2005,"09","04","Netherlands",17
2005,"09","04","New Zealand",NA
2005,"09","04","Norway",29
2005,"09","04","Paraguay",321
2005,"09","04","Peru",403
2005,"09","04","Poland",14
2005,"09","04","Romania",662
2005,"09","04","Russia",127
2005,"09","04","South Africa",NA
2005,"09","04","Spain",11
2005,"09","04","Sweden",NA
2005,"09","04","Switzerland",10
2005,"09","04","Ukraine",NA
2005,"09","04","United States",881
2005,"09","04","Uruguay",145
2005,"09","11","Argentina",195
2005,"09","11","Australia",NA
2005,"09","11","Austria",525
2005,"09","11","Belgium",40
2005,"09","11","Bolivia",420
2005,"09","11","Brazil",271
2005,"09","11","Bulgaria",513
2005,"09","11","Canada",1169
2005,"09","11","Chile",3
2005,"09","11","France",17
2005,"09","11","Germany",587
2005,"09","11","Hungary",29
2005,"09","11","Japan",1
2005,"09","11","Mexico",786
2005,"09","11","Netherlands",18
2005,"09","11","New Zealand",NA
2005,"09","11","Norway",29
2005,"09","11","Paraguay",307
2005,"09","11","Peru",379
2005,"09","11","Poland",23
2005,"09","11","Romania",713
2005,"09","11","Russia",164
2005,"09","11","South Africa",NA
2005,"09","11","Spain",18
2005,"09","11","Sweden",NA
2005,"09","11","Switzerland",11
2005,"09","11","Ukraine",NA
2005,"09","11","United States",1053
2005,"09","11","Uruguay",143
2005,"09","18","Argentina",194
2005,"09","18","Australia",NA
2005,"09","18","Austria",671
2005,"09","18","Belgium",39
2005,"09","18","Bolivia",385
2005,"09","18","Brazil",258
2005,"09","18","Bulgaria",552
2005,"09","18","Canada",1424
2005,"09","18","Chile",3
2005,"09","18","France",43
2005,"09","18","Germany",787
2005,"09","18","Hungary",32
2005,"09","18","Japan",2
2005,"09","18","Mexico",855
2005,"09","18","Netherlands",27
2005,"09","18","New Zealand",NA
2005,"09","18","Norway",35
2005,"09","18","Paraguay",304
2005,"09","18","Peru",320
2005,"09","18","Poland",37
2005,"09","18","Romania",683
2005,"09","18","Russia",176
2005,"09","18","South Africa",NA
2005,"09","18","Spain",26
2005,"09","18","Sweden",NA
2005,"09","18","Switzerland",14
2005,"09","18","Ukraine",NA
2005,"09","18","United States",1068
2005,"09","18","Uruguay",175
2005,"09","25","Argentina",230
2005,"09","25","Australia",NA
2005,"09","25","Austria",729
2005,"09","25","Belgium",68
2005,"09","25","Bolivia",387
2005,"09","25","Brazil",254
2005,"09","25","Bulgaria",551
2005,"09","25","Canada",1642
2005,"09","25","Chile",3
2005,"09","25","France",50
2005,"09","25","Germany",916
2005,"09","25","Hungary",34
2005,"09","25","Japan",2
2005,"09","25","Mexico",845
2005,"09","25","Netherlands",24
2005,"09","25","New Zealand",NA
2005,"09","25","Norway",29
2005,"09","25","Paraguay",293
2005,"09","25","Peru",367
2005,"09","25","Poland",61
2005,"09","25","Romania",696
2005,"09","25","Russia",242
2005,"09","25","South Africa",NA
2005,"09","25","Spain",33
2005,"09","25","Sweden",NA
2005,"09","25","Switzerland",13
2005,"09","25","Ukraine",NA
2005,"09","25","United States",1177
2005,"09","25","Uruguay",163
2005,"10","02","Argentina",191
2005,"10","02","Australia",NA
2005,"10","02","Austria",821
2005,"10","02","Belgium",80
2005,"10","02","Bolivia",413
2005,"10","02","Brazil",278
2005,"10","02","Bulgaria",612
2005,"10","02","Canada",1758
2005,"10","02","Chile",4
2005,"10","02","France",76
2005,"10","02","Germany",1019
2005,"10","02","Hungary",44
2005,"10","02","Japan",3
2005,"10","02","Mexico",822
2005,"10","02","Netherlands",26
2005,"10","02","New Zealand",NA
2005,"10","02","Norway",27
2005,"10","02","Paraguay",321
2005,"10","02","Peru",349
2005,"10","02","Poland",75
2005,"10","02","Romania",775
2005,"10","02","Russia",300
2005,"10","02","South Africa",NA
2005,"10","02","Spain",34
2005,"10","02","Sweden",NA
2005,"10","02","Switzerland",19
2005,"10","02","Ukraine",NA
2005,"10","02","United States",1364
2005,"10","02","Uruguay",175
2005,"10","09","Argentina",174
2005,"10","09","Australia",NA
2005,"10","09","Austria",890
2005,"10","09","Belgium",88
2005,"10","09","Bolivia",422
2005,"10","09","Brazil",271
2005,"10","09","Bulgaria",824
2005,"10","09","Canada",1786
2005,"10","09","Chile",5
2005,"10","09","France",75
2005,"10","09","Germany",1075
2005,"10","09","Hungary",60
2005,"10","09","Japan",4
2005,"10","09","Mexico",877
2005,"10","09","Netherlands",30
2005,"10","09","New Zealand",NA
2005,"10","09","Norway",27
2005,"10","09","Paraguay",347
2005,"10","09","Peru",382
2005,"10","09","Poland",109
2005,"10","09","Romania",918
2005,"10","09","Russia",296
2005,"10","09","South Africa",NA
2005,"10","09","Spain",41
2005,"10","09","Sweden",NA
2005,"10","09","Switzerland",25
2005,"10","09","Ukraine",359
2005,"10","09","United States",1504
2005,"10","09","Uruguay",155
2005,"10","16","Argentina",200
2005,"10","16","Australia",NA
2005,"10","16","Austria",867
2005,"10","16","Belgium",98
2005,"10","16","Bolivia",422
2005,"10","16","Brazil",276
2005,"10","16","Bulgaria",857
2005,"10","16","Canada",2048
2005,"10","16","Chile",5
2005,"10","16","France",83
2005,"10","16","Germany",1169
2005,"10","16","Hungary",76
2005,"10","16","Japan",6
2005,"10","16","Mexico",948
2005,"10","16","Netherlands",27
2005,"10","16","New Zealand",NA
2005,"10","16","Norway",27
2005,"10","16","Paraguay",343
2005,"10","16","Peru",376
2005,"10","16","Poland",122
2005,"10","16","Romania",863
2005,"10","16","Russia",307
2005,"10","16","South Africa",NA
2005,"10","16","Spain",41
2005,"10","16","Sweden",NA
2005,"10","16","Switzerland",31
2005,"10","16","Ukraine",534
2005,"10","16","United States",1532
2005,"10","16","Uruguay",179
2005,"10","23","Argentina",165
2005,"10","23","Australia",NA
2005,"10","23","Austria",793
2005,"10","23","Belgium",113
2005,"10","23","Bolivia",533
2005,"10","23","Brazil",266
2005,"10","23","Bulgaria",937
2005,"10","23","Canada",2054
2005,"10","23","Chile",5
2005,"10","23","France",61
2005,"10","23","Germany",1082
2005,"10","23","Hungary",78
2005,"10","23","Japan",11
2005,"10","23","Mexico",1027
2005,"10","23","Netherlands",28
2005,"10","23","New Zealand",NA
2005,"10","23","Norway",34
2005,"10","23","Paraguay",324
2005,"10","23","Peru",407
2005,"10","23","Poland",88
2005,"10","23","Romania",870
2005,"10","23","Russia",329
2005,"10","23","South Africa",NA
2005,"10","23","Spain",38
2005,"10","23","Sweden",NA
2005,"10","23","Switzerland",36
2005,"10","23","Ukraine",672
2005,"10","23","United States",1591
2005,"10","23","Uruguay",205
2005,"10","30","Argentina",169
2005,"10","30","Australia",NA
2005,"10","30","Austria",676
2005,"10","30","Belgium",71
2005,"10","30","Bolivia",517
2005,"10","30","Brazil",280
2005,"10","30","Bulgaria",1027
2005,"10","30","Canada",2305
2005,"10","30","Chile",8
2005,"10","30","France",42
2005,"10","30","Germany",979
2005,"10","30","Hungary",70
2005,"10","30","Japan",20
2005,"10","30","Mexico",1180
2005,"10","30","Netherlands",30
2005,"10","30","New Zealand",NA
2005,"10","30","Norway",40
2005,"10","30","Paraguay",316
2005,"10","30","Peru",367
2005,"10","30","Poland",66
2005,"10","30","Romania",793
2005,"10","30","Russia",411
2005,"10","30","South Africa",NA
2005,"10","30","Spain",29
2005,"10","30","Sweden",NA
2005,"10","30","Switzerland",34
2005,"10","30","Ukraine",660
2005,"10","30","United States",1858
2005,"10","30","Uruguay",167
2005,"11","06","Argentina",162
2005,"11","06","Australia",NA
2005,"11","06","Austria",836
2005,"11","06","Belgium",99
2005,"11","06","Bolivia",426
2005,"11","06","Brazil",278
2005,"11","06","Bulgaria",1185
2005,"11","06","Canada",2131
2005,"11","06","Chile",6
2005,"11","06","France",64
2005,"11","06","Germany",1086
2005,"11","06","Hungary",66
2005,"11","06","Japan",31
2005,"11","06","Mexico",1294
2005,"11","06","Netherlands",30
2005,"11","06","New Zealand",NA
2005,"11","06","Norway",61
2005,"11","06","Paraguay",305
2005,"11","06","Peru",435
2005,"11","06","Poland",66
2005,"11","06","Romania",729
2005,"11","06","Russia",417
2005,"11","06","South Africa",NA
2005,"11","06","Spain",28
2005,"11","06","Sweden",NA
2005,"11","06","Switzerland",35
2005,"11","06","Ukraine",596
2005,"11","06","United States",1778
2005,"11","06","Uruguay",133
2005,"11","13","Argentina",151
2005,"11","13","Australia",NA
2005,"11","13","Austria",725
2005,"11","13","Belgium",166
2005,"11","13","Bolivia",385
2005,"11","13","Brazil",295
2005,"11","13","Bulgaria",1163
2005,"11","13","Canada",2433
2005,"11","13","Chile",6
2005,"11","13","France",72
2005,"11","13","Germany",1211
2005,"11","13","Hungary",55
2005,"11","13","Japan",66
2005,"11","13","Mexico",1279
2005,"11","13","Netherlands",28
2005,"11","13","New Zealand",NA
2005,"11","13","Norway",61
2005,"11","13","Paraguay",287
2005,"11","13","Peru",358
2005,"11","13","Poland",60
2005,"11","13","Romania",731
2005,"11","13","Russia",371
2005,"11","13","South Africa",NA
2005,"11","13","Spain",33
2005,"11","13","Sweden",3
2005,"11","13","Switzerland",26
2005,"11","13","Ukraine",540
2005,"11","13","United States",1811
2005,"11","13","Uruguay",112
2005,"11","20","Argentina",147
2005,"11","20","Australia",NA
2005,"11","20","Austria",795
2005,"11","20","Belgium",185
2005,"11","20","Bolivia",387
2005,"11","20","Brazil",272
2005,"11","20","Bulgaria",1189
2005,"11","20","Canada",2387
2005,"11","20","Chile",4
2005,"11","20","France",89
2005,"11","20","Germany",1243
2005,"11","20","Hungary",52
2005,"11","20","Japan",66
2005,"11","20","Mexico",1311
2005,"11","20","Netherlands",29
2005,"11","20","New Zealand",NA
2005,"11","20","Norway",72
2005,"11","20","Paraguay",278
2005,"11","20","Peru",315
2005,"11","20","Poland",57
2005,"11","20","Romania",700
2005,"11","20","Russia",316
2005,"11","20","South Africa",NA
2005,"11","20","Spain",35
2005,"11","20","Sweden",4
2005,"11","20","Switzerland",24
2005,"11","20","Ukraine",503
2005,"11","20","United States",1640
2005,"11","20","Uruguay",99
2005,"11","27","Argentina",133
2005,"11","27","Australia",NA
2005,"11","27","Austria",827
2005,"11","27","Belgium",192
2005,"11","27","Bolivia",452
2005,"11","27","Brazil",228
2005,"11","27","Bulgaria",1129
2005,"11","27","Canada",2134
2005,"11","27","Chile",3
2005,"11","27","France",83
2005,"11","27","Germany",1220
2005,"11","27","Hungary",54
2005,"11","27","Japan",73
2005,"11","27","Mexico",1304
2005,"11","27","Netherlands",31
2005,"11","27","New Zealand",NA
2005,"11","27","Norway",69
2005,"11","27","Paraguay",274
2005,"11","27","Peru",265
2005,"11","27","Poland",49
2005,"11","27","Romania",724
2005,"11","27","Russia",341
2005,"11","27","South Africa",NA
2005,"11","27","Spain",30
2005,"11","27","Sweden",3
2005,"11","27","Switzerland",27
2005,"11","27","Ukraine",461
2005,"11","27","United States",1808
2005,"11","27","Uruguay",86
2005,"12","04","Argentina",112
2005,"12","04","Australia",NA
2005,"12","04","Austria",767
2005,"12","04","Belgium",201
2005,"12","04","Bolivia",458
2005,"12","04","Brazil",194
2005,"12","04","Bulgaria",1032
2005,"12","04","Canada",2256
2005,"12","04","Chile",1
2005,"12","04","France",85
2005,"12","04","Germany",1228
2005,"12","04","Hungary",59
2005,"12","04","Japan",79
2005,"12","04","Mexico",1407
2005,"12","04","Netherlands",36
2005,"12","04","New Zealand",NA
2005,"12","04","Norway",63
2005,"12","04","Paraguay",287
2005,"12","04","Peru",304
2005,"12","04","Poland",53
2005,"12","04","Romania",877
2005,"12","04","Russia",362
2005,"12","04","South Africa",NA
2005,"12","04","Spain",24
2005,"12","04","Sweden",3
2005,"12","04","Switzerland",34
2005,"12","04","Ukraine",453
2005,"12","04","United States",1806
2005,"12","04","Uruguay",90
2005,"12","11","Argentina",99
2005,"12","11","Australia",NA
2005,"12","11","Austria",923
2005,"12","11","Belgium",168
2005,"12","11","Bolivia",365
2005,"12","11","Brazil",188
2005,"12","11","Bulgaria",1036
2005,"12","11","Canada",2321
2005,"12","11","Chile",2
2005,"12","11","France",98
2005,"12","11","Germany",1249
2005,"12","11","Hungary",60
2005,"12","11","Japan",94
2005,"12","11","Mexico",1393
2005,"12","11","Netherlands",33
2005,"12","11","New Zealand",NA
2005,"12","11","Norway",58
2005,"12","11","Paraguay",291
2005,"12","11","Peru",241
2005,"12","11","Poland",49
2005,"12","11","Romania",819
2005,"12","11","Russia",357
2005,"12","11","South Africa",NA
2005,"12","11","Spain",25
2005,"12","11","Sweden",3
2005,"12","11","Switzerland",30
2005,"12","11","Ukraine",432
2005,"12","11","United States",2050
2005,"12","11","Uruguay",94
2005,"12","18","Argentina",94
2005,"12","18","Australia",NA
2005,"12","18","Austria",786
2005,"12","18","Belgium",121
2005,"12","18","Bolivia",305
2005,"12","18","Brazil",172
2005,"12","18","Bulgaria",1038
2005,"12","18","Canada",2480
2005,"12","18","Chile",1
2005,"12","18","France",120
2005,"12","18","Germany",1193
2005,"12","18","Hungary",57
2005,"12","18","Japan",141
2005,"12","18","Mexico",1472
2005,"12","18","Netherlands",26
2005,"12","18","New Zealand",NA
2005,"12","18","Norway",54
2005,"12","18","Paraguay",271
2005,"12","18","Peru",202
2005,"12","18","Poland",51
2005,"12","18","Romania",778
2005,"12","18","Russia",415
2005,"12","18","South Africa",NA
2005,"12","18","Spain",20
2005,"12","18","Sweden",4
2005,"12","18","Switzerland",21
2005,"12","18","Ukraine",422
2005,"12","18","United States",2494
2005,"12","18","Uruguay",92
2005,"12","25","Argentina",82
2005,"12","25","Australia",NA
2005,"12","25","Austria",796
2005,"12","25","Belgium",119
2005,"12","25","Bolivia",294
2005,"12","25","Brazil",175
2005,"12","25","Bulgaria",1105
2005,"12","25","Canada",2697
2005,"12","25","Chile",2
2005,"12","25","France",120
2005,"12","25","Germany",1212
2005,"12","25","Hungary",57
2005,"12","25","Japan",258
2005,"12","25","Mexico",1540
2005,"12","25","Netherlands",24
2005,"12","25","New Zealand",NA
2005,"12","25","Norway",48
2005,"12","25","Paraguay",259
2005,"12","25","Peru",204
2005,"12","25","Poland",50
2005,"12","25","Romania",787
2005,"12","25","Russia",409
2005,"12","25","South Africa",NA
2005,"12","25","Spain",26
2005,"12","25","Sweden",4
2005,"12","25","Switzerland",24
2005,"12","25","Ukraine",411
2005,"12","25","United States",2915
2005,"12","25","Uruguay",103
2006,"01","01","Argentina",87
2006,"01","01","Australia",163
2006,"01","01","Austria",786
2006,"01","01","Belgium",117
2006,"01","01","Bolivia",250
2006,"01","01","Brazil",192
2006,"01","01","Bulgaria",1120
2006,"01","01","Canada",2915
2006,"01","01","Chile",1
2006,"01","01","France",127
2006,"01","01","Germany",1289
2006,"01","01","Hungary",52
2006,"01","01","Japan",310
2006,"01","01","Mexico",1397
2006,"01","01","Netherlands",23
2006,"01","01","New Zealand",17
2006,"01","01","Norway",46
2006,"01","01","Paraguay",251
2006,"01","01","Peru",218
2006,"01","01","Poland",54
2006,"01","01","Romania",831
2006,"01","01","Russia",436
2006,"01","01","South Africa",NA
2006,"01","01","Spain",23
2006,"01","01","Sweden",3
2006,"01","01","Switzerland",42
2006,"01","01","Ukraine",404
2006,"01","01","United States",2522
2006,"01","01","Uruguay",103
2006,"01","08","Argentina",85
2006,"01","08","Australia",174
2006,"01","08","Austria",873
2006,"01","08","Belgium",151
2006,"01","08","Bolivia",247
2006,"01","08","Brazil",176
2006,"01","08","Bulgaria",1302
2006,"01","08","Canada",2356
2006,"01","08","Chile",2
2006,"01","08","France",106
2006,"01","08","Germany",1227
2006,"01","08","Hungary",60
2006,"01","08","Japan",431
2006,"01","08","Mexico",1383
2006,"01","08","Netherlands",34
2006,"01","08","New Zealand",10
2006,"01","08","Norway",37
2006,"01","08","Paraguay",257
2006,"01","08","Peru",227
2006,"01","08","Poland",54
2006,"01","08","Romania",802
2006,"01","08","Russia",362
2006,"01","08","South Africa",NA
2006,"01","08","Spain",34
2006,"01","08","Sweden",3
2006,"01","08","Switzerland",33
2006,"01","08","Ukraine",385
2006,"01","08","United States",2098
2006,"01","08","Uruguay",95
2006,"01","15","Argentina",91
2006,"01","15","Australia",136
2006,"01","15","Austria",920
2006,"01","15","Belgium",131
2006,"01","15","Bolivia",247
2006,"01","15","Brazil",182
2006,"01","15","Bulgaria",1360
2006,"01","15","Canada",2223
2006,"01","15","Chile",2
2006,"01","15","France",96
2006,"01","15","Germany",1113
2006,"01","15","Hungary",60
2006,"01","15","Japan",658
2006,"01","15","Mexico",1475
2006,"01","15","Netherlands",31
2006,"01","15","New Zealand",11
2006,"01","15","Norway",43
2006,"01","15","Paraguay",260
2006,"01","15","Peru",213
2006,"01","15","Poland",51
2006,"01","15","Romania",789
2006,"01","15","Russia",327
2006,"01","15","South Africa",1835
2006,"01","15","Spain",26
2006,"01","15","Sweden",3
2006,"01","15","Switzerland",28
2006,"01","15","Ukraine",366
2006,"01","15","United States",1998
2006,"01","15","Uruguay",84
2006,"01","22","Argentina",83
2006,"01","22","Australia",121
2006,"01","22","Austria",840
2006,"01","22","Belgium",119
2006,"01","22","Bolivia",234
2006,"01","22","Brazil",166
2006,"01","22","Bulgaria",1357
2006,"01","22","Canada",2295
2006,"01","22","Chile",3
2006,"01","22","France",131
2006,"01","22","Germany",1129
2006,"01","22","Hungary",61
2006,"01","22","Japan",953
2006,"01","22","Mexico",1310
2006,"01","22","Netherlands",34
2006,"01","22","New Zealand",8
2006,"01","22","Norway",40
2006,"01","22","Paraguay",262
2006,"01","22","Peru",201
2006,"01","22","Poland",55
2006,"01","22","Romania",793
2006,"01","22","Russia",313
2006,"01","22","South Africa",1866
2006,"01","22","Spain",32
2006,"01","22","Sweden",4
2006,"01","22","Switzerland",38
2006,"01","22","Ukraine",359
2006,"01","22","United States",2137
2006,"01","22","Uruguay",81
2006,"01","29","Argentina",105
2006,"01","29","Australia",127
2006,"01","29","Austria",824
2006,"01","29","Belgium",163
2006,"01","29","Bolivia",228
2006,"01","29","Brazil",159
2006,"01","29","Bulgaria",1163
2006,"01","29","Canada",2401
2006,"01","29","Chile",2
2006,"01","29","France",242
2006,"01","29","Germany",1180
2006,"01","29","Hungary",67
2006,"01","29","Japan",1070
2006,"01","29","Mexico",1222
2006,"01","29","Netherlands",39
2006,"01","29","New Zealand",8
2006,"01","29","Norway",60
2006,"01","29","Paraguay",258
2006,"01","29","Peru",194
2006,"01","29","Poland",57
2006,"01","29","Romania",744
2006,"01","29","Russia",304
2006,"01","29","South Africa",1991
2006,"01","29","Spain",25
2006,"01","29","Sweden",5
2006,"01","29","Switzerland",39
2006,"01","29","Ukraine",358
2006,"01","29","United States",2155
2006,"01","29","Uruguay",81
2006,"02","05","Argentina",97
2006,"02","05","Australia",164
2006,"02","05","Austria",854
2006,"02","05","Belgium",245
2006,"02","05","Bolivia",202
2006,"02","05","Brazil",165
2006,"02","05","Bulgaria",1305
2006,"02","05","Canada",2587
2006,"02","05","Chile",1
2006,"02","05","France",262
2006,"02","05","Germany",1175
2006,"02","05","Hungary",61
2006,"02","05","Japan",806
2006,"02","05","Mexico",1169
2006,"02","05","Netherlands",52
2006,"02","05","New Zealand",9
2006,"02","05","Norway",91
2006,"02","05","Paraguay",245
2006,"02","05","Peru",192
2006,"02","05","Poland",55
2006,"02","05","Romania",742
2006,"02","05","Russia",329
2006,"02","05","South Africa",2169
2006,"02","05","Spain",46
2006,"02","05","Sweden",6
2006,"02","05","Switzerland",64
2006,"02","05","Ukraine",337
2006,"02","05","United States",2221
2006,"02","05","Uruguay",80
2006,"02","12","Argentina",90
2006,"02","12","Australia",157
2006,"02","12","Austria",884
2006,"02","12","Belgium",297
2006,"02","12","Bolivia",197
2006,"02","12","Brazil",171
2006,"02","12","Bulgaria",1326
2006,"02","12","Canada",2503
2006,"02","12","Chile",2
2006,"02","12","France",221
2006,"02","12","Germany",1126
2006,"02","12","Hungary",75
2006,"02","12","Japan",546
2006,"02","12","Mexico",1064
2006,"02","12","Netherlands",70
2006,"02","12","New Zealand",11
2006,"02","12","Norway",85
2006,"02","12","Paraguay",224
2006,"02","12","Peru",211
2006,"02","12","Poland",63
2006,"02","12","Romania",753
2006,"02","12","Russia",344
2006,"02","12","South Africa",1958
2006,"02","12","Spain",41
2006,"02","12","Sweden",11
2006,"02","12","Switzerland",75
2006,"02","12","Ukraine",329
2006,"02","12","United States",2437
2006,"02","12","Uruguay",75
2006,"02","19","Argentina",91
2006,"02","19","Australia",197
2006,"02","19","Austria",845
2006,"02","19","Belgium",326
2006,"02","19","Bolivia",250
2006,"02","19","Brazil",196
2006,"02","19","Bulgaria",1156
2006,"02","19","Canada",2793
2006,"02","19","Chile",3
2006,"02","19","France",172
2006,"02","19","Germany",1162
2006,"02","19","Hungary",92
2006,"02","19","Japan",327
2006,"02","19","Mexico",1137
2006,"02","19","Netherlands",66
2006,"02","19","New Zealand",9
2006,"02","19","Norway",75
2006,"02","19","Paraguay",222
2006,"02","19","Peru",258
2006,"02","19","Poland",79
2006,"02","19","Romania",768
2006,"02","19","Russia",413
2006,"02","19","South Africa",2380
2006,"02","19","Spain",59
2006,"02","19","Sweden",7
2006,"02","19","Switzerland",97
2006,"02","19","Ukraine",340
2006,"02","19","United States",2567
2006,"02","19","Uruguay",85
2006,"02","26","Argentina",95
2006,"02","26","Australia",235
2006,"02","26","Austria",928
2006,"02","26","Belgium",263
2006,"02","26","Bolivia",308
2006,"02","26","Brazil",208
2006,"02","26","Bulgaria",1069
2006,"02","26","Canada",3310
2006,"02","26","Chile",4
2006,"02","26","France",117
2006,"02","26","Germany",1162
2006,"02","26","Hungary",121
2006,"02","26","Japan",156
2006,"02","26","Mexico",1131
2006,"02","26","Netherlands",72
2006,"02","26","New Zealand",21
2006,"02","26","Norway",61
2006,"02","26","Paraguay",210
2006,"02","26","Peru",207
2006,"02","26","Poland",93
2006,"02","26","Romania",698
2006,"02","26","Russia",436
2006,"02","26","South Africa",2244
2006,"02","26","Spain",87
2006,"02","26","Sweden",9
2006,"02","26","Switzerland",129
2006,"02","26","Ukraine",343
2006,"02","26","United States",2564
2006,"02","26","Uruguay",87
2006,"03","05","Argentina",109
2006,"03","05","Australia",278
2006,"03","05","Austria",909
2006,"03","05","Belgium",252
2006,"03","05","Bolivia",373
2006,"03","05","Brazil",223
2006,"03","05","Bulgaria",913
2006,"03","05","Canada",3533
2006,"03","05","Chile",3
2006,"03","05","France",75
2006,"03","05","Germany",1129
2006,"03","05","Hungary",125
2006,"03","05","Japan",100
2006,"03","05","Mexico",1069
2006,"03","05","Netherlands",61
2006,"03","05","New Zealand",20
2006,"03","05","Norway",43
2006,"03","05","Paraguay",196
2006,"03","05","Peru",247
2006,"03","05","Poland",116
2006,"03","05","Romania",756
2006,"03","05","Russia",434
2006,"03","05","South Africa",2179
2006,"03","05","Spain",136
2006,"03","05","Sweden",9
2006,"03","05","Switzerland",139
2006,"03","05","Ukraine",338
2006,"03","05","United States",2457
2006,"03","05","Uruguay",81
2006,"03","12","Argentina",120
2006,"03","12","Australia",305
2006,"03","12","Austria",1021
2006,"03","12","Belgium",217
2006,"03","12","Bolivia",428
2006,"03","12","Brazil",245
2006,"03","12","Bulgaria",1057
2006,"03","12","Canada",2843
2006,"03","12","Chile",4
2006,"03","12","France",65
2006,"03","12","Germany",1047
2006,"03","12","Hungary",131
2006,"03","12","Japan",54
2006,"03","12","Mexico",1088
2006,"03","12","Netherlands",61
2006,"03","12","New Zealand",14
2006,"03","12","Norway",42
2006,"03","12","Paraguay",207
2006,"03","12","Peru",232
2006,"03","12","Poland",150
2006,"03","12","Romania",813
2006,"03","12","Russia",486
2006,"03","12","South Africa",2160
2006,"03","12","Spain",132
2006,"03","12","Sweden",7
2006,"03","12","Switzerland",148
2006,"03","12","Ukraine",370
2006,"03","12","United States",2170
2006,"03","12","Uruguay",79
2006,"03","19","Argentina",121
2006,"03","19","Australia",261
2006,"03","19","Austria",1054
2006,"03","19","Belgium",193
2006,"03","19","Bolivia",443
2006,"03","19","Brazil",246
2006,"03","19","Bulgaria",1033
2006,"03","19","Canada",2752
2006,"03","19","Chile",6
2006,"03","19","France",61
2006,"03","19","Germany",1043
2006,"03","19","Hungary",141
2006,"03","19","Japan",34
2006,"03","19","Mexico",1038
2006,"03","19","Netherlands",62
2006,"03","19","New Zealand",16
2006,"03","19","Norway",42
2006,"03","19","Paraguay",219
2006,"03","19","Peru",229
2006,"03","19","Poland",130
2006,"03","19","Romania",849
2006,"03","19","Russia",509
2006,"03","19","South Africa",2199
2006,"03","19","Spain",114
2006,"03","19","Sweden",5
2006,"03","19","Switzerland",138
2006,"03","19","Ukraine",411
2006,"03","19","United States",2057
2006,"03","19","Uruguay",83
2006,"03","26","Argentina",143
2006,"03","26","Australia",297
2006,"03","26","Austria",916
2006,"03","26","Belgium",147
2006,"03","26","Bolivia",431
2006,"03","26","Brazil",262
2006,"03","26","Bulgaria",1200
2006,"03","26","Canada",2326
2006,"03","26","Chile",6
2006,"03","26","France",34
2006,"03","26","Germany",899
2006,"03","26","Hungary",128
2006,"03","26","Japan",20
2006,"03","26","Mexico",950
2006,"03","26","Netherlands",53
2006,"03","26","New Zealand",13
2006,"03","26","Norway",42
2006,"03","26","Paraguay",209
2006,"03","26","Peru",210
2006,"03","26","Poland",116
2006,"03","26","Romania",866
2006,"03","26","Russia",442
2006,"03","26","South Africa",2782
2006,"03","26","Spain",98
2006,"03","26","Sweden",5
2006,"03","26","Switzerland",86
2006,"03","26","Ukraine",412
2006,"03","26","United States",1896
2006,"03","26","Uruguay",90
2006,"04","02","Argentina",169
2006,"04","02","Australia",356
2006,"04","02","Austria",851
2006,"04","02","Belgium",81
2006,"04","02","Bolivia",402
2006,"04","02","Brazil",253
2006,"04","02","Bulgaria",1075
2006,"04","02","Canada",2169
2006,"04","02","Chile",6
2006,"04","02","France",32
2006,"04","02","Germany",836
2006,"04","02","Hungary",105
2006,"04","02","Japan",11
2006,"04","02","Mexico",980
2006,"04","02","Netherlands",31
2006,"04","02","New Zealand",18
2006,"04","02","Norway",33
2006,"04","02","Paraguay",202
2006,"04","02","Peru",256
2006,"04","02","Poland",115
2006,"04","02","Romania",887
2006,"04","02","Russia",389
2006,"04","02","South Africa",2312
2006,"04","02","Spain",51
2006,"04","02","Sweden",4
2006,"04","02","Switzerland",48
2006,"04","02","Ukraine",412
2006,"04","02","United States",1574
2006,"04","02","Uruguay",95
2006,"04","09","Argentina",130
2006,"04","09","Australia",324
2006,"04","09","Austria",699
2006,"04","09","Belgium",62
2006,"04","09","Bolivia",431
2006,"04","09","Brazil",275
2006,"04","09","Bulgaria",896
2006,"04","09","Canada",1854
2006,"04","09","Chile",5
2006,"04","09","France",22
2006,"04","09","Germany",729
2006,"04","09","Hungary",85
2006,"04","09","Japan",8
2006,"04","09","Mexico",880
2006,"04","09","Netherlands",25
2006,"04","09","New Zealand",13
2006,"04","09","Norway",31
2006,"04","09","Paraguay",207
2006,"04","09","Peru",235
2006,"04","09","Poland",82
2006,"04","09","Romania",893
2006,"04","09","Russia",316
2006,"04","09","South Africa",2343
2006,"04","09","Spain",37
2006,"04","09","Sweden",4
2006,"04","09","Switzerland",33
2006,"04","09","Ukraine",386
2006,"04","09","United States",1363
2006,"04","09","Uruguay",88
2006,"04","16","Argentina",152
2006,"04","16","Australia",281
2006,"04","16","Austria",621
2006,"04","16","Belgium",53
2006,"04","16","Bolivia",509
2006,"04","16","Brazil",289
2006,"04","16","Bulgaria",812
2006,"04","16","Canada",1769
2006,"04","16","Chile",6
2006,"04","16","France",18
2006,"04","16","Germany",665
2006,"04","16","Hungary",70
2006,"04","16","Japan",7
2006,"04","16","Mexico",933
2006,"04","16","Netherlands",24
2006,"04","16","New Zealand",16
2006,"04","16","Norway",29
2006,"04","16","Paraguay",237
2006,"04","16","Peru",331
2006,"04","16","Poland",57
2006,"04","16","Romania",796
2006,"04","16","Russia",253
2006,"04","16","South Africa",2241
2006,"04","16","Spain",33
2006,"04","16","Sweden",3
2006,"04","16","Switzerland",25
2006,"04","16","Ukraine",366
2006,"04","16","United States",1191
2006,"04","16","Uruguay",86
2006,"04","23","Argentina",166
2006,"04","23","Australia",319
2006,"04","23","Austria",562
2006,"04","23","Belgium",38
2006,"04","23","Bolivia",454
2006,"04","23","Brazil",311
2006,"04","23","Bulgaria",768
2006,"04","23","Canada",1632
2006,"04","23","Chile",5
2006,"04","23","France",16
2006,"04","23","Germany",604
2006,"04","23","Hungary",61
2006,"04","23","Japan",7
2006,"04","23","Mexico",844
2006,"04","23","Netherlands",20
2006,"04","23","New Zealand",14
2006,"04","23","Norway",25
2006,"04","23","Paraguay",287
2006,"04","23","Peru",311
2006,"04","23","Poland",43
2006,"04","23","Romania",760
2006,"04","23","Russia",211
2006,"04","23","South Africa",2398
2006,"04","23","Spain",31
2006,"04","23","Sweden",3
2006,"04","23","Switzerland",15
2006,"04","23","Ukraine",343
2006,"04","23","United States",1090
2006,"04","23","Uruguay",89
2006,"04","30","Argentina",185
2006,"04","30","Australia",367
2006,"04","30","Austria",506
2006,"04","30","Belgium",45
2006,"04","30","Bolivia",499
2006,"04","30","Brazil",325
2006,"04","30","Bulgaria",743
2006,"04","30","Canada",1445
2006,"04","30","Chile",4
2006,"04","30","France",12
2006,"04","30","Germany",542
2006,"04","30","Hungary",52
2006,"04","30","Japan",8
2006,"04","30","Mexico",855
2006,"04","30","Netherlands",17
2006,"04","30","New Zealand",19
2006,"04","30","Norway",22
2006,"04","30","Paraguay",253
2006,"04","30","Peru",334
2006,"04","30","Poland",37
2006,"04","30","Romania",732
2006,"04","30","Russia",187
2006,"04","30","South Africa",2573
2006,"04","30","Spain",29
2006,"04","30","Sweden",2
2006,"04","30","Switzerland",14
2006,"04","30","Ukraine",325
2006,"04","30","United States",1060
2006,"04","30","Uruguay",91
2006,"05","07","Argentina",172
2006,"05","07","Australia",316
2006,"05","07","Austria",565
2006,"05","07","Belgium",43
2006,"05","07","Bolivia",491
2006,"05","07","Brazil",339
2006,"05","07","Bulgaria",771
2006,"05","07","Canada",1276
2006,"05","07","Chile",4
2006,"05","07","France",12
2006,"05","07","Germany",541
2006,"05","07","Hungary",45
2006,"05","07","Japan",7
2006,"05","07","Mexico",869
2006,"05","07","Netherlands",15
2006,"05","07","New Zealand",16
2006,"05","07","Norway",17
2006,"05","07","Paraguay",255
2006,"05","07","Peru",358
2006,"05","07","Poland",32
2006,"05","07","Romania",723
2006,"05","07","Russia",191
2006,"05","07","South Africa",3048
2006,"05","07","Spain",25
2006,"05","07","Sweden",1
2006,"05","07","Switzerland",14
2006,"05","07","Ukraine",307
2006,"05","07","United States",1003
2006,"05","07","Uruguay",120
2006,"05","14","Argentina",183
2006,"05","14","Australia",382
2006,"05","14","Austria",570
2006,"05","14","Belgium",45
2006,"05","14","Bolivia",561
2006,"05","14","Brazil",376
2006,"05","14","Bulgaria",864
2006,"05","14","Canada",1173
2006,"05","14","Chile",6
2006,"05","14","France",8
2006,"05","14","Germany",497
2006,"05","14","Hungary",42
2006,"05","14","Japan",6
2006,"05","14","Mexico",909
2006,"05","14","Netherlands",15
2006,"05","14","New Zealand",21
2006,"05","14","Norway",16
2006,"05","14","Paraguay",287
2006,"05","14","Peru",394
2006,"05","14","Poland",28
2006,"05","14","Romania",729
2006,"05","14","Russia",189
2006,"05","14","South Africa",3212
2006,"05","14","Spain",23
2006,"05","14","Sweden",1
2006,"05","14","Switzerland",12
2006,"05","14","Ukraine",285
2006,"05","14","United States",939
2006,"05","14","Uruguay",133
2006,"05","21","Argentina",205
2006,"05","21","Australia",432
2006,"05","21","Austria",553
2006,"05","21","Belgium",29
2006,"05","21","Bolivia",513
2006,"05","21","Brazil",406
2006,"05","21","Bulgaria",811
2006,"05","21","Canada",1172
2006,"05","21","Chile",4
2006,"05","21","France",9
2006,"05","21","Germany",508
2006,"05","21","Hungary",39
2006,"05","21","Japan",6
2006,"05","21","Mexico",894
2006,"05","21","Netherlands",13
2006,"05","21","New Zealand",31
2006,"05","21","Norway",14
2006,"05","21","Paraguay",276
2006,"05","21","Peru",376
2006,"05","21","Poland",24
2006,"05","21","Romania",796
2006,"05","21","Russia",258
2006,"05","21","South Africa",3975
2006,"05","21","Spain",24
2006,"05","21","Sweden",1
2006,"05","21","Switzerland",10
2006,"05","21","Ukraine",269
2006,"05","21","United States",927
2006,"05","21","Uruguay",151
2006,"05","28","Argentina",207
2006,"05","28","Australia",425
2006,"05","28","Austria",522
2006,"05","28","Belgium",39
2006,"05","28","Bolivia",513
2006,"05","28","Brazil",432
2006,"05","28","Bulgaria",717
2006,"05","28","Canada",1078
2006,"05","28","Chile",5
2006,"05","28","France",11
2006,"05","28","Germany",573
2006,"05","28","Hungary",39
2006,"05","28","Japan",6
2006,"05","28","Mexico",823
2006,"05","28","Netherlands",16
2006,"05","28","New Zealand",26
2006,"05","28","Norway",14
2006,"05","28","Paraguay",281
2006,"05","28","Peru",364
2006,"05","28","Poland",23
2006,"05","28","Romania",694
2006,"05","28","Russia",254
2006,"05","28","South Africa",4159
2006,"05","28","Spain",19
2006,"05","28","Sweden",1
2006,"05","28","Switzerland",9
2006,"05","28","Ukraine",255
2006,"05","28","United States",884
2006,"05","28","Uruguay",165
2006,"06","04","Argentina",211
2006,"06","04","Australia",406
2006,"06","04","Austria",539
2006,"06","04","Belgium",36
2006,"06","04","Bolivia",625
2006,"06","04","Brazil",390
2006,"06","04","Bulgaria",705
2006,"06","04","Canada",940
2006,"06","04","Chile",5
2006,"06","04","France",9
2006,"06","04","Germany",603
2006,"06","04","Hungary",40
2006,"06","04","Japan",7
2006,"06","04","Mexico",776
2006,"06","04","Netherlands",14
2006,"06","04","New Zealand",36
2006,"06","04","Norway",15
2006,"06","04","Paraguay",313
2006,"06","04","Peru",304
2006,"06","04","Poland",23
2006,"06","04","Romania",668
2006,"06","04","Russia",264
2006,"06","04","South Africa",4707
2006,"06","04","Spain",20
2006,"06","04","Sweden",1
2006,"06","04","Switzerland",9
2006,"06","04","Ukraine",249
2006,"06","04","United States",818
2006,"06","04","Uruguay",158
2006,"06","11","Argentina",219
2006,"06","11","Australia",410
2006,"06","11","Austria",529
2006,"06","11","Belgium",30
2006,"06","11","Bolivia",501
2006,"06","11","Brazil",370
2006,"06","11","Bulgaria",688
2006,"06","11","Canada",951
2006,"06","11","Chile",5
2006,"06","11","France",7
2006,"06","11","Germany",508
2006,"06","11","Hungary",43
2006,"06","11","Japan",13
2006,"06","11","Mexico",815
2006,"06","11","Netherlands",15
2006,"06","11","New Zealand",28
2006,"06","11","Norway",15
2006,"06","11","Paraguay",344
2006,"06","11","Peru",355
2006,"06","11","Poland",21
2006,"06","11","Romania",705
2006,"06","11","Russia",232
2006,"06","11","South Africa",4619
2006,"06","11","Spain",20
2006,"06","11","Sweden",2
2006,"06","11","Switzerland",10
2006,"06","11","Ukraine",239
2006,"06","11","United States",775
2006,"06","11","Uruguay",147
2006,"06","18","Argentina",223
2006,"06","18","Australia",476
2006,"06","18","Austria",488
2006,"06","18","Belgium",26
2006,"06","18","Bolivia",419
2006,"06","18","Brazil",409
2006,"06","18","Bulgaria",646
2006,"06","18","Canada",858
2006,"06","18","Chile",7
2006,"06","18","France",6
2006,"06","18","Germany",418
2006,"06","18","Hungary",42
2006,"06","18","Japan",9
2006,"06","18","Mexico",780
2006,"06","18","Netherlands",16
2006,"06","18","New Zealand",47
2006,"06","18","Norway",12
2006,"06","18","Paraguay",330
2006,"06","18","Peru",316
2006,"06","18","Poland",19
2006,"06","18","Romania",678
2006,"06","18","Russia",250
2006,"06","18","South Africa",3571
2006,"06","18","Spain",18
2006,"06","18","Sweden",1
2006,"06","18","Switzerland",8
2006,"06","18","Ukraine",228
2006,"06","18","United States",729
2006,"06","18","Uruguay",135
2006,"06","25","Argentina",243
2006,"06","25","Australia",523
2006,"06","25","Austria",513
2006,"06","25","Belgium",14
2006,"06","25","Bolivia",335
2006,"06","25","Brazil",378
2006,"06","25","Bulgaria",710
2006,"06","25","Canada",752
2006,"06","25","Chile",8
2006,"06","25","France",5
2006,"06","25","Germany",367
2006,"06","25","Hungary",42
2006,"06","25","Japan",6
2006,"06","25","Mexico",770
2006,"06","25","Netherlands",17
2006,"06","25","New Zealand",80
2006,"06","25","Norway",11
2006,"06","25","Paraguay",335
2006,"06","25","Peru",313
2006,"06","25","Poland",19
2006,"06","25","Romania",622
2006,"06","25","Russia",241
2006,"06","25","South Africa",3344
2006,"06","25","Spain",17
2006,"06","25","Sweden",1
2006,"06","25","Switzerland",8
2006,"06","25","Ukraine",221
2006,"06","25","United States",706
2006,"06","25","Uruguay",155
2006,"07","02","Argentina",232
2006,"07","02","Australia",567
2006,"07","02","Austria",496
2006,"07","02","Belgium",14
2006,"07","02","Bolivia",303
2006,"07","02","Brazil",344
2006,"07","02","Bulgaria",711
2006,"07","02","Canada",785
2006,"07","02","Chile",8
2006,"07","02","France",5
2006,"07","02","Germany",344
2006,"07","02","Hungary",42
2006,"07","02","Japan",5
2006,"07","02","Mexico",660
2006,"07","02","Netherlands",13
2006,"07","02","New Zealand",102
2006,"07","02","Norway",10
2006,"07","02","Paraguay",340
2006,"07","02","Peru",296
2006,"07","02","Poland",17
2006,"07","02","Romania",641
2006,"07","02","Russia",206
2006,"07","02","South Africa",4091
2006,"07","02","Spain",13
2006,"07","02","Sweden",1
2006,"07","02","Switzerland",8
2006,"07","02","Ukraine",216
2006,"07","02","United States",735
2006,"07","02","Uruguay",188
2006,"07","09","Argentina",261
2006,"07","09","Australia",512
2006,"07","09","Austria",454
2006,"07","09","Belgium",15
2006,"07","09","Bolivia",281
2006,"07","09","Brazil",317
2006,"07","09","Bulgaria",667
2006,"07","09","Canada",786
2006,"07","09","Chile",10
2006,"07","09","France",5
2006,"07","09","Germany",338
2006,"07","09","Hungary",40
2006,"07","09","Japan",5
2006,"07","09","Mexico",759
2006,"07","09","Netherlands",17
2006,"07","09","New Zealand",83
2006,"07","09","Norway",10
2006,"07","09","Paraguay",454
2006,"07","09","Peru",328
2006,"07","09","Poland",16
2006,"07","09","Romania",631
2006,"07","09","Russia",178
2006,"07","09","South Africa",3623
2006,"07","09","Spain",10
2006,"07","09","Sweden",1
2006,"07","09","Switzerland",8
2006,"07","09","Ukraine",207
2006,"07","09","United States",717
2006,"07","09","Uruguay",177
2006,"07","16","Argentina",272
2006,"07","16","Australia",621
2006,"07","16","Austria",499
2006,"07","16","Belgium",7
2006,"07","16","Bolivia",286
2006,"07","16","Brazil",302
2006,"07","16","Bulgaria",666
2006,"07","16","Canada",724
2006,"07","16","Chile",11
2006,"07","16","France",6
2006,"07","16","Germany",329
2006,"07","16","Hungary",39
2006,"07","16","Japan",3
2006,"07","16","Mexico",753
2006,"07","16","Netherlands",14
2006,"07","16","New Zealand",55
2006,"07","16","Norway",9
2006,"07","16","Paraguay",549
2006,"07","16","Peru",278
2006,"07","16","Poland",15
2006,"07","16","Romania",595
2006,"07","16","Russia",146
2006,"07","16","South Africa",3225
2006,"07","16","Spain",19
2006,"07","16","Sweden",1
2006,"07","16","Switzerland",9
2006,"07","16","Ukraine",204
2006,"07","16","United States",695
2006,"07","16","Uruguay",179
2006,"07","23","Argentina",252
2006,"07","23","Australia",670
2006,"07","23","Austria",483
2006,"07","23","Belgium",11
2006,"07","23","Bolivia",343
2006,"07","23","Brazil",288
2006,"07","23","Bulgaria",641
2006,"07","23","Canada",707
2006,"07","23","Chile",8
2006,"07","23","France",5
2006,"07","23","Germany",313
2006,"07","23","Hungary",40
2006,"07","23","Japan",3
2006,"07","23","Mexico",774
2006,"07","23","Netherlands",14
2006,"07","23","New Zealand",68
2006,"07","23","Norway",8
2006,"07","23","Paraguay",488
2006,"07","23","Peru",251
2006,"07","23","Poland",14
2006,"07","23","Romania",582
2006,"07","23","Russia",143
2006,"07","23","South Africa",3205
2006,"07","23","Spain",14
2006,"07","23","Sweden",1
2006,"07","23","Switzerland",10
2006,"07","23","Ukraine",201
2006,"07","23","United States",695
2006,"07","23","Uruguay",177
2006,"07","30","Argentina",215
2006,"07","30","Australia",742
2006,"07","30","Austria",374
2006,"07","30","Belgium",9
2006,"07","30","Bolivia",381
2006,"07","30","Brazil",284
2006,"07","30","Bulgaria",564
2006,"07","30","Canada",744
2006,"07","30","Chile",7
2006,"07","30","France",6
2006,"07","30","Germany",332
2006,"07","30","Hungary",39
2006,"07","30","Japan",3
2006,"07","30","Mexico",737
2006,"07","30","Netherlands",15
2006,"07","30","New Zealand",73
2006,"07","30","Norway",8
2006,"07","30","Paraguay",423
2006,"07","30","Peru",260
2006,"07","30","Poland",13
2006,"07","30","Romania",552
2006,"07","30","Russia",136
2006,"07","30","South Africa",2975
2006,"07","30","Spain",17
2006,"07","30","Sweden",1
2006,"07","30","Switzerland",10
2006,"07","30","Ukraine",206
2006,"07","30","United States",677
2006,"07","30","Uruguay",183
2006,"08","06","Argentina",238
2006,"08","06","Australia",765
2006,"08","06","Austria",385
2006,"08","06","Belgium",9
2006,"08","06","Bolivia",347
2006,"08","06","Brazil",291
2006,"08","06","Bulgaria",530
2006,"08","06","Canada",736
2006,"08","06","Chile",9
2006,"08","06","France",7
2006,"08","06","Germany",387
2006,"08","06","Hungary",42
2006,"08","06","Japan",2
2006,"08","06","Mexico",790
2006,"08","06","Netherlands",16
2006,"08","06","New Zealand",59
2006,"08","06","Norway",8
2006,"08","06","Paraguay",387
2006,"08","06","Peru",268
2006,"08","06","Poland",13
2006,"08","06","Romania",580
2006,"08","06","Russia",140
2006,"08","06","South Africa",3130
2006,"08","06","Spain",16
2006,"08","06","Sweden",1
2006,"08","06","Switzerland",8
2006,"08","06","Ukraine",207
2006,"08","06","United States",681
2006,"08","06","Uruguay",194
2006,"08","13","Argentina",228
2006,"08","13","Australia",796
2006,"08","13","Austria",449
2006,"08","13","Belgium",14
2006,"08","13","Bolivia",359
2006,"08","13","Brazil",298
2006,"08","13","Bulgaria",480
2006,"08","13","Canada",774
2006,"08","13","Chile",10
2006,"08","13","France",9
2006,"08","13","Germany",443
2006,"08","13","Hungary",50
2006,"08","13","Japan",2
2006,"08","13","Mexico",713
2006,"08","13","Netherlands",15
2006,"08","13","New Zealand",60
2006,"08","13","Norway",10
2006,"08","13","Paraguay",379
2006,"08","13","Peru",287
2006,"08","13","Poland",12
2006,"08","13","Romania",605
2006,"08","13","Russia",163
2006,"08","13","South Africa",3062
2006,"08","13","Spain",16
2006,"08","13","Sweden",1
2006,"08","13","Switzerland",10
2006,"08","13","Ukraine",203
2006,"08","13","United States",717
2006,"08","13","Uruguay",194
2006,"08","20","Argentina",250
2006,"08","20","Australia",704
2006,"08","20","Austria",517
2006,"08","20","Belgium",16
2006,"08","20","Bolivia",477
2006,"08","20","Brazil",312
2006,"08","20","Bulgaria",471
2006,"08","20","Canada",752
2006,"08","20","Chile",8
2006,"08","20","France",8
2006,"08","20","Germany",502
2006,"08","20","Hungary",49
2006,"08","20","Japan",2
2006,"08","20","Mexico",731
2006,"08","20","Netherlands",16
2006,"08","20","New Zealand",58
2006,"08","20","Norway",11
2006,"08","20","Paraguay",420
2006,"08","20","Peru",337
2006,"08","20","Poland",12
2006,"08","20","Romania",650
2006,"08","20","Russia",145
2006,"08","20","South Africa",3002
2006,"08","20","Spain",20
2006,"08","20","Sweden",1
2006,"08","20","Switzerland",10
2006,"08","20","Ukraine",205
2006,"08","20","United States",741
2006,"08","20","Uruguay",181
2006,"08","27","Argentina",271
2006,"08","27","Australia",749
2006,"08","27","Austria",520
2006,"08","27","Belgium",16
2006,"08","27","Bolivia",425
2006,"08","27","Brazil",281
2006,"08","27","Bulgaria",466
2006,"08","27","Canada",801
2006,"08","27","Chile",6
2006,"08","27","France",8
2006,"08","27","Germany",595
2006,"08","27","Hungary",48
2006,"08","27","Japan",1
2006,"08","27","Mexico",786
2006,"08","27","Netherlands",19
2006,"08","27","New Zealand",54
2006,"08","27","Norway",12
2006,"08","27","Paraguay",486
2006,"08","27","Peru",338
2006,"08","27","Poland",11
2006,"08","27","Romania",627
2006,"08","27","Russia",171
2006,"08","27","South Africa",2950
2006,"08","27","Spain",21
2006,"08","27","Sweden",1
2006,"08","27","Switzerland",12
2006,"08","27","Ukraine",212
2006,"08","27","United States",760
2006,"08","27","Uruguay",175
2006,"09","03","Argentina",234
2006,"09","03","Australia",570
2006,"09","03","Austria",505
2006,"09","03","Belgium",21
2006,"09","03","Bolivia",346
2006,"09","03","Brazil",271
2006,"09","03","Bulgaria",447
2006,"09","03","Canada",931
2006,"09","03","Chile",6
2006,"09","03","France",9
2006,"09","03","Germany",615
2006,"09","03","Hungary",47
2006,"09","03","Japan",1
2006,"09","03","Mexico",856
2006,"09","03","Netherlands",21
2006,"09","03","New Zealand",52
2006,"09","03","Norway",19
2006,"09","03","Paraguay",531
2006,"09","03","Peru",372
2006,"09","03","Poland",10
2006,"09","03","Romania",613
2006,"09","03","Russia",190
2006,"09","03","South Africa",2798
2006,"09","03","Spain",13
2006,"09","03","Sweden",2
2006,"09","03","Switzerland",16
2006,"09","03","Ukraine",222
2006,"09","03","United States",861
2006,"09","03","Uruguay",178
2006,"09","10","Argentina",234
2006,"09","10","Australia",507
2006,"09","10","Austria",481
2006,"09","10","Belgium",33
2006,"09","10","Bolivia",342
2006,"09","10","Brazil",300
2006,"09","10","Bulgaria",502
2006,"09","10","Canada",1118
2006,"09","10","Chile",7
2006,"09","10","France",12
2006,"09","10","Germany",644
2006,"09","10","Hungary",43
2006,"09","10","Japan",2
2006,"09","10","Mexico",909
2006,"09","10","Netherlands",28
2006,"09","10","New Zealand",44
2006,"09","10","Norway",23
2006,"09","10","Paraguay",596
2006,"09","10","Peru",364
2006,"09","10","Poland",12
2006,"09","10","Romania",639
2006,"09","10","Russia",243
2006,"09","10","South Africa",3332
2006,"09","10","Spain",16
2006,"09","10","Sweden",2
2006,"09","10","Switzerland",18
2006,"09","10","Ukraine",251
2006,"09","10","United States",965
2006,"09","10","Uruguay",180
2006,"09","17","Argentina",232
2006,"09","17","Australia",457
2006,"09","17","Austria",607
2006,"09","17","Belgium",41
2006,"09","17","Bolivia",350
2006,"09","17","Brazil",267
2006,"09","17","Bulgaria",524
2006,"09","17","Canada",1427
2006,"09","17","Chile",6
2006,"09","17","France",16
2006,"09","17","Germany",675
2006,"09","17","Hungary",44
2006,"09","17","Japan",3
2006,"09","17","Mexico",994
2006,"09","17","Netherlands",28
2006,"09","17","New Zealand",35
2006,"09","17","Norway",28
2006,"09","17","Paraguay",566
2006,"09","17","Peru",370
2006,"09","17","Poland",22
2006,"09","17","Romania",660
2006,"09","17","Russia",320
2006,"09","17","South Africa",3072
2006,"09","17","Spain",26
2006,"09","17","Sweden",2
2006,"09","17","Switzerland",15
2006,"09","17","Ukraine",278
2006,"09","17","United States",1101
2006,"09","17","Uruguay",197
2006,"09","24","Argentina",227
2006,"09","24","Australia",356
2006,"09","24","Austria",647
2006,"09","24","Belgium",31
2006,"09","24","Bolivia",393
2006,"09","24","Brazil",245
2006,"09","24","Bulgaria",580
2006,"09","24","Canada",1627
2006,"09","24","Chile",5
2006,"09","24","France",23
2006,"09","24","Germany",677
2006,"09","24","Hungary",48
2006,"09","24","Japan",3
2006,"09","24","Mexico",970
2006,"09","24","Netherlands",23
2006,"09","24","New Zealand",37
2006,"09","24","Norway",24
2006,"09","24","Paraguay",469
2006,"09","24","Peru",337
2006,"09","24","Poland",44
2006,"09","24","Romania",709
2006,"09","24","Russia",349
2006,"09","24","South Africa",2687
2006,"09","24","Spain",33
2006,"09","24","Sweden",2
2006,"09","24","Switzerland",13
2006,"09","24","Ukraine",321
2006,"09","24","United States",1133
2006,"09","24","Uruguay",173
2006,"10","01","Argentina",200
2006,"10","01","Australia",274
2006,"10","01","Austria",667
2006,"10","01","Belgium",36
2006,"10","01","Bolivia",410
2006,"10","01","Brazil",228
2006,"10","01","Bulgaria",670
2006,"10","01","Canada",1770
2006,"10","01","Chile",4
2006,"10","01","France",31
2006,"10","01","Germany",729
2006,"10","01","Hungary",46
2006,"10","01","Japan",4
2006,"10","01","Mexico",988
2006,"10","01","Netherlands",22
2006,"10","01","New Zealand",21
2006,"10","01","Norway",26
2006,"10","01","Paraguay",400
2006,"10","01","Peru",359
2006,"10","01","Poland",49
2006,"10","01","Romania",709
2006,"10","01","Russia",341
2006,"10","01","South Africa",2390
2006,"10","01","Spain",32
2006,"10","01","Sweden",2
2006,"10","01","Switzerland",15
2006,"10","01","Ukraine",343
2006,"10","01","United States",1178
2006,"10","01","Uruguay",157
2006,"10","08","Argentina",191
2006,"10","08","Australia",281
2006,"10","08","Austria",684
2006,"10","08","Belgium",58
2006,"10","08","Bolivia",405
2006,"10","08","Brazil",226
2006,"10","08","Bulgaria",757
2006,"10","08","Canada",1758
2006,"10","08","Chile",4
2006,"10","08","France",35
2006,"10","08","Germany",855
2006,"10","08","Hungary",45
2006,"10","08","Japan",4
2006,"10","08","Mexico",1158
2006,"10","08","Netherlands",24
2006,"10","08","New Zealand",13
2006,"10","08","Norway",24
2006,"10","08","Paraguay",363
2006,"10","08","Peru",326
2006,"10","08","Poland",52
2006,"10","08","Romania",735
2006,"10","08","Russia",343
2006,"10","08","South Africa",2650
2006,"10","08","Spain",42
2006,"10","08","Sweden",2
2006,"10","08","Switzerland",19
2006,"10","08","Ukraine",350
2006,"10","08","United States",1230
2006,"10","08","Uruguay",152
2006,"10","15","Argentina",182
2006,"10","15","Australia",253
2006,"10","15","Austria",802
2006,"10","15","Belgium",65
2006,"10","15","Bolivia",391
2006,"10","15","Brazil",250
2006,"10","15","Bulgaria",751
2006,"10","15","Canada",1864
2006,"10","15","Chile",5
2006,"10","15","France",48
2006,"10","15","Germany",975
2006,"10","15","Hungary",47
2006,"10","15","Japan",6
2006,"10","15","Mexico",1181
2006,"10","15","Netherlands",25
2006,"10","15","New Zealand",12
2006,"10","15","Norway",25
2006,"10","15","Paraguay",330
2006,"10","15","Peru",338
2006,"10","15","Poland",61
2006,"10","15","Romania",869
2006,"10","15","Russia",358
2006,"10","15","South Africa",2596
2006,"10","15","Spain",48
2006,"10","15","Sweden",2
2006,"10","15","Switzerland",19
2006,"10","15","Ukraine",379
2006,"10","15","United States",1297
2006,"10","15","Uruguay",141
2006,"10","22","Argentina",167
2006,"10","22","Australia",219
2006,"10","22","Austria",656
2006,"10","22","Belgium",63
2006,"10","22","Bolivia",419
2006,"10","22","Brazil",260
2006,"10","22","Bulgaria",897
2006,"10","22","Canada",2003
2006,"10","22","Chile",4
2006,"10","22","France",40
2006,"10","22","Germany",883
2006,"10","22","Hungary",48
2006,"10","22","Japan",9
2006,"10","22","Mexico",1163
2006,"10","22","Netherlands",23
2006,"10","22","New Zealand",14
2006,"10","22","Norway",26
2006,"10","22","Paraguay",305
2006,"10","22","Peru",300
2006,"10","22","Poland",76
2006,"10","22","Romania",851
2006,"10","22","Russia",410
2006,"10","22","South Africa",2298
2006,"10","22","Spain",35
2006,"10","22","Sweden",2
2006,"10","22","Switzerland",19
2006,"10","22","Ukraine",443
2006,"10","22","United States",1445
2006,"10","22","Uruguay",135
2006,"10","29","Argentina",174
2006,"10","29","Australia",222
2006,"10","29","Austria",646
2006,"10","29","Belgium",47
2006,"10","29","Bolivia",431
2006,"10","29","Brazil",247
2006,"10","29","Bulgaria",1073
2006,"10","29","Canada",2048
2006,"10","29","Chile",4
2006,"10","29","France",39
2006,"10","29","Germany",918
2006,"10","29","Hungary",57
2006,"10","29","Japan",13
2006,"10","29","Mexico",1171
2006,"10","29","Netherlands",24
2006,"10","29","New Zealand",21
2006,"10","29","Norway",25
2006,"10","29","Paraguay",285
2006,"10","29","Peru",284
2006,"10","29","Poland",70
2006,"10","29","Romania",726
2006,"10","29","Russia",379
2006,"10","29","South Africa",1857
2006,"10","29","Spain",33
2006,"10","29","Sweden",2
2006,"10","29","Switzerland",23
2006,"10","29","Ukraine",476
2006,"10","29","United States",1577
2006,"10","29","Uruguay",129
2006,"11","05","Argentina",160
2006,"11","05","Australia",184
2006,"11","05","Austria",781
2006,"11","05","Belgium",65
2006,"11","05","Bolivia",417
2006,"11","05","Brazil",264
2006,"11","05","Bulgaria",1010
2006,"11","05","Canada",2088
2006,"11","05","Chile",4
2006,"11","05","France",43
2006,"11","05","Germany",1044
2006,"11","05","Hungary",54
2006,"11","05","Japan",20
2006,"11","05","Mexico",1319
2006,"11","05","Netherlands",25
2006,"11","05","New Zealand",13
2006,"11","05","Norway",23
2006,"11","05","Paraguay",277
2006,"11","05","Peru",282
2006,"11","05","Poland",57
2006,"11","05","Romania",786
2006,"11","05","Russia",340
2006,"11","05","South Africa",2125
2006,"11","05","Spain",36
2006,"11","05","Sweden",2
2006,"11","05","Switzerland",25
2006,"11","05","Ukraine",525
2006,"11","05","United States",1636
2006,"11","05","Uruguay",120
2006,"11","12","Argentina",180
2006,"11","12","Australia",211
2006,"11","12","Austria",749
2006,"11","12","Belgium",72
2006,"11","12","Bolivia",367
2006,"11","12","Brazil",257
2006,"11","12","Bulgaria",944
2006,"11","12","Canada",2228
2006,"11","12","Chile",5
2006,"11","12","France",41
2006,"11","12","Germany",1044
2006,"11","12","Hungary",56
2006,"11","12","Japan",29
2006,"11","12","Mexico",1372
2006,"11","12","Netherlands",26
2006,"11","12","New Zealand",11
2006,"11","12","Norway",23
2006,"11","12","Paraguay",259
2006,"11","12","Peru",287
2006,"11","12","Poland",50
2006,"11","12","Romania",827
2006,"11","12","Russia",305
2006,"11","12","South Africa",2256
2006,"11","12","Spain",38
2006,"11","12","Sweden",3
2006,"11","12","Switzerland",21
2006,"11","12","Ukraine",497
2006,"11","12","United States",1758
2006,"11","12","Uruguay",110
2006,"11","19","Argentina",165
2006,"11","19","Australia",178
2006,"11","19","Austria",845
2006,"11","19","Belgium",96
2006,"11","19","Bolivia",389
2006,"11","19","Brazil",251
2006,"11","19","Bulgaria",857
2006,"11","19","Canada",2334
2006,"11","19","Chile",3
2006,"11","19","France",56
2006,"11","19","Germany",1037
2006,"11","19","Hungary",54
2006,"11","19","Japan",37
2006,"11","19","Mexico",1409
2006,"11","19","Netherlands",25
2006,"11","19","New Zealand",15
2006,"11","19","Norway",23
2006,"11","19","Paraguay",263
2006,"11","19","Peru",298
2006,"11","19","Poland",47
2006,"11","19","Romania",850
2006,"11","19","Russia",319
2006,"11","19","South Africa",2019
2006,"11","19","Spain",39
2006,"11","19","Sweden",3
2006,"11","19","Switzerland",32
2006,"11","19","Ukraine",465
2006,"11","19","United States",1595
2006,"11","19","Uruguay",126
2006,"11","26","Argentina",141
2006,"11","26","Australia",130
2006,"11","26","Austria",785
2006,"11","26","Belgium",84
2006,"11","26","Bolivia",361
2006,"11","26","Brazil",221
2006,"11","26","Bulgaria",944
2006,"11","26","Canada",2418
2006,"11","26","Chile",4
2006,"11","26","France",63
2006,"11","26","Germany",985
2006,"11","26","Hungary",65
2006,"11","26","Japan",41
2006,"11","26","Mexico",1464
2006,"11","26","Netherlands",27
2006,"11","26","New Zealand",11
2006,"11","26","Norway",24
2006,"11","26","Paraguay",242
2006,"11","26","Peru",301
2006,"11","26","Poland",46
2006,"11","26","Romania",873
2006,"11","26","Russia",339
2006,"11","26","South Africa",2376
2006,"11","26","Spain",35
2006,"11","26","Sweden",2
2006,"11","26","Switzerland",31
2006,"11","26","Ukraine",464
2006,"11","26","United States",1889
2006,"11","26","Uruguay",126
2006,"12","03","Argentina",109
2006,"12","03","Australia",128
2006,"12","03","Austria",693
2006,"12","03","Belgium",83
2006,"12","03","Bolivia",332
2006,"12","03","Brazil",184
2006,"12","03","Bulgaria",1019
2006,"12","03","Canada",2520
2006,"12","03","Chile",3
2006,"12","03","France",72
2006,"12","03","Germany",1006
2006,"12","03","Hungary",62
2006,"12","03","Japan",41
2006,"12","03","Mexico",1615
2006,"12","03","Netherlands",28
2006,"12","03","New Zealand",9
2006,"12","03","Norway",22
2006,"12","03","Paraguay",234
2006,"12","03","Peru",258
2006,"12","03","Poland",46
2006,"12","03","Romania",920
2006,"12","03","Russia",320
2006,"12","03","South Africa",2141
2006,"12","03","Spain",34
2006,"12","03","Sweden",2
2006,"12","03","Switzerland",27
2006,"12","03","Ukraine",443
2006,"12","03","United States",1886
2006,"12","03","Uruguay",111
2006,"12","10","Argentina",109
2006,"12","10","Australia",113
2006,"12","10","Austria",803
2006,"12","10","Belgium",83
2006,"12","10","Bolivia",312
2006,"12","10","Brazil",167
2006,"12","10","Bulgaria",1090
2006,"12","10","Canada",2717
2006,"12","10","Chile",2
2006,"12","10","France",85
2006,"12","10","Germany",1046
2006,"12","10","Hungary",63
2006,"12","10","Japan",37
2006,"12","10","Mexico",1725
2006,"12","10","Netherlands",30
2006,"12","10","New Zealand",6
2006,"12","10","Norway",25
2006,"12","10","Paraguay",214
2006,"12","10","Peru",227
2006,"12","10","Poland",45
2006,"12","10","Romania",962
2006,"12","10","Russia",342
2006,"12","10","South Africa",1928
2006,"12","10","Spain",50
2006,"12","10","Sweden",3
2006,"12","10","Switzerland",26
2006,"12","10","Ukraine",421
2006,"12","10","United States",2079
2006,"12","10","Uruguay",110
2006,"12","17","Argentina",93
2006,"12","17","Australia",121
2006,"12","17","Austria",791
2006,"12","17","Belgium",85
2006,"12","17","Bolivia",267
2006,"12","17","Brazil",151
2006,"12","17","Bulgaria",1251
2006,"12","17","Canada",3008
2006,"12","17","Chile",2
2006,"12","17","France",120
2006,"12","17","Germany",1036
2006,"12","17","Hungary",64
2006,"12","17","Japan",30
2006,"12","17","Mexico",1654
2006,"12","17","Netherlands",27
2006,"12","17","New Zealand",7
2006,"12","17","Norway",22
2006,"12","17","Paraguay",202
2006,"12","17","Peru",192
2006,"12","17","Poland",42
2006,"12","17","Romania",1085
2006,"12","17","Russia",338
2006,"12","17","South Africa",1626
2006,"12","17","Spain",32
2006,"12","17","Sweden",2
2006,"12","17","Switzerland",27
2006,"12","17","Ukraine",418
2006,"12","17","United States",2305
2006,"12","17","Uruguay",96
2006,"12","24","Argentina",87
2006,"12","24","Australia",165
2006,"12","24","Austria",793
2006,"12","24","Belgium",109
2006,"12","24","Bolivia",235
2006,"12","24","Brazil",156
2006,"12","24","Bulgaria",1318
2006,"12","24","Canada",3302
2006,"12","24","Chile",3
2006,"12","24","France",198
2006,"12","24","Germany",1022
2006,"12","24","Hungary",76
2006,"12","24","Japan",26
2006,"12","24","Mexico",1740
2006,"12","24","Netherlands",27
2006,"12","24","New Zealand",15
2006,"12","24","Norway",21
2006,"12","24","Paraguay",197
2006,"12","24","Peru",177
2006,"12","24","Poland",36
2006,"12","24","Romania",1256
2006,"12","24","Russia",330
2006,"12","24","South Africa",1786
2006,"12","24","Spain",64
2006,"12","24","Sweden",2
2006,"12","24","Switzerland",32
2006,"12","24","Ukraine",427
2006,"12","24","United States",2547
2006,"12","24","Uruguay",88
2006,"12","31","Argentina",80
2006,"12","31","Australia",136
2006,"12","31","Austria",858
2006,"12","31","Belgium",96
2006,"12","31","Bolivia",208
2006,"12","31","Brazil",158
2006,"12","31","Bulgaria",1291
2006,"12","31","Canada",3722
2006,"12","31","Chile",3
2006,"12","31","France",209
2006,"12","31","Germany",1106
2006,"12","31","Hungary",108
2006,"12","31","Japan",26
2006,"12","31","Mexico",1617
2006,"12","31","Netherlands",29
2006,"12","31","New Zealand",12
2006,"12","31","Norway",24
2006,"12","31","Paraguay",192
2006,"12","31","Peru",193
2006,"12","31","Poland",37
2006,"12","31","Romania",1293
2006,"12","31","Russia",329
2006,"12","31","South Africa",2284
2006,"12","31","Spain",109
2006,"12","31","Sweden",5
2006,"12","31","Switzerland",47
2006,"12","31","Ukraine",425
2006,"12","31","United States",2419
2006,"12","31","Uruguay",82
2007,"01","07","Argentina",82
2007,"01","07","Australia",128
2007,"01","07","Austria",964
2007,"01","07","Belgium",113
2007,"01","07","Bolivia",197
2007,"01","07","Brazil",157
2007,"01","07","Bulgaria",1841
2007,"01","07","Canada",3099
2007,"01","07","Chile",2
2007,"01","07","France",169
2007,"01","07","Germany",1030
2007,"01","07","Hungary",122
2007,"01","07","Japan",26
2007,"01","07","Mexico",1987
2007,"01","07","Netherlands",32
2007,"01","07","New Zealand",6
2007,"01","07","Norway",39
2007,"01","07","Paraguay",181
2007,"01","07","Peru",209
2007,"01","07","Poland",41
2007,"01","07","Romania",1270
2007,"01","07","Russia",337
2007,"01","07","South Africa",2046
2007,"01","07","Spain",130
2007,"01","07","Sweden",3
2007,"01","07","Switzerland",45
2007,"01","07","Ukraine",407
2007,"01","07","United States",2082
2007,"01","07","Uruguay",75
2007,"01","14","Argentina",94
2007,"01","14","Australia",109
2007,"01","14","Austria",869
2007,"01","14","Belgium",113
2007,"01","14","Bolivia",186
2007,"01","14","Brazil",168
2007,"01","14","Bulgaria",2845
2007,"01","14","Canada",2748
2007,"01","14","Chile",2
2007,"01","14","France",155
2007,"01","14","Germany",910
2007,"01","14","Hungary",158
2007,"01","14","Japan",38
2007,"01","14","Mexico",3041
2007,"01","14","Netherlands",28
2007,"01","14","New Zealand",7
2007,"01","14","Norway",38
2007,"01","14","Paraguay",181
2007,"01","14","Peru",237
2007,"01","14","Poland",49
2007,"01","14","Romania",1261
2007,"01","14","Russia",300
2007,"01","14","South Africa",1714
2007,"01","14","Spain",169
2007,"01","14","Sweden",3
2007,"01","14","Switzerland",65
2007,"01","14","Ukraine",372
2007,"01","14","United States",1968
2007,"01","14","Uruguay",73
2007,"01","21","Argentina",100
2007,"01","21","Australia",99
2007,"01","21","Austria",1070
2007,"01","21","Belgium",137
2007,"01","21","Bolivia",224
2007,"01","21","Brazil",159
2007,"01","21","Bulgaria",3592
2007,"01","21","Canada",2844
2007,"01","21","Chile",2
2007,"01","21","France",191
2007,"01","21","Germany",1014
2007,"01","21","Hungary",190
2007,"01","21","Japan",62
2007,"01","21","Mexico",2911
2007,"01","21","Netherlands",32
2007,"01","21","New Zealand",4
2007,"01","21","Norway",73
2007,"01","21","Paraguay",177
2007,"01","21","Peru",208
2007,"01","21","Poland",54
2007,"01","21","Romania",1358
2007,"01","21","Russia",332
2007,"01","21","South Africa",1844
2007,"01","21","Spain",188
2007,"01","21","Sweden",4
2007,"01","21","Switzerland",90
2007,"01","21","Ukraine",365
2007,"01","21","United States",2182
2007,"01","21","Uruguay",72
2007,"01","28","Argentina",106
2007,"01","28","Australia",105
2007,"01","28","Austria",1250
2007,"01","28","Belgium",294
2007,"01","28","Bolivia",248
2007,"01","28","Brazil",167
2007,"01","28","Bulgaria",2714
2007,"01","28","Canada",2965
2007,"01","28","Chile",2
2007,"01","28","France",386
2007,"01","28","Germany",1139
2007,"01","28","Hungary",229
2007,"01","28","Japan",114
2007,"01","28","Mexico",2538
2007,"01","28","Netherlands",37
2007,"01","28","New Zealand",3
2007,"01","28","Norway",133
2007,"01","28","Paraguay",178
2007,"01","28","Peru",183
2007,"01","28","Poland",67
2007,"01","28","Romania",1497
2007,"01","28","Russia",330
2007,"01","28","South Africa",1662
2007,"01","28","Spain",279
2007,"01","28","Sweden",5
2007,"01","28","Switzerland",188
2007,"01","28","Ukraine",418
2007,"01","28","United States",2409
2007,"01","28","Uruguay",71
2007,"02","04","Argentina",108
2007,"02","04","Australia",134
2007,"02","04","Austria",1348
2007,"02","04","Belgium",531
2007,"02","04","Bolivia",232
2007,"02","04","Brazil",165
2007,"02","04","Bulgaria",1953
2007,"02","04","Canada",3309
2007,"02","04","Chile",2
2007,"02","04","France",567
2007,"02","04","Germany",1381
2007,"02","04","Hungary",322
2007,"02","04","Japan",210
2007,"02","04","Mexico",2229
2007,"02","04","Netherlands",46
2007,"02","04","New Zealand",4
2007,"02","04","Norway",199
2007,"02","04","Paraguay",182
2007,"02","04","Peru",209
2007,"02","04","Poland",136
2007,"02","04","Romania",1174
2007,"02","04","Russia",408
2007,"02","04","South Africa",1797
2007,"02","04","Spain",303
2007,"02","04","Sweden",5
2007,"02","04","Switzerland",322
2007,"02","04","Ukraine",775
2007,"02","04","United States",2806
2007,"02","04","Uruguay",73
2007,"02","11","Argentina",104
2007,"02","11","Australia",138
2007,"02","11","Austria",1453
2007,"02","11","Belgium",976
2007,"02","11","Bolivia",225
2007,"02","11","Brazil",197
2007,"02","11","Bulgaria",1540
2007,"02","11","Canada",3456
2007,"02","11","Chile",2
2007,"02","11","France",481
2007,"02","11","Germany",1615
2007,"02","11","Hungary",268
2007,"02","11","Japan",332
2007,"02","11","Mexico",2057
2007,"02","11","Netherlands",55
2007,"02","11","New Zealand",4
2007,"02","11","Norway",256
2007,"02","11","Paraguay",192
2007,"02","11","Peru",188
2007,"02","11","Poland",141
2007,"02","11","Romania",1029
2007,"02","11","Russia",447
2007,"02","11","South Africa",2136
2007,"02","11","Spain",161
2007,"02","11","Sweden",9
2007,"02","11","Switzerland",395
2007,"02","11","Ukraine",1107
2007,"02","11","United States",2970
2007,"02","11","Uruguay",72
2007,"02","18","Argentina",111
2007,"02","18","Australia",163
2007,"02","18","Austria",1607
2007,"02","18","Belgium",900
2007,"02","18","Bolivia",208
2007,"02","18","Brazil",224
2007,"02","18","Bulgaria",1150
2007,"02","18","Canada",3340
2007,"02","18","Chile",2
2007,"02","18","France",212
2007,"02","18","Germany",1982
2007,"02","18","Hungary",229
2007,"02","18","Japan",478
2007,"02","18","Mexico",2096
2007,"02","18","Netherlands",85
2007,"02","18","New Zealand",6
2007,"02","18","Norway",295
2007,"02","18","Paraguay",237
2007,"02","18","Peru",215
2007,"02","18","Poland",194
2007,"02","18","Romania",983
2007,"02","18","Russia",606
2007,"02","18","South Africa",2414
2007,"02","18","Spain",97
2007,"02","18","Sweden",11
2007,"02","18","Switzerland",339
2007,"02","18","Ukraine",1175
2007,"02","18","United States",2941
2007,"02","18","Uruguay",74
2007,"02","25","Argentina",102
2007,"02","25","Australia",193
2007,"02","25","Austria",1469
2007,"02","25","Belgium",530
2007,"02","25","Bolivia",245
2007,"02","25","Brazil",237
2007,"02","25","Bulgaria",957
2007,"02","25","Canada",3006
2007,"02","25","Chile",2
2007,"02","25","France",77
2007,"02","25","Germany",1922
2007,"02","25","Hungary",167
2007,"02","25","Japan",655
2007,"02","25","Mexico",1939
2007,"02","25","Netherlands",97
2007,"02","25","New Zealand",7
2007,"02","25","Norway",149
2007,"02","25","Paraguay",275
2007,"02","25","Peru",199
2007,"02","25","Poland",216
2007,"02","25","Romania",949
2007,"02","25","Russia",761
2007,"02","25","South Africa",1858
2007,"02","25","Spain",52
2007,"02","25","Sweden",19
2007,"02","25","Switzerland",183
2007,"02","25","Ukraine",1111
2007,"02","25","United States",2641
2007,"02","25","Uruguay",76
2007,"03","04","Argentina",98
2007,"03","04","Australia",222
2007,"03","04","Austria",1207
2007,"03","04","Belgium",196
2007,"03","04","Bolivia",300
2007,"03","04","Brazil",230
2007,"03","04","Bulgaria",809
2007,"03","04","Canada",2845
2007,"03","04","Chile",2
2007,"03","04","France",37
2007,"03","04","Germany",1592
2007,"03","04","Hungary",100
2007,"03","04","Japan",748
2007,"03","04","Mexico",1777
2007,"03","04","Netherlands",79
2007,"03","04","New Zealand",8
2007,"03","04","Norway",85
2007,"03","04","Paraguay",299
2007,"03","04","Peru",195
2007,"03","04","Poland",232
2007,"03","04","Romania",925
2007,"03","04","Russia",612
2007,"03","04","South Africa",2002
2007,"03","04","Spain",41
2007,"03","04","Sweden",26
2007,"03","04","Switzerland",131
2007,"03","04","Ukraine",708
2007,"03","04","United States",2424
2007,"03","04","Uruguay",77
2007,"03","11","Argentina",118
2007,"03","11","Australia",242
2007,"03","11","Austria",1053
2007,"03","11","Belgium",110
2007,"03","11","Bolivia",369
2007,"03","11","Brazil",231
2007,"03","11","Bulgaria",709
2007,"03","11","Canada",2311
2007,"03","11","Chile",4
2007,"03","11","France",23
2007,"03","11","Germany",1258
2007,"03","11","Hungary",71
2007,"03","11","Japan",750
2007,"03","11","Mexico",1678
2007,"03","11","Netherlands",60
2007,"03","11","New Zealand",7
2007,"03","11","Norway",57
2007,"03","11","Paraguay",323
2007,"03","11","Peru",199
2007,"03","11","Poland",159
2007,"03","11","Romania",897
2007,"03","11","Russia",432
2007,"03","11","South Africa",2338
2007,"03","11","Spain",34
2007,"03","11","Sweden",14
2007,"03","11","Switzerland",61
2007,"03","11","Ukraine",517
2007,"03","11","United States",2086
2007,"03","11","Uruguay",96
2007,"03","18","Argentina",125
2007,"03","18","Australia",235
2007,"03","18","Austria",901
2007,"03","18","Belgium",94
2007,"03","18","Bolivia",425
2007,"03","18","Brazil",240
2007,"03","18","Bulgaria",753
2007,"03","18","Canada",1847
2007,"03","18","Chile",3
2007,"03","18","France",23
2007,"03","18","Germany",1110
2007,"03","18","Hungary",66
2007,"03","18","Japan",884
2007,"03","18","Mexico",1555
2007,"03","18","Netherlands",46
2007,"03","18","New Zealand",8
2007,"03","18","Norway",38
2007,"03","18","Paraguay",310
2007,"03","18","Peru",227
2007,"03","18","Poland",116
2007,"03","18","Romania",817
2007,"03","18","Russia",327
2007,"03","18","South Africa",2198
2007,"03","18","Spain",40
2007,"03","18","Sweden",5
2007,"03","18","Switzerland",45
2007,"03","18","Ukraine",443
2007,"03","18","United States",1893
2007,"03","18","Uruguay",98
2007,"03","25","Argentina",131
2007,"03","25","Australia",281
2007,"03","25","Austria",783
2007,"03","25","Belgium",66
2007,"03","25","Bolivia",444
2007,"03","25","Brazil",252
2007,"03","25","Bulgaria",688
2007,"03","25","Canada",1618
2007,"03","25","Chile",3
2007,"03","25","France",18
2007,"03","25","Germany",960
2007,"03","25","Hungary",60
2007,"03","25","Japan",684
2007,"03","25","Mexico",1485
2007,"03","25","Netherlands",40
2007,"03","25","New Zealand",9
2007,"03","25","Norway",29
2007,"03","25","Paraguay",322
2007,"03","25","Peru",233
2007,"03","25","Poland",87
2007,"03","25","Romania",745
2007,"03","25","Russia",359
2007,"03","25","South Africa",2124
2007,"03","25","Spain",35
2007,"03","25","Sweden",4
2007,"03","25","Switzerland",30
2007,"03","25","Ukraine",379
2007,"03","25","United States",1604
2007,"03","25","Uruguay",120
2007,"04","01","Argentina",129
2007,"04","01","Australia",191
2007,"04","01","Austria",686
2007,"04","01","Belgium",45
2007,"04","01","Bolivia",418
2007,"04","01","Brazil",241
2007,"04","01","Bulgaria",653
2007,"04","01","Canada",1588
2007,"04","01","Chile",5
2007,"04","01","France",19
2007,"04","01","Germany",799
2007,"04","01","Hungary",52
2007,"04","01","Japan",320
2007,"04","01","Mexico",1159
2007,"04","01","Netherlands",31
2007,"04","01","New Zealand",13
2007,"04","01","Norway",25
2007,"04","01","Paraguay",313
2007,"04","01","Peru",263
2007,"04","01","Poland",61
2007,"04","01","Romania",789
2007,"04","01","Russia",294
2007,"04","01","South Africa",2220
2007,"04","01","Spain",36
2007,"04","01","Sweden",3
2007,"04","01","Switzerland",22
2007,"04","01","Ukraine",329
2007,"04","01","United States",1375
2007,"04","01","Uruguay",117
2007,"04","08","Argentina",138
2007,"04","08","Australia",232
2007,"04","08","Austria",643
2007,"04","08","Belgium",48
2007,"04","08","Bolivia",411
2007,"04","08","Brazil",268
2007,"04","08","Bulgaria",548
2007,"04","08","Canada",1744
2007,"04","08","Chile",6
2007,"04","08","France",16
2007,"04","08","Germany",747
2007,"04","08","Hungary",50
2007,"04","08","Japan",195
2007,"04","08","Mexico",1207
2007,"04","08","Netherlands",31
2007,"04","08","New Zealand",13
2007,"04","08","Norway",21
2007,"04","08","Paraguay",301
2007,"04","08","Peru",285
2007,"04","08","Poland",51
2007,"04","08","Romania",751
2007,"04","08","Russia",249
2007,"04","08","South Africa",2508
2007,"04","08","Spain",35
2007,"04","08","Sweden",3
2007,"04","08","Switzerland",15
2007,"04","08","Ukraine",299
2007,"04","08","United States",1372
2007,"04","08","Uruguay",124
2007,"04","15","Argentina",158
2007,"04","15","Australia",314
2007,"04","15","Austria",631
2007,"04","15","Belgium",41
2007,"04","15","Bolivia",517
2007,"04","15","Brazil",267
2007,"04","15","Bulgaria",617
2007,"04","15","Canada",1513
2007,"04","15","Chile",9
2007,"04","15","France",11
2007,"04","15","Germany",648
2007,"04","15","Hungary",48
2007,"04","15","Japan",117
2007,"04","15","Mexico",1174
2007,"04","15","Netherlands",21
2007,"04","15","New Zealand",12
2007,"04","15","Norway",16
2007,"04","15","Paraguay",322
2007,"04","15","Peru",314
2007,"04","15","Poland",40
2007,"04","15","Romania",729
2007,"04","15","Russia",236
2007,"04","15","South Africa",2221
2007,"04","15","Spain",29
2007,"04","15","Sweden",2
2007,"04","15","Switzerland",11
2007,"04","15","Ukraine",297
2007,"04","15","United States",1243
2007,"04","15","Uruguay",114
2007,"04","22","Argentina",180
2007,"04","22","Australia",274
2007,"04","22","Austria",609
2007,"04","22","Belgium",40
2007,"04","22","Bolivia",513
2007,"04","22","Brazil",261
2007,"04","22","Bulgaria",630
2007,"04","22","Canada",1326
2007,"04","22","Chile",8
2007,"04","22","France",5
2007,"04","22","Germany",560
2007,"04","22","Hungary",44
2007,"04","22","Japan",93
2007,"04","22","Mexico",1112
2007,"04","22","Netherlands",19
2007,"04","22","New Zealand",20
2007,"04","22","Norway",17
2007,"04","22","Paraguay",337
2007,"04","22","Peru",315
2007,"04","22","Poland",36
2007,"04","22","Romania",692
2007,"04","22","Russia",364
2007,"04","22","South Africa",1944
2007,"04","22","Spain",23
2007,"04","22","Sweden",2
2007,"04","22","Switzerland",9
2007,"04","22","Ukraine",323
2007,"04","22","United States",1080
2007,"04","22","Uruguay",107
2007,"04","29","Argentina",182
2007,"04","29","Australia",340
2007,"04","29","Austria",524
2007,"04","29","Belgium",32
2007,"04","29","Bolivia",521
2007,"04","29","Brazil",306
2007,"04","29","Bulgaria",662
2007,"04","29","Canada",1258
2007,"04","29","Chile",9
2007,"04","29","France",6
2007,"04","29","Germany",468
2007,"04","29","Hungary",43
2007,"04","29","Japan",52
2007,"04","29","Mexico",1081
2007,"04","29","Netherlands",17
2007,"04","29","New Zealand",19
2007,"04","29","Norway",16
2007,"04","29","Paraguay",398
2007,"04","29","Peru",285
2007,"04","29","Poland",32
2007,"04","29","Romania",662
2007,"04","29","Russia",318
2007,"04","29","South Africa",2628
2007,"04","29","Spain",21
2007,"04","29","Sweden",1
2007,"04","29","Switzerland",10
2007,"04","29","Ukraine",304
2007,"04","29","United States",980
2007,"04","29","Uruguay",101
2007,"05","06","Argentina",219
2007,"05","06","Australia",362
2007,"05","06","Austria",544
2007,"05","06","Belgium",37
2007,"05","06","Bolivia",423
2007,"05","06","Brazil",332
2007,"05","06","Bulgaria",568
2007,"05","06","Canada",1188
2007,"05","06","Chile",9
2007,"05","06","France",6
2007,"05","06","Germany",524
2007,"05","06","Hungary",43
2007,"05","06","Japan",23
2007,"05","06","Mexico",1040
2007,"05","06","Netherlands",17
2007,"05","06","New Zealand",13
2007,"05","06","Norway",17
2007,"05","06","Paraguay",427
2007,"05","06","Peru",299
2007,"05","06","Poland",26
2007,"05","06","Romania",709
2007,"05","06","Russia",259
2007,"05","06","South Africa",2928
2007,"05","06","Spain",26
2007,"05","06","Sweden",1
2007,"05","06","Switzerland",11
2007,"05","06","Ukraine",287
2007,"05","06","United States",931
2007,"05","06","Uruguay",109
2007,"05","13","Argentina",265
2007,"05","13","Australia",382
2007,"05","13","Austria",512
2007,"05","13","Belgium",37
2007,"05","13","Bolivia",421
2007,"05","13","Brazil",362
2007,"05","13","Bulgaria",602
2007,"05","13","Canada",1054
2007,"05","13","Chile",16
2007,"05","13","France",6
2007,"05","13","Germany",520
2007,"05","13","Hungary",43
2007,"05","13","Japan",14
2007,"05","13","Mexico",1071
2007,"05","13","Netherlands",16
2007,"05","13","New Zealand",32
2007,"05","13","Norway",15
2007,"05","13","Paraguay",395
2007,"05","13","Peru",289
2007,"05","13","Poland",22
2007,"05","13","Romania",672
2007,"05","13","Russia",232
2007,"05","13","South Africa",2821
2007,"05","13","Spain",24
2007,"05","13","Sweden",1
2007,"05","13","Switzerland",13
2007,"05","13","Ukraine",250
2007,"05","13","United States",878
2007,"05","13","Uruguay",127
2007,"05","20","Argentina",319
2007,"05","20","Australia",480
2007,"05","20","Austria",563
2007,"05","20","Belgium",38
2007,"05","20","Bolivia",401
2007,"05","20","Brazil",365
2007,"05","20","Bulgaria",605
2007,"05","20","Canada",920
2007,"05","20","Chile",23
2007,"05","20","France",7
2007,"05","20","Germany",503
2007,"05","20","Hungary",43
2007,"05","20","Japan",8
2007,"05","20","Mexico",1059
2007,"05","20","Netherlands",18
2007,"05","20","New Zealand",17
2007,"05","20","Norway",15
2007,"05","20","Paraguay",384
2007,"05","20","Peru",301
2007,"05","20","Poland",21
2007,"05","20","Romania",646
2007,"05","20","Russia",221
2007,"05","20","South Africa",2947
2007,"05","20","Spain",22
2007,"05","20","Sweden",1
2007,"05","20","Switzerland",14
2007,"05","20","Ukraine",226
2007,"05","20","United States",850
2007,"05","20","Uruguay",175
2007,"05","27","Argentina",339
2007,"05","27","Australia",477
2007,"05","27","Austria",505
2007,"05","27","Belgium",25
2007,"05","27","Bolivia",477
2007,"05","27","Brazil",377
2007,"05","27","Bulgaria",584
2007,"05","27","Canada",947
2007,"05","27","Chile",37
2007,"05","27","France",9
2007,"05","27","Germany",486
2007,"05","27","Hungary",45
2007,"05","27","Japan",7
2007,"05","27","Mexico",1010
2007,"05","27","Netherlands",17
2007,"05","27","New Zealand",31
2007,"05","27","Norway",14
2007,"05","27","Paraguay",374
2007,"05","27","Peru",307
2007,"05","27","Poland",19
2007,"05","27","Romania",600
2007,"05","27","Russia",200
2007,"05","27","South Africa",3481
2007,"05","27","Spain",18
2007,"05","27","Sweden",1
2007,"05","27","Switzerland",14
2007,"05","27","Ukraine",210
2007,"05","27","United States",840
2007,"05","27","Uruguay",195
2007,"06","03","Argentina",380
2007,"06","03","Australia",520
2007,"06","03","Austria",513
2007,"06","03","Belgium",29
2007,"06","03","Bolivia",437
2007,"06","03","Brazil",362
2007,"06","03","Bulgaria",631
2007,"06","03","Canada",760
2007,"06","03","Chile",63
2007,"06","03","France",9
2007,"06","03","Germany",436
2007,"06","03","Hungary",47
2007,"06","03","Japan",5
2007,"06","03","Mexico",990
2007,"06","03","Netherlands",17
2007,"06","03","New Zealand",32
2007,"06","03","Norway",14
2007,"06","03","Paraguay",454
2007,"06","03","Peru",319
2007,"06","03","Poland",16
2007,"06","03","Romania",580
2007,"06","03","Russia",175
2007,"06","03","South Africa",3235
2007,"06","03","Spain",20
2007,"06","03","Sweden",1
2007,"06","03","Switzerland",16
2007,"06","03","Ukraine",194
2007,"06","03","United States",774
2007,"06","03","Uruguay",219
2007,"06","10","Argentina",373
2007,"06","10","Australia",578
2007,"06","10","Austria",521
2007,"06","10","Belgium",24
2007,"06","10","Bolivia",524
2007,"06","10","Brazil",406
2007,"06","10","Bulgaria",599
2007,"06","10","Canada",776
2007,"06","10","Chile",68
2007,"06","10","France",7
2007,"06","10","Germany",415
2007,"06","10","Hungary",47
2007,"06","10","Japan",4
2007,"06","10","Mexico",949
2007,"06","10","Netherlands",17
2007,"06","10","New Zealand",29
2007,"06","10","Norway",15
2007,"06","10","Paraguay",480
2007,"06","10","Peru",303
2007,"06","10","Poland",16
2007,"06","10","Romania",589
2007,"06","10","Russia",132
2007,"06","10","South Africa",3367
2007,"06","10","Spain",19
2007,"06","10","Sweden",1
2007,"06","10","Switzerland",14
2007,"06","10","Ukraine",190
2007,"06","10","United States",764
2007,"06","10","Uruguay",218
2007,"06","17","Argentina",344
2007,"06","17","Australia",607
2007,"06","17","Austria",461
2007,"06","17","Belgium",15
2007,"06","17","Bolivia",510
2007,"06","17","Brazil",387
2007,"06","17","Bulgaria",569
2007,"06","17","Canada",783
2007,"06","17","Chile",58
2007,"06","17","France",7
2007,"06","17","Germany",408
2007,"06","17","Hungary",43
2007,"06","17","Japan",3
2007,"06","17","Mexico",873
2007,"06","17","Netherlands",16
2007,"06","17","New Zealand",47
2007,"06","17","Norway",13
2007,"06","17","Paraguay",483
2007,"06","17","Peru",284
2007,"06","17","Poland",14
2007,"06","17","Romania",602
2007,"06","17","Russia",125
2007,"06","17","South Africa",2954
2007,"06","17","Spain",12
2007,"06","17","Sweden",1
2007,"06","17","Switzerland",10
2007,"06","17","Ukraine",190
2007,"06","17","United States",748
2007,"06","17","Uruguay",237
2007,"06","24","Argentina",372
2007,"06","24","Australia",632
2007,"06","24","Austria",493
2007,"06","24","Belgium",14
2007,"06","24","Bolivia",438
2007,"06","24","Brazil",349
2007,"06","24","Bulgaria",509
2007,"06","24","Canada",770
2007,"06","24","Chile",34
2007,"06","24","France",7
2007,"06","24","Germany",438
2007,"06","24","Hungary",45
2007,"06","24","Japan",3
2007,"06","24","Mexico",815
2007,"06","24","Netherlands",17
2007,"06","24","New Zealand",41
2007,"06","24","Norway",11
2007,"06","24","Paraguay",440
2007,"06","24","Peru",272
2007,"06","24","Poland",13
2007,"06","24","Romania",584
2007,"06","24","Russia",139
2007,"06","24","South Africa",3329
2007,"06","24","Spain",12
2007,"06","24","Sweden",1
2007,"06","24","Switzerland",12
2007,"06","24","Ukraine",194
2007,"06","24","United States",720
2007,"06","24","Uruguay",201
2007,"07","01","Argentina",379
2007,"07","01","Australia",1065
2007,"07","01","Austria",453
2007,"07","01","Belgium",15
2007,"07","01","Bolivia",368
2007,"07","01","Brazil",315
2007,"07","01","Bulgaria",452
2007,"07","01","Canada",743
2007,"07","01","Chile",28
2007,"07","01","France",6
2007,"07","01","Germany",476
2007,"07","01","Hungary",41
2007,"07","01","Japan",2
2007,"07","01","Mexico",810
2007,"07","01","Netherlands",17
2007,"07","01","New Zealand",57
2007,"07","01","Norway",10
2007,"07","01","Paraguay",449
2007,"07","01","Peru",280
2007,"07","01","Poland",11
2007,"07","01","Romania",574
2007,"07","01","Russia",149
2007,"07","01","South Africa",3146
2007,"07","01","Spain",12
2007,"07","01","Sweden",1
2007,"07","01","Switzerland",13
2007,"07","01","Ukraine",196
2007,"07","01","United States",708
2007,"07","01","Uruguay",179
2007,"07","08","Argentina",339
2007,"07","08","Australia",1300
2007,"07","08","Austria",535
2007,"07","08","Belgium",23
2007,"07","08","Bolivia",319
2007,"07","08","Brazil",288
2007,"07","08","Bulgaria",403
2007,"07","08","Canada",778
2007,"07","08","Chile",23
2007,"07","08","France",7
2007,"07","08","Germany",542
2007,"07","08","Hungary",38
2007,"07","08","Japan",2
2007,"07","08","Mexico",830
2007,"07","08","Netherlands",15
2007,"07","08","New Zealand",62
2007,"07","08","Norway",9
2007,"07","08","Paraguay",490
2007,"07","08","Peru",259
2007,"07","08","Poland",11
2007,"07","08","Romania",557
2007,"07","08","Russia",126
2007,"07","08","South Africa",3580
2007,"07","08","Spain",8
2007,"07","08","Sweden",1
2007,"07","08","Switzerland",13
2007,"07","08","Ukraine",197
2007,"07","08","United States",701
2007,"07","08","Uruguay",221
2007,"07","15","Argentina",379
2007,"07","15","Australia",1495
2007,"07","15","Austria",486
2007,"07","15","Belgium",18
2007,"07","15","Bolivia",352
2007,"07","15","Brazil",265
2007,"07","15","Bulgaria",375
2007,"07","15","Canada",616
2007,"07","15","Chile",18
2007,"07","15","France",6
2007,"07","15","Germany",461
2007,"07","15","Hungary",35
2007,"07","15","Japan",2
2007,"07","15","Mexico",847
2007,"07","15","Netherlands",16
2007,"07","15","New Zealand",76
2007,"07","15","Norway",9
2007,"07","15","Paraguay",533
2007,"07","15","Peru",240
2007,"07","15","Poland",10
2007,"07","15","Romania",530
2007,"07","15","Russia",134
2007,"07","15","South Africa",3665
2007,"07","15","Spain",12
2007,"07","15","Sweden",1
2007,"07","15","Switzerland",15
2007,"07","15","Ukraine",195
2007,"07","15","United States",705
2007,"07","15","Uruguay",294
2007,"07","22","Argentina",346
2007,"07","22","Australia",1566
2007,"07","22","Austria",516
2007,"07","22","Belgium",18
2007,"07","22","Bolivia",355
2007,"07","22","Brazil",256
2007,"07","22","Bulgaria",346
2007,"07","22","Canada",635
2007,"07","22","Chile",11
2007,"07","22","France",7
2007,"07","22","Germany",422
2007,"07","22","Hungary",36
2007,"07","22","Japan",2
2007,"07","22","Mexico",795
2007,"07","22","Netherlands",16
2007,"07","22","New Zealand",75
2007,"07","22","Norway",9
2007,"07","22","Paraguay",483
2007,"07","22","Peru",261
2007,"07","22","Poland",10
2007,"07","22","Romania",507
2007,"07","22","Russia",123
2007,"07","22","South Africa",3743
2007,"07","22","Spain",13
2007,"07","22","Sweden",1
2007,"07","22","Switzerland",12
2007,"07","22","Ukraine",195
2007,"07","22","United States",699
2007,"07","22","Uruguay",290
2007,"07","29","Argentina",285
2007,"07","29","Australia",2027
2007,"07","29","Austria",456
2007,"07","29","Belgium",14
2007,"07","29","Bolivia",345
2007,"07","29","Brazil",251
2007,"07","29","Bulgaria",343
2007,"07","29","Canada",588
2007,"07","29","Chile",6
2007,"07","29","France",5
2007,"07","29","Germany",446
2007,"07","29","Hungary",36
2007,"07","29","Japan",2
2007,"07","29","Mexico",822
2007,"07","29","Netherlands",12
2007,"07","29","New Zealand",74
2007,"07","29","Norway",8
2007,"07","29","Paraguay",435
2007,"07","29","Peru",229
2007,"07","29","Poland",9
2007,"07","29","Romania",526
2007,"07","29","Russia",121
2007,"07","29","South Africa",3816
2007,"07","29","Spain",10
2007,"07","29","Sweden",1
2007,"07","29","Switzerland",11
2007,"07","29","Ukraine",193
2007,"07","29","United States",705
2007,"07","29","Uruguay",232
2007,"08","05","Argentina",293
2007,"08","05","Australia",2680
2007,"08","05","Austria",462
2007,"08","05","Belgium",12
2007,"08","05","Bolivia",393
2007,"08","05","Brazil",254
2007,"08","05","Bulgaria",343
2007,"08","05","Canada",648
2007,"08","05","Chile",7
2007,"08","05","France",7
2007,"08","05","Germany",385
2007,"08","05","Hungary",34
2007,"08","05","Japan",2
2007,"08","05","Mexico",820
2007,"08","05","Netherlands",12
2007,"08","05","New Zealand",72
2007,"08","05","Norway",9
2007,"08","05","Paraguay",378
2007,"08","05","Peru",255
2007,"08","05","Poland",9
2007,"08","05","Romania",604
2007,"08","05","Russia",149
2007,"08","05","South Africa",3889
2007,"08","05","Spain",11
2007,"08","05","Sweden",1
2007,"08","05","Switzerland",8
2007,"08","05","Ukraine",209
2007,"08","05","United States",723
2007,"08","05","Uruguay",219
2007,"08","12","Argentina",287
2007,"08","12","Australia",2854
2007,"08","12","Austria",431
2007,"08","12","Belgium",10
2007,"08","12","Bolivia",441
2007,"08","12","Brazil",278
2007,"08","12","Bulgaria",366
2007,"08","12","Canada",590
2007,"08","12","Chile",7
2007,"08","12","France",7
2007,"08","12","Germany",387
2007,"08","12","Hungary",33
2007,"08","12","Japan",2
2007,"08","12","Mexico",782
2007,"08","12","Netherlands",15
2007,"08","12","New Zealand",87
2007,"08","12","Norway",9
2007,"08","12","Paraguay",352
2007,"08","12","Peru",256
2007,"08","12","Poland",8
2007,"08","12","Romania",650
2007,"08","12","Russia",152
2007,"08","12","South Africa",4253
2007,"08","12","Spain",14
2007,"08","12","Sweden",1
2007,"08","12","Switzerland",8
2007,"08","12","Ukraine",237
2007,"08","12","United States",744
2007,"08","12","Uruguay",210
2007,"08","19","Argentina",256
2007,"08","19","Australia",1993
2007,"08","19","Austria",486
2007,"08","19","Belgium",15
2007,"08","19","Bolivia",588
2007,"08","19","Brazil",287
2007,"08","19","Bulgaria",344
2007,"08","19","Canada",668
2007,"08","19","Chile",7
2007,"08","19","France",7
2007,"08","19","Germany",429
2007,"08","19","Hungary",32
2007,"08","19","Japan",2
2007,"08","19","Mexico",731
2007,"08","19","Netherlands",14
2007,"08","19","New Zealand",72
2007,"08","19","Norway",10
2007,"08","19","Paraguay",347
2007,"08","19","Peru",268
2007,"08","19","Poland",8
2007,"08","19","Romania",606
2007,"08","19","Russia",148
2007,"08","19","South Africa",3900
2007,"08","19","Spain",16
2007,"08","19","Sweden",1
2007,"08","19","Switzerland",9
2007,"08","19","Ukraine",260
2007,"08","19","United States",763
2007,"08","19","Uruguay",230
2007,"08","26","Argentina",269
2007,"08","26","Australia",1345
2007,"08","26","Austria",463
2007,"08","26","Belgium",16
2007,"08","26","Bolivia",585
2007,"08","26","Brazil",285
2007,"08","26","Bulgaria",370
2007,"08","26","Canada",740
2007,"08","26","Chile",7
2007,"08","26","France",6
2007,"08","26","Germany",490
2007,"08","26","Hungary",31
2007,"08","26","Japan",2
2007,"08","26","Mexico",809
2007,"08","26","Netherlands",15
2007,"08","26","New Zealand",73
2007,"08","26","Norway",14
2007,"08","26","Paraguay",347
2007,"08","26","Peru",276
2007,"08","26","Poland",8
2007,"08","26","Romania",560
2007,"08","26","Russia",143
2007,"08","26","South Africa",3648
2007,"08","26","Spain",15
2007,"08","26","Sweden",1
2007,"08","26","Switzerland",12
2007,"08","26","Ukraine",272
2007,"08","26","United States",809
2007,"08","26","Uruguay",221
2007,"09","02","Argentina",239
2007,"09","02","Australia",847
2007,"09","02","Austria",529
2007,"09","02","Belgium",18
2007,"09","02","Bolivia",384
2007,"09","02","Brazil",262
2007,"09","02","Bulgaria",350
2007,"09","02","Canada",832
2007,"09","02","Chile",6
2007,"09","02","France",8
2007,"09","02","Germany",602
2007,"09","02","Hungary",28
2007,"09","02","Japan",2
2007,"09","02","Mexico",957
2007,"09","02","Netherlands",21
2007,"09","02","New Zealand",62
2007,"09","02","Norway",17
2007,"09","02","Paraguay",339
2007,"09","02","Peru",312
2007,"09","02","Poland",9
2007,"09","02","Romania",554
2007,"09","02","Russia",178
2007,"09","02","South Africa",3293
2007,"09","02","Spain",13
2007,"09","02","Sweden",1
2007,"09","02","Switzerland",16
2007,"09","02","Ukraine",300
2007,"09","02","United States",903
2007,"09","02","Uruguay",196
2007,"09","09","Argentina",188
2007,"09","09","Australia",685
2007,"09","09","Austria",564
2007,"09","09","Belgium",30
2007,"09","09","Bolivia",355
2007,"09","09","Brazil",283
2007,"09","09","Bulgaria",347
2007,"09","09","Canada",933
2007,"09","09","Chile",6
2007,"09","09","France",11
2007,"09","09","Germany",717
2007,"09","09","Hungary",33
2007,"09","09","Japan",2
2007,"09","09","Mexico",1070
2007,"09","09","Netherlands",27
2007,"09","09","New Zealand",53
2007,"09","09","Norway",18
2007,"09","09","Paraguay",327
2007,"09","09","Peru",342
2007,"09","09","Poland",12
2007,"09","09","Romania",609
2007,"09","09","Russia",255
2007,"09","09","South Africa",3002
2007,"09","09","Spain",17
2007,"09","09","Sweden",2
2007,"09","09","Switzerland",18
2007,"09","09","Ukraine",367
2007,"09","09","United States",957
2007,"09","09","Uruguay",164
2007,"09","16","Argentina",175
2007,"09","16","Australia",574
2007,"09","16","Austria",739
2007,"09","16","Belgium",55
2007,"09","16","Bolivia",388
2007,"09","16","Brazil",288
2007,"09","16","Bulgaria",396
2007,"09","16","Canada",1274
2007,"09","16","Chile",8
2007,"09","16","France",21
2007,"09","16","Germany",865
2007,"09","16","Hungary",54
2007,"09","16","Japan",2
2007,"09","16","Mexico",1165
2007,"09","16","Netherlands",27
2007,"09","16","New Zealand",45
2007,"09","16","Norway",22
2007,"09","16","Paraguay",305
2007,"09","16","Peru",336
2007,"09","16","Poland",26
2007,"09","16","Romania",658
2007,"09","16","Russia",452
2007,"09","16","South Africa",2896
2007,"09","16","Spain",20
2007,"09","16","Sweden",2
2007,"09","16","Switzerland",23
2007,"09","16","Ukraine",460
2007,"09","16","United States",1041
2007,"09","16","Uruguay",144
2007,"09","23","Argentina",191
2007,"09","23","Australia",499
2007,"09","23","Austria",756
2007,"09","23","Belgium",70
2007,"09","23","Bolivia",420
2007,"09","23","Brazil",256
2007,"09","23","Bulgaria",408
2007,"09","23","Canada",1379
2007,"09","23","Chile",5
2007,"09","23","France",45
2007,"09","23","Germany",872
2007,"09","23","Hungary",61
2007,"09","23","Japan",3
2007,"09","23","Mexico",1160
2007,"09","23","Netherlands",28
2007,"09","23","New Zealand",32
2007,"09","23","Norway",23
2007,"09","23","Paraguay",289
2007,"09","23","Peru",313
2007,"09","23","Poland",56
2007,"09","23","Romania",777
2007,"09","23","Russia",427
2007,"09","23","South Africa",2801
2007,"09","23","Spain",30
2007,"09","23","Sweden",2
2007,"09","23","Switzerland",30
2007,"09","23","Ukraine",460
2007,"09","23","United States",1082
2007,"09","23","Uruguay",133
2007,"09","30","Argentina",180
2007,"09","30","Australia",392
2007,"09","30","Austria",840
2007,"09","30","Belgium",80
2007,"09","30","Bolivia",401
2007,"09","30","Brazil",250
2007,"09","30","Bulgaria",475
2007,"09","30","Canada",1465
2007,"09","30","Chile",4
2007,"09","30","France",50
2007,"09","30","Germany",861
2007,"09","30","Hungary",63
2007,"09","30","Japan",4
2007,"09","30","Mexico",1183
2007,"09","30","Netherlands",30
2007,"09","30","New Zealand",19
2007,"09","30","Norway",24
2007,"09","30","Paraguay",264
2007,"09","30","Peru",308
2007,"09","30","Poland",55
2007,"09","30","Romania",827
2007,"09","30","Russia",406
2007,"09","30","South Africa",2291
2007,"09","30","Spain",30
2007,"09","30","Sweden",2
2007,"09","30","Switzerland",26
2007,"09","30","Ukraine",416
2007,"09","30","United States",1180
2007,"09","30","Uruguay",126
2007,"10","07","Argentina",171
2007,"10","07","Australia",379
2007,"10","07","Austria",796
2007,"10","07","Belgium",80
2007,"10","07","Bolivia",439
2007,"10","07","Brazil",239
2007,"10","07","Bulgaria",504
2007,"10","07","Canada",1340
2007,"10","07","Chile",5
2007,"10","07","France",56
2007,"10","07","Germany",1039
2007,"10","07","Hungary",69
2007,"10","07","Japan",6
2007,"10","07","Mexico",1255
2007,"10","07","Netherlands",30
2007,"10","07","New Zealand",23
2007,"10","07","Norway",22
2007,"10","07","Paraguay",243
2007,"10","07","Peru",299
2007,"10","07","Poland",49
2007,"10","07","Romania",765
2007,"10","07","Russia",405
2007,"10","07","South Africa",2553
2007,"10","07","Spain",36
2007,"10","07","Sweden",3
2007,"10","07","Switzerland",21
2007,"10","07","Ukraine",428
2007,"10","07","United States",1210
2007,"10","07","Uruguay",128
2007,"10","14","Argentina",162
2007,"10","14","Australia",371
2007,"10","14","Austria",820
2007,"10","14","Belgium",70
2007,"10","14","Bolivia",467
2007,"10","14","Brazil",252
2007,"10","14","Bulgaria",585
2007,"10","14","Canada",1513
2007,"10","14","Chile",4
2007,"10","14","France",55
2007,"10","14","Germany",1016
2007,"10","14","Hungary",52
2007,"10","14","Japan",9
2007,"10","14","Mexico",1198
2007,"10","14","Netherlands",24
2007,"10","14","New Zealand",22
2007,"10","14","Norway",34
2007,"10","14","Paraguay",233
2007,"10","14","Peru",318
2007,"10","14","Poland",46
2007,"10","14","Romania",862
2007,"10","14","Russia",410
2007,"10","14","South Africa",2251
2007,"10","14","Spain",43
2007,"10","14","Sweden",2
2007,"10","14","Switzerland",21
2007,"10","14","Ukraine",516
2007,"10","14","United States",1326
2007,"10","14","Uruguay",138
2007,"10","21","Argentina",171
2007,"10","21","Australia",276
2007,"10","21","Austria",806
2007,"10","21","Belgium",95
2007,"10","21","Bolivia",414
2007,"10","21","Brazil",244
2007,"10","21","Bulgaria",688
2007,"10","21","Canada",1504
2007,"10","21","Chile",4
2007,"10","21","France",68
2007,"10","21","Germany",1061
2007,"10","21","Hungary",50
2007,"10","21","Japan",13
2007,"10","21","Mexico",1236
2007,"10","21","Netherlands",28
2007,"10","21","New Zealand",14
2007,"10","21","Norway",36
2007,"10","21","Paraguay",238
2007,"10","21","Peru",323
2007,"10","21","Poland",53
2007,"10","21","Romania",786
2007,"10","21","Russia",360
2007,"10","21","South Africa",2655
2007,"10","21","Spain",32
2007,"10","21","Sweden",2
2007,"10","21","Switzerland",30
2007,"10","21","Ukraine",462
2007,"10","21","United States",1377
2007,"10","21","Uruguay",136
2007,"10","28","Argentina",174
2007,"10","28","Australia",285
2007,"10","28","Austria",712
2007,"10","28","Belgium",62
2007,"10","28","Bolivia",345
2007,"10","28","Brazil",236
2007,"10","28","Bulgaria",666
2007,"10","28","Canada",1628
2007,"10","28","Chile",5
2007,"10","28","France",57
2007,"10","28","Germany",978
2007,"10","28","Hungary",52
2007,"10","28","Japan",22
2007,"10","28","Mexico",1329
2007,"10","28","Netherlands",28
2007,"10","28","New Zealand",15
2007,"10","28","Norway",27
2007,"10","28","Paraguay",219
2007,"10","28","Peru",283
2007,"10","28","Poland",59
2007,"10","28","Romania",821
2007,"10","28","Russia",381
2007,"10","28","South Africa",2343
2007,"10","28","Spain",29
2007,"10","28","Sweden",2
2007,"10","28","Switzerland",20
2007,"10","28","Ukraine",397
2007,"10","28","United States",1512
2007,"10","28","Uruguay",135
2007,"11","04","Argentina",165
2007,"11","04","Australia",224
2007,"11","04","Austria",749
2007,"11","04","Belgium",90
2007,"11","04","Bolivia",329
2007,"11","04","Brazil",238
2007,"11","04","Bulgaria",662
2007,"11","04","Canada",1717
2007,"11","04","Chile",4
2007,"11","04","France",77
2007,"11","04","Germany",1110
2007,"11","04","Hungary",40
2007,"11","04","Japan",34
2007,"11","04","Mexico",1423
2007,"11","04","Netherlands",31
2007,"11","04","New Zealand",11
2007,"11","04","Norway",27
2007,"11","04","Paraguay",249
2007,"11","04","Peru",312
2007,"11","04","Poland",60
2007,"11","04","Romania",786
2007,"11","04","Russia",350
2007,"11","04","South Africa",2083
2007,"11","04","Spain",36
2007,"11","04","Sweden",2
2007,"11","04","Switzerland",32
2007,"11","04","Ukraine",480
2007,"11","04","United States",1594
2007,"11","04","Uruguay",133
2007,"11","11","Argentina",152
2007,"11","11","Australia",202
2007,"11","11","Austria",807
2007,"11","11","Belgium",97
2007,"11","11","Bolivia",337
2007,"11","11","Brazil",219
2007,"11","11","Bulgaria",711
2007,"11","11","Canada",1896
2007,"11","11","Chile",3
2007,"11","11","France",77
2007,"11","11","Germany",1111
2007,"11","11","Hungary",45
2007,"11","11","Japan",65
2007,"11","11","Mexico",1429
2007,"11","11","Netherlands",29
2007,"11","11","New Zealand",11
2007,"11","11","Norway",28
2007,"11","11","Paraguay",256
2007,"11","11","Peru",291
2007,"11","11","Poland",52
2007,"11","11","Romania",755
2007,"11","11","Russia",364
2007,"11","11","South Africa",1968
2007,"11","11","Spain",37
2007,"11","11","Sweden",3
2007,"11","11","Switzerland",24
2007,"11","11","Ukraine",500
2007,"11","11","United States",1644
2007,"11","11","Uruguay",127
2007,"11","18","Argentina",149
2007,"11","18","Australia",202
2007,"11","18","Austria",825
2007,"11","18","Belgium",122
2007,"11","18","Bolivia",319
2007,"11","18","Brazil",241
2007,"11","18","Bulgaria",743
2007,"11","18","Canada",1972
2007,"11","18","Chile",3
2007,"11","18","France",76
2007,"11","18","Germany",1166
2007,"11","18","Hungary",57
2007,"11","18","Japan",98
2007,"11","18","Mexico",1516
2007,"11","18","Netherlands",35
2007,"11","18","New Zealand",9
2007,"11","18","Norway",39
2007,"11","18","Paraguay",260
2007,"11","18","Peru",311
2007,"11","18","Poland",45
2007,"11","18","Romania",761
2007,"11","18","Russia",417
2007,"11","18","South Africa",1839
2007,"11","18","Spain",47
2007,"11","18","Sweden",2
2007,"11","18","Switzerland",33
2007,"11","18","Ukraine",512
2007,"11","18","United States",1465
2007,"11","18","Uruguay",110
2007,"11","25","Argentina",144
2007,"11","25","Australia",172
2007,"11","25","Austria",882
2007,"11","25","Belgium",151
2007,"11","25","Bolivia",318
2007,"11","25","Brazil",222
2007,"11","25","Bulgaria",910
2007,"11","25","Canada",1911
2007,"11","25","Chile",2
2007,"11","25","France",92
2007,"11","25","Germany",1156
2007,"11","25","Hungary",67
2007,"11","25","Japan",131
2007,"11","25","Mexico",1514
2007,"11","25","Netherlands",34
2007,"11","25","New Zealand",7
2007,"11","25","Norway",39
2007,"11","25","Paraguay",271
2007,"11","25","Peru",275
2007,"11","25","Poland",49
2007,"11","25","Romania",700
2007,"11","25","Russia",379
2007,"11","25","South Africa",1755
2007,"11","25","Spain",49
2007,"11","25","Sweden",2
2007,"11","25","Switzerland",33
2007,"11","25","Ukraine",465
2007,"11","25","United States",1700
2007,"11","25","Uruguay",113
2007,"12","02","Argentina",123
2007,"12","02","Australia",156
2007,"12","02","Austria",897
2007,"12","02","Belgium",154
2007,"12","02","Bolivia",318
2007,"12","02","Brazil",196
2007,"12","02","Bulgaria",873
2007,"12","02","Canada",1949
2007,"12","02","Chile",2
2007,"12","02","France",109
2007,"12","02","Germany",1064
2007,"12","02","Hungary",67
2007,"12","02","Japan",225
2007,"12","02","Mexico",1527
2007,"12","02","Netherlands",38
2007,"12","02","New Zealand",7
2007,"12","02","Norway",43
2007,"12","02","Paraguay",263
2007,"12","02","Peru",251
2007,"12","02","Poland",48
2007,"12","02","Romania",759
2007,"12","02","Russia",404
2007,"12","02","South Africa",2014
2007,"12","02","Spain",62
2007,"12","02","Sweden",3
2007,"12","02","Switzerland",39
2007,"12","02","Ukraine",497
2007,"12","02","United States",1632
2007,"12","02","Uruguay",110
2007,"12","09","Argentina",108
2007,"12","09","Australia",123
2007,"12","09","Austria",1010
2007,"12","09","Belgium",127
2007,"12","09","Bolivia",286
2007,"12","09","Brazil",184
2007,"12","09","Bulgaria",769
2007,"12","09","Canada",2156
2007,"12","09","Chile",2
2007,"12","09","France",125
2007,"12","09","Germany",1113
2007,"12","09","Hungary",80
2007,"12","09","Japan",281
2007,"12","09","Mexico",1717
2007,"12","09","Netherlands",42
2007,"12","09","New Zealand",6
2007,"12","09","Norway",38
2007,"12","09","Paraguay",238
2007,"12","09","Peru",249
2007,"12","09","Poland",47
2007,"12","09","Romania",754
2007,"12","09","Russia",510
2007,"12","09","South Africa",1838
2007,"12","09","Spain",77
2007,"12","09","Sweden",4
2007,"12","09","Switzerland",57
2007,"12","09","Ukraine",491
2007,"12","09","United States",1618
2007,"12","09","Uruguay",120
2007,"12","16","Argentina",96
2007,"12","16","Australia",152
2007,"12","16","Austria",1052
2007,"12","16","Belgium",98
2007,"12","16","Bolivia",261
2007,"12","16","Brazil",173
2007,"12","16","Bulgaria",812
2007,"12","16","Canada",2390
2007,"12","16","Chile",3
2007,"12","16","France",181
2007,"12","16","Germany",1163
2007,"12","16","Hungary",120
2007,"12","16","Japan",338
2007,"12","16","Mexico",1718
2007,"12","16","Netherlands",37
2007,"12","16","New Zealand",9
2007,"12","16","Norway",32
2007,"12","16","Paraguay",215
2007,"12","16","Peru",215
2007,"12","16","Poland",50
2007,"12","16","Romania",772
2007,"12","16","Russia",511
2007,"12","16","South Africa",1725
2007,"12","16","Spain",115
2007,"12","16","Sweden",3
2007,"12","16","Switzerland",63
2007,"12","16","Ukraine",471
2007,"12","16","United States",1709
2007,"12","16","Uruguay",107
2007,"12","23","Argentina",91
2007,"12","23","Australia",131
2007,"12","23","Austria",1025
2007,"12","23","Belgium",124
2007,"12","23","Bolivia",242
2007,"12","23","Brazil",178
2007,"12","23","Bulgaria",887
2007,"12","23","Canada",2883
2007,"12","23","Chile",2
2007,"12","23","France",253
2007,"12","23","Germany",1132
2007,"12","23","Hungary",221
2007,"12","23","Japan",401
2007,"12","23","Mexico",1854
2007,"12","23","Netherlands",44
2007,"12","23","New Zealand",4
2007,"12","23","Norway",32
2007,"12","23","Paraguay",198
2007,"12","23","Peru",184
2007,"12","23","Poland",47
2007,"12","23","Romania",797
2007,"12","23","Russia",436
2007,"12","23","South Africa",1944
2007,"12","23","Spain",300
2007,"12","23","Sweden",2
2007,"12","23","Switzerland",107
2007,"12","23","Ukraine",495
2007,"12","23","United States",1954
2007,"12","23","Uruguay",101
2007,"12","30","Argentina",78
2007,"12","30","Australia",141
2007,"12","30","Austria",1241
2007,"12","30","Belgium",156
2007,"12","30","Bolivia",229
2007,"12","30","Brazil",186
2007,"12","30","Bulgaria",1295
2007,"12","30","Canada",3058
2007,"12","30","Chile",3
2007,"12","30","France",330
2007,"12","30","Germany",1297
2007,"12","30","Hungary",293
2007,"12","30","Japan",246
2007,"12","30","Mexico",1649
2007,"12","30","Netherlands",51
2007,"12","30","New Zealand",9
2007,"12","30","Norway",43
2007,"12","30","Paraguay",183
2007,"12","30","Peru",186
2007,"12","30","Poland",48
2007,"12","30","Romania",881
2007,"12","30","Russia",505
2007,"12","30","South Africa",1915
2007,"12","30","Spain",336
2007,"12","30","Sweden",4
2007,"12","30","Switzerland",240
2007,"12","30","Ukraine",398
2007,"12","30","United States",2278
2007,"12","30","Uruguay",92
2008,"01","06","Argentina",93
2008,"01","06","Australia",167
2008,"01","06","Austria",1395
2008,"01","06","Belgium",210
2008,"01","06","Bolivia",232
2008,"01","06","Brazil",182
2008,"01","06","Bulgaria",1293
2008,"01","06","Canada",2728
2008,"01","06","Chile",2
2008,"01","06","France",339
2008,"01","06","Germany",1267
2008,"01","06","Hungary",344
2008,"01","06","Japan",283
2008,"01","06","Mexico",1948
2008,"01","06","Netherlands",61
2008,"01","06","New Zealand",10
2008,"01","06","Norway",44
2008,"01","06","Paraguay",171
2008,"01","06","Peru",201
2008,"01","06","Poland",67
2008,"01","06","Romania",956
2008,"01","06","Russia",479
2008,"01","06","South Africa",1630
2008,"01","06","Spain",242
2008,"01","06","Sweden",3
2008,"01","06","Switzerland",310
2008,"01","06","Ukraine",440
2008,"01","06","United States",2199
2008,"01","06","Uruguay",82
2008,"01","13","Argentina",89
2008,"01","13","Australia",108
2008,"01","13","Austria",1638
2008,"01","13","Belgium",177
2008,"01","13","Bolivia",239
2008,"01","13","Brazil",172
2008,"01","13","Bulgaria",1618
2008,"01","13","Canada",2474
2008,"01","13","Chile",2
2008,"01","13","France",457
2008,"01","13","Germany",1131
2008,"01","13","Hungary",595
2008,"01","13","Japan",351
2008,"01","13","Mexico",2907
2008,"01","13","Netherlands",60
2008,"01","13","New Zealand",8
2008,"01","13","Norway",47
2008,"01","13","Paraguay",166
2008,"01","13","Peru",179
2008,"01","13","Poland",82
2008,"01","13","Romania",1060
2008,"01","13","Russia",369
2008,"01","13","South Africa",1799
2008,"01","13","Spain",144
2008,"01","13","Sweden",3
2008,"01","13","Switzerland",389
2008,"01","13","Ukraine",446
2008,"01","13","United States",2230
2008,"01","13","Uruguay",80
2008,"01","20","Argentina",93
2008,"01","20","Australia",107
2008,"01","20","Austria",1750
2008,"01","20","Belgium",187
2008,"01","20","Bolivia",248
2008,"01","20","Brazil",173
2008,"01","20","Bulgaria",1709
2008,"01","20","Canada",2494
2008,"01","20","Chile",2
2008,"01","20","France",402
2008,"01","20","Germany",1121
2008,"01","20","Hungary",581
2008,"01","20","Japan",426
2008,"01","20","Mexico",2579
2008,"01","20","Netherlands",62
2008,"01","20","New Zealand",7
2008,"01","20","Norway",61
2008,"01","20","Paraguay",165
2008,"01","20","Peru",170
2008,"01","20","Poland",109
2008,"01","20","Romania",1183
2008,"01","20","Russia",486
2008,"01","20","South Africa",1777
2008,"01","20","Spain",98
2008,"01","20","Sweden",4
2008,"01","20","Switzerland",379
2008,"01","20","Ukraine",512
2008,"01","20","United States",2921
2008,"01","20","Uruguay",76
2008,"01","27","Argentina",89
2008,"01","27","Australia",126
2008,"01","27","Austria",1660
2008,"01","27","Belgium",179
2008,"01","27","Bolivia",225
2008,"01","27","Brazil",168
2008,"01","27","Bulgaria",1410
2008,"01","27","Canada",2668
2008,"01","27","Chile",1
2008,"01","27","France",424
2008,"01","27","Germany",1179
2008,"01","27","Hungary",493
2008,"01","27","Japan",498
2008,"01","27","Mexico",2218
2008,"01","27","Netherlands",69
2008,"01","27","New Zealand",10
2008,"01","27","Norway",79
2008,"01","27","Paraguay",155
2008,"01","27","Peru",176
2008,"01","27","Poland",98
2008,"01","27","Romania",1305
2008,"01","27","Russia",669
2008,"01","27","South Africa",1874
2008,"01","27","Spain",73
2008,"01","27","Sweden",7
2008,"01","27","Switzerland",291
2008,"01","27","Ukraine",621
2008,"01","27","United States",3880
2008,"01","27","Uruguay",76
2008,"02","03","Argentina",89
2008,"02","03","Australia",141
2008,"02","03","Austria",1512
2008,"02","03","Belgium",175
2008,"02","03","Bolivia",213
2008,"02","03","Brazil",177
2008,"02","03","Bulgaria",1357
2008,"02","03","Canada",2826
2008,"02","03","Chile",2
2008,"02","03","France",406
2008,"02","03","Germany",1461
2008,"02","03","Hungary",332
2008,"02","03","Japan",402
2008,"02","03","Mexico",1924
2008,"02","03","Netherlands",80
2008,"02","03","New Zealand",7
2008,"02","03","Norway",86
2008,"02","03","Paraguay",146
2008,"02","03","Peru",190
2008,"02","03","Poland",109
2008,"02","03","Romania",1158
2008,"02","03","Russia",552
2008,"02","03","South Africa",2044
2008,"02","03","Spain",75
2008,"02","03","Sweden",8
2008,"02","03","Switzerland",193
2008,"02","03","Ukraine",784
2008,"02","03","United States",4928
2008,"02","03","Uruguay",73
2008,"02","10","Argentina",91
2008,"02","10","Australia",144
2008,"02","10","Austria",1234
2008,"02","10","Belgium",251
2008,"02","10","Bolivia",207
2008,"02","10","Brazil",192
2008,"02","10","Bulgaria",1065
2008,"02","10","Canada",2786
2008,"02","10","Chile",2
2008,"02","10","France",298
2008,"02","10","Germany",1599
2008,"02","10","Hungary",219
2008,"02","10","Japan",292
2008,"02","10","Mexico",1691
2008,"02","10","Netherlands",82
2008,"02","10","New Zealand",9
2008,"02","10","Norway",93
2008,"02","10","Paraguay",155
2008,"02","10","Peru",189
2008,"02","10","Poland",97
2008,"02","10","Romania",974
2008,"02","10","Russia",776
2008,"02","10","South Africa",2116
2008,"02","10","Spain",72
2008,"02","10","Sweden",9
2008,"02","10","Switzerland",157
2008,"02","10","Ukraine",879
2008,"02","10","United States",5352
2008,"02","10","Uruguay",80
2008,"02","17","Argentina",97
2008,"02","17","Australia",185
2008,"02","17","Austria",1117
2008,"02","17","Belgium",293
2008,"02","17","Bolivia",236
2008,"02","17","Brazil",193
2008,"02","17","Bulgaria",873
2008,"02","17","Canada",3010
2008,"02","17","Chile",2
2008,"02","17","France",211
2008,"02","17","Germany",1594
2008,"02","17","Hungary",196
2008,"02","17","Japan",234
2008,"02","17","Mexico",1699
2008,"02","17","Netherlands",89
2008,"02","17","New Zealand",16
2008,"02","17","Norway",96
2008,"02","17","Paraguay",173
2008,"02","17","Peru",203
2008,"02","17","Poland",136
2008,"02","17","Romania",970
2008,"02","17","Russia",883
2008,"02","17","South Africa",2362
2008,"02","17","Spain",71
2008,"02","17","Sweden",8
2008,"02","17","Switzerland",140
2008,"02","17","Ukraine",903
2008,"02","17","United States",5805
2008,"02","17","Uruguay",75
2008,"02","24","Argentina",98
2008,"02","24","Australia",206
2008,"02","24","Austria",1015
2008,"02","24","Belgium",275
2008,"02","24","Bolivia",299
2008,"02","24","Brazil",221
2008,"02","24","Bulgaria",1151
2008,"02","24","Canada",3080
2008,"02","24","Chile",2
2008,"02","24","France",103
2008,"02","24","Germany",1366
2008,"02","24","Hungary",111
2008,"02","24","Japan",182
2008,"02","24","Mexico",1615
2008,"02","24","Netherlands",69
2008,"02","24","New Zealand",12
2008,"02","24","Norway",59
2008,"02","24","Paraguay",208
2008,"02","24","Peru",203
2008,"02","24","Poland",126
2008,"02","24","Romania",900
2008,"02","24","Russia",950
2008,"02","24","South Africa",2203
2008,"02","24","Spain",48
2008,"02","24","Sweden",6
2008,"02","24","Switzerland",100
2008,"02","24","Ukraine",785
2008,"02","24","United States",5050
2008,"02","24","Uruguay",77
2008,"03","02","Argentina",92
2008,"03","02","Australia",269
2008,"03","02","Austria",897
2008,"03","02","Belgium",215
2008,"03","02","Bolivia",340
2008,"03","02","Brazil",234
2008,"03","02","Bulgaria",907
2008,"03","02","Canada",3052
2008,"03","02","Chile",2
2008,"03","02","France",66
2008,"03","02","Germany",1142
2008,"03","02","Hungary",120
2008,"03","02","Japan",141
2008,"03","02","Mexico",1524
2008,"03","02","Netherlands",52
2008,"03","02","New Zealand",14
2008,"03","02","Norway",56
2008,"03","02","Paraguay",238
2008,"03","02","Peru",198
2008,"03","02","Poland",128
2008,"03","02","Romania",849
2008,"03","02","Russia",755
2008,"03","02","South Africa",2161
2008,"03","02","Spain",30
2008,"03","02","Sweden",6
2008,"03","02","Switzerland",91
2008,"03","02","Ukraine",616
2008,"03","02","United States",4059
2008,"03","02","Uruguay",78
2008,"03","09","Argentina",126
2008,"03","09","Australia",293
2008,"03","09","Austria",849
2008,"03","09","Belgium",154
2008,"03","09","Bolivia",341
2008,"03","09","Brazil",237
2008,"03","09","Bulgaria",937
2008,"03","09","Canada",2808
2008,"03","09","Chile",2
2008,"03","09","France",36
2008,"03","09","Germany",1053
2008,"03","09","Hungary",104
2008,"03","09","Japan",99
2008,"03","09","Mexico",1380
2008,"03","09","Netherlands",42
2008,"03","09","New Zealand",16
2008,"03","09","Norway",47
2008,"03","09","Paraguay",283
2008,"03","09","Peru",192
2008,"03","09","Poland",99
2008,"03","09","Romania",837
2008,"03","09","Russia",694
2008,"03","09","South Africa",2029
2008,"03","09","Spain",26
2008,"03","09","Sweden",6
2008,"03","09","Switzerland",76
2008,"03","09","Ukraine",550
2008,"03","09","United States",3229
2008,"03","09","Uruguay",86
2008,"03","16","Argentina",151
2008,"03","16","Australia",214
2008,"03","16","Austria",810
2008,"03","16","Belgium",118
2008,"03","16","Bolivia",383
2008,"03","16","Brazil",247
2008,"03","16","Bulgaria",920
2008,"03","16","Canada",2520
2008,"03","16","Chile",4
2008,"03","16","France",35
2008,"03","16","Germany",885
2008,"03","16","Hungary",94
2008,"03","16","Japan",64
2008,"03","16","Mexico",1203
2008,"03","16","Netherlands",35
2008,"03","16","New Zealand",14
2008,"03","16","Norway",43
2008,"03","16","Paraguay",279
2008,"03","16","Peru",209
2008,"03","16","Poland",85
2008,"03","16","Romania",876
2008,"03","16","Russia",626
2008,"03","16","South Africa",1973
2008,"03","16","Spain",26
2008,"03","16","Sweden",4
2008,"03","16","Switzerland",54
2008,"03","16","Ukraine",478
2008,"03","16","United States",2592
2008,"03","16","Uruguay",88
2008,"03","23","Argentina",145
2008,"03","23","Australia",258
2008,"03","23","Austria",817
2008,"03","23","Belgium",96
2008,"03","23","Bolivia",412
2008,"03","23","Brazil",272
2008,"03","23","Bulgaria",832
2008,"03","23","Canada",2469
2008,"03","23","Chile",5
2008,"03","23","France",38
2008,"03","23","Germany",860
2008,"03","23","Hungary",113
2008,"03","23","Japan",34
2008,"03","23","Mexico",1165
2008,"03","23","Netherlands",39
2008,"03","23","New Zealand",17
2008,"03","23","Norway",39
2008,"03","23","Paraguay",285
2008,"03","23","Peru",212
2008,"03","23","Poland",71
2008,"03","23","Romania",982
2008,"03","23","Russia",456
2008,"03","23","South Africa",2369
2008,"03","23","Spain",27
2008,"03","23","Sweden",5
2008,"03","23","Switzerland",59
2008,"03","23","Ukraine",403
2008,"03","23","United States",2172
2008,"03","23","Uruguay",96
2008,"03","30","Argentina",150
2008,"03","30","Australia",252
2008,"03","30","Austria",867
2008,"03","30","Belgium",81
2008,"03","30","Bolivia",490
2008,"03","30","Brazil",288
2008,"03","30","Bulgaria",897
2008,"03","30","Canada",2365
2008,"03","30","Chile",6
2008,"03","30","France",33
2008,"03","30","Germany",762
2008,"03","30","Hungary",103
2008,"03","30","Japan",19
2008,"03","30","Mexico",1091
2008,"03","30","Netherlands",36
2008,"03","30","New Zealand",17
2008,"03","30","Norway",42
2008,"03","30","Paraguay",283
2008,"03","30","Peru",228
2008,"03","30","Poland",78
2008,"03","30","Romania",903
2008,"03","30","Russia",470
2008,"03","30","South Africa",2428
2008,"03","30","Spain",20
2008,"03","30","Sweden",5
2008,"03","30","Switzerland",41
2008,"03","30","Ukraine",367
2008,"03","30","United States",1776
2008,"03","30","Uruguay",99
2008,"04","06","Argentina",161
2008,"04","06","Australia",288
2008,"04","06","Austria",842
2008,"04","06","Belgium",75
2008,"04","06","Bolivia",387
2008,"04","06","Brazil",284
2008,"04","06","Bulgaria",848
2008,"04","06","Canada",2202
2008,"04","06","Chile",6
2008,"04","06","France",26
2008,"04","06","Germany",734
2008,"04","06","Hungary",83
2008,"04","06","Japan",14
2008,"04","06","Mexico",1054
2008,"04","06","Netherlands",34
2008,"04","06","New Zealand",16
2008,"04","06","Norway",43
2008,"04","06","Paraguay",257
2008,"04","06","Peru",246
2008,"04","06","Poland",63
2008,"04","06","Romania",861
2008,"04","06","Russia",443
2008,"04","06","South Africa",2438
2008,"04","06","Spain",19
2008,"04","06","Sweden",4
2008,"04","06","Switzerland",33
2008,"04","06","Ukraine",315
2008,"04","06","United States",1508
2008,"04","06","Uruguay",100
2008,"04","13","Argentina",174
2008,"04","13","Australia",325
2008,"04","13","Austria",773
2008,"04","13","Belgium",66
2008,"04","13","Bolivia",406
2008,"04","13","Brazil",296
2008,"04","13","Bulgaria",677
2008,"04","13","Canada",1874
2008,"04","13","Chile",13
2008,"04","13","France",23
2008,"04","13","Germany",708
2008,"04","13","Hungary",60
2008,"04","13","Japan",15
2008,"04","13","Mexico",1001
2008,"04","13","Netherlands",31
2008,"04","13","New Zealand",17
2008,"04","13","Norway",48
2008,"04","13","Paraguay",252
2008,"04","13","Peru",264
2008,"04","13","Poland",49
2008,"04","13","Romania",771
2008,"04","13","Russia",374
2008,"04","13","South Africa",2506
2008,"04","13","Spain",17
2008,"04","13","Sweden",2
2008,"04","13","Switzerland",23
2008,"04","13","Ukraine",300
2008,"04","13","United States",1331
2008,"04","13","Uruguay",105
2008,"04","20","Argentina",188
2008,"04","20","Australia",323
2008,"04","20","Austria",711
2008,"04","20","Belgium",69
2008,"04","20","Bolivia",429
2008,"04","20","Brazil",291
2008,"04","20","Bulgaria",551
2008,"04","20","Canada",1679
2008,"04","20","Chile",27
2008,"04","20","France",16
2008,"04","20","Germany",751
2008,"04","20","Hungary",50
2008,"04","20","Japan",12
2008,"04","20","Mexico",1006
2008,"04","20","Netherlands",28
2008,"04","20","New Zealand",17
2008,"04","20","Norway",38
2008,"04","20","Paraguay",262
2008,"04","20","Peru",284
2008,"04","20","Poland",40
2008,"04","20","Romania",690
2008,"04","20","Russia",336
2008,"04","20","South Africa",2499
2008,"04","20","Spain",17
2008,"04","20","Sweden",2
2008,"04","20","Switzerland",19
2008,"04","20","Ukraine",281
2008,"04","20","United States",1180
2008,"04","20","Uruguay",115
2008,"04","27","Argentina",173
2008,"04","27","Australia",448
2008,"04","27","Austria",650
2008,"04","27","Belgium",52
2008,"04","27","Bolivia",409
2008,"04","27","Brazil",287
2008,"04","27","Bulgaria",471
2008,"04","27","Canada",1419
2008,"04","27","Chile",45
2008,"04","27","France",9
2008,"04","27","Germany",664
2008,"04","27","Hungary",49
2008,"04","27","Japan",11
2008,"04","27","Mexico",905
2008,"04","27","Netherlands",22
2008,"04","27","New Zealand",24
2008,"04","27","Norway",34
2008,"04","27","Paraguay",268
2008,"04","27","Peru",254
2008,"04","27","Poland",33
2008,"04","27","Romania",676
2008,"04","27","Russia",381
2008,"04","27","South Africa",2450
2008,"04","27","Spain",13
2008,"04","27","Sweden",2
2008,"04","27","Switzerland",16
2008,"04","27","Ukraine",279
2008,"04","27","United States",1046
2008,"04","27","Uruguay",119
2008,"05","04","Argentina",186
2008,"05","04","Australia",472
2008,"05","04","Austria",645
2008,"05","04","Belgium",51
2008,"05","04","Bolivia",376
2008,"05","04","Brazil",318
2008,"05","04","Bulgaria",421
2008,"05","04","Canada",1179
2008,"05","04","Chile",49
2008,"05","04","France",7
2008,"05","04","Germany",585
2008,"05","04","Hungary",46
2008,"05","04","Japan",7
2008,"05","04","Mexico",880
2008,"05","04","Netherlands",18
2008,"05","04","New Zealand",23
2008,"05","04","Norway",33
2008,"05","04","Paraguay",285
2008,"05","04","Peru",265
2008,"05","04","Poland",30
2008,"05","04","Romania",650
2008,"05","04","Russia",288
2008,"05","04","South Africa",2485
2008,"05","04","Spain",14
2008,"05","04","Sweden",2
2008,"05","04","Switzerland",13
2008,"05","04","Ukraine",250
2008,"05","04","United States",947
2008,"05","04","Uruguay",127
2008,"05","11","Argentina",197
2008,"05","11","Australia",488
2008,"05","11","Austria",564
2008,"05","11","Belgium",31
2008,"05","11","Bolivia",396
2008,"05","11","Brazil",334
2008,"05","11","Bulgaria",409
2008,"05","11","Canada",1089
2008,"05","11","Chile",41
2008,"05","11","France",6
2008,"05","11","Germany",464
2008,"05","11","Hungary",48
2008,"05","11","Japan",6
2008,"05","11","Mexico",851
2008,"05","11","Netherlands",14
2008,"05","11","New Zealand",20
2008,"05","11","Norway",27
2008,"05","11","Paraguay",300
2008,"05","11","Peru",226
2008,"05","11","Poland",26
2008,"05","11","Romania",612
2008,"05","11","Russia",312
2008,"05","11","South Africa",2697
2008,"05","11","Spain",15
2008,"05","11","Sweden",2
2008,"05","11","Switzerland",10
2008,"05","11","Ukraine",237
2008,"05","11","United States",922
2008,"05","11","Uruguay",129
2008,"05","18","Argentina",210
2008,"05","18","Australia",487
2008,"05","18","Austria",539
2008,"05","18","Belgium",32
2008,"05","18","Bolivia",430
2008,"05","18","Brazil",337
2008,"05","18","Bulgaria",401
2008,"05","18","Canada",1002
2008,"05","18","Chile",25
2008,"05","18","France",6
2008,"05","18","Germany",465
2008,"05","18","Hungary",43
2008,"05","18","Japan",5
2008,"05","18","Mexico",849
2008,"05","18","Netherlands",15
2008,"05","18","New Zealand",27
2008,"05","18","Norway",21
2008,"05","18","Paraguay",336
2008,"05","18","Peru",273
2008,"05","18","Poland",23
2008,"05","18","Romania",602
2008,"05","18","Russia",283
2008,"05","18","South Africa",2465
2008,"05","18","Spain",16
2008,"05","18","Sweden",1
2008,"05","18","Switzerland",9
2008,"05","18","Ukraine",219
2008,"05","18","United States",873
2008,"05","18","Uruguay",133
2008,"05","25","Argentina",217
2008,"05","25","Australia",497
2008,"05","25","Austria",517
2008,"05","25","Belgium",24
2008,"05","25","Bolivia",349
2008,"05","25","Brazil",361
2008,"05","25","Bulgaria",376
2008,"05","25","Canada",805
2008,"05","25","Chile",11
2008,"05","25","France",7
2008,"05","25","Germany",425
2008,"05","25","Hungary",40
2008,"05","25","Japan",4
2008,"05","25","Mexico",849
2008,"05","25","Netherlands",15
2008,"05","25","New Zealand",29
2008,"05","25","Norway",31
2008,"05","25","Paraguay",398
2008,"05","25","Peru",242
2008,"05","25","Poland",21
2008,"05","25","Romania",583
2008,"05","25","Russia",289
2008,"05","25","South Africa",2706
2008,"05","25","Spain",11
2008,"05","25","Sweden",1
2008,"05","25","Switzerland",10
2008,"05","25","Ukraine",210
2008,"05","25","United States",828
2008,"05","25","Uruguay",139
2008,"06","01","Argentina",266
2008,"06","01","Australia",448
2008,"06","01","Austria",525
2008,"06","01","Belgium",27
2008,"06","01","Bolivia",365
2008,"06","01","Brazil",315
2008,"06","01","Bulgaria",408
2008,"06","01","Canada",688
2008,"06","01","Chile",10
2008,"06","01","France",8
2008,"06","01","Germany",392
2008,"06","01","Hungary",43
2008,"06","01","Japan",4
2008,"06","01","Mexico",790
2008,"06","01","Netherlands",16
2008,"06","01","New Zealand",32
2008,"06","01","Norway",36
2008,"06","01","Paraguay",457
2008,"06","01","Peru",251
2008,"06","01","Poland",21
2008,"06","01","Romania",593
2008,"06","01","Russia",262
2008,"06","01","South Africa",3121
2008,"06","01","Spain",11
2008,"06","01","Sweden",1
2008,"06","01","Switzerland",10
2008,"06","01","Ukraine",217
2008,"06","01","United States",770
2008,"06","01","Uruguay",147
2008,"06","08","Argentina",343
2008,"06","08","Australia",467
2008,"06","08","Austria",569
2008,"06","08","Belgium",26
2008,"06","08","Bolivia",370
2008,"06","08","Brazil",305
2008,"06","08","Bulgaria",402
2008,"06","08","Canada",642
2008,"06","08","Chile",8
2008,"06","08","France",8
2008,"06","08","Germany",410
2008,"06","08","Hungary",37
2008,"06","08","Japan",3
2008,"06","08","Mexico",757
2008,"06","08","Netherlands",15
2008,"06","08","New Zealand",42
2008,"06","08","Norway",25
2008,"06","08","Paraguay",444
2008,"06","08","Peru",284
2008,"06","08","Poland",19
2008,"06","08","Romania",595
2008,"06","08","Russia",241
2008,"06","08","South Africa",3497
2008,"06","08","Spain",8
2008,"06","08","Sweden",1
2008,"06","08","Switzerland",12
2008,"06","08","Ukraine",209
2008,"06","08","United States",727
2008,"06","08","Uruguay",157
2008,"06","15","Argentina",381
2008,"06","15","Australia",475
2008,"06","15","Austria",592
2008,"06","15","Belgium",23
2008,"06","15","Bolivia",375
2008,"06","15","Brazil",317
2008,"06","15","Bulgaria",380
2008,"06","15","Canada",757
2008,"06","15","Chile",10
2008,"06","15","France",9
2008,"06","15","Germany",444
2008,"06","15","Hungary",33
2008,"06","15","Japan",3
2008,"06","15","Mexico",717
2008,"06","15","Netherlands",17
2008,"06","15","New Zealand",66
2008,"06","15","Norway",16
2008,"06","15","Paraguay",491
2008,"06","15","Peru",258
2008,"06","15","Poland",17
2008,"06","15","Romania",578
2008,"06","15","Russia",193
2008,"06","15","South Africa",3771
2008,"06","15","Spain",8
2008,"06","15","Sweden",1
2008,"06","15","Switzerland",19
2008,"06","15","Ukraine",201
2008,"06","15","United States",713
2008,"06","15","Uruguay",177
2008,"06","22","Argentina",411
2008,"06","22","Australia",454
2008,"06","22","Austria",538
2008,"06","22","Belgium",19
2008,"06","22","Bolivia",360
2008,"06","22","Brazil",317
2008,"06","22","Bulgaria",365
2008,"06","22","Canada",665
2008,"06","22","Chile",8
2008,"06","22","France",5
2008,"06","22","Germany",439
2008,"06","22","Hungary",39
2008,"06","22","Japan",2
2008,"06","22","Mexico",703
2008,"06","22","Netherlands",17
2008,"06","22","New Zealand",54
2008,"06","22","Norway",14
2008,"06","22","Paraguay",573
2008,"06","22","Peru",257
2008,"06","22","Poland",15
2008,"06","22","Romania",566
2008,"06","22","Russia",171
2008,"06","22","South Africa",3691
2008,"06","22","Spain",8
2008,"06","22","Sweden",1
2008,"06","22","Switzerland",16
2008,"06","22","Ukraine",190
2008,"06","22","United States",662
2008,"06","22","Uruguay",185
2008,"06","29","Argentina",372
2008,"06","29","Australia",406
2008,"06","29","Austria",520
2008,"06","29","Belgium",18
2008,"06","29","Bolivia",370
2008,"06","29","Brazil",300
2008,"06","29","Bulgaria",362
2008,"06","29","Canada",615
2008,"06","29","Chile",7
2008,"06","29","France",4
2008,"06","29","Germany",433
2008,"06","29","Hungary",42
2008,"06","29","Japan",2
2008,"06","29","Mexico",681
2008,"06","29","Netherlands",16
2008,"06","29","New Zealand",71
2008,"06","29","Norway",12
2008,"06","29","Paraguay",572
2008,"06","29","Peru",248
2008,"06","29","Poland",14
2008,"06","29","Romania",538
2008,"06","29","Russia",157
2008,"06","29","South Africa",3758
2008,"06","29","Spain",7
2008,"06","29","Sweden",1
2008,"06","29","Switzerland",14
2008,"06","29","Ukraine",189
2008,"06","29","United States",646
2008,"06","29","Uruguay",196
2008,"07","06","Argentina",371
2008,"07","06","Australia",503
2008,"07","06","Austria",506
2008,"07","06","Belgium",14
2008,"07","06","Bolivia",321
2008,"07","06","Brazil",278
2008,"07","06","Bulgaria",330
2008,"07","06","Canada",520
2008,"07","06","Chile",8
2008,"07","06","France",6
2008,"07","06","Germany",433
2008,"07","06","Hungary",37
2008,"07","06","Japan",2
2008,"07","06","Mexico",681
2008,"07","06","Netherlands",13
2008,"07","06","New Zealand",70
2008,"07","06","Norway",11
2008,"07","06","Paraguay",515
2008,"07","06","Peru",247
2008,"07","06","Poland",12
2008,"07","06","Romania",538
2008,"07","06","Russia",123
2008,"07","06","South Africa",4149
2008,"07","06","Spain",8
2008,"07","06","Sweden",1
2008,"07","06","Switzerland",10
2008,"07","06","Ukraine",177
2008,"07","06","United States",665
2008,"07","06","Uruguay",209
2008,"07","13","Argentina",319
2008,"07","13","Australia",523
2008,"07","13","Austria",522
2008,"07","13","Belgium",12
2008,"07","13","Bolivia",290
2008,"07","13","Brazil",269
2008,"07","13","Bulgaria",297
2008,"07","13","Canada",491
2008,"07","13","Chile",8
2008,"07","13","France",6
2008,"07","13","Germany",436
2008,"07","13","Hungary",37
2008,"07","13","Japan",2
2008,"07","13","Mexico",712
2008,"07","13","Netherlands",14
2008,"07","13","New Zealand",78
2008,"07","13","Norway",11
2008,"07","13","Paraguay",490
2008,"07","13","Peru",231
2008,"07","13","Poland",11
2008,"07","13","Romania",529
2008,"07","13","Russia",125
2008,"07","13","South Africa",3806
2008,"07","13","Spain",7
2008,"07","13","Sweden",1
2008,"07","13","Switzerland",8
2008,"07","13","Ukraine",168
2008,"07","13","United States",638
2008,"07","13","Uruguay",210
2008,"07","20","Argentina",261
2008,"07","20","Australia",534
2008,"07","20","Austria",464
2008,"07","20","Belgium",13
2008,"07","20","Bolivia",271
2008,"07","20","Brazil",273
2008,"07","20","Bulgaria",249
2008,"07","20","Canada",494
2008,"07","20","Chile",6
2008,"07","20","France",4
2008,"07","20","Germany",421
2008,"07","20","Hungary",33
2008,"07","20","Japan",2
2008,"07","20","Mexico",688
2008,"07","20","Netherlands",16
2008,"07","20","New Zealand",85
2008,"07","20","Norway",12
2008,"07","20","Paraguay",452
2008,"07","20","Peru",205
2008,"07","20","Poland",11
2008,"07","20","Romania",554
2008,"07","20","Russia",101
2008,"07","20","South Africa",3971
2008,"07","20","Spain",8
2008,"07","20","Sweden",1
2008,"07","20","Switzerland",7
2008,"07","20","Ukraine",174
2008,"07","20","United States",627
2008,"07","20","Uruguay",208
2008,"07","27","Argentina",216
2008,"07","27","Australia",657
2008,"07","27","Austria",422
2008,"07","27","Belgium",14
2008,"07","27","Bolivia",291
2008,"07","27","Brazil",252
2008,"07","27","Bulgaria",231
2008,"07","27","Canada",429
2008,"07","27","Chile",4
2008,"07","27","France",4
2008,"07","27","Germany",352
2008,"07","27","Hungary",36
2008,"07","27","Japan",2
2008,"07","27","Mexico",698
2008,"07","27","Netherlands",11
2008,"07","27","New Zealand",80
2008,"07","27","Norway",12
2008,"07","27","Paraguay",387
2008,"07","27","Peru",179
2008,"07","27","Poland",10
2008,"07","27","Romania",573
2008,"07","27","Russia",112
2008,"07","27","South Africa",3874
2008,"07","27","Spain",7
2008,"07","27","Sweden",1
2008,"07","27","Switzerland",10
2008,"07","27","Ukraine",181
2008,"07","27","United States",634
2008,"07","27","Uruguay",200
2008,"08","03","Argentina",201
2008,"08","03","Australia",827
2008,"08","03","Austria",416
2008,"08","03","Belgium",13
2008,"08","03","Bolivia",309
2008,"08","03","Brazil",229
2008,"08","03","Bulgaria",234
2008,"08","03","Canada",474
2008,"08","03","Chile",5
2008,"08","03","France",4
2008,"08","03","Germany",356
2008,"08","03","Hungary",32
2008,"08","03","Japan",2
2008,"08","03","Mexico",653
2008,"08","03","Netherlands",15
2008,"08","03","New Zealand",111
2008,"08","03","Norway",13
2008,"08","03","Paraguay",351
2008,"08","03","Peru",222
2008,"08","03","Poland",9
2008,"08","03","Romania",572
2008,"08","03","Russia",120
2008,"08","03","South Africa",3594
2008,"08","03","Spain",8
2008,"08","03","Sweden",1
2008,"08","03","Switzerland",11
2008,"08","03","Ukraine",196
2008,"08","03","United States",648
2008,"08","03","Uruguay",179
2008,"08","10","Argentina",220
2008,"08","10","Australia",1396
2008,"08","10","Austria",390
2008,"08","10","Belgium",14
2008,"08","10","Bolivia",322
2008,"08","10","Brazil",240
2008,"08","10","Bulgaria",246
2008,"08","10","Canada",577
2008,"08","10","Chile",5
2008,"08","10","France",5
2008,"08","10","Germany",348
2008,"08","10","Hungary",32
2008,"08","10","Japan",2
2008,"08","10","Mexico",633
2008,"08","10","Netherlands",15
2008,"08","10","New Zealand",120
2008,"08","10","Norway",13
2008,"08","10","Paraguay",305
2008,"08","10","Peru",222
2008,"08","10","Poland",9
2008,"08","10","Romania",574
2008,"08","10","Russia",118
2008,"08","10","South Africa",3687
2008,"08","10","Spain",7
2008,"08","10","Sweden",1
2008,"08","10","Switzerland",8
2008,"08","10","Ukraine",214
2008,"08","10","United States",684
2008,"08","10","Uruguay",176
2008,"08","17","Argentina",210
2008,"08","17","Australia",1612
2008,"08","17","Austria",495
2008,"08","17","Belgium",15
2008,"08","17","Bolivia",306
2008,"08","17","Brazil",256
2008,"08","17","Bulgaria",293
2008,"08","17","Canada",565
2008,"08","17","Chile",6
2008,"08","17","France",5
2008,"08","17","Germany",365
2008,"08","17","Hungary",32
2008,"08","17","Japan",2
2008,"08","17","Mexico",633
2008,"08","17","Netherlands",15
2008,"08","17","New Zealand",121
2008,"08","17","Norway",16
2008,"08","17","Paraguay",290
2008,"08","17","Peru",248
2008,"08","17","Poland",8
2008,"08","17","Romania",591
2008,"08","17","Russia",157
2008,"08","17","South Africa",3494
2008,"08","17","Spain",8
2008,"08","17","Sweden",1
2008,"08","17","Switzerland",8
2008,"08","17","Ukraine",215
2008,"08","17","United States",710
2008,"08","17","Uruguay",169
2008,"08","24","Argentina",206
2008,"08","24","Australia",2282
2008,"08","24","Austria",450
2008,"08","24","Belgium",17
2008,"08","24","Bolivia",316
2008,"08","24","Brazil",255
2008,"08","24","Bulgaria",304
2008,"08","24","Canada",711
2008,"08","24","Chile",6
2008,"08","24","France",4
2008,"08","24","Germany",424
2008,"08","24","Hungary",36
2008,"08","24","Japan",1
2008,"08","24","Mexico",707
2008,"08","24","Netherlands",20
2008,"08","24","New Zealand",102
2008,"08","24","Norway",24
2008,"08","24","Paraguay",282
2008,"08","24","Peru",260
2008,"08","24","Poland",8
2008,"08","24","Romania",580
2008,"08","24","Russia",225
2008,"08","24","South Africa",3073
2008,"08","24","Spain",8
2008,"08","24","Sweden",1
2008,"08","24","Switzerland",10
2008,"08","24","Ukraine",234
2008,"08","24","United States",771
2008,"08","24","Uruguay",157
2008,"08","31","Argentina",193
2008,"08","31","Australia",2017
2008,"08","31","Austria",517
2008,"08","31","Belgium",19
2008,"08","31","Bolivia",296
2008,"08","31","Brazil",199
2008,"08","31","Bulgaria",302
2008,"08","31","Canada",740
2008,"08","31","Chile",6
2008,"08","31","France",5
2008,"08","31","Germany",519
2008,"08","31","Hungary",35
2008,"08","31","Japan",2
2008,"08","31","Mexico",799
2008,"08","31","Netherlands",21
2008,"08","31","New Zealand",93
2008,"08","31","Norway",27
2008,"08","31","Paraguay",259
2008,"08","31","Peru",259
2008,"08","31","Poland",8
2008,"08","31","Romania",579
2008,"08","31","Russia",224
2008,"08","31","South Africa",2849
2008,"08","31","Spain",6
2008,"08","31","Sweden",2
2008,"08","31","Switzerland",13
2008,"08","31","Ukraine",287
2008,"08","31","United States",903
2008,"08","31","Uruguay",156
2008,"09","07","Argentina",191
2008,"09","07","Australia",1340
2008,"09","07","Austria",570
2008,"09","07","Belgium",30
2008,"09","07","Bolivia",298
2008,"09","07","Brazil",243
2008,"09","07","Bulgaria",340
2008,"09","07","Canada",914
2008,"09","07","Chile",6
2008,"09","07","France",9
2008,"09","07","Germany",620
2008,"09","07","Hungary",39
2008,"09","07","Japan",2
2008,"09","07","Mexico",865
2008,"09","07","Netherlands",27
2008,"09","07","New Zealand",75
2008,"09","07","Norway",32
2008,"09","07","Paraguay",281
2008,"09","07","Peru",293
2008,"09","07","Poland",9
2008,"09","07","Romania",566
2008,"09","07","Russia",342
2008,"09","07","South Africa",2938
2008,"09","07","Spain",8
2008,"09","07","Sweden",2
2008,"09","07","Switzerland",15
2008,"09","07","Ukraine",324
2008,"09","07","United States",1009
2008,"09","07","Uruguay",146
2008,"09","14","Argentina",189
2008,"09","14","Australia",976
2008,"09","14","Austria",641
2008,"09","14","Belgium",47
2008,"09","14","Bolivia",300
2008,"09","14","Brazil",255
2008,"09","14","Bulgaria",390
2008,"09","14","Canada",1205
2008,"09","14","Chile",6
2008,"09","14","France",20
2008,"09","14","Germany",816
2008,"09","14","Hungary",57
2008,"09","14","Japan",2
2008,"09","14","Mexico",914
2008,"09","14","Netherlands",28
2008,"09","14","New Zealand",57
2008,"09","14","Norway",35
2008,"09","14","Paraguay",317
2008,"09","14","Peru",269
2008,"09","14","Poland",21
2008,"09","14","Romania",612
2008,"09","14","Russia",466
2008,"09","14","South Africa",2728
2008,"09","14","Spain",14
2008,"09","14","Sweden",2
2008,"09","14","Switzerland",26
2008,"09","14","Ukraine",436
2008,"09","14","United States",1114
2008,"09","14","Uruguay",149
2008,"09","21","Argentina",190
2008,"09","21","Australia",683
2008,"09","21","Austria",824
2008,"09","21","Belgium",75
2008,"09","21","Bolivia",324
2008,"09","21","Brazil",253
2008,"09","21","Bulgaria",458
2008,"09","21","Canada",1463
2008,"09","21","Chile",5
2008,"09","21","France",40
2008,"09","21","Germany",915
2008,"09","21","Hungary",70
2008,"09","21","Japan",3
2008,"09","21","Mexico",953
2008,"09","21","Netherlands",25
2008,"09","21","New Zealand",52
2008,"09","21","Norway",33
2008,"09","21","Paraguay",313
2008,"09","21","Peru",275
2008,"09","21","Poland",68
2008,"09","21","Romania",741
2008,"09","21","Russia",505
2008,"09","21","South Africa",2778
2008,"09","21","Spain",16
2008,"09","21","Sweden",2
2008,"09","21","Switzerland",30
2008,"09","21","Ukraine",536
2008,"09","21","United States",1221
2008,"09","21","Uruguay",140
2008,"09","28","Argentina",179
2008,"09","28","Australia",515
2008,"09","28","Austria",967
2008,"09","28","Belgium",88
2008,"09","28","Bolivia",331
2008,"09","28","Brazil",241
2008,"09","28","Bulgaria",525
2008,"09","28","Canada",1422
2008,"09","28","Chile",5
2008,"09","28","France",39
2008,"09","28","Germany",922
2008,"09","28","Hungary",67
2008,"09","28","Japan",5
2008,"09","28","Mexico",1022
2008,"09","28","Netherlands",25
2008,"09","28","New Zealand",35
2008,"09","28","Norway",29
2008,"09","28","Paraguay",274
2008,"09","28","Peru",292
2008,"09","28","Poland",65
2008,"09","28","Romania",845
2008,"09","28","Russia",530
2008,"09","28","South Africa",2375
2008,"09","28","Spain",27
2008,"09","28","Sweden",2
2008,"09","28","Switzerland",31
2008,"09","28","Ukraine",516
2008,"09","28","United States",1275
2008,"09","28","Uruguay",134
2008,"10","05","Argentina",182
2008,"10","05","Australia",389
2008,"10","05","Austria",944
2008,"10","05","Belgium",82
2008,"10","05","Bolivia",347
2008,"10","05","Brazil",211
2008,"10","05","Bulgaria",735
2008,"10","05","Canada",1470
2008,"10","05","Chile",4
2008,"10","05","France",38
2008,"10","05","Germany",1021
2008,"10","05","Hungary",58
2008,"10","05","Japan",7
2008,"10","05","Mexico",1018
2008,"10","05","Netherlands",30
2008,"10","05","New Zealand",22
2008,"10","05","Norway",26
2008,"10","05","Paraguay",283
2008,"10","05","Peru",252
2008,"10","05","Poland",53
2008,"10","05","Romania",828
2008,"10","05","Russia",502
2008,"10","05","South Africa",2680
2008,"10","05","Spain",30
2008,"10","05","Sweden",2
2008,"10","05","Switzerland",27
2008,"10","05","Ukraine",469
2008,"10","05","United States",1334
2008,"10","05","Uruguay",134
2008,"10","12","Argentina",157
2008,"10","12","Australia",371
2008,"10","12","Austria",886
2008,"10","12","Belgium",83
2008,"10","12","Bolivia",300
2008,"10","12","Brazil",233
2008,"10","12","Bulgaria",769
2008,"10","12","Canada",1473
2008,"10","12","Chile",4
2008,"10","12","France",53
2008,"10","12","Germany",955
2008,"10","12","Hungary",65
2008,"10","12","Japan",9
2008,"10","12","Mexico",1035
2008,"10","12","Netherlands",26
2008,"10","12","New Zealand",27
2008,"10","12","Norway",27
2008,"10","12","Paraguay",246
2008,"10","12","Peru",243
2008,"10","12","Poland",46
2008,"10","12","Romania",867
2008,"10","12","Russia",461
2008,"10","12","South Africa",2548
2008,"10","12","Spain",27
2008,"10","12","Sweden",2
2008,"10","12","Switzerland",24
2008,"10","12","Ukraine",490
2008,"10","12","United States",1404
2008,"10","12","Uruguay",115
2008,"10","19","Argentina",162
2008,"10","19","Australia",326
2008,"10","19","Austria",851
2008,"10","19","Belgium",77
2008,"10","19","Bolivia",311
2008,"10","19","Brazil",236
2008,"10","19","Bulgaria",807
2008,"10","19","Canada",1576
2008,"10","19","Chile",4
2008,"10","19","France",48
2008,"10","19","Germany",942
2008,"10","19","Hungary",71
2008,"10","19","Japan",12
2008,"10","19","Mexico",1101
2008,"10","19","Netherlands",28
2008,"10","19","New Zealand",21
2008,"10","19","Norway",28
2008,"10","19","Paraguay",238
2008,"10","19","Peru",240
2008,"10","19","Poland",45
2008,"10","19","Romania",824
2008,"10","19","Russia",440
2008,"10","19","South Africa",2005
2008,"10","19","Spain",19
2008,"10","19","Sweden",2
2008,"10","19","Switzerland",23
2008,"10","19","Ukraine",457
2008,"10","19","United States",1543
2008,"10","19","Uruguay",109
2008,"10","26","Argentina",154
2008,"10","26","Australia",317
2008,"10","26","Austria",861
2008,"10","26","Belgium",71
2008,"10","26","Bolivia",359
2008,"10","26","Brazil",226
2008,"10","26","Bulgaria",750
2008,"10","26","Canada",1642
2008,"10","26","Chile",4
2008,"10","26","France",37
2008,"10","26","Germany",891
2008,"10","26","Hungary",61
2008,"10","26","Japan",17
2008,"10","26","Mexico",1142
2008,"10","26","Netherlands",28
2008,"10","26","New Zealand",19
2008,"10","26","Norway",35
2008,"10","26","Paraguay",223
2008,"10","26","Peru",247
2008,"10","26","Poland",43
2008,"10","26","Romania",816
2008,"10","26","Russia",411
2008,"10","26","South Africa",2097
2008,"10","26","Spain",24
2008,"10","26","Sweden",2
2008,"10","26","Switzerland",28
2008,"10","26","Ukraine",450
2008,"10","26","United States",1659
2008,"10","26","Uruguay",96
2008,"11","02","Argentina",154
2008,"11","02","Australia",275
2008,"11","02","Austria",803
2008,"11","02","Belgium",91
2008,"11","02","Bolivia",392
2008,"11","02","Brazil",222
2008,"11","02","Bulgaria",928
2008,"11","02","Canada",1767
2008,"11","02","Chile",4
2008,"11","02","France",33
2008,"11","02","Germany",930
2008,"11","02","Hungary",51
2008,"11","02","Japan",23
2008,"11","02","Mexico",1241
2008,"11","02","Netherlands",30
2008,"11","02","New Zealand",17
2008,"11","02","Norway",34
2008,"11","02","Paraguay",201
2008,"11","02","Peru",244
2008,"11","02","Poland",39
2008,"11","02","Romania",770
2008,"11","02","Russia",462
2008,"11","02","South Africa",1825
2008,"11","02","Spain",19
2008,"11","02","Sweden",3
2008,"11","02","Switzerland",25
2008,"11","02","Ukraine",452
2008,"11","02","United States",1747
2008,"11","02","Uruguay",103
2008,"11","09","Argentina",138
2008,"11","09","Australia",284
2008,"11","09","Austria",858
2008,"11","09","Belgium",80
2008,"11","09","Bolivia",324
2008,"11","09","Brazil",213
2008,"11","09","Bulgaria",814
2008,"11","09","Canada",1977
2008,"11","09","Chile",4
2008,"11","09","France",39
2008,"11","09","Germany",955
2008,"11","09","Hungary",74
2008,"11","09","Japan",36
2008,"11","09","Mexico",1254
2008,"11","09","Netherlands",33
2008,"11","09","New Zealand",19
2008,"11","09","Norway",30
2008,"11","09","Paraguay",198
2008,"11","09","Peru",243
2008,"11","09","Poland",36
2008,"11","09","Romania",752
2008,"11","09","Russia",444
2008,"11","09","South Africa",1976
2008,"11","09","Spain",26
2008,"11","09","Sweden",3
2008,"11","09","Switzerland",42
2008,"11","09","Ukraine",507
2008,"11","09","United States",1953
2008,"11","09","Uruguay",95
2008,"11","16","Argentina",133
2008,"11","16","Australia",232
2008,"11","16","Austria",849
2008,"11","16","Belgium",108
2008,"11","16","Bolivia",293
2008,"11","16","Brazil",220
2008,"11","16","Bulgaria",816
2008,"11","16","Canada",1999
2008,"11","16","Chile",3
2008,"11","16","France",40
2008,"11","16","Germany",1018
2008,"11","16","Hungary",58
2008,"11","16","Japan",61
2008,"11","16","Mexico",1285
2008,"11","16","Netherlands",32
2008,"11","16","New Zealand",15
2008,"11","16","Norway",29
2008,"11","16","Paraguay",207
2008,"11","16","Peru",229
2008,"11","16","Poland",37
2008,"11","16","Romania",767
2008,"11","16","Russia",452
2008,"11","16","South Africa",1920
2008,"11","16","Spain",31
2008,"11","16","Sweden",4
2008,"11","16","Switzerland",37
2008,"11","16","Ukraine",496
2008,"11","16","United States",2194
2008,"11","16","Uruguay",99
2008,"11","23","Argentina",112
2008,"11","23","Australia",202
2008,"11","23","Austria",919
2008,"11","23","Belgium",123
2008,"11","23","Bolivia",252
2008,"11","23","Brazil",209
2008,"11","23","Bulgaria",794
2008,"11","23","Canada",1947
2008,"11","23","Chile",3
2008,"11","23","France",54
2008,"11","23","Germany",1012
2008,"11","23","Hungary",62
2008,"11","23","Japan",71
2008,"11","23","Mexico",1297
2008,"11","23","Netherlands",32
2008,"11","23","New Zealand",12
2008,"11","23","Norway",42
2008,"11","23","Paraguay",200
2008,"11","23","Peru",238
2008,"11","23","Poland",43
2008,"11","23","Romania",784
2008,"11","23","Russia",391
2008,"11","23","South Africa",2146
2008,"11","23","Spain",25
2008,"11","23","Sweden",3
2008,"11","23","Switzerland",40
2008,"11","23","Ukraine",476
2008,"11","23","United States",1969
2008,"11","23","Uruguay",89
2008,"11","30","Argentina",102
2008,"11","30","Australia",184
2008,"11","30","Austria",882
2008,"11","30","Belgium",124
2008,"11","30","Bolivia",247
2008,"11","30","Brazil",193
2008,"11","30","Bulgaria",737
2008,"11","30","Canada",2047
2008,"11","30","Chile",3
2008,"11","30","France",70
2008,"11","30","Germany",1031
2008,"11","30","Hungary",65
2008,"11","30","Japan",119
2008,"11","30","Mexico",1376
2008,"11","30","Netherlands",37
2008,"11","30","New Zealand",9
2008,"11","30","Norway",53
2008,"11","30","Paraguay",196
2008,"11","30","Peru",206
2008,"11","30","Poland",61
2008,"11","30","Romania",728
2008,"11","30","Russia",495
2008,"11","30","South Africa",2080
2008,"11","30","Spain",28
2008,"11","30","Sweden",3
2008,"11","30","Switzerland",48
2008,"11","30","Ukraine",429
2008,"11","30","United States",2045
2008,"11","30","Uruguay",80
2008,"12","07","Argentina",102
2008,"12","07","Australia",144
2008,"12","07","Austria",927
2008,"12","07","Belgium",149
2008,"12","07","Bolivia",249
2008,"12","07","Brazil",175
2008,"12","07","Bulgaria",750
2008,"12","07","Canada",2101
2008,"12","07","Chile",3
2008,"12","07","France",115
2008,"12","07","Germany",1165
2008,"12","07","Hungary",72
2008,"12","07","Japan",183
2008,"12","07","Mexico",1471
2008,"12","07","Netherlands",45
2008,"12","07","New Zealand",13
2008,"12","07","Norway",63
2008,"12","07","Paraguay",193
2008,"12","07","Peru",197
2008,"12","07","Poland",71
2008,"12","07","Romania",739
2008,"12","07","Russia",506
2008,"12","07","South Africa",1928
2008,"12","07","Spain",45
2008,"12","07","Sweden",5
2008,"12","07","Switzerland",42
2008,"12","07","Ukraine",417
2008,"12","07","United States",1938
2008,"12","07","Uruguay",77
2008,"12","14","Argentina",102
2008,"12","14","Australia",139
2008,"12","14","Austria",1086
2008,"12","14","Belgium",131
2008,"12","14","Bolivia",224
2008,"12","14","Brazil",153
2008,"12","14","Bulgaria",741
2008,"12","14","Canada",2133
2008,"12","14","Chile",2
2008,"12","14","France",218
2008,"12","14","Germany",1401
2008,"12","14","Hungary",69
2008,"12","14","Japan",308
2008,"12","14","Mexico",1535
2008,"12","14","Netherlands",54
2008,"12","14","New Zealand",10
2008,"12","14","Norway",101
2008,"12","14","Paraguay",181
2008,"12","14","Peru",184
2008,"12","14","Poland",67
2008,"12","14","Romania",713
2008,"12","14","Russia",483
2008,"12","14","South Africa",2096
2008,"12","14","Spain",73
2008,"12","14","Sweden",6
2008,"12","14","Switzerland",54
2008,"12","14","Ukraine",427
2008,"12","14","United States",1870
2008,"12","14","Uruguay",73
2008,"12","21","Argentina",84
2008,"12","21","Australia",141
2008,"12","21","Austria",1085
2008,"12","21","Belgium",109
2008,"12","21","Bolivia",187
2008,"12","21","Brazil",140
2008,"12","21","Bulgaria",650
2008,"12","21","Canada",2246
2008,"12","21","Chile",2
2008,"12","21","France",377
2008,"12","21","Germany",1315
2008,"12","21","Hungary",76
2008,"12","21","Japan",397
2008,"12","21","Mexico",1450
2008,"12","21","Netherlands",66
2008,"12","21","New Zealand",10
2008,"12","21","Norway",129
2008,"12","21","Paraguay",173
2008,"12","21","Peru",152
2008,"12","21","Poland",71
2008,"12","21","Romania",743
2008,"12","21","Russia",437
2008,"12","21","South Africa",2126
2008,"12","21","Spain",194
2008,"12","21","Sweden",7
2008,"12","21","Switzerland",71
2008,"12","21","Ukraine",441
2008,"12","21","United States",1942
2008,"12","21","Uruguay",70
2008,"12","28","Argentina",89
2008,"12","28","Australia",174
2008,"12","28","Austria",1384
2008,"12","28","Belgium",173
2008,"12","28","Bolivia",179
2008,"12","28","Brazil",145
2008,"12","28","Bulgaria",660
2008,"12","28","Canada",2547
2008,"12","28","Chile",2
2008,"12","28","France",598
2008,"12","28","Germany",1685
2008,"12","28","Hungary",87
2008,"12","28","Japan",414
2008,"12","28","Mexico",1424
2008,"12","28","Netherlands",81
2008,"12","28","New Zealand",15
2008,"12","28","Norway",236
2008,"12","28","Paraguay",163
2008,"12","28","Peru",167
2008,"12","28","Poland",100
2008,"12","28","Romania",809
2008,"12","28","Russia",449
2008,"12","28","South Africa",1785
2008,"12","28","Spain",420
2008,"12","28","Sweden",14
2008,"12","28","Switzerland",213
2008,"12","28","Ukraine",407
2008,"12","28","United States",2100
2008,"12","28","Uruguay",71
2009,"01","04","Argentina",98
2009,"01","04","Australia",157
2009,"01","04","Austria",1681
2009,"01","04","Belgium",308
2009,"01","04","Bolivia",168
2009,"01","04","Brazil",148
2009,"01","04","Bulgaria",1000
2009,"01","04","Canada",2596
2009,"01","04","Chile",2
2009,"01","04","France",569
2009,"01","04","Germany",1862
2009,"01","04","Hungary",95
2009,"01","04","Japan",477
2009,"01","04","Mexico",1441
2009,"01","04","Netherlands",106
2009,"01","04","New Zealand",13
2009,"01","04","Norway",236
2009,"01","04","Paraguay",152
2009,"01","04","Peru",178
2009,"01","04","Poland",120
2009,"01","04","Romania",804
2009,"01","04","Russia",499
2009,"01","04","South Africa",1783
2009,"01","04","Spain",267
2009,"01","04","Sweden",17
2009,"01","04","Switzerland",293
2009,"01","04","Ukraine",410
2009,"01","04","United States",2133
2009,"01","04","Uruguay",76
2009,"01","11","Argentina",88
2009,"01","11","Australia",126
2009,"01","11","Austria",2138
2009,"01","11","Belgium",665
2009,"01","11","Bolivia",192
2009,"01","11","Brazil",140
2009,"01","11","Bulgaria",1001
2009,"01","11","Canada",2439
2009,"01","11","Chile",2
2009,"01","11","France",770
2009,"01","11","Germany",1856
2009,"01","11","Hungary",108
2009,"01","11","Japan",739
2009,"01","11","Mexico",1975
2009,"01","11","Netherlands",153
2009,"01","11","New Zealand",8
2009,"01","11","Norway",230
2009,"01","11","Paraguay",144
2009,"01","11","Peru",166
2009,"01","11","Poland",179
2009,"01","11","Romania",894
2009,"01","11","Russia",407
2009,"01","11","South Africa",1766
2009,"01","11","Spain",223
2009,"01","11","Sweden",17
2009,"01","11","Switzerland",476
2009,"01","11","Ukraine",393
2009,"01","11","United States",1971
2009,"01","11","Uruguay",75
2009,"01","18","Argentina",90
2009,"01","18","Australia",102
2009,"01","18","Austria",2602
2009,"01","18","Belgium",1089
2009,"01","18","Bolivia",226
2009,"01","18","Brazil",137
2009,"01","18","Bulgaria",949
2009,"01","18","Canada",2475
2009,"01","18","Chile",2
2009,"01","18","France",755
2009,"01","18","Germany",1995
2009,"01","18","Hungary",218
2009,"01","18","Japan",1128
2009,"01","18","Mexico",2092
2009,"01","18","Netherlands",184
2009,"01","18","New Zealand",6
2009,"01","18","Norway",202
2009,"01","18","Paraguay",135
2009,"01","18","Peru",170
2009,"01","18","Poland",357
2009,"01","18","Romania",925
2009,"01","18","Russia",450
2009,"01","18","South Africa",1609
2009,"01","18","Spain",132
2009,"01","18","Sweden",23
2009,"01","18","Switzerland",578
2009,"01","18","Ukraine",434
2009,"01","18","United States",2191
2009,"01","18","Uruguay",73
2009,"01","25","Argentina",89
2009,"01","25","Australia",90
2009,"01","25","Austria",2507
2009,"01","25","Belgium",1008
2009,"01","25","Bolivia",222
2009,"01","25","Brazil",143
2009,"01","25","Bulgaria",1183
2009,"01","25","Canada",2818
2009,"01","25","Chile",2
2009,"01","25","France",407
2009,"01","25","Germany",1930
2009,"01","25","Hungary",341
2009,"01","25","Japan",1376
2009,"01","25","Mexico",1925
2009,"01","25","Netherlands",139
2009,"01","25","New Zealand",6
2009,"01","25","Norway",160
2009,"01","25","Paraguay",130
2009,"01","25","Peru",168
2009,"01","25","Poland",432
2009,"01","25","Romania",972
2009,"01","25","Russia",536
2009,"01","25","South Africa",1475
2009,"01","25","Spain",72
2009,"01","25","Sweden",27
2009,"01","25","Switzerland",527
2009,"01","25","Ukraine",482
2009,"01","25","United States",2555
2009,"01","25","Uruguay",71
2009,"02","01","Argentina",88
2009,"02","01","Australia",91
2009,"02","01","Austria",1941
2009,"02","01","Belgium",797
2009,"02","01","Bolivia",218
2009,"02","01","Brazil",142
2009,"02","01","Bulgaria",1046
2009,"02","01","Canada",2951
2009,"02","01","Chile",1
2009,"02","01","France",194
2009,"02","01","Germany",1864
2009,"02","01","Hungary",473
2009,"02","01","Japan",1047
2009,"02","01","Mexico",1712
2009,"02","01","Netherlands",103
2009,"02","01","New Zealand",6
2009,"02","01","Norway",146
2009,"02","01","Paraguay",127
2009,"02","01","Peru",160
2009,"02","01","Poland",347
2009,"02","01","Romania",920
2009,"02","01","Russia",648
2009,"02","01","South Africa",1989
2009,"02","01","Spain",37
2009,"02","01","Sweden",19
2009,"02","01","Switzerland",385
2009,"02","01","Ukraine",590
2009,"02","01","United States",3116
2009,"02","01","Uruguay",66
2009,"02","08","Argentina",86
2009,"02","08","Australia",98
2009,"02","08","Austria",1434
2009,"02","08","Belgium",438
2009,"02","08","Bolivia",204
2009,"02","08","Brazil",149
2009,"02","08","Bulgaria",912
2009,"02","08","Canada",3082
2009,"02","08","Chile",1
2009,"02","08","France",91
2009,"02","08","Germany",1603
2009,"02","08","Hungary",472
2009,"02","08","Japan",695
2009,"02","08","Mexico",1620
2009,"02","08","Netherlands",69
2009,"02","08","New Zealand",6
2009,"02","08","Norway",108
2009,"02","08","Paraguay",126
2009,"02","08","Peru",152
2009,"02","08","Poland",228
2009,"02","08","Romania",887
2009,"02","08","Russia",754
2009,"02","08","South Africa",2182
2009,"02","08","Spain",28
2009,"02","08","Sweden",11
2009,"02","08","Switzerland",200
2009,"02","08","Ukraine",607
2009,"02","08","United States",3484
2009,"02","08","Uruguay",64
2009,"02","15","Argentina",84
2009,"02","15","Australia",124
2009,"02","15","Austria",1176
2009,"02","15","Belgium",243
2009,"02","15","Bolivia",199
2009,"02","15","Brazil",164
2009,"02","15","Bulgaria",793
2009,"02","15","Canada",3308
2009,"02","15","Chile",1
2009,"02","15","France",56
2009,"02","15","Germany",1370
2009,"02","15","Hungary",412
2009,"02","15","Japan",379
2009,"02","15","Mexico",1578
2009,"02","15","Netherlands",56
2009,"02","15","New Zealand",12
2009,"02","15","Norway",110
2009,"02","15","Paraguay",126
2009,"02","15","Peru",148
2009,"02","15","Poland",143
2009,"02","15","Romania",883
2009,"02","15","Russia",880
2009,"02","15","South Africa",2490
2009,"02","15","Spain",30
2009,"02","15","Sweden",9
2009,"02","15","Switzerland",132
2009,"02","15","Ukraine",681
2009,"02","15","United States",3499
2009,"02","15","Uruguay",63
2009,"02","22","Argentina",91
2009,"02","22","Australia",145
2009,"02","22","Austria",1095
2009,"02","22","Belgium",140
2009,"02","22","Bolivia",215
2009,"02","22","Brazil",176
2009,"02","22","Bulgaria",884
2009,"02","22","Canada",3299
2009,"02","22","Chile",1
2009,"02","22","France",42
2009,"02","22","Germany",1222
2009,"02","22","Hungary",393
2009,"02","22","Japan",311
2009,"02","22","Mexico",1503
2009,"02","22","Netherlands",49
2009,"02","22","New Zealand",12
2009,"02","22","Norway",83
2009,"02","22","Paraguay",132
2009,"02","22","Peru",141
2009,"02","22","Poland",97
2009,"02","22","Romania",950
2009,"02","22","Russia",1006
2009,"02","22","South Africa",2154
2009,"02","22","Spain",29
2009,"02","22","Sweden",5
2009,"02","22","Switzerland",113
2009,"02","22","Ukraine",760
2009,"02","22","United States",3447
2009,"02","22","Uruguay",62
2009,"03","01","Argentina",89
2009,"03","01","Australia",188
2009,"03","01","Austria",1141
2009,"03","01","Belgium",113
2009,"03","01","Bolivia",256
2009,"03","01","Brazil",193
2009,"03","01","Bulgaria",932
2009,"03","01","Canada",3057
2009,"03","01","Chile",1
2009,"03","01","France",26
2009,"03","01","Germany",1142
2009,"03","01","Hungary",349
2009,"03","01","Japan",284
2009,"03","01","Mexico",1542
2009,"03","01","Netherlands",45
2009,"03","01","New Zealand",14
2009,"03","01","Norway",53
2009,"03","01","Paraguay",139
2009,"03","01","Peru",162
2009,"03","01","Poland",94
2009,"03","01","Romania",1026
2009,"03","01","Russia",975
2009,"03","01","South Africa",2066
2009,"03","01","Spain",29
2009,"03","01","Sweden",6
2009,"03","01","Switzerland",76
2009,"03","01","Ukraine",753
2009,"03","01","United States",3220
2009,"03","01","Uruguay",62
2009,"03","08","Argentina",98
2009,"03","08","Australia",218
2009,"03","08","Austria",960
2009,"03","08","Belgium",84
2009,"03","08","Bolivia",301
2009,"03","08","Brazil",192
2009,"03","08","Bulgaria",916
2009,"03","08","Canada",2609
2009,"03","08","Chile",2
2009,"03","08","France",23
2009,"03","08","Germany",1000
2009,"03","08","Hungary",214
2009,"03","08","Japan",284
2009,"03","08","Mexico",1443
2009,"03","08","Netherlands",35
2009,"03","08","New Zealand",12
2009,"03","08","Norway",54
2009,"03","08","Paraguay",142
2009,"03","08","Peru",169
2009,"03","08","Poland",76
2009,"03","08","Romania",1047
2009,"03","08","Russia",907
2009,"03","08","South Africa",2584
2009,"03","08","Spain",23
2009,"03","08","Sweden",3
2009,"03","08","Switzerland",71
2009,"03","08","Ukraine",717
2009,"03","08","United States",2711
2009,"03","08","Uruguay",66
2009,"03","15","Argentina",119
2009,"03","15","Australia",211
2009,"03","15","Austria",842
2009,"03","15","Belgium",76
2009,"03","15","Bolivia",310
2009,"03","15","Brazil",202
2009,"03","15","Bulgaria",806
2009,"03","15","Canada",2294
2009,"03","15","Chile",3
2009,"03","15","France",18
2009,"03","15","Germany",882
2009,"03","15","Hungary",200
2009,"03","15","Japan",251
2009,"03","15","Mexico",1257
2009,"03","15","Netherlands",32
2009,"03","15","New Zealand",16
2009,"03","15","Norway",53
2009,"03","15","Paraguay",158
2009,"03","15","Peru",178
2009,"03","15","Poland",66
2009,"03","15","Romania",990
2009,"03","15","Russia",718
2009,"03","15","South Africa",2515
2009,"03","15","Spain",20
2009,"03","15","Sweden",3
2009,"03","15","Switzerland",61
2009,"03","15","Ukraine",618
2009,"03","15","United States",2348
2009,"03","15","Uruguay",65
2009,"03","22","Argentina",118
2009,"03","22","Australia",204
2009,"03","22","Austria",809
2009,"03","22","Belgium",63
2009,"03","22","Bolivia",307
2009,"03","22","Brazil",213
2009,"03","22","Bulgaria",761
2009,"03","22","Canada",2120
2009,"03","22","Chile",4
2009,"03","22","France",20
2009,"03","22","Germany",838
2009,"03","22","Hungary",171
2009,"03","22","Japan",149
2009,"03","22","Mexico",1185
2009,"03","22","Netherlands",26
2009,"03","22","New Zealand",18
2009,"03","22","Norway",43
2009,"03","22","Paraguay",182
2009,"03","22","Peru",178
2009,"03","22","Poland",58
2009,"03","22","Romania",987
2009,"03","22","Russia",565
2009,"03","22","South Africa",2420
2009,"03","22","Spain",19
2009,"03","22","Sweden",3
2009,"03","22","Switzerland",48
2009,"03","22","Ukraine",523
2009,"03","22","United States",2021
2009,"03","22","Uruguay",75
2009,"03","29","Argentina",113
2009,"03","29","Australia",227
2009,"03","29","Austria",722
2009,"03","29","Belgium",54
2009,"03","29","Bolivia",383
2009,"03","29","Brazil",215
2009,"03","29","Bulgaria",686
2009,"03","29","Canada",1844
2009,"03","29","Chile",4
2009,"03","29","France",16
2009,"03","29","Germany",739
2009,"03","29","Hungary",114
2009,"03","29","Japan",83
2009,"03","29","Mexico",1102
2009,"03","29","Netherlands",23
2009,"03","29","New Zealand",13
2009,"03","29","Norway",47
2009,"03","29","Paraguay",199
2009,"03","29","Peru",188
2009,"03","29","Poland",46
2009,"03","29","Romania",994
2009,"03","29","Russia",453
2009,"03","29","South Africa",2498
2009,"03","29","Spain",12
2009,"03","29","Sweden",3
2009,"03","29","Switzerland",36
2009,"03","29","Ukraine",431
2009,"03","29","United States",1699
2009,"03","29","Uruguay",79
2009,"04","05","Argentina",117
2009,"04","05","Australia",188
2009,"04","05","Austria",616
2009,"04","05","Belgium",54
2009,"04","05","Bolivia",413
2009,"04","05","Brazil",202
2009,"04","05","Bulgaria",547
2009,"04","05","Canada",1604
2009,"04","05","Chile",5
2009,"04","05","France",12
2009,"04","05","Germany",611
2009,"04","05","Hungary",79
2009,"04","05","Japan",64
2009,"04","05","Mexico",956
2009,"04","05","Netherlands",22
2009,"04","05","New Zealand",14
2009,"04","05","Norway",37
2009,"04","05","Paraguay",213
2009,"04","05","Peru",197
2009,"04","05","Poland",39
2009,"04","05","Romania",830
2009,"04","05","Russia",428
2009,"04","05","South Africa",2591
2009,"04","05","Spain",16
2009,"04","05","Sweden",2
2009,"04","05","Switzerland",25
2009,"04","05","Ukraine",390
2009,"04","05","United States",1462
2009,"04","05","Uruguay",81
2009,"04","12","Argentina",129
2009,"04","12","Australia",188
2009,"04","12","Austria",584
2009,"04","12","Belgium",39
2009,"04","12","Bolivia",402
2009,"04","12","Brazil",224
2009,"04","12","Bulgaria",500
2009,"04","12","Canada",1542
2009,"04","12","Chile",5
2009,"04","12","France",10
2009,"04","12","Germany",557
2009,"04","12","Hungary",55
2009,"04","12","Japan",55
2009,"04","12","Mexico",913
2009,"04","12","Netherlands",19
2009,"04","12","New Zealand",15
2009,"04","12","Norway",33
2009,"04","12","Paraguay",217
2009,"04","12","Peru",213
2009,"04","12","Poland",33
2009,"04","12","Romania",733
2009,"04","12","Russia",448
2009,"04","12","South Africa",2453
2009,"04","12","Spain",15
2009,"04","12","Sweden",2
2009,"04","12","Switzerland",16
2009,"04","12","Ukraine",373
2009,"04","12","United States",1378
2009,"04","12","Uruguay",87
2009,"04","19","Argentina",138
2009,"04","19","Australia",239
2009,"04","19","Austria",566
2009,"04","19","Belgium",37
2009,"04","19","Bolivia",352
2009,"04","19","Brazil",237
2009,"04","19","Bulgaria",482
2009,"04","19","Canada",1684
2009,"04","19","Chile",8
2009,"04","19","France",8
2009,"04","19","Germany",539
2009,"04","19","Hungary",38
2009,"04","19","Japan",48
2009,"04","19","Mexico",998
2009,"04","19","Netherlands",17
2009,"04","19","New Zealand",19
2009,"04","19","Norway",29
2009,"04","19","Paraguay",221
2009,"04","19","Peru",233
2009,"04","19","Poland",29
2009,"04","19","Romania",746
2009,"04","19","Russia",390
2009,"04","19","South Africa",2524
2009,"04","19","Spain",14
2009,"04","19","Sweden",2
2009,"04","19","Switzerland",16
2009,"04","19","Ukraine",378
2009,"04","19","United States",1381
2009,"04","19","Uruguay",99
2009,"04","26","Argentina",154
2009,"04","26","Australia",429
2009,"04","26","Austria",665
2009,"04","26","Belgium",68
2009,"04","26","Bolivia",438
2009,"04","26","Brazil",258
2009,"04","26","Bulgaria",649
2009,"04","26","Canada",2342
2009,"04","26","Chile",11
2009,"04","26","France",12
2009,"04","26","Germany",516
2009,"04","26","Hungary",57
2009,"04","26","Japan",105
2009,"04","26","Mexico",1207
2009,"04","26","Netherlands",33
2009,"04","26","New Zealand",35
2009,"04","26","Norway",43
2009,"04","26","Paraguay",281
2009,"04","26","Peru",250
2009,"04","26","Poland",157
2009,"04","26","Romania",749
2009,"04","26","Russia",533
2009,"04","26","South Africa",3069
2009,"04","26","Spain",40
2009,"04","26","Sweden",8
2009,"04","26","Switzerland",52
2009,"04","26","Ukraine",449
2009,"04","26","United States",2129
2009,"04","26","Uruguay",133
2009,"05","03","Argentina",166
2009,"05","03","Australia",402
2009,"05","03","Austria",624
2009,"05","03","Belgium",56
2009,"05","03","Bolivia",387
2009,"05","03","Brazil",270
2009,"05","03","Bulgaria",546
2009,"05","03","Canada",2326
2009,"05","03","Chile",11
2009,"05","03","France",14
2009,"05","03","Germany",530
2009,"05","03","Hungary",63
2009,"05","03","Japan",122
2009,"05","03","Mexico",870
2009,"05","03","Netherlands",29
2009,"05","03","New Zealand",31
2009,"05","03","Norway",45
2009,"05","03","Paraguay",315
2009,"05","03","Peru",231
2009,"05","03","Poland",88
2009,"05","03","Romania",708
2009,"05","03","Russia",442
2009,"05","03","South Africa",2809
2009,"05","03","Spain",33
2009,"05","03","Sweden",4
2009,"05","03","Switzerland",38
2009,"05","03","Ukraine",355
2009,"05","03","United States",1885
2009,"05","03","Uruguay",135
2009,"05","10","Argentina",164
2009,"05","10","Australia",438
2009,"05","10","Austria",597
2009,"05","10","Belgium",63
2009,"05","10","Bolivia",372
2009,"05","10","Brazil",279
2009,"05","10","Bulgaria",420
2009,"05","10","Canada",2247
2009,"05","10","Chile",12
2009,"05","10","France",12
2009,"05","10","Germany",533
2009,"05","10","Hungary",43
2009,"05","10","Japan",128
2009,"05","10","Mexico",876
2009,"05","10","Netherlands",22
2009,"05","10","New Zealand",30
2009,"05","10","Norway",45
2009,"05","10","Paraguay",320
2009,"05","10","Peru",246
2009,"05","10","Poland",50
2009,"05","10","Romania",703
2009,"05","10","Russia",353
2009,"05","10","South Africa",3326
2009,"05","10","Spain",18
2009,"05","10","Sweden",3
2009,"05","10","Switzerland",18
2009,"05","10","Ukraine",289
2009,"05","10","United States",1818
2009,"05","10","Uruguay",128
2009,"05","17","Argentina",166
2009,"05","17","Australia",504
2009,"05","17","Austria",516
2009,"05","17","Belgium",56
2009,"05","17","Bolivia",398
2009,"05","17","Brazil",275
2009,"05","17","Bulgaria",394
2009,"05","17","Canada",1853
2009,"05","17","Chile",19
2009,"05","17","France",8
2009,"05","17","Germany",476
2009,"05","17","Hungary",40
2009,"05","17","Japan",212
2009,"05","17","Mexico",801
2009,"05","17","Netherlands",18
2009,"05","17","New Zealand",38
2009,"05","17","Norway",45
2009,"05","17","Paraguay",331
2009,"05","17","Peru",247
2009,"05","17","Poland",39
2009,"05","17","Romania",650
2009,"05","17","Russia",283
2009,"05","17","South Africa",3473
2009,"05","17","Spain",17
2009,"05","17","Sweden",2
2009,"05","17","Switzerland",20
2009,"05","17","Ukraine",259
2009,"05","17","United States",1892
2009,"05","17","Uruguay",129
2009,"05","24","Argentina",190
2009,"05","24","Australia",849
2009,"05","24","Austria",517
2009,"05","24","Belgium",35
2009,"05","24","Bolivia",376
2009,"05","24","Brazil",268
2009,"05","24","Bulgaria",414
2009,"05","24","Canada",1661
2009,"05","24","Chile",25
2009,"05","24","France",6
2009,"05","24","Germany",460
2009,"05","24","Hungary",41
2009,"05","24","Japan",123
2009,"05","24","Mexico",758
2009,"05","24","Netherlands",15
2009,"05","24","New Zealand",42
2009,"05","24","Norway",35
2009,"05","24","Paraguay",335
2009,"05","24","Peru",247
2009,"05","24","Poland",30
2009,"05","24","Romania",651
2009,"05","24","Russia",270
2009,"05","24","South Africa",3644
2009,"05","24","Spain",17
2009,"05","24","Sweden",2
2009,"05","24","Switzerland",15
2009,"05","24","Ukraine",244
2009,"05","24","United States",1760
2009,"05","24","Uruguay",147
2009,"05","31","Argentina",232
2009,"05","31","Australia",986
2009,"05","31","Austria",510
2009,"05","31","Belgium",31
2009,"05","31","Bolivia",342
2009,"05","31","Brazil",244
2009,"05","31","Bulgaria",363
2009,"05","31","Canada",1607
2009,"05","31","Chile",39
2009,"05","31","France",6
2009,"05","31","Germany",431
2009,"05","31","Hungary",43
2009,"05","31","Japan",53
2009,"05","31","Mexico",794
2009,"05","31","Netherlands",14
2009,"05","31","New Zealand",53
2009,"05","31","Norway",23
2009,"05","31","Paraguay",359
2009,"05","31","Peru",218
2009,"05","31","Poland",25
2009,"05","31","Romania",665
2009,"05","31","Russia",263
2009,"05","31","South Africa",4172
2009,"05","31","Spain",13
2009,"05","31","Sweden",2
2009,"05","31","Switzerland",14
2009,"05","31","Ukraine",243
2009,"05","31","United States",1743
2009,"05","31","Uruguay",156
2009,"06","07","Argentina",308
2009,"06","07","Australia",1056
2009,"06","07","Austria",514
2009,"06","07","Belgium",24
2009,"06","07","Bolivia",353
2009,"06","07","Brazil",231
2009,"06","07","Bulgaria",329
2009,"06","07","Canada",2116
2009,"06","07","Chile",67
2009,"06","07","France",7
2009,"06","07","Germany",426
2009,"06","07","Hungary",40
2009,"06","07","Japan",45
2009,"06","07","Mexico",840
2009,"06","07","Netherlands",19
2009,"06","07","New Zealand",91
2009,"06","07","Norway",24
2009,"06","07","Paraguay",444
2009,"06","07","Peru",218
2009,"06","07","Poland",22
2009,"06","07","Romania",664
2009,"06","07","Russia",204
2009,"06","07","South Africa",4406
2009,"06","07","Spain",13
2009,"06","07","Sweden",2
2009,"06","07","Switzerland",16
2009,"06","07","Ukraine",220
2009,"06","07","United States",1907
2009,"06","07","Uruguay",127
2009,"06","14","Argentina",399
2009,"06","14","Australia",1176
2009,"06","14","Austria",511
2009,"06","14","Belgium",31
2009,"06","14","Bolivia",398
2009,"06","14","Brazil",258
2009,"06","14","Bulgaria",356
2009,"06","14","Canada",1937
2009,"06","14","Chile",113
2009,"06","14","France",8
2009,"06","14","Germany",443
2009,"06","14","Hungary",40
2009,"06","14","Japan",40
2009,"06","14","Mexico",787
2009,"06","14","Netherlands",28
2009,"06","14","New Zealand",139
2009,"06","14","Norway",27
2009,"06","14","Paraguay",508
2009,"06","14","Peru",236
2009,"06","14","Poland",20
2009,"06","14","Romania",628
2009,"06","14","Russia",217
2009,"06","14","South Africa",3929
2009,"06","14","Spain",10
2009,"06","14","Sweden",2
2009,"06","14","Switzerland",14
2009,"06","14","Ukraine",216
2009,"06","14","United States",1895
2009,"06","14","Uruguay",134
2009,"06","21","Argentina",431
2009,"06","21","Australia",1271
2009,"06","21","Austria",503
2009,"06","21","Belgium",19
2009,"06","21","Bolivia",327
2009,"06","21","Brazil",261
2009,"06","21","Bulgaria",356
2009,"06","21","Canada",1563
2009,"06","21","Chile",216
2009,"06","21","France",7
2009,"06","21","Germany",409
2009,"06","21","Hungary",34
2009,"06","21","Japan",27
2009,"06","21","Mexico",740
2009,"06","21","Netherlands",24
2009,"06","21","New Zealand",159
2009,"06","21","Norway",27
2009,"06","21","Paraguay",487
2009,"06","21","Peru",242
2009,"06","21","Poland",19
2009,"06","21","Romania",577
2009,"06","21","Russia",196
2009,"06","21","South Africa",4000
2009,"06","21","Spain",8
2009,"06","21","Sweden",2
2009,"06","21","Switzerland",13
2009,"06","21","Ukraine",201
2009,"06","21","United States",1686
2009,"06","21","Uruguay",190
2009,"06","28","Argentina",442
2009,"06","28","Australia",1562
2009,"06","28","Austria",480
2009,"06","28","Belgium",14
2009,"06","28","Bolivia",289
2009,"06","28","Brazil",256
2009,"06","28","Bulgaria",285
2009,"06","28","Canada",1197
2009,"06","28","Chile",213
2009,"06","28","France",7
2009,"06","28","Germany",352
2009,"06","28","Hungary",34
2009,"06","28","Japan",28
2009,"06","28","Mexico",702
2009,"06","28","Netherlands",21
2009,"06","28","New Zealand",262
2009,"06","28","Norway",25
2009,"06","28","Paraguay",596
2009,"06","28","Peru",251
2009,"06","28","Poland",18
2009,"06","28","Romania",546
2009,"06","28","Russia",184
2009,"06","28","South Africa",3559
2009,"06","28","Spain",15
2009,"06","28","Sweden",1
2009,"06","28","Switzerland",16
2009,"06","28","Ukraine",187
2009,"06","28","United States",1490
2009,"06","28","Uruguay",282
2009,"07","05","Argentina",324
2009,"07","05","Australia",1590
2009,"07","05","Austria",482
2009,"07","05","Belgium",38
2009,"07","05","Bolivia",266
2009,"07","05","Brazil",250
2009,"07","05","Bulgaria",267
2009,"07","05","Canada",1199
2009,"07","05","Chile",124
2009,"07","05","France",7
2009,"07","05","Germany",358
2009,"07","05","Hungary",38
2009,"07","05","Japan",27
2009,"07","05","Mexico",685
2009,"07","05","Netherlands",21
2009,"07","05","New Zealand",266
2009,"07","05","Norway",21
2009,"07","05","Paraguay",825
2009,"07","05","Peru",267
2009,"07","05","Poland",18
2009,"07","05","Romania",560
2009,"07","05","Russia",162
2009,"07","05","South Africa",3446
2009,"07","05","Spain",14
2009,"07","05","Sweden",1
2009,"07","05","Switzerland",23
2009,"07","05","Ukraine",197
2009,"07","05","United States",1337
2009,"07","05","Uruguay",256
2009,"07","12","Argentina",238
2009,"07","12","Australia",1589
2009,"07","12","Austria",499
2009,"07","12","Belgium",101
2009,"07","12","Bolivia",247
2009,"07","12","Brazil",277
2009,"07","12","Bulgaria",248
2009,"07","12","Canada",1175
2009,"07","12","Chile",45
2009,"07","12","France",11
2009,"07","12","Germany",370
2009,"07","12","Hungary",37
2009,"07","12","Japan",32
2009,"07","12","Mexico",705
2009,"07","12","Netherlands",31
2009,"07","12","New Zealand",190
2009,"07","12","Norway",32
2009,"07","12","Paraguay",606
2009,"07","12","Peru",256
2009,"07","12","Poland",17
2009,"07","12","Romania",547
2009,"07","12","Russia",204
2009,"07","12","South Africa",3231
2009,"07","12","Spain",31
2009,"07","12","Sweden",3
2009,"07","12","Switzerland",28
2009,"07","12","Ukraine",214
2009,"07","12","United States",1278
2009,"07","12","Uruguay",271
2009,"07","19","Argentina",158
2009,"07","19","Australia",1316
2009,"07","19","Austria",482
2009,"07","19","Belgium",69
2009,"07","19","Bolivia",284
2009,"07","19","Brazil",305
2009,"07","19","Bulgaria",269
2009,"07","19","Canada",1137
2009,"07","19","Chile",16
2009,"07","19","France",20
2009,"07","19","Germany",414
2009,"07","19","Hungary",55
2009,"07","19","Japan",31
2009,"07","19","Mexico",689
2009,"07","19","Netherlands",40
2009,"07","19","New Zealand",155
2009,"07","19","Norway",67
2009,"07","19","Paraguay",498
2009,"07","19","Peru",213
2009,"07","19","Poland",16
2009,"07","19","Romania",535
2009,"07","19","Russia",168
2009,"07","19","South Africa",3256
2009,"07","19","Spain",52
2009,"07","19","Sweden",6
2009,"07","19","Switzerland",60
2009,"07","19","Ukraine",225
2009,"07","19","United States",1257
2009,"07","19","Uruguay",204
2009,"07","26","Argentina",170
2009,"07","26","Australia",1115
2009,"07","26","Austria",503
2009,"07","26","Belgium",80
2009,"07","26","Bolivia",325
2009,"07","26","Brazil",331
2009,"07","26","Bulgaria",307
2009,"07","26","Canada",1151
2009,"07","26","Chile",8
2009,"07","26","France",23
2009,"07","26","Germany",447
2009,"07","26","Hungary",60
2009,"07","26","Japan",42
2009,"07","26","Mexico",669
2009,"07","26","Netherlands",47
2009,"07","26","New Zealand",120
2009,"07","26","Norway",124
2009,"07","26","Paraguay",420
2009,"07","26","Peru",181
2009,"07","26","Poland",16
2009,"07","26","Romania",550
2009,"07","26","Russia",205
2009,"07","26","South Africa",4079
2009,"07","26","Spain",39
2009,"07","26","Sweden",5
2009,"07","26","Switzerland",83
2009,"07","26","Ukraine",254
2009,"07","26","United States",1324
2009,"07","26","Uruguay",156
2009,"08","02","Argentina",153
2009,"08","02","Australia",869
2009,"08","02","Austria",491
2009,"08","02","Belgium",89
2009,"08","02","Bolivia",317
2009,"08","02","Brazil",373
2009,"08","02","Bulgaria",327
2009,"08","02","Canada",973
2009,"08","02","Chile",8
2009,"08","02","France",16
2009,"08","02","Germany",389
2009,"08","02","Hungary",56
2009,"08","02","Japan",69
2009,"08","02","Mexico",663
2009,"08","02","Netherlands",58
2009,"08","02","New Zealand",100
2009,"08","02","Norway",135
2009,"08","02","Paraguay",413
2009,"08","02","Peru",191
2009,"08","02","Poland",17
2009,"08","02","Romania",551
2009,"08","02","Russia",216
2009,"08","02","South Africa",5780
2009,"08","02","Spain",39
2009,"08","02","Sweden",2
2009,"08","02","Switzerland",86
2009,"08","02","Ukraine",271
2009,"08","02","United States",1276
2009,"08","02","Uruguay",139
2009,"08","09","Argentina",149
2009,"08","09","Australia",657
2009,"08","09","Austria",467
2009,"08","09","Belgium",68
2009,"08","09","Bolivia",302
2009,"08","09","Brazil",360
2009,"08","09","Bulgaria",342
2009,"08","09","Canada",1015
2009,"08","09","Chile",8
2009,"08","09","France",15
2009,"08","09","Germany",381
2009,"08","09","Hungary",49
2009,"08","09","Japan",102
2009,"08","09","Mexico",643
2009,"08","09","Netherlands",50
2009,"08","09","New Zealand",76
2009,"08","09","Norway",117
2009,"08","09","Paraguay",353
2009,"08","09","Peru",205
2009,"08","09","Poland",18
2009,"08","09","Romania",569
2009,"08","09","Russia",234
2009,"08","09","South Africa",6514
2009,"08","09","Spain",57
2009,"08","09","Sweden",3
2009,"08","09","Switzerland",114
2009,"08","09","Ukraine",299
2009,"08","09","United States",1302
2009,"08","09","Uruguay",138
2009,"08","16","Argentina",159
2009,"08","16","Australia",615
2009,"08","16","Austria",470
2009,"08","16","Belgium",50
2009,"08","16","Bolivia",284
2009,"08","16","Brazil",328
2009,"08","16","Bulgaria",324
2009,"08","16","Canada",1121
2009,"08","16","Chile",8
2009,"08","16","France",20
2009,"08","16","Germany",368
2009,"08","16","Hungary",67
2009,"08","16","Japan",170
2009,"08","16","Mexico",653
2009,"08","16","Netherlands",49
2009,"08","16","New Zealand",64
2009,"08","16","Norway",211
2009,"08","16","Paraguay",332
2009,"08","16","Peru",203
2009,"08","16","Poland",18
2009,"08","16","Romania",589
2009,"08","16","Russia",224
2009,"08","16","South Africa",5529
2009,"08","16","Spain",61
2009,"08","16","Sweden",4
2009,"08","16","Switzerland",80
2009,"08","16","Ukraine",323
2009,"08","16","United States",1481
2009,"08","16","Uruguay",132
2009,"08","23","Argentina",166
2009,"08","23","Australia",472
2009,"08","23","Austria",489
2009,"08","23","Belgium",62
2009,"08","23","Bolivia",303
2009,"08","23","Brazil",284
2009,"08","23","Bulgaria",300
2009,"08","23","Canada",1309
2009,"08","23","Chile",7
2009,"08","23","France",43
2009,"08","23","Germany",390
2009,"08","23","Hungary",56
2009,"08","23","Japan",250
2009,"08","23","Mexico",677
2009,"08","23","Netherlands",49
2009,"08","23","New Zealand",62
2009,"08","23","Norway",267
2009,"08","23","Paraguay",344
2009,"08","23","Peru",215
2009,"08","23","Poland",20
2009,"08","23","Romania",591
2009,"08","23","Russia",264
2009,"08","23","South Africa",4987
2009,"08","23","Spain",99
2009,"08","23","Sweden",8
2009,"08","23","Switzerland",60
2009,"08","23","Ukraine",332
2009,"08","23","United States",1915
2009,"08","23","Uruguay",122
2009,"08","30","Argentina",150
2009,"08","30","Australia",365
2009,"08","30","Austria",466
2009,"08","30","Belgium",62
2009,"08","30","Bolivia",281
2009,"08","30","Brazil",273
2009,"08","30","Bulgaria",310
2009,"08","30","Canada",1584
2009,"08","30","Chile",7
2009,"08","30","France",53
2009,"08","30","Germany",449
2009,"08","30","Hungary",51
2009,"08","30","Japan",329
2009,"08","30","Mexico",810
2009,"08","30","Netherlands",54
2009,"08","30","New Zealand",56
2009,"08","30","Norway",264
2009,"08","30","Paraguay",305
2009,"08","30","Peru",233
2009,"08","30","Poland",21
2009,"08","30","Romania",581
2009,"08","30","Russia",310
2009,"08","30","South Africa",3958
2009,"08","30","Spain",87
2009,"08","30","Sweden",26
2009,"08","30","Switzerland",52
2009,"08","30","Ukraine",356
2009,"08","30","United States",2498
2009,"08","30","Uruguay",120
2009,"09","06","Argentina",144
2009,"09","06","Australia",385
2009,"09","06","Austria",576
2009,"09","06","Belgium",106
2009,"09","06","Bolivia",289
2009,"09","06","Brazil",234
2009,"09","06","Bulgaria",339
2009,"09","06","Canada",2071
2009,"09","06","Chile",6
2009,"09","06","France",112
2009,"09","06","Germany",564
2009,"09","06","Hungary",112
2009,"09","06","Japan",364
2009,"09","06","Mexico",1003
2009,"09","06","Netherlands",62
2009,"09","06","New Zealand",48
2009,"09","06","Norway",214
2009,"09","06","Paraguay",283
2009,"09","06","Peru",240
2009,"09","06","Poland",25
2009,"09","06","Romania",590
2009,"09","06","Russia",419
2009,"09","06","South Africa",3249
2009,"09","06","Spain",49
2009,"09","06","Sweden",20
2009,"09","06","Switzerland",54
2009,"09","06","Ukraine",438
2009,"09","06","United States",3361
2009,"09","06","Uruguay",122
2009,"09","13","Argentina",145
2009,"09","13","Australia",299
2009,"09","13","Austria",598
2009,"09","13","Belgium",135
2009,"09","13","Bolivia",257
2009,"09","13","Brazil",217
2009,"09","13","Bulgaria",354
2009,"09","13","Canada",2621
2009,"09","13","Chile",5
2009,"09","13","France",150
2009,"09","13","Germany",661
2009,"09","13","Hungary",147
2009,"09","13","Japan",404
2009,"09","13","Mexico",1135
2009,"09","13","Netherlands",68
2009,"09","13","New Zealand",43
2009,"09","13","Norway",131
2009,"09","13","Paraguay",246
2009,"09","13","Peru",216
2009,"09","13","Poland",48
2009,"09","13","Romania",621
2009,"09","13","Russia",478
2009,"09","13","South Africa",2805
2009,"09","13","Spain",51
2009,"09","13","Sweden",10
2009,"09","13","Switzerland",67
2009,"09","13","Ukraine",484
2009,"09","13","United States",3790
2009,"09","13","Uruguay",116
2009,"09","20","Argentina",145
2009,"09","20","Australia",218
2009,"09","20","Austria",687
2009,"09","20","Belgium",137
2009,"09","20","Bolivia",257
2009,"09","20","Brazil",199
2009,"09","20","Bulgaria",397
2009,"09","20","Canada",3360
2009,"09","20","Chile",7
2009,"09","20","France",113
2009,"09","20","Germany",697
2009,"09","20","Hungary",152
2009,"09","20","Japan",436
2009,"09","20","Mexico",1188
2009,"09","20","Netherlands",59
2009,"09","20","New Zealand",43
2009,"09","20","Norway",94
2009,"09","20","Paraguay",260
2009,"09","20","Peru",230
2009,"09","20","Poland",75
2009,"09","20","Romania",685
2009,"09","20","Russia",609
2009,"09","20","South Africa",2538
2009,"09","20","Spain",93
2009,"09","20","Sweden",7
2009,"09","20","Switzerland",53
2009,"09","20","Ukraine",562
2009,"09","20","United States",4254
2009,"09","20","Uruguay",109
2009,"09","27","Argentina",149
2009,"09","27","Australia",193
2009,"09","27","Austria",760
2009,"09","27","Belgium",158
2009,"09","27","Bolivia",291
2009,"09","27","Brazil",186
2009,"09","27","Bulgaria",611
2009,"09","27","Canada",3718
2009,"09","27","Chile",6
2009,"09","27","France",130
2009,"09","27","Germany",805
2009,"09","27","Hungary",130
2009,"09","27","Japan",407
2009,"09","27","Mexico",1178
2009,"09","27","Netherlands",54
2009,"09","27","New Zealand",39
2009,"09","27","Norway",77
2009,"09","27","Paraguay",248
2009,"09","27","Peru",212
2009,"09","27","Poland",68
2009,"09","27","Romania",723
2009,"09","27","Russia",583
2009,"09","27","South Africa",2624
2009,"09","27","Spain",111
2009,"09","27","Sweden",5
2009,"09","27","Switzerland",43
2009,"09","27","Ukraine",590
2009,"09","27","United States",4926
2009,"09","27","Uruguay",99
2009,"10","04","Argentina",142
2009,"10","04","Australia",213
2009,"10","04","Austria",877
2009,"10","04","Belgium",200
2009,"10","04","Bolivia",271
2009,"10","04","Brazil",177
2009,"10","04","Bulgaria",739
2009,"10","04","Canada",4154
2009,"10","04","Chile",6
2009,"10","04","France",102
2009,"10","04","Germany",915
2009,"10","04","Hungary",116
2009,"10","04","Japan",539
2009,"10","04","Mexico",1175
2009,"10","04","Netherlands",52
2009,"10","04","New Zealand",35
2009,"10","04","Norway",87
2009,"10","04","Paraguay",264
2009,"10","04","Peru",202
2009,"10","04","Poland",54
2009,"10","04","Romania",737
2009,"10","04","Russia",526
2009,"10","04","South Africa",2284
2009,"10","04","Spain",137
2009,"10","04","Sweden",4
2009,"10","04","Switzerland",46
2009,"10","04","Ukraine",565
2009,"10","04","United States",5424
2009,"10","04","Uruguay",108
2009,"10","11","Argentina",144
2009,"10","11","Australia",242
2009,"10","11","Austria",812
2009,"10","11","Belgium",318
2009,"10","11","Bolivia",271
2009,"10","11","Brazil",167
2009,"10","11","Bulgaria",875
2009,"10","11","Canada",5111
2009,"10","11","Chile",6
2009,"10","11","France",81
2009,"10","11","Germany",993
2009,"10","11","Hungary",102
2009,"10","11","Japan",795
2009,"10","11","Mexico",1131
2009,"10","11","Netherlands",55
2009,"10","11","New Zealand",39
2009,"10","11","Norway",98
2009,"10","11","Paraguay",249
2009,"10","11","Peru",213
2009,"10","11","Poland",50
2009,"10","11","Romania",776
2009,"10","11","Russia",570
2009,"10","11","South Africa",2168
2009,"10","11","Spain",126
2009,"10","11","Sweden",6
2009,"10","11","Switzerland",50
2009,"10","11","Ukraine",564
2009,"10","11","United States",6037
2009,"10","11","Uruguay",111
2009,"10","18","Argentina",141
2009,"10","18","Australia",203
2009,"10","18","Austria",828
2009,"10","18","Belgium",591
2009,"10","18","Bolivia",241
2009,"10","18","Brazil",175
2009,"10","18","Bulgaria",966
2009,"10","18","Canada",6799
2009,"10","18","Chile",4
2009,"10","18","France",111
2009,"10","18","Germany",1028
2009,"10","18","Hungary",97
2009,"10","18","Japan",950
2009,"10","18","Mexico",1106
2009,"10","18","Netherlands",71
2009,"10","18","New Zealand",38
2009,"10","18","Norway",236
2009,"10","18","Paraguay",216
2009,"10","18","Peru",208
2009,"10","18","Poland",58
2009,"10","18","Romania",808
2009,"10","18","Russia",666
2009,"10","18","South Africa",2306
2009,"10","18","Spain",161
2009,"10","18","Sweden",10
2009,"10","18","Switzerland",57
2009,"10","18","Ukraine",671
2009,"10","18","United States",7112
2009,"10","18","Uruguay",113
2009,"10","25","Argentina",141
2009,"10","25","Australia",193
2009,"10","25","Austria",922
2009,"10","25","Belgium",866
2009,"10","25","Bolivia",223
2009,"10","25","Brazil",167
2009,"10","25","Bulgaria",1494
2009,"10","25","Canada",9688
2009,"10","25","Chile",5
2009,"10","25","France",161
2009,"10","25","Germany",1099
2009,"10","25","Hungary",97
2009,"10","25","Japan",1137
2009,"10","25","Mexico",1123
2009,"10","25","Netherlands",123
2009,"10","25","New Zealand",30
2009,"10","25","Norway",535
2009,"10","25","Paraguay",189
2009,"10","25","Peru",216
2009,"10","25","Poland",79
2009,"10","25","Romania",878
2009,"10","25","Russia",946
2009,"10","25","South Africa",2575
2009,"10","25","Spain",268
2009,"10","25","Sweden",13
2009,"10","25","Switzerland",63
2009,"10","25","Ukraine",868
2009,"10","25","United States",6533
2009,"10","25","Uruguay",103
2009,"11","01","Argentina",125
2009,"11","01","Australia",167
2009,"11","01","Austria",1108
2009,"11","01","Belgium",517
2009,"11","01","Bolivia",246
2009,"11","01","Brazil",158
2009,"11","01","Bulgaria",2569
2009,"11","01","Canada",9630
2009,"11","01","Chile",5
2009,"11","01","France",131
2009,"11","01","Germany",1396
2009,"11","01","Hungary",167
2009,"11","01","Japan",1121
2009,"11","01","Mexico",1242
2009,"11","01","Netherlands",168
2009,"11","01","New Zealand",26
2009,"11","01","Norway",751
2009,"11","01","Paraguay",177
2009,"11","01","Peru",213
2009,"11","01","Poland",203
2009,"11","01","Romania",988
2009,"11","01","Russia",1380
2009,"11","01","South Africa",2228
2009,"11","01","Spain",313
2009,"11","01","Sweden",34
2009,"11","01","Switzerland",140
2009,"11","01","Ukraine",1240
2009,"11","01","United States",5722
2009,"11","01","Uruguay",90
2009,"11","08","Argentina",123
2009,"11","08","Australia",144
2009,"11","08","Austria",1443
2009,"11","08","Belgium",327
2009,"11","08","Bolivia",256
2009,"11","08","Brazil",154
2009,"11","08","Bulgaria",2368
2009,"11","08","Canada",6504
2009,"11","08","Chile",5
2009,"11","08","France",163
2009,"11","08","Germany",1687
2009,"11","08","Hungary",233
2009,"11","08","Japan",1076
2009,"11","08","Mexico",1307
2009,"11","08","Netherlands",199
2009,"11","08","New Zealand",22
2009,"11","08","Norway",618
2009,"11","08","Paraguay",162
2009,"11","08","Peru",204
2009,"11","08","Poland",251
2009,"11","08","Romania",1034
2009,"11","08","Russia",1742
2009,"11","08","South Africa",2134
2009,"11","08","Spain",304
2009,"11","08","Sweden",51
2009,"11","08","Switzerland",204
2009,"11","08","Ukraine",1062
2009,"11","08","United States",4468
2009,"11","08","Uruguay",81
2009,"11","15","Argentina",117
2009,"11","15","Australia",158
2009,"11","15","Austria",1524
2009,"11","15","Belgium",200
2009,"11","15","Bolivia",238
2009,"11","15","Brazil",144
2009,"11","15","Bulgaria",1260
2009,"11","15","Canada",4316
2009,"11","15","Chile",4
2009,"11","15","France",385
2009,"11","15","Germany",1568
2009,"11","15","Hungary",314
2009,"11","15","Japan",919
2009,"11","15","Mexico",1334
2009,"11","15","Netherlands",151
2009,"11","15","New Zealand",26
2009,"11","15","Norway",324
2009,"11","15","Paraguay",156
2009,"11","15","Peru",199
2009,"11","15","Poland",486
2009,"11","15","Romania",1036
2009,"11","15","Russia",1649
2009,"11","15","South Africa",2027
2009,"11","15","Spain",348
2009,"11","15","Sweden",41
2009,"11","15","Switzerland",262
2009,"11","15","Ukraine",716
2009,"11","15","United States",3587
2009,"11","15","Uruguay",78
2009,"11","22","Argentina",97
2009,"11","22","Australia",118
2009,"11","22","Austria",1418
2009,"11","22","Belgium",131
2009,"11","22","Bolivia",209
2009,"11","22","Brazil",146
2009,"11","22","Bulgaria",1025
2009,"11","22","Canada",3055
2009,"11","22","Chile",3
2009,"11","22","France",801
2009,"11","22","Germany",1305
2009,"11","22","Hungary",312
2009,"11","22","Japan",1007
2009,"11","22","Mexico",1370
2009,"11","22","Netherlands",99
2009,"11","22","New Zealand",21
2009,"11","22","Norway",152
2009,"11","22","Paraguay",153
2009,"11","22","Peru",192
2009,"11","22","Poland",410
2009,"11","22","Romania",1151
2009,"11","22","Russia",1383
2009,"11","22","South Africa",1960
2009,"11","22","Spain",181
2009,"11","22","Sweden",15
2009,"11","22","Switzerland",231
2009,"11","22","Ukraine",513
2009,"11","22","United States",2655
2009,"11","22","Uruguay",72
2009,"11","29","Argentina",88
2009,"11","29","Australia",96
2009,"11","29","Austria",1229
2009,"11","29","Belgium",105
2009,"11","29","Bolivia",191
2009,"11","29","Brazil",132
2009,"11","29","Bulgaria",801
2009,"11","29","Canada",2489
2009,"11","29","Chile",3
2009,"11","29","France",874
2009,"11","29","Germany",1042
2009,"11","29","Hungary",356
2009,"11","29","Japan",753
2009,"11","29","Mexico",1335
2009,"11","29","Netherlands",56
2009,"11","29","New Zealand",17
2009,"11","29","Norway",110
2009,"11","29","Paraguay",147
2009,"11","29","Peru",188
2009,"11","29","Poland",273
2009,"11","29","Romania",1110
2009,"11","29","Russia",994
2009,"11","29","South Africa",1723
2009,"11","29","Spain",84
2009,"11","29","Sweden",7
2009,"11","29","Switzerland",189
2009,"11","29","Ukraine",459
2009,"11","29","United States",2560
2009,"11","29","Uruguay",68
2009,"12","06","Argentina",83
2009,"12","06","Australia",90
2009,"12","06","Austria",1074
2009,"12","06","Belgium",100
2009,"12","06","Bolivia",176
2009,"12","06","Brazil",121
2009,"12","06","Bulgaria",707
2009,"12","06","Canada",2134
2009,"12","06","Chile",3
2009,"12","06","France",641
2009,"12","06","Germany",982
2009,"12","06","Hungary",318
2009,"12","06","Japan",577
2009,"12","06","Mexico",1376
2009,"12","06","Netherlands",52
2009,"12","06","New Zealand",18
2009,"12","06","Norway",108
2009,"12","06","Paraguay",141
2009,"12","06","Peru",167
2009,"12","06","Poland",194
2009,"12","06","Romania",1088
2009,"12","06","Russia",702
2009,"12","06","South Africa",1895
2009,"12","06","Spain",50
2009,"12","06","Sweden",5
2009,"12","06","Switzerland",186
2009,"12","06","Ukraine",654
2009,"12","06","United States",2190
2009,"12","06","Uruguay",64
2009,"12","13","Argentina",87
2009,"12","13","Australia",80
2009,"12","13","Austria",1036
2009,"12","13","Belgium",79
2009,"12","13","Bolivia",168
2009,"12","13","Brazil",122
2009,"12","13","Bulgaria",807
2009,"12","13","Canada",2077
2009,"12","13","Chile",2
2009,"12","13","France",424
2009,"12","13","Germany",955
2009,"12","13","Hungary",243
2009,"12","13","Japan",466
2009,"12","13","Mexico",1398
2009,"12","13","Netherlands",42
2009,"12","13","New Zealand",14
2009,"12","13","Norway",63
2009,"12","13","Paraguay",131
2009,"12","13","Peru",151
2009,"12","13","Poland",124
2009,"12","13","Romania",1030
2009,"12","13","Russia",621
2009,"12","13","South Africa",1917
2009,"12","13","Spain",45
2009,"12","13","Sweden",3
2009,"12","13","Switzerland",153
2009,"12","13","Ukraine",919
2009,"12","13","United States",2032
2009,"12","13","Uruguay",62
2009,"12","20","Argentina",63
2009,"12","20","Australia",72
2009,"12","20","Austria",857
2009,"12","20","Belgium",67
2009,"12","20","Bolivia",144
2009,"12","20","Brazil",110
2009,"12","20","Bulgaria",808
2009,"12","20","Canada",1957
2009,"12","20","Chile",1
2009,"12","20","France",203
2009,"12","20","Germany",783
2009,"12","20","Hungary",229
2009,"12","20","Japan",472
2009,"12","20","Mexico",1360
2009,"12","20","Netherlands",26
2009,"12","20","New Zealand",12
2009,"12","20","Norway",42
2009,"12","20","Paraguay",131
2009,"12","20","Peru",109
2009,"12","20","Poland",83
2009,"12","20","Romania",897
2009,"12","20","Russia",605
2009,"12","20","South Africa",1722
2009,"12","20","Spain",24
2009,"12","20","Sweden",2
2009,"12","20","Switzerland",124
2009,"12","20","Ukraine",889
2009,"12","20","United States",2055
2009,"12","20","Uruguay",57
2009,"12","27","Argentina",64
2009,"12","27","Australia",68
2009,"12","27","Austria",768
2009,"12","27","Belgium",59
2009,"12","27","Bolivia",131
2009,"12","27","Brazil",117
2009,"12","27","Bulgaria",863
2009,"12","27","Canada",2199
2009,"12","27","Chile",2
2009,"12","27","France",148
2009,"12","27","Germany",865
2009,"12","27","Hungary",152
2009,"12","27","Japan",333
2009,"12","27","Mexico",1478
2009,"12","27","Netherlands",25
2009,"12","27","New Zealand",14
2009,"12","27","Norway",36
2009,"12","27","Paraguay",126
2009,"12","27","Peru",121
2009,"12","27","Poland",67
2009,"12","27","Romania",825
2009,"12","27","Russia",492
2009,"12","27","South Africa",1923
2009,"12","27","Spain",37
2009,"12","27","Sweden",3
2009,"12","27","Switzerland",59
2009,"12","27","Ukraine",759
2009,"12","27","United States",2199
2009,"12","27","Uruguay",54
2010,"01","03","Argentina",62
2010,"01","03","Australia",75
2010,"01","03","Austria",735
2010,"01","03","Belgium",81
2010,"01","03","Bolivia",126
2010,"01","03","Brazil",120
2010,"01","03","Bulgaria",770
2010,"01","03","Canada",2176
2010,"01","03","Chile",1
2010,"01","03","France",130
2010,"01","03","Germany",877
2010,"01","03","Hungary",108
2010,"01","03","Japan",350
2010,"01","03","Mexico",1435
2010,"01","03","Netherlands",31
2010,"01","03","New Zealand",13
2010,"01","03","Norway",55
2010,"01","03","Paraguay",118
2010,"01","03","Peru",122
2010,"01","03","Poland",59
2010,"01","03","Romania",880
2010,"01","03","Russia",554
2010,"01","03","South Africa",1643
2010,"01","03","Spain",20
2010,"01","03","Sweden",4
2010,"01","03","Switzerland",45
2010,"01","03","Ukraine",552
2010,"01","03","United States",2169
2010,"01","03","Uruguay",56
2010,"01","10","Argentina",62
2010,"01","10","Australia",61
2010,"01","10","Austria",735
2010,"01","10","Belgium",61
2010,"01","10","Bolivia",123
2010,"01","10","Brazil",114
2010,"01","10","Bulgaria",697
2010,"01","10","Canada",1683
2010,"01","10","Chile",1
2010,"01","10","France",82
2010,"01","10","Germany",769
2010,"01","10","Hungary",100
2010,"01","10","Japan",273
2010,"01","10","Mexico",1518
2010,"01","10","Netherlands",29
2010,"01","10","New Zealand",9
2010,"01","10","Norway",42
2010,"01","10","Paraguay",108
2010,"01","10","Peru",119
2010,"01","10","Poland",51
2010,"01","10","Romania",848
2010,"01","10","Russia",526
2010,"01","10","South Africa",1628
2010,"01","10","Spain",17
2010,"01","10","Sweden",2
2010,"01","10","Switzerland",30
2010,"01","10","Ukraine",414
2010,"01","10","United States",1916
2010,"01","10","Uruguay",54
2010,"01","17","Argentina",67
2010,"01","17","Australia",57
2010,"01","17","Austria",757
2010,"01","17","Belgium",59
2010,"01","17","Bolivia",129
2010,"01","17","Brazil",109
2010,"01","17","Bulgaria",620
2010,"01","17","Canada",1695
2010,"01","17","Chile",1
2010,"01","17","France",51
2010,"01","17","Germany",767
2010,"01","17","Hungary",91
2010,"01","17","Japan",236
2010,"01","17","Mexico",1713
2010,"01","17","Netherlands",28
2010,"01","17","New Zealand",8
2010,"01","17","Norway",60
2010,"01","17","Paraguay",108
2010,"01","17","Peru",113
2010,"01","17","Poland",44
2010,"01","17","Romania",760
2010,"01","17","Russia",524
2010,"01","17","South Africa",1632
2010,"01","17","Spain",12
2010,"01","17","Sweden",2
2010,"01","17","Switzerland",27
2010,"01","17","Ukraine",397
2010,"01","17","United States",1860
2010,"01","17","Uruguay",53
2010,"01","24","Argentina",67
2010,"01","24","Australia",53
2010,"01","24","Austria",704
2010,"01","24","Belgium",64
2010,"01","24","Bolivia",136
2010,"01","24","Brazil",109
2010,"01","24","Bulgaria",560
2010,"01","24","Canada",1619
2010,"01","24","Chile",1
2010,"01","24","France",48
2010,"01","24","Germany",880
2010,"01","24","Hungary",96
2010,"01","24","Japan",171
2010,"01","24","Mexico",1781
2010,"01","24","Netherlands",30
2010,"01","24","New Zealand",8
2010,"01","24","Norway",45
2010,"01","24","Paraguay",100
2010,"01","24","Peru",125
2010,"01","24","Poland",40
2010,"01","24","Romania",703
2010,"01","24","Russia",615
2010,"01","24","South Africa",1670
2010,"01","24","Spain",11
2010,"01","24","Sweden",3
2010,"01","24","Switzerland",33
2010,"01","24","Ukraine",398
2010,"01","24","United States",1861
2010,"01","24","Uruguay",51
2010,"01","31","Argentina",65
2010,"01","31","Australia",71
2010,"01","31","Austria",757
2010,"01","31","Belgium",63
2010,"01","31","Bolivia",134
2010,"01","31","Brazil",114
2010,"01","31","Bulgaria",585
2010,"01","31","Canada",1757
2010,"01","31","Chile",1
2010,"01","31","France",42
2010,"01","31","Germany",877
2010,"01","31","Hungary",72
2010,"01","31","Japan",110
2010,"01","31","Mexico",1527
2010,"01","31","Netherlands",28
2010,"01","31","New Zealand",11
2010,"01","31","Norway",48
2010,"01","31","Paraguay",95
2010,"01","31","Peru",115
2010,"01","31","Poland",36
2010,"01","31","Romania",645
2010,"01","31","Russia",640
2010,"01","31","South Africa",1730
2010,"01","31","Spain",13
2010,"01","31","Sweden",3
2010,"01","31","Switzerland",31
2010,"01","31","Ukraine",385
2010,"01","31","United States",1910
2010,"01","31","Uruguay",53
2010,"02","07","Argentina",70
2010,"02","07","Australia",84
2010,"02","07","Austria",796
2010,"02","07","Belgium",65
2010,"02","07","Bolivia",141
2010,"02","07","Brazil",120
2010,"02","07","Bulgaria",600
2010,"02","07","Canada",1736
2010,"02","07","Chile",1
2010,"02","07","France",35
2010,"02","07","Germany",931
2010,"02","07","Hungary",68
2010,"02","07","Japan",74
2010,"02","07","Mexico",1567
2010,"02","07","Netherlands",29
2010,"02","07","New Zealand",10
2010,"02","07","Norway",44
2010,"02","07","Paraguay",96
2010,"02","07","Peru",117
2010,"02","07","Poland",34
2010,"02","07","Romania",620
2010,"02","07","Russia",719
2010,"02","07","South Africa",1915
2010,"02","07","Spain",10
2010,"02","07","Sweden",3
2010,"02","07","Switzerland",29
2010,"02","07","Ukraine",403
2010,"02","07","United States",1944
2010,"02","07","Uruguay",56
2010,"02","14","Argentina",68
2010,"02","14","Australia",93
2010,"02","14","Austria",844
2010,"02","14","Belgium",48
2010,"02","14","Bolivia",145
2010,"02","14","Brazil",130
2010,"02","14","Bulgaria",567
2010,"02","14","Canada",1717
2010,"02","14","Chile",2
2010,"02","14","France",26
2010,"02","14","Germany",946
2010,"02","14","Hungary",78
2010,"02","14","Japan",51
2010,"02","14","Mexico",1599
2010,"02","14","Netherlands",29
2010,"02","14","New Zealand",10
2010,"02","14","Norway",64
2010,"02","14","Paraguay",96
2010,"02","14","Peru",121
2010,"02","14","Poland",35
2010,"02","14","Romania",640
2010,"02","14","Russia",720
2010,"02","14","South Africa",2019
2010,"02","14","Spain",11
2010,"02","14","Sweden",3
2010,"02","14","Switzerland",26
2010,"02","14","Ukraine",417
2010,"02","14","United States",2000
2010,"02","14","Uruguay",57
2010,"02","21","Argentina",71
2010,"02","21","Australia",136
2010,"02","21","Austria",854
2010,"02","21","Belgium",55
2010,"02","21","Bolivia",156
2010,"02","21","Brazil",145
2010,"02","21","Bulgaria",592
2010,"02","21","Canada",1751
2010,"02","21","Chile",1
2010,"02","21","France",19
2010,"02","21","Germany",979
2010,"02","21","Hungary",61
2010,"02","21","Japan",37
2010,"02","21","Mexico",1627
2010,"02","21","Netherlands",25
2010,"02","21","New Zealand",12
2010,"02","21","Norway",58
2010,"02","21","Paraguay",104
2010,"02","21","Peru",122
2010,"02","21","Poland",33
2010,"02","21","Romania",648
2010,"02","21","Russia",646
2010,"02","21","South Africa",1967
2010,"02","21","Spain",9
2010,"02","21","Sweden",2
2010,"02","21","Switzerland",21
2010,"02","21","Ukraine",391
2010,"02","21","United States",1968
2010,"02","21","Uruguay",58
2010,"02","28","Argentina",70
2010,"02","28","Australia",138
2010,"02","28","Austria",742
2010,"02","28","Belgium",46
2010,"02","28","Bolivia",164
2010,"02","28","Brazil",152
2010,"02","28","Bulgaria",548
2010,"02","28","Canada",1748
2010,"02","28","Chile",1
2010,"02","28","France",15
2010,"02","28","Germany",826
2010,"02","28","Hungary",46
2010,"02","28","Japan",21
2010,"02","28","Mexico",1739
2010,"02","28","Netherlands",19
2010,"02","28","New Zealand",12
2010,"02","28","Norway",54
2010,"02","28","Paraguay",108
2010,"02","28","Peru",121
2010,"02","28","Poland",31
2010,"02","28","Romania",657
2010,"02","28","Russia",527
2010,"02","28","South Africa",1991
2010,"02","28","Spain",8
2010,"02","28","Sweden",2
2010,"02","28","Switzerland",16
2010,"02","28","Ukraine",361
2010,"02","28","United States",1888
2010,"02","28","Uruguay",56
2010,"03","07","Argentina",71
2010,"03","07","Australia",167
2010,"03","07","Austria",708
2010,"03","07","Belgium",52
2010,"03","07","Bolivia",186
2010,"03","07","Brazil",175
2010,"03","07","Bulgaria",584
2010,"03","07","Canada",1725
2010,"03","07","Chile",1
2010,"03","07","France",13
2010,"03","07","Germany",784
2010,"03","07","Hungary",52
2010,"03","07","Japan",17
2010,"03","07","Mexico",1667
2010,"03","07","Netherlands",22
2010,"03","07","New Zealand",16
2010,"03","07","Norway",50
2010,"03","07","Paraguay",133
2010,"03","07","Peru",135
2010,"03","07","Poland",28
2010,"03","07","Romania",680
2010,"03","07","Russia",477
2010,"03","07","South Africa",2153
2010,"03","07","Spain",10
2010,"03","07","Sweden",2
2010,"03","07","Switzerland",15
2010,"03","07","Ukraine",381
2010,"03","07","United States",1793
2010,"03","07","Uruguay",54
2010,"03","14","Argentina",92
2010,"03","14","Australia",174
2010,"03","14","Austria",688
2010,"03","14","Belgium",54
2010,"03","14","Bolivia",210
2010,"03","14","Brazil",172
2010,"03","14","Bulgaria",616
2010,"03","14","Canada",1523
2010,"03","14","Chile",2
2010,"03","14","France",11
2010,"03","14","Germany",699
2010,"03","14","Hungary",54
2010,"03","14","Japan",13
2010,"03","14","Mexico",1515
2010,"03","14","Netherlands",23
2010,"03","14","New Zealand",15
2010,"03","14","Norway",52
2010,"03","14","Paraguay",149
2010,"03","14","Peru",151
2010,"03","14","Poland",27
2010,"03","14","Romania",667
2010,"03","14","Russia",470
2010,"03","14","South Africa",2138
2010,"03","14","Spain",8
2010,"03","14","Sweden",3
2010,"03","14","Switzerland",14
2010,"03","14","Ukraine",334
2010,"03","14","United States",1619
2010,"03","14","Uruguay",58
2010,"03","21","Argentina",98
2010,"03","21","Australia",158
2010,"03","21","Austria",640
2010,"03","21","Belgium",47
2010,"03","21","Bolivia",250
2010,"03","21","Brazil",171
2010,"03","21","Bulgaria",476
2010,"03","21","Canada",1404
2010,"03","21","Chile",3
2010,"03","21","France",9
2010,"03","21","Germany",627
2010,"03","21","Hungary",53
2010,"03","21","Japan",10
2010,"03","21","Mexico",1351
2010,"03","21","Netherlands",20
2010,"03","21","New Zealand",17
2010,"03","21","Norway",49
2010,"03","21","Paraguay",174
2010,"03","21","Peru",160
2010,"03","21","Poland",25
2010,"03","21","Romania",669
2010,"03","21","Russia",421
2010,"03","21","South Africa",2044
2010,"03","21","Spain",8
2010,"03","21","Sweden",3
2010,"03","21","Switzerland",12
2010,"03","21","Ukraine",308
2010,"03","21","United States",1511
2010,"03","21","Uruguay",63
2010,"03","28","Argentina",95
2010,"03","28","Australia",122
2010,"03","28","Austria",510
2010,"03","28","Belgium",34
2010,"03","28","Bolivia",258
2010,"03","28","Brazil",166
2010,"03","28","Bulgaria",397
2010,"03","28","Canada",1255
2010,"03","28","Chile",4
2010,"03","28","France",9
2010,"03","28","Germany",515
2010,"03","28","Hungary",37
2010,"03","28","Japan",8
2010,"03","28","Mexico",1037
2010,"03","28","Netherlands",16
2010,"03","28","New Zealand",17
2010,"03","28","Norway",29
2010,"03","28","Paraguay",188
2010,"03","28","Peru",151
2010,"03","28","Poland",22
2010,"03","28","Romania",618
2010,"03","28","Russia",389
2010,"03","28","South Africa",2288
2010,"03","28","Spain",5
2010,"03","28","Sweden",2
2010,"03","28","Switzerland",10
2010,"03","28","Ukraine",288
2010,"03","28","United States",1350
2010,"03","28","Uruguay",70
2010,"04","04","Argentina",109
2010,"04","04","Australia",125
2010,"04","04","Austria",500
2010,"04","04","Belgium",26
2010,"04","04","Bolivia",285
2010,"04","04","Brazil",193
2010,"04","04","Bulgaria",385
2010,"04","04","Canada",1160
2010,"04","04","Chile",4
2010,"04","04","France",8
2010,"04","04","Germany",498
2010,"04","04","Hungary",32
2010,"04","04","Japan",6
2010,"04","04","Mexico",917
2010,"04","04","Netherlands",17
2010,"04","04","New Zealand",12
2010,"04","04","Norway",36
2010,"04","04","Paraguay",213
2010,"04","04","Peru",162
2010,"04","04","Poland",20
2010,"04","04","Romania",598
2010,"04","04","Russia",419
2010,"04","04","South Africa",2224
2010,"04","04","Spain",8
2010,"04","04","Sweden",2
2010,"04","04","Switzerland",10
2010,"04","04","Ukraine",254
2010,"04","04","United States",1257
2010,"04","04","Uruguay",79
2010,"04","11","Argentina",114
2010,"04","11","Australia",167
2010,"04","11","Austria",514
2010,"04","11","Belgium",25
2010,"04","11","Bolivia",299
2010,"04","11","Brazil",210
2010,"04","11","Bulgaria",366
2010,"04","11","Canada",1077
2010,"04","11","Chile",5
2010,"04","11","France",7
2010,"04","11","Germany",497
2010,"04","11","Hungary",31
2010,"04","11","Japan",6
2010,"04","11","Mexico",1009
2010,"04","11","Netherlands",16
2010,"04","11","New Zealand",16
2010,"04","11","Norway",26
2010,"04","11","Paraguay",262
2010,"04","11","Peru",187
2010,"04","11","Poland",18
2010,"04","11","Romania",573
2010,"04","11","Russia",456
2010,"04","11","South Africa",2350
2010,"04","11","Spain",6
2010,"04","11","Sweden",2
2010,"04","11","Switzerland",9
2010,"04","11","Ukraine",256
2010,"04","11","United States",1123
2010,"04","11","Uruguay",82
2010,"04","18","Argentina",127
2010,"04","18","Australia",170
2010,"04","18","Austria",502
2010,"04","18","Belgium",22
2010,"04","18","Bolivia",262
2010,"04","18","Brazil",209
2010,"04","18","Bulgaria",345
2010,"04","18","Canada",1005
2010,"04","18","Chile",5
2010,"04","18","France",5
2010,"04","18","Germany",490
2010,"04","18","Hungary",42
2010,"04","18","Japan",7
2010,"04","18","Mexico",890
2010,"04","18","Netherlands",14
2010,"04","18","New Zealand",19
2010,"04","18","Norway",28
2010,"04","18","Paraguay",259
2010,"04","18","Peru",193
2010,"04","18","Poland",16
2010,"04","18","Romania",588
2010,"04","18","Russia",469
2010,"04","18","South Africa",2417
2010,"04","18","Spain",5
2010,"04","18","Sweden",2
2010,"04","18","Switzerland",7
2010,"04","18","Ukraine",269
2010,"04","18","United States",1110
2010,"04","18","Uruguay",86
2010,"04","25","Argentina",142
2010,"04","25","Australia",211
2010,"04","25","Austria",530
2010,"04","25","Belgium",24
2010,"04","25","Bolivia",250
2010,"04","25","Brazil",200
2010,"04","25","Bulgaria",379
2010,"04","25","Canada",966
2010,"04","25","Chile",6
2010,"04","25","France",4
2010,"04","25","Germany",472
2010,"04","25","Hungary",46
2010,"04","25","Japan",7
2010,"04","25","Mexico",907
2010,"04","25","Netherlands",14
2010,"04","25","New Zealand",19
2010,"04","25","Norway",34
2010,"04","25","Paraguay",223
2010,"04","25","Peru",199
2010,"04","25","Poland",14
2010,"04","25","Romania",604
2010,"04","25","Russia",521
2010,"04","25","South Africa",2747
2010,"04","25","Spain",5
2010,"04","25","Sweden",2
2010,"04","25","Switzerland",6
2010,"04","25","Ukraine",294
2010,"04","25","United States",1149
2010,"04","25","Uruguay",89
2010,"05","02","Argentina",134
2010,"05","02","Australia",214
2010,"05","02","Austria",490
2010,"05","02","Belgium",27
2010,"05","02","Bolivia",246
2010,"05","02","Brazil",196
2010,"05","02","Bulgaria",390
2010,"05","02","Canada",854
2010,"05","02","Chile",5
2010,"05","02","France",5
2010,"05","02","Germany",490
2010,"05","02","Hungary",43
2010,"05","02","Japan",7
2010,"05","02","Mexico",850
2010,"05","02","Netherlands",13
2010,"05","02","New Zealand",28
2010,"05","02","Norway",53
2010,"05","02","Paraguay",216
2010,"05","02","Peru",175
2010,"05","02","Poland",13
2010,"05","02","Romania",576
2010,"05","02","Russia",484
2010,"05","02","South Africa",2799
2010,"05","02","Spain",6
2010,"05","02","Sweden",2
2010,"05","02","Switzerland",6
2010,"05","02","Ukraine",279
2010,"05","02","United States",1088
2010,"05","02","Uruguay",104
2010,"05","09","Argentina",163
2010,"05","09","Australia",280
2010,"05","09","Austria",460
2010,"05","09","Belgium",31
2010,"05","09","Bolivia",260
2010,"05","09","Brazil",214
2010,"05","09","Bulgaria",334
2010,"05","09","Canada",868
2010,"05","09","Chile",6
2010,"05","09","France",6
2010,"05","09","Germany",508
2010,"05","09","Hungary",40
2010,"05","09","Japan",6
2010,"05","09","Mexico",811
2010,"05","09","Netherlands",14
2010,"05","09","New Zealand",25
2010,"05","09","Norway",59
2010,"05","09","Paraguay",229
2010,"05","09","Peru",186
2010,"05","09","Poland",13
2010,"05","09","Romania",527
2010,"05","09","Russia",408
2010,"05","09","South Africa",3065
2010,"05","09","Spain",6
2010,"05","09","Sweden",1
2010,"05","09","Switzerland",7
2010,"05","09","Ukraine",232
2010,"05","09","United States",1060
2010,"05","09","Uruguay",102
2010,"05","16","Argentina",180
2010,"05","16","Australia",316
2010,"05","16","Austria",527
2010,"05","16","Belgium",35
2010,"05","16","Bolivia",255
2010,"05","16","Brazil",232
2010,"05","16","Bulgaria",309
2010,"05","16","Canada",833
2010,"05","16","Chile",7
2010,"05","16","France",7
2010,"05","16","Germany",594
2010,"05","16","Hungary",42
2010,"05","16","Japan",7
2010,"05","16","Mexico",817
2010,"05","16","Netherlands",14
2010,"05","16","New Zealand",20
2010,"05","16","Norway",54
2010,"05","16","Paraguay",237
2010,"05","16","Peru",186
2010,"05","16","Poland",13
2010,"05","16","Romania",519
2010,"05","16","Russia",356
2010,"05","16","South Africa",3178
2010,"05","16","Spain",8
2010,"05","16","Sweden",1
2010,"05","16","Switzerland",10
2010,"05","16","Ukraine",218
2010,"05","16","United States",1042
2010,"05","16","Uruguay",101
2010,"05","23","Argentina",186
2010,"05","23","Australia",319
2010,"05","23","Austria",506
2010,"05","23","Belgium",26
2010,"05","23","Bolivia",271
2010,"05","23","Brazil",226
2010,"05","23","Bulgaria",314
2010,"05","23","Canada",715
2010,"05","23","Chile",7
2010,"05","23","France",5
2010,"05","23","Germany",491
2010,"05","23","Hungary",50
2010,"05","23","Japan",6
2010,"05","23","Mexico",775
2010,"05","23","Netherlands",11
2010,"05","23","New Zealand",28
2010,"05","23","Norway",36
2010,"05","23","Paraguay",229
2010,"05","23","Peru",195
2010,"05","23","Poland",12
2010,"05","23","Romania",557
2010,"05","23","Russia",305
2010,"05","23","South Africa",3121
2010,"05","23","Spain",7
2010,"05","23","Sweden",1
2010,"05","23","Switzerland",8
2010,"05","23","Ukraine",226
2010,"05","23","United States",989
2010,"05","23","Uruguay",97
2010,"05","30","Argentina",186
2010,"05","30","Australia",230
2010,"05","30","Austria",462
2010,"05","30","Belgium",22
2010,"05","30","Bolivia",239
2010,"05","30","Brazil",212
2010,"05","30","Bulgaria",306
2010,"05","30","Canada",641
2010,"05","30","Chile",7
2010,"05","30","France",4
2010,"05","30","Germany",424
2010,"05","30","Hungary",44
2010,"05","30","Japan",5
2010,"05","30","Mexico",778
2010,"05","30","Netherlands",12
2010,"05","30","New Zealand",26
2010,"05","30","Norway",32
2010,"05","30","Paraguay",246
2010,"05","30","Peru",187
2010,"05","30","Poland",12
2010,"05","30","Romania",537
2010,"05","30","Russia",295
2010,"05","30","South Africa",2687
2010,"05","30","Spain",6
2010,"05","30","Sweden",1
2010,"05","30","Switzerland",5
2010,"05","30","Ukraine",205
2010,"05","30","United States",965
2010,"05","30","Uruguay",108
2010,"06","06","Argentina",196
2010,"06","06","Australia",337
2010,"06","06","Austria",466
2010,"06","06","Belgium",16
2010,"06","06","Bolivia",314
2010,"06","06","Brazil",223
2010,"06","06","Bulgaria",304
2010,"06","06","Canada",570
2010,"06","06","Chile",7
2010,"06","06","France",3
2010,"06","06","Germany",365
2010,"06","06","Hungary",37
2010,"06","06","Japan",5
2010,"06","06","Mexico",715
2010,"06","06","Netherlands",12
2010,"06","06","New Zealand",37
2010,"06","06","Norway",29
2010,"06","06","Paraguay",248
2010,"06","06","Peru",190
2010,"06","06","Poland",12
2010,"06","06","Romania",525
2010,"06","06","Russia",276
2010,"06","06","South Africa",3117
2010,"06","06","Spain",4
2010,"06","06","Sweden",1
2010,"06","06","Switzerland",6
2010,"06","06","Ukraine",190
2010,"06","06","United States",858
2010,"06","06","Uruguay",112
2010,"06","13","Argentina",210
2010,"06","13","Australia",307
2010,"06","13","Austria",419
2010,"06","13","Belgium",12
2010,"06","13","Bolivia",286
2010,"06","13","Brazil",228
2010,"06","13","Bulgaria",282
2010,"06","13","Canada",592
2010,"06","13","Chile",7
2010,"06","13","France",3
2010,"06","13","Germany",346
2010,"06","13","Hungary",31
2010,"06","13","Japan",4
2010,"06","13","Mexico",677
2010,"06","13","Netherlands",11
2010,"06","13","New Zealand",41
2010,"06","13","Norway",22
2010,"06","13","Paraguay",228
2010,"06","13","Peru",198
2010,"06","13","Poland",12
2010,"06","13","Romania",507
2010,"06","13","Russia",272
2010,"06","13","South Africa",3071
2010,"06","13","Spain",4
2010,"06","13","Sweden",1
2010,"06","13","Switzerland",9
2010,"06","13","Ukraine",171
2010,"06","13","United States",808
2010,"06","13","Uruguay",107
2010,"06","20","Argentina",207
2010,"06","20","Australia",281
2010,"06","20","Austria",441
2010,"06","20","Belgium",11
2010,"06","20","Bolivia",268
2010,"06","20","Brazil",225
2010,"06","20","Bulgaria",270
2010,"06","20","Canada",546
2010,"06","20","Chile",7
2010,"06","20","France",3
2010,"06","20","Germany",354
2010,"06","20","Hungary",27
2010,"06","20","Japan",4
2010,"06","20","Mexico",687
2010,"06","20","Netherlands",12
2010,"06","20","New Zealand",31
2010,"06","20","Norway",24
2010,"06","20","Paraguay",216
2010,"06","20","Peru",188
2010,"06","20","Poland",11
2010,"06","20","Romania",475
2010,"06","20","Russia",249
2010,"06","20","South Africa",3322
2010,"06","20","Spain",4
2010,"06","20","Sweden",1
2010,"06","20","Switzerland",6
2010,"06","20","Ukraine",187
2010,"06","20","United States",786
2010,"06","20","Uruguay",107
2010,"06","27","Argentina",211
2010,"06","27","Australia",265
2010,"06","27","Austria",420
2010,"06","27","Belgium",7
2010,"06","27","Bolivia",229
2010,"06","27","Brazil",203
2010,"06","27","Bulgaria",244
2010,"06","27","Canada",445
2010,"06","27","Chile",8
2010,"06","27","France",2
2010,"06","27","Germany",306
2010,"06","27","Hungary",29
2010,"06","27","Japan",4
2010,"06","27","Mexico",630
2010,"06","27","Netherlands",10
2010,"06","27","New Zealand",45
2010,"06","27","Norway",23
2010,"06","27","Paraguay",192
2010,"06","27","Peru",178
2010,"06","27","Poland",10
2010,"06","27","Romania",447
2010,"06","27","Russia",223
2010,"06","27","South Africa",3300
2010,"06","27","Spain",3
2010,"06","27","Sweden",1
2010,"06","27","Switzerland",7
2010,"06","27","Ukraine",180
2010,"06","27","United States",765
2010,"06","27","Uruguay",101
2010,"07","04","Argentina",187
2010,"07","04","Australia",245
2010,"07","04","Austria",411
2010,"07","04","Belgium",7
2010,"07","04","Bolivia",208
2010,"07","04","Brazil",189
2010,"07","04","Bulgaria",243
2010,"07","04","Canada",561
2010,"07","04","Chile",9
2010,"07","04","France",2
2010,"07","04","Germany",281
2010,"07","04","Hungary",32
2010,"07","04","Japan",3
2010,"07","04","Mexico",615
2010,"07","04","Netherlands",11
2010,"07","04","New Zealand",52
2010,"07","04","Norway",24
2010,"07","04","Paraguay",192
2010,"07","04","Peru",175
2010,"07","04","Poland",9
2010,"07","04","Romania",446
2010,"07","04","Russia",213
2010,"07","04","South Africa",3096
2010,"07","04","Spain",3
2010,"07","04","Sweden",1
2010,"07","04","Switzerland",7
2010,"07","04","Ukraine",187
2010,"07","04","United States",760
2010,"07","04","Uruguay",102
2010,"07","11","Argentina",200
2010,"07","11","Australia",323
2010,"07","11","Austria",405
2010,"07","11","Belgium",8
2010,"07","11","Bolivia",203
2010,"07","11","Brazil",175
2010,"07","11","Bulgaria",245
2010,"07","11","Canada",451
2010,"07","11","Chile",10
2010,"07","11","France",2
2010,"07","11","Germany",254
2010,"07","11","Hungary",36
2010,"07","11","Japan",3
2010,"07","11","Mexico",673
2010,"07","11","Netherlands",11
2010,"07","11","New Zealand",62
2010,"07","11","Norway",21
2010,"07","11","Paraguay",198
2010,"07","11","Peru",174
2010,"07","11","Poland",9
2010,"07","11","Romania",445
2010,"07","11","Russia",193
2010,"07","11","South Africa",3281
2010,"07","11","Spain",3
2010,"07","11","Sweden",1
2010,"07","11","Switzerland",8
2010,"07","11","Ukraine",189
2010,"07","11","United States",752
2010,"07","11","Uruguay",103
2010,"07","18","Argentina",185
2010,"07","18","Australia",357
2010,"07","18","Austria",406
2010,"07","18","Belgium",8
2010,"07","18","Bolivia",197
2010,"07","18","Brazil",164
2010,"07","18","Bulgaria",237
2010,"07","18","Canada",462
2010,"07","18","Chile",10
2010,"07","18","France",2
2010,"07","18","Germany",282
2010,"07","18","Hungary",44
2010,"07","18","Japan",3
2010,"07","18","Mexico",713
2010,"07","18","Netherlands",11
2010,"07","18","New Zealand",81
2010,"07","18","Norway",19
2010,"07","18","Paraguay",223
2010,"07","18","Peru",169
2010,"07","18","Poland",8
2010,"07","18","Romania",468
2010,"07","18","Russia",208
2010,"07","18","South Africa",3177
2010,"07","18","Spain",3
2010,"07","18","Sweden",1
2010,"07","18","Switzerland",8
2010,"07","18","Ukraine",207
2010,"07","18","United States",737
2010,"07","18","Uruguay",105
2010,"07","25","Argentina",192
2010,"07","25","Australia",379
2010,"07","25","Austria",423
2010,"07","25","Belgium",9
2010,"07","25","Bolivia",210
2010,"07","25","Brazil",166
2010,"07","25","Bulgaria",247
2010,"07","25","Canada",481
2010,"07","25","Chile",7
2010,"07","25","France",3
2010,"07","25","Germany",305
2010,"07","25","Hungary",40
2010,"07","25","Japan",3
2010,"07","25","Mexico",704
2010,"07","25","Netherlands",12
2010,"07","25","New Zealand",110
2010,"07","25","Norway",21
2010,"07","25","Paraguay",235
2010,"07","25","Peru",131
2010,"07","25","Poland",8
2010,"07","25","Romania",512
2010,"07","25","Russia",214
2010,"07","25","South Africa",3403
2010,"07","25","Spain",4
2010,"07","25","Sweden",1
2010,"07","25","Switzerland",7
2010,"07","25","Ukraine",244
2010,"07","25","United States",744
2010,"07","25","Uruguay",117
2010,"08","01","Argentina",175
2010,"08","01","Australia",434
2010,"08","01","Austria",389
2010,"08","01","Belgium",9
2010,"08","01","Bolivia",208
2010,"08","01","Brazil",171
2010,"08","01","Bulgaria",247
2010,"08","01","Canada",468
2010,"08","01","Chile",10
2010,"08","01","France",3
2010,"08","01","Germany",316
2010,"08","01","Hungary",33
2010,"08","01","Japan",3
2010,"08","01","Mexico",753
2010,"08","01","Netherlands",11
2010,"08","01","New Zealand",130
2010,"08","01","Norway",23
2010,"08","01","Paraguay",239
2010,"08","01","Peru",147
2010,"08","01","Poland",7
2010,"08","01","Romania",518
2010,"08","01","Russia",208
2010,"08","01","South Africa",3969
2010,"08","01","Spain",4
2010,"08","01","Sweden",1
2010,"08","01","Switzerland",7
2010,"08","01","Ukraine",269
2010,"08","01","United States",757
2010,"08","01","Uruguay",122
2010,"08","08","Argentina",194
2010,"08","08","Australia",460
2010,"08","08","Austria",462
2010,"08","08","Belgium",11
2010,"08","08","Bolivia",237
2010,"08","08","Brazil",193
2010,"08","08","Bulgaria",233
2010,"08","08","Canada",442
2010,"08","08","Chile",19
2010,"08","08","France",3
2010,"08","08","Germany",335
2010,"08","08","Hungary",34
2010,"08","08","Japan",3
2010,"08","08","Mexico",763
2010,"08","08","Netherlands",12
2010,"08","08","New Zealand",123
2010,"08","08","Norway",28
2010,"08","08","Paraguay",241
2010,"08","08","Peru",172
2010,"08","08","Poland",7
2010,"08","08","Romania",552
2010,"08","08","Russia",241
2010,"08","08","South Africa",3732
2010,"08","08","Spain",4
2010,"08","08","Sweden",1
2010,"08","08","Switzerland",9
2010,"08","08","Ukraine",312
2010,"08","08","United States",754
2010,"08","08","Uruguay",131
2010,"08","15","Argentina",187
2010,"08","15","Australia",536
2010,"08","15","Austria",476
2010,"08","15","Belgium",11
2010,"08","15","Bolivia",290
2010,"08","15","Brazil",223
2010,"08","15","Bulgaria",272
2010,"08","15","Canada",506
2010,"08","15","Chile",39
2010,"08","15","France",4
2010,"08","15","Germany",385
2010,"08","15","Hungary",36
2010,"08","15","Japan",3
2010,"08","15","Mexico",767
2010,"08","15","Netherlands",14
2010,"08","15","New Zealand",95
2010,"08","15","Norway",35
2010,"08","15","Paraguay",257
2010,"08","15","Peru",175
2010,"08","15","Poland",7
2010,"08","15","Romania",569
2010,"08","15","Russia",260
2010,"08","15","South Africa",3772
2010,"08","15","Spain",7
2010,"08","15","Sweden",1
2010,"08","15","Switzerland",9
2010,"08","15","Ukraine",337
2010,"08","15","United States",804
2010,"08","15","Uruguay",152
2010,"08","22","Argentina",181
2010,"08","22","Australia",563
2010,"08","22","Austria",489
2010,"08","22","Belgium",17
2010,"08","22","Bolivia",275
2010,"08","22","Brazil",234
2010,"08","22","Bulgaria",357
2010,"08","22","Canada",569
2010,"08","22","Chile",65
2010,"08","22","France",4
2010,"08","22","Germany",432
2010,"08","22","Hungary",40
2010,"08","22","Japan",3
2010,"08","22","Mexico",785
2010,"08","22","Netherlands",15
2010,"08","22","New Zealand",93
2010,"08","22","Norway",49
2010,"08","22","Paraguay",292
2010,"08","22","Peru",181
2010,"08","22","Poland",6
2010,"08","22","Romania",571
2010,"08","22","Russia",324
2010,"08","22","South Africa",3446
2010,"08","22","Spain",7
2010,"08","22","Sweden",2
2010,"08","22","Switzerland",13
2010,"08","22","Ukraine",370
2010,"08","22","United States",846
2010,"08","22","Uruguay",162
2010,"08","29","Argentina",165
2010,"08","29","Australia",543
2010,"08","29","Austria",499
2010,"08","29","Belgium",21
2010,"08","29","Bolivia",280
2010,"08","29","Brazil",214
2010,"08","29","Bulgaria",391
2010,"08","29","Canada",648
2010,"08","29","Chile",102
2010,"08","29","France",5
2010,"08","29","Germany",557
2010,"08","29","Hungary",33
2010,"08","29","Japan",3
2010,"08","29","Mexico",846
2010,"08","29","Netherlands",19
2010,"08","29","New Zealand",65
2010,"08","29","Norway",84
2010,"08","29","Paraguay",277
2010,"08","29","Peru",173
2010,"08","29","Poland",6
2010,"08","29","Romania",559
2010,"08","29","Russia",367
2010,"08","29","South Africa",3106
2010,"08","29","Spain",6
2010,"08","29","Sweden",2
2010,"08","29","Switzerland",16
2010,"08","29","Ukraine",388
2010,"08","29","United States",924
2010,"08","29","Uruguay",172
2010,"09","05","Argentina",153
2010,"09","05","Australia",516
2010,"09","05","Austria",578
2010,"09","05","Belgium",34
2010,"09","05","Bolivia",293
2010,"09","05","Brazil",188
2010,"09","05","Bulgaria",318
2010,"09","05","Canada",857
2010,"09","05","Chile",141
2010,"09","05","France",7
2010,"09","05","Germany",745
2010,"09","05","Hungary",44
2010,"09","05","Japan",4
2010,"09","05","Mexico",913
2010,"09","05","Netherlands",25
2010,"09","05","New Zealand",52
2010,"09","05","Norway",97
2010,"09","05","Paraguay",248
2010,"09","05","Peru",208
2010,"09","05","Poland",8
2010,"09","05","Romania",612
2010,"09","05","Russia",595
2010,"09","05","South Africa",2970
2010,"09","05","Spain",7
2010,"09","05","Sweden",2
2010,"09","05","Switzerland",17
2010,"09","05","Ukraine",489
2010,"09","05","United States",1030
2010,"09","05","Uruguay",149
2010,"09","12","Argentina",143
2010,"09","12","Australia",471
2010,"09","12","Austria",678
2010,"09","12","Belgium",54
2010,"09","12","Bolivia",259
2010,"09","12","Brazil",188
2010,"09","12","Bulgaria",283
2010,"09","12","Canada",1121
2010,"09","12","Chile",109
2010,"09","12","France",16
2010,"09","12","Germany",835
2010,"09","12","Hungary",67
2010,"09","12","Japan",4
2010,"09","12","Mexico",947
2010,"09","12","Netherlands",27
2010,"09","12","New Zealand",47
2010,"09","12","Norway",64
2010,"09","12","Paraguay",212
2010,"09","12","Peru",206
2010,"09","12","Poland",14
2010,"09","12","Romania",647
2010,"09","12","Russia",775
2010,"09","12","South Africa",2710
2010,"09","12","Spain",6
2010,"09","12","Sweden",2
2010,"09","12","Switzerland",21
2010,"09","12","Ukraine",615
2010,"09","12","United States",1187
2010,"09","12","Uruguay",157
2010,"09","19","Argentina",138
2010,"09","19","Australia",405
2010,"09","19","Austria",768
2010,"09","19","Belgium",72
2010,"09","19","Bolivia",275
2010,"09","19","Brazil",176
2010,"09","19","Bulgaria",382
2010,"09","19","Canada",1409
2010,"09","19","Chile",77
2010,"09","19","France",27
2010,"09","19","Germany",896
2010,"09","19","Hungary",71
2010,"09","19","Japan",5
2010,"09","19","Mexico",927
2010,"09","19","Netherlands",32
2010,"09","19","New Zealand",39
2010,"09","19","Norway",71
2010,"09","19","Paraguay",202
2010,"09","19","Peru",197
2010,"09","19","Poland",41
2010,"09","19","Romania",695
2010,"09","19","Russia",669
2010,"09","19","South Africa",2312
2010,"09","19","Spain",9
2010,"09","19","Sweden",2
2010,"09","19","Switzerland",21
2010,"09","19","Ukraine",613
2010,"09","19","United States",1315
2010,"09","19","Uruguay",158
2010,"09","26","Argentina",150
2010,"09","26","Australia",367
2010,"09","26","Austria",867
2010,"09","26","Belgium",74
2010,"09","26","Bolivia",278
2010,"09","26","Brazil",156
2010,"09","26","Bulgaria",470
2010,"09","26","Canada",1519
2010,"09","26","Chile",48
2010,"09","26","France",41
2010,"09","26","Germany",938
2010,"09","26","Hungary",65
2010,"09","26","Japan",8
2010,"09","26","Mexico",969
2010,"09","26","Netherlands",27
2010,"09","26","New Zealand",37
2010,"09","26","Norway",69
2010,"09","26","Paraguay",207
2010,"09","26","Peru",182
2010,"09","26","Poland",44
2010,"09","26","Romania",755
2010,"09","26","Russia",653
2010,"09","26","South Africa",2508
2010,"09","26","Spain",15
2010,"09","26","Sweden",2
2010,"09","26","Switzerland",26
2010,"09","26","Ukraine",539
2010,"09","26","United States",1335
2010,"09","26","Uruguay",141
2010,"10","03","Argentina",155
2010,"10","03","Australia",316
2010,"10","03","Austria",827
2010,"10","03","Belgium",65
2010,"10","03","Bolivia",312
2010,"10","03","Brazil",145
2010,"10","03","Bulgaria",496
2010,"10","03","Canada",1552
2010,"10","03","Chile",28
2010,"10","03","France",31
2010,"10","03","Germany",916
2010,"10","03","Hungary",50
2010,"10","03","Japan",11
2010,"10","03","Mexico",1055
2010,"10","03","Netherlands",28
2010,"10","03","New Zealand",29
2010,"10","03","Norway",55
2010,"10","03","Paraguay",204
2010,"10","03","Peru",168
2010,"10","03","Poland",38
2010,"10","03","Romania",742
2010,"10","03","Russia",603
2010,"10","03","South Africa",2289
2010,"10","03","Spain",16
2010,"10","03","Sweden",2
2010,"10","03","Switzerland",21
2010,"10","03","Ukraine",589
2010,"10","03","United States",1430
2010,"10","03","Uruguay",139
2010,"10","10","Argentina",146
2010,"10","10","Australia",287
2010,"10","10","Austria",833
2010,"10","10","Belgium",58
2010,"10","10","Bolivia",288
2010,"10","10","Brazil",155
2010,"10","10","Bulgaria",588
2010,"10","10","Canada",1486
2010,"10","10","Chile",16
2010,"10","10","France",29
2010,"10","10","Germany",927
2010,"10","10","Hungary",56
2010,"10","10","Japan",12
2010,"10","10","Mexico",1099
2010,"10","10","Netherlands",25
2010,"10","10","New Zealand",32
2010,"10","10","Norway",62
2010,"10","10","Paraguay",202
2010,"10","10","Peru",194
2010,"10","10","Poland",34
2010,"10","10","Romania",736
2010,"10","10","Russia",537
2010,"10","10","South Africa",2165
2010,"10","10","Spain",14
2010,"10","10","Sweden",2
2010,"10","10","Switzerland",19
2010,"10","10","Ukraine",553
2010,"10","10","United States",1421
2010,"10","10","Uruguay",138
2010,"10","17","Argentina",154
2010,"10","17","Australia",240
2010,"10","17","Austria",755
2010,"10","17","Belgium",61
2010,"10","17","Bolivia",336
2010,"10","17","Brazil",167
2010,"10","17","Bulgaria",673
2010,"10","17","Canada",1486
2010,"10","17","Chile",9
2010,"10","17","France",26
2010,"10","17","Germany",831
2010,"10","17","Hungary",45
2010,"10","17","Japan",17
2010,"10","17","Mexico",1105
2010,"10","17","Netherlands",23
2010,"10","17","New Zealand",25
2010,"10","17","Norway",59
2010,"10","17","Paraguay",202
2010,"10","17","Peru",193
2010,"10","17","Poland",34
2010,"10","17","Romania",720
2010,"10","17","Russia",511
2010,"10","17","South Africa",2038
2010,"10","17","Spain",15
2010,"10","17","Sweden",3
2010,"10","17","Switzerland",19
2010,"10","17","Ukraine",542
2010,"10","17","United States",1566
2010,"10","17","Uruguay",135
2010,"10","24","Argentina",145
2010,"10","24","Australia",214
2010,"10","24","Austria",609
2010,"10","24","Belgium",57
2010,"10","24","Bolivia",301
2010,"10","24","Brazil",166
2010,"10","24","Bulgaria",655
2010,"10","24","Canada",1419
2010,"10","24","Chile",8
2010,"10","24","France",21
2010,"10","24","Germany",791
2010,"10","24","Hungary",57
2010,"10","24","Japan",18
2010,"10","24","Mexico",1111
2010,"10","24","Netherlands",23
2010,"10","24","New Zealand",22
2010,"10","24","Norway",75
2010,"10","24","Paraguay",208
2010,"10","24","Peru",183
2010,"10","24","Poland",34
2010,"10","24","Romania",687
2010,"10","24","Russia",477
2010,"10","24","South Africa",2063
2010,"10","24","Spain",15
2010,"10","24","Sweden",2
2010,"10","24","Switzerland",19
2010,"10","24","Ukraine",488
2010,"10","24","United States",1596
2010,"10","24","Uruguay",113
2010,"10","31","Argentina",149
2010,"10","31","Australia",221
2010,"10","31","Austria",598
2010,"10","31","Belgium",48
2010,"10","31","Bolivia",239
2010,"10","31","Brazil",163
2010,"10","31","Bulgaria",631
2010,"10","31","Canada",1594
2010,"10","31","Chile",8
2010,"10","31","France",18
2010,"10","31","Germany",729
2010,"10","31","Hungary",53
2010,"10","31","Japan",21
2010,"10","31","Mexico",1165
2010,"10","31","Netherlands",22
2010,"10","31","New Zealand",23
2010,"10","31","Norway",91
2010,"10","31","Paraguay",195
2010,"10","31","Peru",191
2010,"10","31","Poland",31
2010,"10","31","Romania",673
2010,"10","31","Russia",419
2010,"10","31","South Africa",2238
2010,"10","31","Spain",13
2010,"10","31","Sweden",2
2010,"10","31","Switzerland",24
2010,"10","31","Ukraine",417
2010,"10","31","United States",1685
2010,"10","31","Uruguay",107
2010,"11","07","Argentina",133
2010,"11","07","Australia",206
2010,"11","07","Austria",643
2010,"11","07","Belgium",46
2010,"11","07","Bolivia",220
2010,"11","07","Brazil",165
2010,"11","07","Bulgaria",648
2010,"11","07","Canada",1613
2010,"11","07","Chile",6
2010,"11","07","France",15
2010,"11","07","Germany",771
2010,"11","07","Hungary",62
2010,"11","07","Japan",37
2010,"11","07","Mexico",1283
2010,"11","07","Netherlands",23
2010,"11","07","New Zealand",23
2010,"11","07","Norway",77
2010,"11","07","Paraguay",196
2010,"11","07","Peru",197
2010,"11","07","Poland",29
2010,"11","07","Romania",637
2010,"11","07","Russia",418
2010,"11","07","South Africa",1934
2010,"11","07","Spain",12
2010,"11","07","Sweden",3
2010,"11","07","Switzerland",20
2010,"11","07","Ukraine",414
2010,"11","07","United States",1758
2010,"11","07","Uruguay",107
2010,"11","14","Argentina",139
2010,"11","14","Australia",180
2010,"11","14","Austria",658
2010,"11","14","Belgium",54
2010,"11","14","Bolivia",217
2010,"11","14","Brazil",161
2010,"11","14","Bulgaria",685
2010,"11","14","Canada",1797
2010,"11","14","Chile",5
2010,"11","14","France",18
2010,"11","14","Germany",744
2010,"11","14","Hungary",50
2010,"11","14","Japan",45
2010,"11","14","Mexico",1365
2010,"11","14","Netherlands",25
2010,"11","14","New Zealand",16
2010,"11","14","Norway",75
2010,"11","14","Paraguay",203
2010,"11","14","Peru",188
2010,"11","14","Poland",28
2010,"11","14","Romania",681
2010,"11","14","Russia",393
2010,"11","14","South Africa",1824
2010,"11","14","Spain",12
2010,"11","14","Sweden",2
2010,"11","14","Switzerland",24
2010,"11","14","Ukraine",420
2010,"11","14","United States",1864
2010,"11","14","Uruguay",104
2010,"11","21","Argentina",124
2010,"11","21","Australia",150
2010,"11","21","Austria",691
2010,"11","21","Belgium",73
2010,"11","21","Bolivia",222
2010,"11","21","Brazil",159
2010,"11","21","Bulgaria",629
2010,"11","21","Canada",1815
2010,"11","21","Chile",5
2010,"11","21","France",28
2010,"11","21","Germany",807
2010,"11","21","Hungary",55
2010,"11","21","Japan",44
2010,"11","21","Mexico",1412
2010,"11","21","Netherlands",28
2010,"11","21","New Zealand",16
2010,"11","21","Norway",70
2010,"11","21","Paraguay",198
2010,"11","21","Peru",178
2010,"11","21","Poland",27
2010,"11","21","Romania",652
2010,"11","21","Russia",436
2010,"11","21","South Africa",1817
2010,"11","21","Spain",16
2010,"11","21","Sweden",2
2010,"11","21","Switzerland",27
2010,"11","21","Ukraine",493
2010,"11","21","United States",1661
2010,"11","21","Uruguay",96
2010,"11","28","Argentina",106
2010,"11","28","Australia",124
2010,"11","28","Austria",722
2010,"11","28","Belgium",102
2010,"11","28","Bolivia",205
2010,"11","28","Brazil",148
2010,"11","28","Bulgaria",548
2010,"11","28","Canada",1960
2010,"11","28","Chile",4
2010,"11","28","France",45
2010,"11","28","Germany",824
2010,"11","28","Hungary",52
2010,"11","28","Japan",48
2010,"11","28","Mexico",1478
2010,"11","28","Netherlands",30
2010,"11","28","New Zealand",16
2010,"11","28","Norway",71
2010,"11","28","Paraguay",188
2010,"11","28","Peru",166
2010,"11","28","Poland",29
2010,"11","28","Romania",634
2010,"11","28","Russia",495
2010,"11","28","South Africa",1865
2010,"11","28","Spain",13
2010,"11","28","Sweden",3
2010,"11","28","Switzerland",25
2010,"11","28","Ukraine",541
2010,"11","28","United States",1960
2010,"11","28","Uruguay",88
2010,"12","05","Argentina",91
2010,"12","05","Australia",110
2010,"12","05","Austria",710
2010,"12","05","Belgium",122
2010,"12","05","Bolivia",168
2010,"12","05","Brazil",135
2010,"12","05","Bulgaria",526
2010,"12","05","Canada",2174
2010,"12","05","Chile",3
2010,"12","05","France",56
2010,"12","05","Germany",895
2010,"12","05","Hungary",68
2010,"12","05","Japan",51
2010,"12","05","Mexico",1678
2010,"12","05","Netherlands",35
2010,"12","05","New Zealand",13
2010,"12","05","Norway",115
2010,"12","05","Paraguay",168
2010,"12","05","Peru",155
2010,"12","05","Poland",32
2010,"12","05","Romania",639
2010,"12","05","Russia",469
2010,"12","05","South Africa",1867
2010,"12","05","Spain",20
2010,"12","05","Sweden",2
2010,"12","05","Switzerland",28
2010,"12","05","Ukraine",626
2010,"12","05","United States",1943
2010,"12","05","Uruguay",75
2010,"12","12","Argentina",90
2010,"12","12","Australia",102
2010,"12","12","Austria",776
2010,"12","12","Belgium",171
2010,"12","12","Bolivia",150
2010,"12","12","Brazil",135
2010,"12","12","Bulgaria",633
2010,"12","12","Canada",2526
2010,"12","12","Chile",3
2010,"12","12","France",104
2010,"12","12","Germany",920
2010,"12","12","Hungary",64
2010,"12","12","Japan",73
2010,"12","12","Mexico",1906
2010,"12","12","Netherlands",42
2010,"12","12","New Zealand",11
2010,"12","12","Norway",194
2010,"12","12","Paraguay",158
2010,"12","12","Peru",132
2010,"12","12","Poland",38
2010,"12","12","Romania",681
2010,"12","12","Russia",493
2010,"12","12","South Africa",1827
2010,"12","12","Spain",26
2010,"12","12","Sweden",4
2010,"12","12","Switzerland",45
2010,"12","12","Ukraine",716
2010,"12","12","United States",2113
2010,"12","12","Uruguay",72
2010,"12","19","Argentina",71
2010,"12","19","Australia",111
2010,"12","19","Austria",779
2010,"12","19","Belgium",195
2010,"12","19","Bolivia",137
2010,"12","19","Brazil",129
2010,"12","19","Bulgaria",626
2010,"12","19","Canada",3062
2010,"12","19","Chile",3
2010,"12","19","France",165
2010,"12","19","Germany",896
2010,"12","19","Hungary",73
2010,"12","19","Japan",103
2010,"12","19","Mexico",1974
2010,"12","19","Netherlands",48
2010,"12","19","New Zealand",12
2010,"12","19","Norway",267
2010,"12","19","Paraguay",152
2010,"12","19","Peru",101
2010,"12","19","Poland",42
2010,"12","19","Romania",675
2010,"12","19","Russia",603
2010,"12","19","South Africa",1855
2010,"12","19","Spain",54
2010,"12","19","Sweden",3
2010,"12","19","Switzerland",60
2010,"12","19","Ukraine",799
2010,"12","19","United States",2512
2010,"12","19","Uruguay",65
2010,"12","26","Argentina",70
2010,"12","26","Australia",100
2010,"12","26","Austria",849
2010,"12","26","Belgium",333
2010,"12","26","Bolivia",122
2010,"12","26","Brazil",137
2010,"12","26","Bulgaria",698
2010,"12","26","Canada",3816
2010,"12","26","Chile",3
2010,"12","26","France",337
2010,"12","26","Germany",1076
2010,"12","26","Hungary",84
2010,"12","26","Japan",133
2010,"12","26","Mexico",1959
2010,"12","26","Netherlands",67
2010,"12","26","New Zealand",13
2010,"12","26","Norway",416
2010,"12","26","Paraguay",145
2010,"12","26","Peru",109
2010,"12","26","Poland",53
2010,"12","26","Romania",672
2010,"12","26","Russia",587
2010,"12","26","South Africa",2059
2010,"12","26","Spain",209
2010,"12","26","Sweden",5
2010,"12","26","Switzerland",139
2010,"12","26","Ukraine",751
2010,"12","26","United States",2917
2010,"12","26","Uruguay",63
2011,"01","02","Argentina",67
2011,"01","02","Australia",118
2011,"01","02","Austria",930
2011,"01","02","Belgium",551
2011,"01","02","Bolivia",123
2011,"01","02","Brazil",136
2011,"01","02","Bulgaria",1042
2011,"01","02","Canada",3924
2011,"01","02","Chile",2
2011,"01","02","France",490
2011,"01","02","Germany",1218
2011,"01","02","Hungary",103
2011,"01","02","Japan",187
2011,"01","02","Mexico",1604
2011,"01","02","Netherlands",105
2011,"01","02","New Zealand",9
2011,"01","02","Norway",522
2011,"01","02","Paraguay",148
2011,"01","02","Peru",110
2011,"01","02","Poland",97
2011,"01","02","Romania",723
2011,"01","02","Russia",890
2011,"01","02","South Africa",1695
2011,"01","02","Spain",256
2011,"01","02","Sweden",9
2011,"01","02","Switzerland",202
2011,"01","02","Ukraine",666
2011,"01","02","United States",2978
2011,"01","02","Uruguay",62
2011,"01","09","Argentina",63
2011,"01","09","Australia",103
2011,"01","09","Austria",1089
2011,"01","09","Belgium",482
2011,"01","09","Bolivia",119
2011,"01","09","Brazil",128
2011,"01","09","Bulgaria",1275
2011,"01","09","Canada",3448
2011,"01","09","Chile",2
2011,"01","09","France",431
2011,"01","09","Germany",1099
2011,"01","09","Hungary",130
2011,"01","09","Japan",342
2011,"01","09","Mexico",1436
2011,"01","09","Netherlands",107
2011,"01","09","New Zealand",10
2011,"01","09","Norway",625
2011,"01","09","Paraguay",140
2011,"01","09","Peru",108
2011,"01","09","Poland",159
2011,"01","09","Romania",789
2011,"01","09","Russia",808
2011,"01","09","South Africa",1642
2011,"01","09","Spain",170
2011,"01","09","Sweden",7
2011,"01","09","Switzerland",180
2011,"01","09","Ukraine",548
2011,"01","09","United States",2726
2011,"01","09","Uruguay",62
2011,"01","16","Argentina",62
2011,"01","16","Australia",104
2011,"01","16","Austria",1244
2011,"01","16","Belgium",326
2011,"01","16","Bolivia",118
2011,"01","16","Brazil",121
2011,"01","16","Bulgaria",1785
2011,"01","16","Canada",3350
2011,"01","16","Chile",2
2011,"01","16","France",368
2011,"01","16","Germany",1148
2011,"01","16","Hungary",192
2011,"01","16","Japan",624
2011,"01","16","Mexico",1470
2011,"01","16","Netherlands",97
2011,"01","16","New Zealand",10
2011,"01","16","Norway",601
2011,"01","16","Paraguay",130
2011,"01","16","Peru",106
2011,"01","16","Poland",187
2011,"01","16","Romania",832
2011,"01","16","Russia",914
2011,"01","16","South Africa",1784
2011,"01","16","Spain",89
2011,"01","16","Sweden",8
2011,"01","16","Switzerland",189
2011,"01","16","Ukraine",498
2011,"01","16","United States",3089
2011,"01","16","Uruguay",59
2011,"01","23","Argentina",65
2011,"01","23","Australia",96
2011,"01","23","Austria",1447
2011,"01","23","Belgium",291
2011,"01","23","Bolivia",112
2011,"01","23","Brazil",121
2011,"01","23","Bulgaria",2430
2011,"01","23","Canada",3162
2011,"01","23","Chile",1
2011,"01","23","France",331
2011,"01","23","Germany",1261
2011,"01","23","Hungary",291
2011,"01","23","Japan",918
2011,"01","23","Mexico",1576
2011,"01","23","Netherlands",82
2011,"01","23","New Zealand",9
2011,"01","23","Norway",423
2011,"01","23","Paraguay",130
2011,"01","23","Peru",106
2011,"01","23","Poland",200
2011,"01","23","Romania",932
2011,"01","23","Russia",1303
2011,"01","23","South Africa",1776
2011,"01","23","Spain",69
2011,"01","23","Sweden",7
2011,"01","23","Switzerland",190
2011,"01","23","Ukraine",517
2011,"01","23","United States",3554
2011,"01","23","Uruguay",60
2011,"01","30","Argentina",67
2011,"01","30","Australia",92
2011,"01","30","Austria",1635
2011,"01","30","Belgium",329
2011,"01","30","Bolivia",112
2011,"01","30","Brazil",118
2011,"01","30","Bulgaria",1754
2011,"01","30","Canada",2952
2011,"01","30","Chile",2
2011,"01","30","France",322
2011,"01","30","Germany",1469
2011,"01","30","Hungary",426
2011,"01","30","Japan",985
2011,"01","30","Mexico",1522
2011,"01","30","Netherlands",91
2011,"01","30","New Zealand",9
2011,"01","30","Norway",341
2011,"01","30","Paraguay",124
2011,"01","30","Peru",96
2011,"01","30","Poland",186
2011,"01","30","Romania",953
2011,"01","30","Russia",1737
2011,"01","30","South Africa",2146
2011,"01","30","Spain",60
2011,"01","30","Sweden",10
2011,"01","30","Switzerland",231
2011,"01","30","Ukraine",563
2011,"01","30","United States",3601
2011,"01","30","Uruguay",58
2011,"02","06","Argentina",67
2011,"02","06","Australia",108
2011,"02","06","Austria",1510
2011,"02","06","Belgium",286
2011,"02","06","Bolivia",123
2011,"02","06","Brazil",122
2011,"02","06","Bulgaria",1269
2011,"02","06","Canada",2735
2011,"02","06","Chile",2
2011,"02","06","France",234
2011,"02","06","Germany",1429
2011,"02","06","Hungary",430
2011,"02","06","Japan",976
2011,"02","06","Mexico",1434
2011,"02","06","Netherlands",68
2011,"02","06","New Zealand",10
2011,"02","06","Norway",232
2011,"02","06","Paraguay",122
2011,"02","06","Peru",96
2011,"02","06","Poland",183
2011,"02","06","Romania",955
2011,"02","06","Russia",1754
2011,"02","06","South Africa",2311
2011,"02","06","Spain",61
2011,"02","06","Sweden",16
2011,"02","06","Switzerland",219
2011,"02","06","Ukraine",580
2011,"02","06","United States",3784
2011,"02","06","Uruguay",55
2011,"02","13","Argentina",67
2011,"02","13","Australia",134
2011,"02","13","Austria",1298
2011,"02","13","Belgium",189
2011,"02","13","Bolivia",128
2011,"02","13","Brazil",134
2011,"02","13","Bulgaria",1269
2011,"02","13","Canada",2307
2011,"02","13","Chile",2
2011,"02","13","France",129
2011,"02","13","Germany",1244
2011,"02","13","Hungary",316
2011,"02","13","Japan",565
2011,"02","13","Mexico",1411
2011,"02","13","Netherlands",53
2011,"02","13","New Zealand",11
2011,"02","13","Norway",163
2011,"02","13","Paraguay",120
2011,"02","13","Peru",96
2011,"02","13","Poland",126
2011,"02","13","Romania",1046
2011,"02","13","Russia",1320
2011,"02","13","South Africa",2232
2011,"02","13","Spain",40
2011,"02","13","Sweden",15
2011,"02","13","Switzerland",158
2011,"02","13","Ukraine",581
2011,"02","13","United States",4077
2011,"02","13","Uruguay",55
2011,"02","20","Argentina",62
2011,"02","20","Australia",154
2011,"02","20","Austria",1071
2011,"02","20","Belgium",134
2011,"02","20","Bolivia",153
2011,"02","20","Brazil",149
2011,"02","20","Bulgaria",1140
2011,"02","20","Canada",2313
2011,"02","20","Chile",2
2011,"02","20","France",61
2011,"02","20","Germany",1095
2011,"02","20","Hungary",226
2011,"02","20","Japan",372
2011,"02","20","Mexico",1413
2011,"02","20","Netherlands",40
2011,"02","20","New Zealand",9
2011,"02","20","Norway",97
2011,"02","20","Paraguay",124
2011,"02","20","Peru",104
2011,"02","20","Poland",121
2011,"02","20","Romania",1143
2011,"02","20","Russia",1161
2011,"02","20","South Africa",2004
2011,"02","20","Spain",27
2011,"02","20","Sweden",14
2011,"02","20","Switzerland",99
2011,"02","20","Ukraine",637
2011,"02","20","United States",3565
2011,"02","20","Uruguay",52
2011,"02","27","Argentina",62
2011,"02","27","Australia",192
2011,"02","27","Austria",972
2011,"02","27","Belgium",116
2011,"02","27","Bolivia",186
2011,"02","27","Brazil",150
2011,"02","27","Bulgaria",938
2011,"02","27","Canada",2182
2011,"02","27","Chile",1
2011,"02","27","France",33
2011,"02","27","Germany",1037
2011,"02","27","Hungary",182
2011,"02","27","Japan",268
2011,"02","27","Mexico",1435
2011,"02","27","Netherlands",34
2011,"02","27","New Zealand",14
2011,"02","27","Norway",73
2011,"02","27","Paraguay",133
2011,"02","27","Peru",94
2011,"02","27","Poland",120
2011,"02","27","Romania",1088
2011,"02","27","Russia",976
2011,"02","27","South Africa",2062
2011,"02","27","Spain",20
2011,"02","27","Sweden",14
2011,"02","27","Switzerland",82
2011,"02","27","Ukraine",727
2011,"02","27","United States",2980
2011,"02","27","Uruguay",53
2011,"03","06","Argentina",61
2011,"03","06","Australia",210
2011,"03","06","Austria",940
2011,"03","06","Belgium",79
2011,"03","06","Bolivia",196
2011,"03","06","Brazil",152
2011,"03","06","Bulgaria",814
2011,"03","06","Canada",2023
2011,"03","06","Chile",2
2011,"03","06","France",20
2011,"03","06","Germany",1003
2011,"03","06","Hungary",152
2011,"03","06","Japan",220
2011,"03","06","Mexico",1472
2011,"03","06","Netherlands",31
2011,"03","06","New Zealand",14
2011,"03","06","Norway",59
2011,"03","06","Paraguay",153
2011,"03","06","Peru",102
2011,"03","06","Poland",102
2011,"03","06","Romania",1013
2011,"03","06","Russia",848
2011,"03","06","South Africa",2126
2011,"03","06","Spain",18
2011,"03","06","Sweden",10
2011,"03","06","Switzerland",69
2011,"03","06","Ukraine",683
2011,"03","06","United States",2482
2011,"03","06","Uruguay",55
2011,"03","13","Argentina",77
2011,"03","13","Australia",198
2011,"03","13","Austria",911
2011,"03","13","Belgium",80
2011,"03","13","Bolivia",247
2011,"03","13","Brazil",169
2011,"03","13","Bulgaria",627
2011,"03","13","Canada",1784
2011,"03","13","Chile",3
2011,"03","13","France",14
2011,"03","13","Germany",967
2011,"03","13","Hungary",113
2011,"03","13","Japan",143
2011,"03","13","Mexico",1327
2011,"03","13","Netherlands",33
2011,"03","13","New Zealand",19
2011,"03","13","Norway",48
2011,"03","13","Paraguay",192
2011,"03","13","Peru",124
2011,"03","13","Poland",74
2011,"03","13","Romania",970
2011,"03","13","Russia",679
2011,"03","13","South Africa",1928
2011,"03","13","Spain",16
2011,"03","13","Sweden",8
2011,"03","13","Switzerland",49
2011,"03","13","Ukraine",549
2011,"03","13","United States",2076
2011,"03","13","Uruguay",55
2011,"03","20","Argentina",89
2011,"03","20","Australia",212
2011,"03","20","Austria",818
2011,"03","20","Belgium",62
2011,"03","20","Bolivia",249
2011,"03","20","Brazil",178
2011,"03","20","Bulgaria",520
2011,"03","20","Canada",1665
2011,"03","20","Chile",5
2011,"03","20","France",12
2011,"03","20","Germany",798
2011,"03","20","Hungary",81
2011,"03","20","Japan",150
2011,"03","20","Mexico",1162
2011,"03","20","Netherlands",25
2011,"03","20","New Zealand",14
2011,"03","20","Norway",40
2011,"03","20","Paraguay",223
2011,"03","20","Peru",140
2011,"03","20","Poland",55
2011,"03","20","Romania",855
2011,"03","20","Russia",540
2011,"03","20","South Africa",2058
2011,"03","20","Spain",12
2011,"03","20","Sweden",6
2011,"03","20","Switzerland",41
2011,"03","20","Ukraine",425
2011,"03","20","United States",1776
2011,"03","20","Uruguay",59
2011,"03","27","Argentina",104
2011,"03","27","Australia",201
2011,"03","27","Austria",704
2011,"03","27","Belgium",58
2011,"03","27","Bolivia",251
2011,"03","27","Brazil",180
2011,"03","27","Bulgaria",424
2011,"03","27","Canada",1476
2011,"03","27","Chile",4
2011,"03","27","France",10
2011,"03","27","Germany",687
2011,"03","27","Hungary",64
2011,"03","27","Japan",111
2011,"03","27","Mexico",1036
2011,"03","27","Netherlands",21
2011,"03","27","New Zealand",17
2011,"03","27","Norway",37
2011,"03","27","Paraguay",235
2011,"03","27","Peru",157
2011,"03","27","Poland",42
2011,"03","27","Romania",790
2011,"03","27","Russia",496
2011,"03","27","South Africa",2101
2011,"03","27","Spain",12
2011,"03","27","Sweden",4
2011,"03","27","Switzerland",25
2011,"03","27","Ukraine",343
2011,"03","27","United States",1589
2011,"03","27","Uruguay",67
2011,"04","03","Argentina",106
2011,"04","03","Australia",228
2011,"04","03","Austria",645
2011,"04","03","Belgium",47
2011,"04","03","Bolivia",243
2011,"04","03","Brazil",189
2011,"04","03","Bulgaria",341
2011,"04","03","Canada",1348
2011,"04","03","Chile",4
2011,"04","03","France",8
2011,"04","03","Germany",625
2011,"04","03","Hungary",49
2011,"04","03","Japan",82
2011,"04","03","Mexico",949
2011,"04","03","Netherlands",20
2011,"04","03","New Zealand",18
2011,"04","03","Norway",36
2011,"04","03","Paraguay",249
2011,"04","03","Peru",144
2011,"04","03","Poland",32
2011,"04","03","Romania",731
2011,"04","03","Russia",439
2011,"04","03","South Africa",2096
2011,"04","03","Spain",10
2011,"04","03","Sweden",3
2011,"04","03","Switzerland",15
2011,"04","03","Ukraine",323
2011,"04","03","United States",1405
2011,"04","03","Uruguay",79
2011,"04","10","Argentina",107
2011,"04","10","Australia",254
2011,"04","10","Austria",609
2011,"04","10","Belgium",41
2011,"04","10","Bolivia",242
2011,"04","10","Brazil",196
2011,"04","10","Bulgaria",315
2011,"04","10","Canada",1172
2011,"04","10","Chile",5
2011,"04","10","France",6
2011,"04","10","Germany",596
2011,"04","10","Hungary",49
2011,"04","10","Japan",73
2011,"04","10","Mexico",861
2011,"04","10","Netherlands",17
2011,"04","10","New Zealand",16
2011,"04","10","Norway",25
2011,"04","10","Paraguay",275
2011,"04","10","Peru",150
2011,"04","10","Poland",27
2011,"04","10","Romania",679
2011,"04","10","Russia",437
2011,"04","10","South Africa",2297
2011,"04","10","Spain",9
2011,"04","10","Sweden",2
2011,"04","10","Switzerland",12
2011,"04","10","Ukraine",307
2011,"04","10","United States",1228
2011,"04","10","Uruguay",85
2011,"04","17","Argentina",99
2011,"04","17","Australia",170
2011,"04","17","Austria",501
2011,"04","17","Belgium",31
2011,"04","17","Bolivia",233
2011,"04","17","Brazil",178
2011,"04","17","Bulgaria",280
2011,"04","17","Canada",1097
2011,"04","17","Chile",5
2011,"04","17","France",4
2011,"04","17","Germany",465
2011,"04","17","Hungary",40
2011,"04","17","Japan",72
2011,"04","17","Mexico",746
2011,"04","17","Netherlands",15
2011,"04","17","New Zealand",19
2011,"04","17","Norway",18
2011,"04","17","Paraguay",255
2011,"04","17","Peru",152
2011,"04","17","Poland",23
2011,"04","17","Romania",617
2011,"04","17","Russia",396
2011,"04","17","South Africa",2216
2011,"04","17","Spain",6
2011,"04","17","Sweden",2
2011,"04","17","Switzerland",11
2011,"04","17","Ukraine",310
2011,"04","17","United States",1126
2011,"04","17","Uruguay",75
2011,"04","24","Argentina",115
2011,"04","24","Australia",192
2011,"04","24","Austria",499
2011,"04","24","Belgium",32
2011,"04","24","Bolivia",253
2011,"04","24","Brazil",204
2011,"04","24","Bulgaria",285
2011,"04","24","Canada",1011
2011,"04","24","Chile",6
2011,"04","24","France",3
2011,"04","24","Germany",398
2011,"04","24","Hungary",38
2011,"04","24","Japan",78
2011,"04","24","Mexico",735
2011,"04","24","Netherlands",12
2011,"04","24","New Zealand",18
2011,"04","24","Norway",20
2011,"04","24","Paraguay",255
2011,"04","24","Peru",163
2011,"04","24","Poland",21
2011,"04","24","Romania",614
2011,"04","24","Russia",378
2011,"04","24","South Africa",2532
2011,"04","24","Spain",6
2011,"04","24","Sweden",1
2011,"04","24","Switzerland",7
2011,"04","24","Ukraine",293
2011,"04","24","United States",1055
2011,"04","24","Uruguay",75
2011,"05","01","Argentina",120
2011,"05","01","Australia",244
2011,"05","01","Austria",464
2011,"05","01","Belgium",26
2011,"05","01","Bolivia",279
2011,"05","01","Brazil",211
2011,"05","01","Bulgaria",295
2011,"05","01","Canada",879
2011,"05","01","Chile",6
2011,"05","01","France",3
2011,"05","01","Germany",383
2011,"05","01","Hungary",31
2011,"05","01","Japan",52
2011,"05","01","Mexico",736
2011,"05","01","Netherlands",11
2011,"05","01","New Zealand",22
2011,"05","01","Norway",20
2011,"05","01","Paraguay",252
2011,"05","01","Peru",162
2011,"05","01","Poland",19
2011,"05","01","Romania",602
2011,"05","01","Russia",377
2011,"05","01","South Africa",2700
2011,"05","01","Spain",6
2011,"05","01","Sweden",1
2011,"05","01","Switzerland",9
2011,"05","01","Ukraine",267
2011,"05","01","United States",1013
2011,"05","01","Uruguay",73
2011,"05","08","Argentina",126
2011,"05","08","Australia",275
2011,"05","08","Austria",443
2011,"05","08","Belgium",24
2011,"05","08","Bolivia",291
2011,"05","08","Brazil",224
2011,"05","08","Bulgaria",318
2011,"05","08","Canada",766
2011,"05","08","Chile",7
2011,"05","08","France",2
2011,"05","08","Germany",327
2011,"05","08","Hungary",31
2011,"05","08","Japan",29
2011,"05","08","Mexico",675
2011,"05","08","Netherlands",13
2011,"05","08","New Zealand",23
2011,"05","08","Norway",18
2011,"05","08","Paraguay",225
2011,"05","08","Peru",169
2011,"05","08","Poland",17
2011,"05","08","Romania",589
2011,"05","08","Russia",345
2011,"05","08","South Africa",3095
2011,"05","08","Spain",6
2011,"05","08","Sweden",1
2011,"05","08","Switzerland",6
2011,"05","08","Ukraine",245
2011,"05","08","United States",965
2011,"05","08","Uruguay",84
2011,"05","15","Argentina",134
2011,"05","15","Australia",315
2011,"05","15","Austria",482
2011,"05","15","Belgium",25
2011,"05","15","Bolivia",297
2011,"05","15","Brazil",234
2011,"05","15","Bulgaria",303
2011,"05","15","Canada",775
2011,"05","15","Chile",9
2011,"05","15","France",2
2011,"05","15","Germany",328
2011,"05","15","Hungary",29
2011,"05","15","Japan",19
2011,"05","15","Mexico",708
2011,"05","15","Netherlands",13
2011,"05","15","New Zealand",24
2011,"05","15","Norway",27
2011,"05","15","Paraguay",212
2011,"05","15","Peru",185
2011,"05","15","Poland",16
2011,"05","15","Romania",577
2011,"05","15","Russia",317
2011,"05","15","South Africa",3052
2011,"05","15","Spain",6
2011,"05","15","Sweden",1
2011,"05","15","Switzerland",8
2011,"05","15","Ukraine",236
2011,"05","15","United States",937
2011,"05","15","Uruguay",97
2011,"05","22","Argentina",137
2011,"05","22","Australia",299
2011,"05","22","Austria",414
2011,"05","22","Belgium",23
2011,"05","22","Bolivia",314
2011,"05","22","Brazil",239
2011,"05","22","Bulgaria",273
2011,"05","22","Canada",683
2011,"05","22","Chile",8
2011,"05","22","France",2
2011,"05","22","Germany",321
2011,"05","22","Hungary",30
2011,"05","22","Japan",14
2011,"05","22","Mexico",683
2011,"05","22","Netherlands",13
2011,"05","22","New Zealand",28
2011,"05","22","Norway",40
2011,"05","22","Paraguay",230
2011,"05","22","Peru",182
2011,"05","22","Poland",14
2011,"05","22","Romania",584
2011,"05","22","Russia",275
2011,"05","22","South Africa",3226
2011,"05","22","Spain",5
2011,"05","22","Sweden",1
2011,"05","22","Switzerland",8
2011,"05","22","Ukraine",217
2011,"05","22","United States",882
2011,"05","22","Uruguay",117
2011,"05","29","Argentina",154
2011,"05","29","Australia",349
2011,"05","29","Austria",390
2011,"05","29","Belgium",21
2011,"05","29","Bolivia",272
2011,"05","29","Brazil",239
2011,"05","29","Bulgaria",277
2011,"05","29","Canada",625
2011,"05","29","Chile",10
2011,"05","29","France",2
2011,"05","29","Germany",284
2011,"05","29","Hungary",28
2011,"05","29","Japan",11
2011,"05","29","Mexico",669
2011,"05","29","Netherlands",12
2011,"05","29","New Zealand",34
2011,"05","29","Norway",34
2011,"05","29","Paraguay",231
2011,"05","29","Peru",175
2011,"05","29","Poland",14
2011,"05","29","Romania",583
2011,"05","29","Russia",239
2011,"05","29","South Africa",3719
2011,"05","29","Spain",5
2011,"05","29","Sweden",1
2011,"05","29","Switzerland",6
2011,"05","29","Ukraine",196
2011,"05","29","United States",859
2011,"05","29","Uruguay",109
2011,"06","05","Argentina",162
2011,"06","05","Australia",364
2011,"06","05","Austria",401
2011,"06","05","Belgium",17
2011,"06","05","Bolivia",291
2011,"06","05","Brazil",222
2011,"06","05","Bulgaria",249
2011,"06","05","Canada",606
2011,"06","05","Chile",10
2011,"06","05","France",3
2011,"06","05","Germany",287
2011,"06","05","Hungary",23
2011,"06","05","Japan",7
2011,"06","05","Mexico",675
2011,"06","05","Netherlands",12
2011,"06","05","New Zealand",45
2011,"06","05","Norway",35
2011,"06","05","Paraguay",237
2011,"06","05","Peru",167
2011,"06","05","Poland",12
2011,"06","05","Romania",566
2011,"06","05","Russia",200
2011,"06","05","South Africa",4046
2011,"06","05","Spain",5
2011,"06","05","Sweden",1
2011,"06","05","Switzerland",6
2011,"06","05","Ukraine",181
2011,"06","05","United States",811
2011,"06","05","Uruguay",103
2011,"06","12","Argentina",173
2011,"06","12","Australia",381
2011,"06","12","Austria",390
2011,"06","12","Belgium",16
2011,"06","12","Bolivia",291
2011,"06","12","Brazil",226
2011,"06","12","Bulgaria",227
2011,"06","12","Canada",518
2011,"06","12","Chile",10
2011,"06","12","France",2
2011,"06","12","Germany",265
2011,"06","12","Hungary",25
2011,"06","12","Japan",6
2011,"06","12","Mexico",630
2011,"06","12","Netherlands",11
2011,"06","12","New Zealand",42
2011,"06","12","Norway",21
2011,"06","12","Paraguay",234
2011,"06","12","Peru",172
2011,"06","12","Poland",11
2011,"06","12","Romania",532
2011,"06","12","Russia",175
2011,"06","12","South Africa",4060
2011,"06","12","Spain",5
2011,"06","12","Sweden",1
2011,"06","12","Switzerland",6
2011,"06","12","Ukraine",182
2011,"06","12","United States",744
2011,"06","12","Uruguay",113
2011,"06","19","Argentina",160
2011,"06","19","Australia",503
2011,"06","19","Austria",352
2011,"06","19","Belgium",13
2011,"06","19","Bolivia",262
2011,"06","19","Brazil",202
2011,"06","19","Bulgaria",234
2011,"06","19","Canada",476
2011,"06","19","Chile",12
2011,"06","19","France",2
2011,"06","19","Germany",272
2011,"06","19","Hungary",26
2011,"06","19","Japan",4
2011,"06","19","Mexico",555
2011,"06","19","Netherlands",13
2011,"06","19","New Zealand",46
2011,"06","19","Norway",21
2011,"06","19","Paraguay",226
2011,"06","19","Peru",168
2011,"06","19","Poland",10
2011,"06","19","Romania",522
2011,"06","19","Russia",157
2011,"06","19","South Africa",3679
2011,"06","19","Spain",4
2011,"06","19","Sweden",1
2011,"06","19","Switzerland",5
2011,"06","19","Ukraine",170
2011,"06","19","United States",714
2011,"06","19","Uruguay",111
2011,"06","26","Argentina",179
2011,"06","26","Australia",422
2011,"06","26","Austria",381
2011,"06","26","Belgium",9
2011,"06","26","Bolivia",249
2011,"06","26","Brazil",195
2011,"06","26","Bulgaria",219
2011,"06","26","Canada",410
2011,"06","26","Chile",10
2011,"06","26","France",2
2011,"06","26","Germany",269
2011,"06","26","Hungary",24
2011,"06","26","Japan",4
2011,"06","26","Mexico",542
2011,"06","26","Netherlands",11
2011,"06","26","New Zealand",51
2011,"06","26","Norway",20
2011,"06","26","Paraguay",228
2011,"06","26","Peru",160
2011,"06","26","Poland",10
2011,"06","26","Romania",503
2011,"06","26","Russia",172
2011,"06","26","South Africa",2971
2011,"06","26","Spain",3
2011,"06","26","Sweden",0
2011,"06","26","Switzerland",5
2011,"06","26","Ukraine",180
2011,"06","26","United States",651
2011,"06","26","Uruguay",115
2011,"07","03","Argentina",190
2011,"07","03","Australia",356
2011,"07","03","Austria",362
2011,"07","03","Belgium",11
2011,"07","03","Bolivia",223
2011,"07","03","Brazil",181
2011,"07","03","Bulgaria",188
2011,"07","03","Canada",409
2011,"07","03","Chile",9
2011,"07","03","France",2
2011,"07","03","Germany",295
2011,"07","03","Hungary",21
2011,"07","03","Japan",4
2011,"07","03","Mexico",578
2011,"07","03","Netherlands",12
2011,"07","03","New Zealand",60
2011,"07","03","Norway",24
2011,"07","03","Paraguay",215
2011,"07","03","Peru",156
2011,"07","03","Poland",9
2011,"07","03","Romania",494
2011,"07","03","Russia",157
2011,"07","03","South Africa",3197
2011,"07","03","Spain",2
2011,"07","03","Sweden",1
2011,"07","03","Switzerland",6
2011,"07","03","Ukraine",175
2011,"07","03","United States",639
2011,"07","03","Uruguay",131
2011,"07","10","Argentina",189
2011,"07","10","Australia",356
2011,"07","10","Austria",357
2011,"07","10","Belgium",11
2011,"07","10","Bolivia",191
2011,"07","10","Brazil",175
2011,"07","10","Bulgaria",163
2011,"07","10","Canada",354
2011,"07","10","Chile",10
2011,"07","10","France",2
2011,"07","10","Germany",280
2011,"07","10","Hungary",21
2011,"07","10","Japan",4
2011,"07","10","Mexico",600
2011,"07","10","Netherlands",11
2011,"07","10","New Zealand",71
2011,"07","10","Norway",22
2011,"07","10","Paraguay",217
2011,"07","10","Peru",150
2011,"07","10","Poland",8
2011,"07","10","Romania",492
2011,"07","10","Russia",151
2011,"07","10","South Africa",3161
2011,"07","10","Spain",3
2011,"07","10","Sweden",1
2011,"07","10","Switzerland",5
2011,"07","10","Ukraine",187
2011,"07","10","United States",626
2011,"07","10","Uruguay",138
2011,"07","17","Argentina",165
2011,"07","17","Australia",381
2011,"07","17","Austria",363
2011,"07","17","Belgium",10
2011,"07","17","Bolivia",185
2011,"07","17","Brazil",159
2011,"07","17","Bulgaria",158
2011,"07","17","Canada",332
2011,"07","17","Chile",10
2011,"07","17","France",2
2011,"07","17","Germany",282
2011,"07","17","Hungary",21
2011,"07","17","Japan",3
2011,"07","17","Mexico",594
2011,"07","17","Netherlands",11
2011,"07","17","New Zealand",65
2011,"07","17","Norway",19
2011,"07","17","Paraguay",204
2011,"07","17","Peru",139
2011,"07","17","Poland",8
2011,"07","17","Romania",480
2011,"07","17","Russia",155
2011,"07","17","South Africa",3143
2011,"07","17","Spain",2
2011,"07","17","Sweden",1
2011,"07","17","Switzerland",4
2011,"07","17","Ukraine",173
2011,"07","17","United States",610
2011,"07","17","Uruguay",129
2011,"07","24","Argentina",146
2011,"07","24","Australia",391
2011,"07","24","Austria",345
2011,"07","24","Belgium",10
2011,"07","24","Bolivia",231
2011,"07","24","Brazil",150
2011,"07","24","Bulgaria",164
2011,"07","24","Canada",243
2011,"07","24","Chile",12
2011,"07","24","France",2
2011,"07","24","Germany",286
2011,"07","24","Hungary",20
2011,"07","24","Japan",3
2011,"07","24","Mexico",612
2011,"07","24","Netherlands",10
2011,"07","24","New Zealand",68
2011,"07","24","Norway",15
2011,"07","24","Paraguay",187
2011,"07","24","Peru",118
2011,"07","24","Poland",7
2011,"07","24","Romania",464
2011,"07","24","Russia",144
2011,"07","24","South Africa",3078
2011,"07","24","Spain",2
2011,"07","24","Sweden",0
2011,"07","24","Switzerland",5
2011,"07","24","Ukraine",191
2011,"07","24","United States",604
2011,"07","24","Uruguay",144
2011,"07","31","Argentina",144
2011,"07","31","Australia",442
2011,"07","31","Austria",335
2011,"07","31","Belgium",9
2011,"07","31","Bolivia",209
2011,"07","31","Brazil",151
2011,"07","31","Bulgaria",165
2011,"07","31","Canada",323
2011,"07","31","Chile",15
2011,"07","31","France",2
2011,"07","31","Germany",298
2011,"07","31","Hungary",18
2011,"07","31","Japan",3
2011,"07","31","Mexico",581
2011,"07","31","Netherlands",10
2011,"07","31","New Zealand",76
2011,"07","31","Norway",20
2011,"07","31","Paraguay",183
2011,"07","31","Peru",129
2011,"07","31","Poland",7
2011,"07","31","Romania",467
2011,"07","31","Russia",170
2011,"07","31","South Africa",2886
2011,"07","31","Spain",3
2011,"07","31","Sweden",1
2011,"07","31","Switzerland",5
2011,"07","31","Ukraine",214
2011,"07","31","United States",597
2011,"07","31","Uruguay",175
2011,"08","07","Argentina",140
2011,"08","07","Australia",397
2011,"08","07","Austria",291
2011,"08","07","Belgium",7
2011,"08","07","Bolivia",223
2011,"08","07","Brazil",159
2011,"08","07","Bulgaria",162
2011,"08","07","Canada",180
2011,"08","07","Chile",20
2011,"08","07","France",2
2011,"08","07","Germany",297
2011,"08","07","Hungary",20
2011,"08","07","Japan",3
2011,"08","07","Mexico",494
2011,"08","07","Netherlands",10
2011,"08","07","New Zealand",65
2011,"08","07","Norway",20
2011,"08","07","Paraguay",186
2011,"08","07","Peru",137
2011,"08","07","Poland",7
2011,"08","07","Romania",481
2011,"08","07","Russia",189
2011,"08","07","South Africa",3043
2011,"08","07","Spain",2
2011,"08","07","Sweden",1
2011,"08","07","Switzerland",4
2011,"08","07","Ukraine",221
2011,"08","07","United States",616
2011,"08","07","Uruguay",174
2011,"08","14","Argentina",134
2011,"08","14","Australia",332
2011,"08","14","Austria",311
2011,"08","14","Belgium",7
2011,"08","14","Bolivia",244
2011,"08","14","Brazil",171
2011,"08","14","Bulgaria",142
2011,"08","14","Canada",231
2011,"08","14","Chile",17
2011,"08","14","France",2
2011,"08","14","Germany",263
2011,"08","14","Hungary",25
2011,"08","14","Japan",3
2011,"08","14","Mexico",510
2011,"08","14","Netherlands",12
2011,"08","14","New Zealand",62
2011,"08","14","Norway",23
2011,"08","14","Paraguay",186
2011,"08","14","Peru",154
2011,"08","14","Poland",7
2011,"08","14","Romania",473
2011,"08","14","Russia",176
2011,"08","14","South Africa",3051
2011,"08","14","Spain",3
2011,"08","14","Sweden",1
2011,"08","14","Switzerland",4
2011,"08","14","Ukraine",241
2011,"08","14","United States",634
2011,"08","14","Uruguay",153
2011,"08","21","Argentina",152
2011,"08","21","Australia",291
2011,"08","21","Austria",301
2011,"08","21","Belgium",8
2011,"08","21","Bolivia",259
2011,"08","21","Brazil",173
2011,"08","21","Bulgaria",128
2011,"08","21","Canada",211
2011,"08","21","Chile",13
2011,"08","21","France",2
2011,"08","21","Germany",256
2011,"08","21","Hungary",29
2011,"08","21","Japan",3
2011,"08","21","Mexico",492
2011,"08","21","Netherlands",13
2011,"08","21","New Zealand",82
2011,"08","21","Norway",25
2011,"08","21","Paraguay",198
2011,"08","21","Peru",181
2011,"08","21","Poland",7
2011,"08","21","Romania",472
2011,"08","21","Russia",193
2011,"08","21","South Africa",2641
2011,"08","21","Spain",4
2011,"08","21","Sweden",1
2011,"08","21","Switzerland",3
2011,"08","21","Ukraine",283
2011,"08","21","United States",717
2011,"08","21","Uruguay",150
2011,"08","28","Argentina",147
2011,"08","28","Australia",302
2011,"08","28","Austria",320
2011,"08","28","Belgium",9
2011,"08","28","Bolivia",271
2011,"08","28","Brazil",171
2011,"08","28","Bulgaria",124
2011,"08","28","Canada",238
2011,"08","28","Chile",10
2011,"08","28","France",2
2011,"08","28","Germany",316
2011,"08","28","Hungary",27
2011,"08","28","Japan",3
2011,"08","28","Mexico",543
2011,"08","28","Netherlands",14
2011,"08","28","New Zealand",69
2011,"08","28","Norway",29
2011,"08","28","Paraguay",206
2011,"08","28","Peru",157
2011,"08","28","Poland",6
2011,"08","28","Romania",483
2011,"08","28","Russia",229
2011,"08","28","South Africa",2468
2011,"08","28","Spain",3
2011,"08","28","Sweden",1
2011,"08","28","Switzerland",4
2011,"08","28","Ukraine",307
2011,"08","28","United States",821
2011,"08","28","Uruguay",147
2011,"09","04","Argentina",145
2011,"09","04","Australia",273
2011,"09","04","Austria",318
2011,"09","04","Belgium",12
2011,"09","04","Bolivia",253
2011,"09","04","Brazil",165
2011,"09","04","Bulgaria",112
2011,"09","04","Canada",372
2011,"09","04","Chile",8
2011,"09","04","France",2
2011,"09","04","Germany",352
2011,"09","04","Hungary",27
2011,"09","04","Japan",4
2011,"09","04","Mexico",638
2011,"09","04","Netherlands",15
2011,"09","04","New Zealand",57
2011,"09","04","Norway",48
2011,"09","04","Paraguay",194
2011,"09","04","Peru",182
2011,"09","04","Poland",7
2011,"09","04","Romania",487
2011,"09","04","Russia",319
2011,"09","04","South Africa",2757
2011,"09","04","Spain",4
2011,"09","04","Sweden",1
2011,"09","04","Switzerland",7
2011,"09","04","Ukraine",340
2011,"09","04","United States",951
2011,"09","04","Uruguay",141
2011,"09","11","Argentina",116
2011,"09","11","Australia",261
2011,"09","11","Austria",327
2011,"09","11","Belgium",17
2011,"09","11","Bolivia",252
2011,"09","11","Brazil",158
2011,"09","11","Bulgaria",113
2011,"09","11","Canada",476
2011,"09","11","Chile",5
2011,"09","11","France",4
2011,"09","11","Germany",396
2011,"09","11","Hungary",36
2011,"09","11","Japan",4
2011,"09","11","Mexico",657
2011,"09","11","Netherlands",16
2011,"09","11","New Zealand",45
2011,"09","11","Norway",35
2011,"09","11","Paraguay",182
2011,"09","11","Peru",162
2011,"09","11","Poland",8
2011,"09","11","Romania",499
2011,"09","11","Russia",415
2011,"09","11","South Africa",2773
2011,"09","11","Spain",4
2011,"09","11","Sweden",1
2011,"09","11","Switzerland",8
2011,"09","11","Ukraine",381
2011,"09","11","United States",1127
2011,"09","11","Uruguay",122
2011,"09","18","Argentina",100
2011,"09","18","Australia",266
2011,"09","18","Austria",423
2011,"09","18","Belgium",36
2011,"09","18","Bolivia",224
2011,"09","18","Brazil",154
2011,"09","18","Bulgaria",117
2011,"09","18","Canada",764
2011,"09","18","Chile",6
2011,"09","18","France",12
2011,"09","18","Germany",506
2011,"09","18","Hungary",43
2011,"09","18","Japan",4
2011,"09","18","Mexico",709
2011,"09","18","Netherlands",23
2011,"09","18","New Zealand",52
2011,"09","18","Norway",44
2011,"09","18","Paraguay",175
2011,"09","18","Peru",142
2011,"09","18","Poland",12
2011,"09","18","Romania",516
2011,"09","18","Russia",510
2011,"09","18","South Africa",2588
2011,"09","18","Spain",5
2011,"09","18","Sweden",1
2011,"09","18","Switzerland",10
2011,"09","18","Ukraine",435
2011,"09","18","United States",1343
2011,"09","18","Uruguay",105
2011,"09","25","Argentina",95
2011,"09","25","Australia",296
2011,"09","25","Austria",549
2011,"09","25","Belgium",40
2011,"09","25","Bolivia",202
2011,"09","25","Brazil",145
2011,"09","25","Bulgaria",132
2011,"09","25","Canada",1030
2011,"09","25","Chile",4
2011,"09","25","France",17
2011,"09","25","Germany",599
2011,"09","25","Hungary",43
2011,"09","25","Japan",6
2011,"09","25","Mexico",777
2011,"09","25","Netherlands",24
2011,"09","25","New Zealand",65
2011,"09","25","Norway",64
2011,"09","25","Paraguay",172
2011,"09","25","Peru",137
2011,"09","25","Poland",25
2011,"09","25","Romania",586
2011,"09","25","Russia",538
2011,"09","25","South Africa",2724
2011,"09","25","Spain",11
2011,"09","25","Sweden",2
2011,"09","25","Switzerland",17
2011,"09","25","Ukraine",426
2011,"09","25","United States",1521
2011,"09","25","Uruguay",92
2011,"10","02","Argentina",88
2011,"10","02","Australia",246
2011,"10","02","Austria",564
2011,"10","02","Belgium",45
2011,"10","02","Bolivia",193
2011,"10","02","Brazil",132
2011,"10","02","Bulgaria",188
2011,"10","02","Canada",1120
2011,"10","02","Chile",3
2011,"10","02","France",18
2011,"10","02","Germany",611
2011,"10","02","Hungary",47
2011,"10","02","Japan",11
2011,"10","02","Mexico",807
2011,"10","02","Netherlands",21
2011,"10","02","New Zealand",50
2011,"10","02","Norway",53
2011,"10","02","Paraguay",156
2011,"10","02","Peru",132
2011,"10","02","Poland",31
2011,"10","02","Romania",679
2011,"10","02","Russia",500
2011,"10","02","South Africa",2526
2011,"10","02","Spain",14
2011,"10","02","Sweden",2
2011,"10","02","Switzerland",14
2011,"10","02","Ukraine",405
2011,"10","02","United States",1587
2011,"10","02","Uruguay",90
2011,"10","09","Argentina",81
2011,"10","09","Australia",274
2011,"10","09","Austria",644
2011,"10","09","Belgium",55
2011,"10","09","Bolivia",192
2011,"10","09","Brazil",123
2011,"10","09","Bulgaria",271
2011,"10","09","Canada",1248
2011,"10","09","Chile",4
2011,"10","09","France",22
2011,"10","09","Germany",726
2011,"10","09","Hungary",48
2011,"10","09","Japan",11
2011,"10","09","Mexico",822
2011,"10","09","Netherlands",23
2011,"10","09","New Zealand",36
2011,"10","09","Norway",52
2011,"10","09","Paraguay",145
2011,"10","09","Peru",124
2011,"10","09","Poland",30
2011,"10","09","Romania",722
2011,"10","09","Russia",458
2011,"10","09","South Africa",2359
2011,"10","09","Spain",13
2011,"10","09","Sweden",2
2011,"10","09","Switzerland",15
2011,"10","09","Ukraine",410
2011,"10","09","United States",1640
2011,"10","09","Uruguay",81
2011,"10","16","Argentina",89
2011,"10","16","Australia",285
2011,"10","16","Austria",750
2011,"10","16","Belgium",62
2011,"10","16","Bolivia",204
2011,"10","16","Brazil",136
2011,"10","16","Bulgaria",335
2011,"10","16","Canada",1467
2011,"10","16","Chile",4
2011,"10","16","France",30
2011,"10","16","Germany",817
2011,"10","16","Hungary",52
2011,"10","16","Japan",16
2011,"10","16","Mexico",962
2011,"10","16","Netherlands",30
2011,"10","16","New Zealand",34
2011,"10","16","Norway",53
2011,"10","16","Paraguay",145
2011,"10","16","Peru",131
2011,"10","16","Poland",28
2011,"10","16","Romania",758
2011,"10","16","Russia",467
2011,"10","16","South Africa",2108
2011,"10","16","Spain",19
2011,"10","16","Sweden",3
2011,"10","16","Switzerland",21
2011,"10","16","Ukraine",458
2011,"10","16","United States",1608
2011,"10","16","Uruguay",78
2011,"10","23","Argentina",91
2011,"10","23","Australia",266
2011,"10","23","Austria",674
2011,"10","23","Belgium",82
2011,"10","23","Bolivia",206
2011,"10","23","Brazil",136
2011,"10","23","Bulgaria",343
2011,"10","23","Canada",1679
2011,"10","23","Chile",4
2011,"10","23","France",28
2011,"10","23","Germany",806
2011,"10","23","Hungary",48
2011,"10","23","Japan",22
2011,"10","23","Mexico",1020
2011,"10","23","Netherlands",33
2011,"10","23","New Zealand",25
2011,"10","23","Norway",52
2011,"10","23","Paraguay",138
2011,"10","23","Peru",129
2011,"10","23","Poland",27
2011,"10","23","Romania",675
2011,"10","23","Russia",450
2011,"10","23","South Africa",2089
2011,"10","23","Spain",15
2011,"10","23","Sweden",3
2011,"10","23","Switzerland",21
2011,"10","23","Ukraine",480
2011,"10","23","United States",1638
2011,"10","23","Uruguay",77
2011,"10","30","Argentina",92
2011,"10","30","Australia",246
2011,"10","30","Austria",669
2011,"10","30","Belgium",51
2011,"10","30","Bolivia",200
2011,"10","30","Brazil",141
2011,"10","30","Bulgaria",397
2011,"10","30","Canada",1926
2011,"10","30","Chile",3
2011,"10","30","France",25
2011,"10","30","Germany",753
2011,"10","30","Hungary",43
2011,"10","30","Japan",24
2011,"10","30","Mexico",1067
2011,"10","30","Netherlands",36
2011,"10","30","New Zealand",24
2011,"10","30","Norway",52
2011,"10","30","Paraguay",146
2011,"10","30","Peru",128
2011,"10","30","Poland",29
2011,"10","30","Romania",655
2011,"10","30","Russia",456
2011,"10","30","South Africa",1933
2011,"10","30","Spain",14
2011,"10","30","Sweden",3
2011,"10","30","Switzerland",26
2011,"10","30","Ukraine",475
2011,"10","30","United States",1788
2011,"10","30","Uruguay",75
2011,"11","06","Argentina",85
2011,"11","06","Australia",235
2011,"11","06","Austria",712
2011,"11","06","Belgium",59
2011,"11","06","Bolivia",191
2011,"11","06","Brazil",141
2011,"11","06","Bulgaria",441
2011,"11","06","Canada",1919
2011,"11","06","Chile",4
2011,"11","06","France",25
2011,"11","06","Germany",866
2011,"11","06","Hungary",47
2011,"11","06","Japan",30
2011,"11","06","Mexico",1093
2011,"11","06","Netherlands",44
2011,"11","06","New Zealand",20
2011,"11","06","Norway",72
2011,"11","06","Paraguay",151
2011,"11","06","Peru",128
2011,"11","06","Poland",28
2011,"11","06","Romania",647
2011,"11","06","Russia",428
2011,"11","06","South Africa",2028
2011,"11","06","Spain",16
2011,"11","06","Sweden",4
2011,"11","06","Switzerland",28
2011,"11","06","Ukraine",466
2011,"11","06","United States",1797
2011,"11","06","Uruguay",73
2011,"11","13","Argentina",85
2011,"11","13","Australia",220
2011,"11","13","Austria",713
2011,"11","13","Belgium",82
2011,"11","13","Bolivia",201
2011,"11","13","Brazil",132
2011,"11","13","Bulgaria",449
2011,"11","13","Canada",1950
2011,"11","13","Chile",4
2011,"11","13","France",39
2011,"11","13","Germany",909
2011,"11","13","Hungary",53
2011,"11","13","Japan",37
2011,"11","13","Mexico",1056
2011,"11","13","Netherlands",43
2011,"11","13","New Zealand",15
2011,"11","13","Norway",64
2011,"11","13","Paraguay",149
2011,"11","13","Peru",118
2011,"11","13","Poland",28
2011,"11","13","Romania",653
2011,"11","13","Russia",394
2011,"11","13","South Africa",1790
2011,"11","13","Spain",16
2011,"11","13","Sweden",4
2011,"11","13","Switzerland",33
2011,"11","13","Ukraine",469
2011,"11","13","United States",1880
2011,"11","13","Uruguay",71
2011,"11","20","Argentina",77
2011,"11","20","Australia",202
2011,"11","20","Austria",806
2011,"11","20","Belgium",88
2011,"11","20","Bolivia",186
2011,"11","20","Brazil",133
2011,"11","20","Bulgaria",430
2011,"11","20","Canada",1957
2011,"11","20","Chile",3
2011,"11","20","France",47
2011,"11","20","Germany",921
2011,"11","20","Hungary",54
2011,"11","20","Japan",42
2011,"11","20","Mexico",1036
2011,"11","20","Netherlands",49
2011,"11","20","New Zealand",17
2011,"11","20","Norway",77
2011,"11","20","Paraguay",145
2011,"11","20","Peru",118
2011,"11","20","Poland",27
2011,"11","20","Romania",649
2011,"11","20","Russia",414
2011,"11","20","South Africa",1622
2011,"11","20","Spain",18
2011,"11","20","Sweden",3
2011,"11","20","Switzerland",35
2011,"11","20","Ukraine",503
2011,"11","20","United States",1785
2011,"11","20","Uruguay",66
2011,"11","27","Argentina",68
2011,"11","27","Australia",189
2011,"11","27","Austria",865
2011,"11","27","Belgium",96
2011,"11","27","Bolivia",157
2011,"11","27","Brazil",120
2011,"11","27","Bulgaria",468
2011,"11","27","Canada",1920
2011,"11","27","Chile",4
2011,"11","27","France",53
2011,"11","27","Germany",929
2011,"11","27","Hungary",66
2011,"11","27","Japan",48
2011,"11","27","Mexico",1115
2011,"11","27","Netherlands",46
2011,"11","27","New Zealand",18
2011,"11","27","Norway",80
2011,"11","27","Paraguay",132
2011,"11","27","Peru",123
2011,"11","27","Poland",28
2011,"11","27","Romania",624
2011,"11","27","Russia",420
2011,"11","27","South Africa",1695
2011,"11","27","Spain",19
2011,"11","27","Sweden",4
2011,"11","27","Switzerland",37
2011,"11","27","Ukraine",491
2011,"11","27","United States",2033
2011,"11","27","Uruguay",64
2011,"12","04","Argentina",62
2011,"12","04","Australia",188
2011,"12","04","Austria",782
2011,"12","04","Belgium",109
2011,"12","04","Bolivia",150
2011,"12","04","Brazil",114
2011,"12","04","Bulgaria",460
2011,"12","04","Canada",2035
2011,"12","04","Chile",3
2011,"12","04","France",59
2011,"12","04","Germany",924
2011,"12","04","Hungary",61
2011,"12","04","Japan",62
2011,"12","04","Mexico",1184
2011,"12","04","Netherlands",43
2011,"12","04","New Zealand",12
2011,"12","04","Norway",70
2011,"12","04","Paraguay",129
2011,"12","04","Peru",114
2011,"12","04","Poland",29
2011,"12","04","Romania",627
2011,"12","04","Russia",368
2011,"12","04","South Africa",1973
2011,"12","04","Spain",21
2011,"12","04","Sweden",4
2011,"12","04","Switzerland",36
2011,"12","04","Ukraine",446
2011,"12","04","United States",1981
2011,"12","04","Uruguay",60
2011,"12","11","Argentina",62
2011,"12","11","Australia",177
2011,"12","11","Austria",888
2011,"12","11","Belgium",93
2011,"12","11","Bolivia",139
2011,"12","11","Brazil",110
2011,"12","11","Bulgaria",473
2011,"12","11","Canada",2269
2011,"12","11","Chile",3
2011,"12","11","France",62
2011,"12","11","Germany",933
2011,"12","11","Hungary",63
2011,"12","11","Japan",88
2011,"12","11","Mexico",1283
2011,"12","11","Netherlands",44
2011,"12","11","New Zealand",12
2011,"12","11","Norway",93
2011,"12","11","Paraguay",117
2011,"12","11","Peru",103
2011,"12","11","Poland",33
2011,"12","11","Romania",611
2011,"12","11","Russia",463
2011,"12","11","South Africa",1956
2011,"12","11","Spain",22
2011,"12","11","Sweden",4
2011,"12","11","Switzerland",38
2011,"12","11","Ukraine",394
2011,"12","11","United States",2094
2011,"12","11","Uruguay",55
2011,"12","18","Argentina",56
2011,"12","18","Australia",207
2011,"12","18","Austria",829
2011,"12","18","Belgium",80
2011,"12","18","Bolivia",122
2011,"12","18","Brazil",101
2011,"12","18","Bulgaria",444
2011,"12","18","Canada",2450
2011,"12","18","Chile",2
2011,"12","18","France",61
2011,"12","18","Germany",914
2011,"12","18","Hungary",50
2011,"12","18","Japan",135
2011,"12","18","Mexico",1359
2011,"12","18","Netherlands",37
2011,"12","18","New Zealand",15
2011,"12","18","Norway",66
2011,"12","18","Paraguay",107
2011,"12","18","Peru",87
2011,"12","18","Poland",32
2011,"12","18","Romania",600
2011,"12","18","Russia",422
2011,"12","18","South Africa",1973
2011,"12","18","Spain",18
2011,"12","18","Sweden",3
2011,"12","18","Switzerland",42
2011,"12","18","Ukraine",380
2011,"12","18","United States",2370
2011,"12","18","Uruguay",54
2011,"12","25","Argentina",57
2011,"12","25","Australia",141
2011,"12","25","Austria",850
2011,"12","25","Belgium",80
2011,"12","25","Bolivia",117
2011,"12","25","Brazil",97
2011,"12","25","Bulgaria",460
2011,"12","25","Canada",2988
2011,"12","25","Chile",3
2011,"12","25","France",71
2011,"12","25","Germany",920
2011,"12","25","Hungary",47
2011,"12","25","Japan",169
2011,"12","25","Mexico",1473
2011,"12","25","Netherlands",37
2011,"12","25","New Zealand",18
2011,"12","25","Norway",84
2011,"12","25","Paraguay",99
2011,"12","25","Peru",86
2011,"12","25","Poland",31
2011,"12","25","Romania",604
2011,"12","25","Russia",433
2011,"12","25","South Africa",2034
2011,"12","25","Spain",45
2011,"12","25","Sweden",5
2011,"12","25","Switzerland",48
2011,"12","25","Ukraine",380
2011,"12","25","United States",2741
2011,"12","25","Uruguay",53
2012,"01","01","Argentina",58
2012,"01","01","Australia",156
2012,"01","01","Austria",819
2012,"01","01","Belgium",68
2012,"01","01","Bolivia",105
2012,"01","01","Brazil",100
2012,"01","01","Bulgaria",497
2012,"01","01","Canada",2816
2012,"01","01","Chile",3
2012,"01","01","France",71
2012,"01","01","Germany",892
2012,"01","01","Hungary",60
2012,"01","01","Japan",222
2012,"01","01","Mexico",1362
2012,"01","01","Netherlands",35
2012,"01","01","New Zealand",14
2012,"01","01","Norway",136
2012,"01","01","Paraguay",97
2012,"01","01","Peru",97
2012,"01","01","Poland",31
2012,"01","01","Romania",630
2012,"01","01","Russia",474
2012,"01","01","South Africa",2017
2012,"01","01","Spain",53
2012,"01","01","Sweden",4
2012,"01","01","Switzerland",40
2012,"01","01","Ukraine",360
2012,"01","01","United States",2860
2012,"01","01","Uruguay",52
2012,"01","08","Argentina",55
2012,"01","08","Australia",122
2012,"01","08","Austria",817
2012,"01","08","Belgium",72
2012,"01","08","Bolivia",101
2012,"01","08","Brazil",95
2012,"01","08","Bulgaria",498
2012,"01","08","Canada",2327
2012,"01","08","Chile",2
2012,"01","08","France",49
2012,"01","08","Germany",815
2012,"01","08","Hungary",60
2012,"01","08","Japan",336
2012,"01","08","Mexico",1458
2012,"01","08","Netherlands",40
2012,"01","08","New Zealand",11
2012,"01","08","Norway",117
2012,"01","08","Paraguay",93
2012,"01","08","Peru",97
2012,"01","08","Poland",31
2012,"01","08","Romania",645
2012,"01","08","Russia",448
2012,"01","08","South Africa",1627
2012,"01","08","Spain",57
2012,"01","08","Sweden",4
2012,"01","08","Switzerland",50
2012,"01","08","Ukraine",346
2012,"01","08","United States",2500
2012,"01","08","Uruguay",52
2012,"01","15","Argentina",56
2012,"01","15","Australia",100
2012,"01","15","Austria",808
2012,"01","15","Belgium",90
2012,"01","15","Bolivia",114
2012,"01","15","Brazil",89
2012,"01","15","Bulgaria",539
2012,"01","15","Canada",2118
2012,"01","15","Chile",2
2012,"01","15","France",75
2012,"01","15","Germany",739
2012,"01","15","Hungary",67
2012,"01","15","Japan",598
2012,"01","15","Mexico",1517
2012,"01","15","Netherlands",42
2012,"01","15","New Zealand",10
2012,"01","15","Norway",122
2012,"01","15","Paraguay",92
2012,"01","15","Peru",92
2012,"01","15","Poland",34
2012,"01","15","Romania",627
2012,"01","15","Russia",453
2012,"01","15","South Africa",1572
2012,"01","15","Spain",49
2012,"01","15","Sweden",4
2012,"01","15","Switzerland",62
2012,"01","15","Ukraine",344
2012,"01","15","United States",2411
2012,"01","15","Uruguay",54
2012,"01","22","Argentina",57
2012,"01","22","Australia",85
2012,"01","22","Austria",784
2012,"01","22","Belgium",98
2012,"01","22","Bolivia",120
2012,"01","22","Brazil",90
2012,"01","22","Bulgaria",784
2012,"01","22","Canada",2056
2012,"01","22","Chile",2
2012,"01","22","France",86
2012,"01","22","Germany",767
2012,"01","22","Hungary",75
2012,"01","22","Japan",1090
2012,"01","22","Mexico",1579
2012,"01","22","Netherlands",40
2012,"01","22","New Zealand",10
2012,"01","22","Norway",183
2012,"01","22","Paraguay",85
2012,"01","22","Peru",90
2012,"01","22","Poland",31
2012,"01","22","Romania",629
2012,"01","22","Russia",419
2012,"01","22","South Africa",1620
2012,"01","22","Spain",77
2012,"01","22","Sweden",5
2012,"01","22","Switzerland",61
2012,"01","22","Ukraine",368
2012,"01","22","United States",2475
2012,"01","22","Uruguay",53
2012,"01","29","Argentina",56
2012,"01","29","Australia",95
2012,"01","29","Austria",866
2012,"01","29","Belgium",122
2012,"01","29","Bolivia",117
2012,"01","29","Brazil",94
2012,"01","29","Bulgaria",879
2012,"01","29","Canada",2032
2012,"01","29","Chile",2
2012,"01","29","France",120
2012,"01","29","Germany",862
2012,"01","29","Hungary",75
2012,"01","29","Japan",1654
2012,"01","29","Mexico",1496
2012,"01","29","Netherlands",44
2012,"01","29","New Zealand",10
2012,"01","29","Norway",210
2012,"01","29","Paraguay",83
2012,"01","29","Peru",93
2012,"01","29","Poland",32
2012,"01","29","Romania",726
2012,"01","29","Russia",471
2012,"01","29","South Africa",1695
2012,"01","29","Spain",90
2012,"01","29","Sweden",8
2012,"01","29","Switzerland",86
2012,"01","29","Ukraine",376
2012,"01","29","United States",2507
2012,"01","29","Uruguay",52
2012,"02","05","Argentina",56
2012,"02","05","Australia",117
2012,"02","05","Austria",1075
2012,"02","05","Belgium",231
2012,"02","05","Bolivia",119
2012,"02","05","Brazil",95
2012,"02","05","Bulgaria",645
2012,"02","05","Canada",2060
2012,"02","05","Chile",3
2012,"02","05","France",195
2012,"02","05","Germany",956
2012,"02","05","Hungary",85
2012,"02","05","Japan",1821
2012,"02","05","Mexico",1420
2012,"02","05","Netherlands",54
2012,"02","05","New Zealand",11
2012,"02","05","Norway",285
2012,"02","05","Paraguay",86
2012,"02","05","Peru",90
2012,"02","05","Poland",31
2012,"02","05","Romania",762
2012,"02","05","Russia",554
2012,"02","05","South Africa",1801
2012,"02","05","Spain",155
2012,"02","05","Sweden",11
2012,"02","05","Switzerland",106
2012,"02","05","Ukraine",396
2012,"02","05","United States",2348
2012,"02","05","Uruguay",51
2012,"02","12","Argentina",54
2012,"02","12","Australia",153
2012,"02","12","Austria",1281
2012,"02","12","Belgium",439
2012,"02","12","Bolivia",119
2012,"02","12","Brazil",103
2012,"02","12","Bulgaria",537
2012,"02","12","Canada",2248
2012,"02","12","Chile",2
2012,"02","12","France",320
2012,"02","12","Germany",1028
2012,"02","12","Hungary",155
2012,"02","12","Japan",1579
2012,"02","12","Mexico",1325
2012,"02","12","Netherlands",66
2012,"02","12","New Zealand",10
2012,"02","12","Norway",340
2012,"02","12","Paraguay",90
2012,"02","12","Peru",84
2012,"02","12","Poland",34
2012,"02","12","Romania",785
2012,"02","12","Russia",588
2012,"02","12","South Africa",2056
2012,"02","12","Spain",206
2012,"02","12","Sweden",17
2012,"02","12","Switzerland",159
2012,"02","12","Ukraine",381
2012,"02","12","United States",2501
2012,"02","12","Uruguay",51
2012,"02","19","Argentina",57
2012,"02","19","Australia",174
2012,"02","19","Austria",1510
2012,"02","19","Belgium",543
2012,"02","19","Bolivia",134
2012,"02","19","Brazil",113
2012,"02","19","Bulgaria",496
2012,"02","19","Canada",2583
2012,"02","19","Chile",2
2012,"02","19","France",498
2012,"02","19","Germany",1144
2012,"02","19","Hungary",242
2012,"02","19","Japan",2341
2012,"02","19","Mexico",1349
2012,"02","19","Netherlands",96
2012,"02","19","New Zealand",13
2012,"02","19","Norway",349
2012,"02","19","Paraguay",91
2012,"02","19","Peru",95
2012,"02","19","Poland",37
2012,"02","19","Romania",832
2012,"02","19","Russia",591
2012,"02","19","South Africa",1872
2012,"02","19","Spain",181
2012,"02","19","Sweden",23
2012,"02","19","Switzerland",203
2012,"02","19","Ukraine",445
2012,"02","19","United States",2710
2012,"02","19","Uruguay",49
2012,"02","26","Argentina",63
2012,"02","26","Australia",216
2012,"02","26","Austria",1540
2012,"02","26","Belgium",414
2012,"02","26","Bolivia",156
2012,"02","26","Brazil",127
2012,"02","26","Bulgaria",444
2012,"02","26","Canada",2589
2012,"02","26","Chile",2
2012,"02","26","France",454
2012,"02","26","Germany",1123
2012,"02","26","Hungary",295
2012,"02","26","Japan",1351
2012,"02","26","Mexico",1362
2012,"02","26","Netherlands",87
2012,"02","26","New Zealand",16
2012,"02","26","Norway",294
2012,"02","26","Paraguay",92
2012,"02","26","Peru",90
2012,"02","26","Poland",35
2012,"02","26","Romania",872
2012,"02","26","Russia",612
2012,"02","26","South Africa",1884
2012,"02","26","Spain",87
2012,"02","26","Sweden",34
2012,"02","26","Switzerland",204
2012,"02","26","Ukraine",493
2012,"02","26","United States",2519
2012,"02","26","Uruguay",51
2012,"03","04","Argentina",64
2012,"03","04","Australia",251
2012,"03","04","Austria",1310
2012,"03","04","Belgium",243
2012,"03","04","Bolivia",170
2012,"03","04","Brazil",125
2012,"03","04","Bulgaria",436
2012,"03","04","Canada",2698
2012,"03","04","Chile",2
2012,"03","04","France",190
2012,"03","04","Germany",1008
2012,"03","04","Hungary",286
2012,"03","04","Japan",999
2012,"03","04","Mexico",1383
2012,"03","04","Netherlands",62
2012,"03","04","New Zealand",18
2012,"03","04","Norway",202
2012,"03","04","Paraguay",101
2012,"03","04","Peru",92
2012,"03","04","Poland",35
2012,"03","04","Romania",862
2012,"03","04","Russia",528
2012,"03","04","South Africa",1926
2012,"03","04","Spain",37
2012,"03","04","Sweden",45
2012,"03","04","Switzerland",173
2012,"03","04","Ukraine",533
2012,"03","04","United States",2586
2012,"03","04","Uruguay",52
2012,"03","11","Argentina",72
2012,"03","11","Australia",271
2012,"03","11","Austria",1138
2012,"03","11","Belgium",162
2012,"03","11","Bolivia",191
2012,"03","11","Brazil",135
2012,"03","11","Bulgaria",476
2012,"03","11","Canada",2495
2012,"03","11","Chile",3
2012,"03","11","France",79
2012,"03","11","Germany",957
2012,"03","11","Hungary",288
2012,"03","11","Japan",516
2012,"03","11","Mexico",1317
2012,"03","11","Netherlands",47
2012,"03","11","New Zealand",17
2012,"03","11","Norway",181
2012,"03","11","Paraguay",114
2012,"03","11","Peru",99
2012,"03","11","Poland",39
2012,"03","11","Romania",950
2012,"03","11","Russia",614
2012,"03","11","South Africa",2067
2012,"03","11","Spain",33
2012,"03","11","Sweden",50
2012,"03","11","Switzerland",131
2012,"03","11","Ukraine",586
2012,"03","11","United States",2556
2012,"03","11","Uruguay",54
2012,"03","18","Argentina",79
2012,"03","18","Australia",300
2012,"03","18","Austria",972
2012,"03","18","Belgium",100
2012,"03","18","Bolivia",235
2012,"03","18","Brazil",142
2012,"03","18","Bulgaria",381
2012,"03","18","Canada",2202
2012,"03","18","Chile",5
2012,"03","18","France",41
2012,"03","18","Germany",840
2012,"03","18","Hungary",167
2012,"03","18","Japan",368
2012,"03","18","Mexico",1176
2012,"03","18","Netherlands",38
2012,"03","18","New Zealand",21
2012,"03","18","Norway",112
2012,"03","18","Paraguay",125
2012,"03","18","Peru",116
2012,"03","18","Poland",42
2012,"03","18","Romania",870
2012,"03","18","Russia",551
2012,"03","18","South Africa",2039
2012,"03","18","Spain",26
2012,"03","18","Sweden",20
2012,"03","18","Switzerland",100
2012,"03","18","Ukraine",517
2012,"03","18","United States",2162
2012,"03","18","Uruguay",62
2012,"03","25","Argentina",92
2012,"03","25","Australia",333
2012,"03","25","Austria",814
2012,"03","25","Belgium",69
2012,"03","25","Bolivia",244
2012,"03","25","Brazil",149
2012,"03","25","Bulgaria",324
2012,"03","25","Canada",1860
2012,"03","25","Chile",6
2012,"03","25","France",24
2012,"03","25","Germany",693
2012,"03","25","Hungary",106
2012,"03","25","Japan",276
2012,"03","25","Mexico",1084
2012,"03","25","Netherlands",29
2012,"03","25","New Zealand",17
2012,"03","25","Norway",79
2012,"03","25","Paraguay",144
2012,"03","25","Peru",127
2012,"03","25","Poland",38
2012,"03","25","Romania",743
2012,"03","25","Russia",562
2012,"03","25","South Africa",2031
2012,"03","25","Spain",25
2012,"03","25","Sweden",12
2012,"03","25","Switzerland",64
2012,"03","25","Ukraine",462
2012,"03","25","United States",1936
2012,"03","25","Uruguay",65
2012,"04","01","Argentina",86
2012,"04","01","Australia",265
2012,"04","01","Austria",657
2012,"04","01","Belgium",53
2012,"04","01","Bolivia",215
2012,"04","01","Brazil",141
2012,"04","01","Bulgaria",293
2012,"04","01","Canada",1742
2012,"04","01","Chile",6
2012,"04","01","France",19
2012,"04","01","Germany",574
2012,"04","01","Hungary",74
2012,"04","01","Japan",197
2012,"04","01","Mexico",982
2012,"04","01","Netherlands",26
2012,"04","01","New Zealand",20
2012,"04","01","Norway",56
2012,"04","01","Paraguay",157
2012,"04","01","Peru",124
2012,"04","01","Poland",32
2012,"04","01","Romania",658
2012,"04","01","Russia",512
2012,"04","01","South Africa",2120
2012,"04","01","Spain",22
2012,"04","01","Sweden",7
2012,"04","01","Switzerland",43
2012,"04","01","Ukraine",389
2012,"04","01","United States",1801
2012,"04","01","Uruguay",77
2012,"04","08","Argentina",96
2012,"04","08","Australia",272
2012,"04","08","Austria",670
2012,"04","08","Belgium",40
2012,"04","08","Bolivia",225
2012,"04","08","Brazil",155
2012,"04","08","Bulgaria",263
2012,"04","08","Canada",1757
2012,"04","08","Chile",8
2012,"04","08","France",17
2012,"04","08","Germany",586
2012,"04","08","Hungary",60
2012,"04","08","Japan",191
2012,"04","08","Mexico",921
2012,"04","08","Netherlands",26
2012,"04","08","New Zealand",21
2012,"04","08","Norway",62
2012,"04","08","Paraguay",166
2012,"04","08","Peru",138
2012,"04","08","Poland",29
2012,"04","08","Romania",591
2012,"04","08","Russia",516
2012,"04","08","South Africa",2312
2012,"04","08","Spain",18
2012,"04","08","Sweden",5
2012,"04","08","Switzerland",33
2012,"04","08","Ukraine",354
2012,"04","08","United States",1799
2012,"04","08","Uruguay",78
2012,"04","15","Argentina",93
2012,"04","15","Australia",299
2012,"04","15","Austria",662
2012,"04","15","Belgium",42
2012,"04","15","Bolivia",242
2012,"04","15","Brazil",161
2012,"04","15","Bulgaria",244
2012,"04","15","Canada",1583
2012,"04","15","Chile",8
2012,"04","15","France",14
2012,"04","15","Germany",579
2012,"04","15","Hungary",49
2012,"04","15","Japan",176
2012,"04","15","Mexico",877
2012,"04","15","Netherlands",25
2012,"04","15","New Zealand",22
2012,"04","15","Norway",48
2012,"04","15","Paraguay",169
2012,"04","15","Peru",161
2012,"04","15","Poland",25
2012,"04","15","Romania",539
2012,"04","15","Russia",448
2012,"04","15","South Africa",2698
2012,"04","15","Spain",20
2012,"04","15","Sweden",4
2012,"04","15","Switzerland",32
2012,"04","15","Ukraine",331
2012,"04","15","United States",1785
2012,"04","15","Uruguay",77
2012,"04","22","Argentina",98
2012,"04","22","Australia",245
2012,"04","22","Austria",622
2012,"04","22","Belgium",37
2012,"04","22","Bolivia",220
2012,"04","22","Brazil",164
2012,"04","22","Bulgaria",235
2012,"04","22","Canada",1354
2012,"04","22","Chile",8
2012,"04","22","France",9
2012,"04","22","Germany",527
2012,"04","22","Hungary",44
2012,"04","22","Japan",121
2012,"04","22","Mexico",844
2012,"04","22","Netherlands",22
2012,"04","22","New Zealand",21
2012,"04","22","Norway",38
2012,"04","22","Paraguay",172
2012,"04","22","Peru",159
2012,"04","22","Poland",24
2012,"04","22","Romania",521
2012,"04","22","Russia",467
2012,"04","22","South Africa",2490
2012,"04","22","Spain",21
2012,"04","22","Sweden",2
2012,"04","22","Switzerland",23
2012,"04","22","Ukraine",302
2012,"04","22","United States",1729
2012,"04","22","Uruguay",75
2012,"04","29","Argentina",108
2012,"04","29","Australia",298
2012,"04","29","Austria",544
2012,"04","29","Belgium",29
2012,"04","29","Bolivia",208
2012,"04","29","Brazil",170
2012,"04","29","Bulgaria",217
2012,"04","29","Canada",1358
2012,"04","29","Chile",8
2012,"04","29","France",6
2012,"04","29","Germany",434
2012,"04","29","Hungary",42
2012,"04","29","Japan",61
2012,"04","29","Mexico",816
2012,"04","29","Netherlands",21
2012,"04","29","New Zealand",23
2012,"04","29","Norway",37
2012,"04","29","Paraguay",179
2012,"04","29","Peru",150
2012,"04","29","Poland",22
2012,"04","29","Romania",506
2012,"04","29","Russia",504
2012,"04","29","South Africa",2642
2012,"04","29","Spain",24
2012,"04","29","Sweden",2
2012,"04","29","Switzerland",15
2012,"04","29","Ukraine",260
2012,"04","29","United States",1625
2012,"04","29","Uruguay",80
2012,"05","06","Argentina",121
2012,"05","06","Australia",343
2012,"05","06","Austria",551
2012,"05","06","Belgium",39
2012,"05","06","Bolivia",232
2012,"05","06","Brazil",176
2012,"05","06","Bulgaria",198
2012,"05","06","Canada",1172
2012,"05","06","Chile",9
2012,"05","06","France",4
2012,"05","06","Germany",435
2012,"05","06","Hungary",31
2012,"05","06","Japan",33
2012,"05","06","Mexico",790
2012,"05","06","Netherlands",20
2012,"05","06","New Zealand",27
2012,"05","06","Norway",49
2012,"05","06","Paraguay",181
2012,"05","06","Peru",140
2012,"05","06","Poland",19
2012,"05","06","Romania",488
2012,"05","06","Russia",455
2012,"05","06","South Africa",2734
2012,"05","06","Spain",21
2012,"05","06","Sweden",2
2012,"05","06","Switzerland",16
2012,"05","06","Ukraine",211
2012,"05","06","United States",1651
2012,"05","06","Uruguay",86
2012,"05","13","Argentina",132
2012,"05","13","Australia",444
2012,"05","13","Austria",522
2012,"05","13","Belgium",33
2012,"05","13","Bolivia",254
2012,"05","13","Brazil",197
2012,"05","13","Bulgaria",188
2012,"05","13","Canada",1057
2012,"05","13","Chile",11
2012,"05","13","France",4
2012,"05","13","Germany",440
2012,"05","13","Hungary",32
2012,"05","13","Japan",19
2012,"05","13","Mexico",824
2012,"05","13","Netherlands",17
2012,"05","13","New Zealand",28
2012,"05","13","Norway",37
2012,"05","13","Paraguay",192
2012,"05","13","Peru",145
2012,"05","13","Poland",16
2012,"05","13","Romania",471
2012,"05","13","Russia",452
2012,"05","13","South Africa",2832
2012,"05","13","Spain",18
2012,"05","13","Sweden",2
2012,"05","13","Switzerland",14
2012,"05","13","Ukraine",210
2012,"05","13","United States",1624
2012,"05","13","Uruguay",99
2012,"05","20","Argentina",143
2012,"05","20","Australia",511
2012,"05","20","Austria",517
2012,"05","20","Belgium",31
2012,"05","20","Bolivia",227
2012,"05","20","Brazil",208
2012,"05","20","Bulgaria",178
2012,"05","20","Canada",1013
2012,"05","20","Chile",16
2012,"05","20","France",5
2012,"05","20","Germany",407
2012,"05","20","Hungary",32
2012,"05","20","Japan",14
2012,"05","20","Mexico",813
2012,"05","20","Netherlands",16
2012,"05","20","New Zealand",37
2012,"05","20","Norway",50
2012,"05","20","Paraguay",200
2012,"05","20","Peru",158
2012,"05","20","Poland",15
2012,"05","20","Romania",479
2012,"05","20","Russia",467
2012,"05","20","South Africa",3136
2012,"05","20","Spain",16
2012,"05","20","Sweden",2
2012,"05","20","Switzerland",15
2012,"05","20","Ukraine",234
2012,"05","20","United States",1537
2012,"05","20","Uruguay",107
2012,"05","27","Argentina",160
2012,"05","27","Australia",594
2012,"05","27","Austria",495
2012,"05","27","Belgium",23
2012,"05","27","Bolivia",265
2012,"05","27","Brazil",205
2012,"05","27","Bulgaria",173
2012,"05","27","Canada",851
2012,"05","27","Chile",19
2012,"05","27","France",4
2012,"05","27","Germany",366
2012,"05","27","Hungary",33
2012,"05","27","Japan",10
2012,"05","27","Mexico",791
2012,"05","27","Netherlands",15
2012,"05","27","New Zealand",46
2012,"05","27","Norway",26
2012,"05","27","Paraguay",198
2012,"05","27","Peru",160
2012,"05","27","Poland",13
2012,"05","27","Romania",488
2012,"05","27","Russia",381
2012,"05","27","South Africa",3382
2012,"05","27","Spain",15
2012,"05","27","Sweden",1
2012,"05","27","Switzerland",15
2012,"05","27","Ukraine",240
2012,"05","27","United States",1428
2012,"05","27","Uruguay",109
2012,"06","03","Argentina",184
2012,"06","03","Australia",666
2012,"06","03","Austria",470
2012,"06","03","Belgium",19
2012,"06","03","Bolivia",250
2012,"06","03","Brazil",183
2012,"06","03","Bulgaria",183
2012,"06","03","Canada",879
2012,"06","03","Chile",29
2012,"06","03","France",3
2012,"06","03","Germany",365
2012,"06","03","Hungary",29
2012,"06","03","Japan",7
2012,"06","03","Mexico",792
2012,"06","03","Netherlands",16
2012,"06","03","New Zealand",47
2012,"06","03","Norway",30
2012,"06","03","Paraguay",208
2012,"06","03","Peru",146
2012,"06","03","Poland",12
2012,"06","03","Romania",503
2012,"06","03","Russia",360
2012,"06","03","South Africa",3354
2012,"06","03","Spain",13
2012,"06","03","Sweden",1
2012,"06","03","Switzerland",11
2012,"06","03","Ukraine",227
2012,"06","03","United States",1329
2012,"06","03","Uruguay",118
2012,"06","10","Argentina",200
2012,"06","10","Australia",738
2012,"06","10","Austria",526
2012,"06","10","Belgium",20
2012,"06","10","Bolivia",276
2012,"06","10","Brazil",187
2012,"06","10","Bulgaria",203
2012,"06","10","Canada",819
2012,"06","10","Chile",45
2012,"06","10","France",3
2012,"06","10","Germany",377
2012,"06","10","Hungary",26
2012,"06","10","Japan",6
2012,"06","10","Mexico",796
2012,"06","10","Netherlands",17
2012,"06","10","New Zealand",62
2012,"06","10","Norway",23
2012,"06","10","Paraguay",239
2012,"06","10","Peru",153
2012,"06","10","Poland",12
2012,"06","10","Romania",494
2012,"06","10","Russia",312
2012,"06","10","South Africa",3775
2012,"06","10","Spain",14
2012,"06","10","Sweden",1
2012,"06","10","Switzerland",14
2012,"06","10","Ukraine",203
2012,"06","10","United States",1265
2012,"06","10","Uruguay",139
2012,"06","17","Argentina",191
2012,"06","17","Australia",989
2012,"06","17","Austria",467
2012,"06","17","Belgium",17
2012,"06","17","Bolivia",228
2012,"06","17","Brazil",192
2012,"06","17","Bulgaria",203
2012,"06","17","Canada",799
2012,"06","17","Chile",72
2012,"06","17","France",4
2012,"06","17","Germany",381
2012,"06","17","Hungary",29
2012,"06","17","Japan",6
2012,"06","17","Mexico",773
2012,"06","17","Netherlands",19
2012,"06","17","New Zealand",61
2012,"06","17","Norway",28
2012,"06","17","Paraguay",259
2012,"06","17","Peru",150
2012,"06","17","Poland",11
2012,"06","17","Romania",486
2012,"06","17","Russia",270
2012,"06","17","South Africa",3667
2012,"06","17","Spain",10
2012,"06","17","Sweden",1
2012,"06","17","Switzerland",17
2012,"06","17","Ukraine",180
2012,"06","17","United States",1136
2012,"06","17","Uruguay",156
2012,"06","24","Argentina",197
2012,"06","24","Australia",1156
2012,"06","24","Austria",491
2012,"06","24","Belgium",21
2012,"06","24","Bolivia",235
2012,"06","24","Brazil",196
2012,"06","24","Bulgaria",169
2012,"06","24","Canada",722
2012,"06","24","Chile",76
2012,"06","24","France",3
2012,"06","24","Germany",398
2012,"06","24","Hungary",30
2012,"06","24","Japan",7
2012,"06","24","Mexico",730
2012,"06","24","Netherlands",21
2012,"06","24","New Zealand",81
2012,"06","24","Norway",22
2012,"06","24","Paraguay",287
2012,"06","24","Peru",148
2012,"06","24","Poland",12
2012,"06","24","Romania",481
2012,"06","24","Russia",240
2012,"06","24","South Africa",3344
2012,"06","24","Spain",10
2012,"06","24","Sweden",1
2012,"06","24","Switzerland",15
2012,"06","24","Ukraine",186
2012,"06","24","United States",966
2012,"06","24","Uruguay",200
2012,"07","01","Argentina",171
2012,"07","01","Australia",1658
2012,"07","01","Austria",409
2012,"07","01","Belgium",17
2012,"07","01","Bolivia",203
2012,"07","01","Brazil",187
2012,"07","01","Bulgaria",146
2012,"07","01","Canada",745
2012,"07","01","Chile",60
2012,"07","01","France",3
2012,"07","01","Germany",381
2012,"07","01","Hungary",33
2012,"07","01","Japan",7
2012,"07","01","Mexico",680
2012,"07","01","Netherlands",20
2012,"07","01","New Zealand",92
2012,"07","01","Norway",25
2012,"07","01","Paraguay",289
2012,"07","01","Peru",153
2012,"07","01","Poland",11
2012,"07","01","Romania",474
2012,"07","01","Russia",243
2012,"07","01","South Africa",3710
2012,"07","01","Spain",10
2012,"07","01","Sweden",1
2012,"07","01","Switzerland",14
2012,"07","01","Ukraine",186
2012,"07","01","United States",911
2012,"07","01","Uruguay",186
2012,"07","08","Argentina",166
2012,"07","08","Australia",1977
2012,"07","08","Austria",418
2012,"07","08","Belgium",14
2012,"07","08","Bolivia",207
2012,"07","08","Brazil",179
2012,"07","08","Bulgaria",133
2012,"07","08","Canada",764
2012,"07","08","Chile",43
2012,"07","08","France",4
2012,"07","08","Germany",372
2012,"07","08","Hungary",30
2012,"07","08","Japan",8
2012,"07","08","Mexico",750
2012,"07","08","Netherlands",19
2012,"07","08","New Zealand",129
2012,"07","08","Norway",20
2012,"07","08","Paraguay",307
2012,"07","08","Peru",157
2012,"07","08","Poland",11
2012,"07","08","Romania",486
2012,"07","08","Russia",215
2012,"07","08","South Africa",3159
2012,"07","08","Spain",9
2012,"07","08","Sweden",1
2012,"07","08","Switzerland",17
2012,"07","08","Ukraine",185
2012,"07","08","United States",939
2012,"07","08","Uruguay",182
2012,"07","15","Argentina",152
2012,"07","15","Australia",1571
2012,"07","15","Austria",487
2012,"07","15","Belgium",15
2012,"07","15","Bolivia",203
2012,"07","15","Brazil",176
2012,"07","15","Bulgaria",127
2012,"07","15","Canada",679
2012,"07","15","Chile",26
2012,"07","15","France",4
2012,"07","15","Germany",386
2012,"07","15","Hungary",27
2012,"07","15","Japan",7
2012,"07","15","Mexico",771
2012,"07","15","Netherlands",23
2012,"07","15","New Zealand",132
2012,"07","15","Norway",19
2012,"07","15","Paraguay",311
2012,"07","15","Peru",150
2012,"07","15","Poland",10
2012,"07","15","Romania",506
2012,"07","15","Russia",189
2012,"07","15","South Africa",3191
2012,"07","15","Spain",9
2012,"07","15","Sweden",1
2012,"07","15","Switzerland",16
2012,"07","15","Ukraine",187
2012,"07","15","United States",897
2012,"07","15","Uruguay",165
2012,"07","22","Argentina",157
2012,"07","22","Australia",1395
2012,"07","22","Austria",443
2012,"07","22","Belgium",12
2012,"07","22","Bolivia",186
2012,"07","22","Brazil",176
2012,"07","22","Bulgaria",117
2012,"07","22","Canada",619
2012,"07","22","Chile",15
2012,"07","22","France",3
2012,"07","22","Germany",347
2012,"07","22","Hungary",28
2012,"07","22","Japan",9
2012,"07","22","Mexico",773
2012,"07","22","Netherlands",18
2012,"07","22","New Zealand",136
2012,"07","22","Norway",17
2012,"07","22","Paraguay",283
2012,"07","22","Peru",140
2012,"07","22","Poland",9
2012,"07","22","Romania",533
2012,"07","22","Russia",220
2012,"07","22","South Africa",3429
2012,"07","22","Spain",9
2012,"07","22","Sweden",1
2012,"07","22","Switzerland",11
2012,"07","22","Ukraine",217
2012,"07","22","United States",869
2012,"07","22","Uruguay",162
2012,"07","29","Argentina",148
2012,"07","29","Australia",1300
2012,"07","29","Austria",430
2012,"07","29","Belgium",12
2012,"07","29","Bolivia",195
2012,"07","29","Brazil",160
2012,"07","29","Bulgaria",117
2012,"07","29","Canada",583
2012,"07","29","Chile",13
2012,"07","29","France",2
2012,"07","29","Germany",328
2012,"07","29","Hungary",25
2012,"07","29","Japan",8
2012,"07","29","Mexico",779
2012,"07","29","Netherlands",18
2012,"07","29","New Zealand",148
2012,"07","29","Norway",18
2012,"07","29","Paraguay",257
2012,"07","29","Peru",135
2012,"07","29","Poland",9
2012,"07","29","Romania",529
2012,"07","29","Russia",210
2012,"07","29","South Africa",3611
2012,"07","29","Spain",10
2012,"07","29","Sweden",1
2012,"07","29","Switzerland",13
2012,"07","29","Ukraine",223
2012,"07","29","United States",869
2012,"07","29","Uruguay",141
2012,"08","05","Argentina",144
2012,"08","05","Australia",1383
2012,"08","05","Austria",426
2012,"08","05","Belgium",13
2012,"08","05","Bolivia",178
2012,"08","05","Brazil",157
2012,"08","05","Bulgaria",111
2012,"08","05","Canada",653
2012,"08","05","Chile",13
2012,"08","05","France",2
2012,"08","05","Germany",330
2012,"08","05","Hungary",24
2012,"08","05","Japan",6
2012,"08","05","Mexico",756
2012,"08","05","Netherlands",14
2012,"08","05","New Zealand",130
2012,"08","05","Norway",19
2012,"08","05","Paraguay",246
2012,"08","05","Peru",134
2012,"08","05","Poland",8
2012,"08","05","Romania",517
2012,"08","05","Russia",214
2012,"08","05","South Africa",3858
2012,"08","05","Spain",11
2012,"08","05","Sweden",1
2012,"08","05","Switzerland",12
2012,"08","05","Ukraine",231
2012,"08","05","United States",889
2012,"08","05","Uruguay",136
2012,"08","12","Argentina",147
2012,"08","12","Australia",1389
2012,"08","12","Austria",427
2012,"08","12","Belgium",11
2012,"08","12","Bolivia",225
2012,"08","12","Brazil",160
2012,"08","12","Bulgaria",118
2012,"08","12","Canada",684
2012,"08","12","Chile",14
2012,"08","12","France",2
2012,"08","12","Germany",319
2012,"08","12","Hungary",24
2012,"08","12","Japan",5
2012,"08","12","Mexico",750
2012,"08","12","Netherlands",14
2012,"08","12","New Zealand",110
2012,"08","12","Norway",21
2012,"08","12","Paraguay",225
2012,"08","12","Peru",139
2012,"08","12","Poland",8
2012,"08","12","Romania",521
2012,"08","12","Russia",226
2012,"08","12","South Africa",4232
2012,"08","12","Spain",12
2012,"08","12","Sweden",1
2012,"08","12","Switzerland",15
2012,"08","12","Ukraine",257
2012,"08","12","United States",977
2012,"08","12","Uruguay",129
2012,"08","19","Argentina",159
2012,"08","19","Australia",1270
2012,"08","19","Austria",433
2012,"08","19","Belgium",10
2012,"08","19","Bolivia",232
2012,"08","19","Brazil",166
2012,"08","19","Bulgaria",133
2012,"08","19","Canada",726
2012,"08","19","Chile",12
2012,"08","19","France",2
2012,"08","19","Germany",301
2012,"08","19","Hungary",25
2012,"08","19","Japan",5
2012,"08","19","Mexico",749
2012,"08","19","Netherlands",14
2012,"08","19","New Zealand",105
2012,"08","19","Norway",25
2012,"08","19","Paraguay",215
2012,"08","19","Peru",142
2012,"08","19","Poland",7
2012,"08","19","Romania",527
2012,"08","19","Russia",280
2012,"08","19","South Africa",3890
2012,"08","19","Spain",13
2012,"08","19","Sweden",1
2012,"08","19","Switzerland",15
2012,"08","19","Ukraine",295
2012,"08","19","United States",1095
2012,"08","19","Uruguay",121
2012,"08","26","Argentina",168
2012,"08","26","Australia",1191
2012,"08","26","Austria",455
2012,"08","26","Belgium",10
2012,"08","26","Bolivia",245
2012,"08","26","Brazil",158
2012,"08","26","Bulgaria",140
2012,"08","26","Canada",819
2012,"08","26","Chile",13
2012,"08","26","France",3
2012,"08","26","Germany",358
2012,"08","26","Hungary",25
2012,"08","26","Japan",6
2012,"08","26","Mexico",858
2012,"08","26","Netherlands",18
2012,"08","26","New Zealand",101
2012,"08","26","Norway",32
2012,"08","26","Paraguay",226
2012,"08","26","Peru",144
2012,"08","26","Poland",7
2012,"08","26","Romania",534
2012,"08","26","Russia",333
2012,"08","26","South Africa",3437
2012,"08","26","Spain",13
2012,"08","26","Sweden",2
2012,"08","26","Switzerland",19
2012,"08","26","Ukraine",329
2012,"08","26","United States",1199
2012,"08","26","Uruguay",132
2012,"09","02","Argentina",166
2012,"09","02","Australia",823
2012,"09","02","Austria",501
2012,"09","02","Belgium",17
2012,"09","02","Bolivia",221
2012,"09","02","Brazil",154
2012,"09","02","Bulgaria",140
2012,"09","02","Canada",884
2012,"09","02","Chile",13
2012,"09","02","France",4
2012,"09","02","Germany",437
2012,"09","02","Hungary",24
2012,"09","02","Japan",8
2012,"09","02","Mexico",978
2012,"09","02","Netherlands",23
2012,"09","02","New Zealand",95
2012,"09","02","Norway",53
2012,"09","02","Paraguay",212
2012,"09","02","Peru",156
2012,"09","02","Poland",7
2012,"09","02","Romania",522
2012,"09","02","Russia",449
2012,"09","02","South Africa",3032
2012,"09","02","Spain",12
2012,"09","02","Sweden",4
2012,"09","02","Switzerland",29
2012,"09","02","Ukraine",399
2012,"09","02","United States",1374
2012,"09","02","Uruguay",140
2012,"09","09","Argentina",175
2012,"09","09","Australia",644
2012,"09","09","Austria",517
2012,"09","09","Belgium",26
2012,"09","09","Bolivia",267
2012,"09","09","Brazil",160
2012,"09","09","Bulgaria",140
2012,"09","09","Canada",1047
2012,"09","09","Chile",14
2012,"09","09","France",7
2012,"09","09","Germany",508
2012,"09","09","Hungary",32
2012,"09","09","Japan",10
2012,"09","09","Mexico",994
2012,"09","09","Netherlands",28
2012,"09","09","New Zealand",64
2012,"09","09","Norway",75
2012,"09","09","Paraguay",209
2012,"09","09","Peru",147
2012,"09","09","Poland",8
2012,"09","09","Romania",514
2012,"09","09","Russia",657
2012,"09","09","South Africa",2940
2012,"09","09","Spain",14
2012,"09","09","Sweden",3
2012,"09","09","Switzerland",36
2012,"09","09","Ukraine",512
2012,"09","09","United States",1543
2012,"09","09","Uruguay",130
2012,"09","16","Argentina",164
2012,"09","16","Australia",495
2012,"09","16","Austria",684
2012,"09","16","Belgium",43
2012,"09","16","Bolivia",202
2012,"09","16","Brazil",150
2012,"09","16","Bulgaria",149
2012,"09","16","Canada",1393
2012,"09","16","Chile",11
2012,"09","16","France",18
2012,"09","16","Germany",627
2012,"09","16","Hungary",52
2012,"09","16","Japan",9
2012,"09","16","Mexico",1053
2012,"09","16","Netherlands",35
2012,"09","16","New Zealand",65
2012,"09","16","Norway",60
2012,"09","16","Paraguay",189
2012,"09","16","Peru",147
2012,"09","16","Poland",13
2012,"09","16","Romania",538
2012,"09","16","Russia",770
2012,"09","16","South Africa",2728
2012,"09","16","Spain",18
2012,"09","16","Sweden",3
2012,"09","16","Switzerland",39
2012,"09","16","Ukraine",568
2012,"09","16","United States",1737
2012,"09","16","Uruguay",120
2012,"09","23","Argentina",161
2012,"09","23","Australia",361
2012,"09","23","Austria",830
2012,"09","23","Belgium",66
2012,"09","23","Bolivia",175
2012,"09","23","Brazil",151
2012,"09","23","Bulgaria",188
2012,"09","23","Canada",1699
2012,"09","23","Chile",11
2012,"09","23","France",36
2012,"09","23","Germany",718
2012,"09","23","Hungary",57
2012,"09","23","Japan",10
2012,"09","23","Mexico",1012
2012,"09","23","Netherlands",44
2012,"09","23","New Zealand",57
2012,"09","23","Norway",73
2012,"09","23","Paraguay",166
2012,"09","23","Peru",141
2012,"09","23","Poland",28
2012,"09","23","Romania",571
2012,"09","23","Russia",773
2012,"09","23","South Africa",2701
2012,"09","23","Spain",21
2012,"09","23","Sweden",3
2012,"09","23","Switzerland",38
2012,"09","23","Ukraine",519
2012,"09","23","United States",1895
2012,"09","23","Uruguay",111
2012,"09","30","Argentina",147
2012,"09","30","Australia",320
2012,"09","30","Austria",895
2012,"09","30","Belgium",77
2012,"09","30","Bolivia",193
2012,"09","30","Brazil",150
2012,"09","30","Bulgaria",238
2012,"09","30","Canada",1789
2012,"09","30","Chile",7
2012,"09","30","France",49
2012,"09","30","Germany",743
2012,"09","30","Hungary",48
2012,"09","30","Japan",12
2012,"09","30","Mexico",1085
2012,"09","30","Netherlands",44
2012,"09","30","New Zealand",42
2012,"09","30","Norway",73
2012,"09","30","Paraguay",157
2012,"09","30","Peru",133
2012,"09","30","Poland",40
2012,"09","30","Romania",622
2012,"09","30","Russia",719
2012,"09","30","South Africa",2568
2012,"09","30","Spain",34
2012,"09","30","Sweden",2
2012,"09","30","Switzerland",46
2012,"09","30","Ukraine",463
2012,"09","30","United States",2018
2012,"09","30","Uruguay",111
2012,"10","07","Argentina",141
2012,"10","07","Australia",301
2012,"10","07","Austria",926
2012,"10","07","Belgium",70
2012,"10","07","Bolivia",183
2012,"10","07","Brazil",134
2012,"10","07","Bulgaria",242
2012,"10","07","Canada",1861
2012,"10","07","Chile",8
2012,"10","07","France",43
2012,"10","07","Germany",914
2012,"10","07","Hungary",43
2012,"10","07","Japan",15
2012,"10","07","Mexico",1112
2012,"10","07","Netherlands",43
2012,"10","07","New Zealand",40
2012,"10","07","Norway",57
2012,"10","07","Paraguay",153
2012,"10","07","Peru",134
2012,"10","07","Poland",39
2012,"10","07","Romania",649
2012,"10","07","Russia",676
2012,"10","07","South Africa",2512
2012,"10","07","Spain",43
2012,"10","07","Sweden",3
2012,"10","07","Switzerland",39
2012,"10","07","Ukraine",472
2012,"10","07","United States",2325
2012,"10","07","Uruguay",108
2012,"10","14","Argentina",132
2012,"10","14","Australia",267
2012,"10","14","Austria",916
2012,"10","14","Belgium",59
2012,"10","14","Bolivia",204
2012,"10","14","Brazil",152
2012,"10","14","Bulgaria",268
2012,"10","14","Canada",1946
2012,"10","14","Chile",11
2012,"10","14","France",40
2012,"10","14","Germany",923
2012,"10","14","Hungary",38
2012,"10","14","Japan",20
2012,"10","14","Mexico",1135
2012,"10","14","Netherlands",41
2012,"10","14","New Zealand",35
2012,"10","14","Norway",64
2012,"10","14","Paraguay",157
2012,"10","14","Peru",129
2012,"10","14","Poland",35
2012,"10","14","Romania",690
2012,"10","14","Russia",676
2012,"10","14","South Africa",2381
2012,"10","14","Spain",35
2012,"10","14","Sweden",3
2012,"10","14","Switzerland",39
2012,"10","14","Ukraine",453
2012,"10","14","United States",2391
2012,"10","14","Uruguay",101
2012,"10","21","Argentina",122
2012,"10","21","Australia",221
2012,"10","21","Austria",909
2012,"10","21","Belgium",51
2012,"10","21","Bolivia",177
2012,"10","21","Brazil",138
2012,"10","21","Bulgaria",315
2012,"10","21","Canada",1909
2012,"10","21","Chile",8
2012,"10","21","France",38
2012,"10","21","Germany",864
2012,"10","21","Hungary",40
2012,"10","21","Japan",27
2012,"10","21","Mexico",1180
2012,"10","21","Netherlands",34
2012,"10","21","New Zealand",30
2012,"10","21","Norway",47
2012,"10","21","Paraguay",149
2012,"10","21","Peru",136
2012,"10","21","Poland",30
2012,"10","21","Romania",674
2012,"10","21","Russia",599
2012,"10","21","South Africa",2138
2012,"10","21","Spain",23
2012,"10","21","Sweden",3
2012,"10","21","Switzerland",40
2012,"10","21","Ukraine",454
2012,"10","21","United States",2369
2012,"10","21","Uruguay",91
2012,"10","28","Argentina",118
2012,"10","28","Australia",227
2012,"10","28","Austria",812
2012,"10","28","Belgium",49
2012,"10","28","Bolivia",177
2012,"10","28","Brazil",128
2012,"10","28","Bulgaria",327
2012,"10","28","Canada",2013
2012,"10","28","Chile",7
2012,"10","28","France",43
2012,"10","28","Germany",815
2012,"10","28","Hungary",36
2012,"10","28","Japan",39
2012,"10","28","Mexico",1250
2012,"10","28","Netherlands",34
2012,"10","28","New Zealand",24
2012,"10","28","Norway",43
2012,"10","28","Paraguay",141
2012,"10","28","Peru",128
2012,"10","28","Poland",31
2012,"10","28","Romania",642
2012,"10","28","Russia",628
2012,"10","28","South Africa",2211
2012,"10","28","Spain",25
2012,"10","28","Sweden",2
2012,"10","28","Switzerland",45
2012,"10","28","Ukraine",429
2012,"10","28","United States",2349
2012,"10","28","Uruguay",86
2012,"11","04","Argentina",102
2012,"11","04","Australia",198
2012,"11","04","Austria",855
2012,"11","04","Belgium",59
2012,"11","04","Bolivia",172
2012,"11","04","Brazil",126
2012,"11","04","Bulgaria",381
2012,"11","04","Canada",2091
2012,"11","04","Chile",8
2012,"11","04","France",39
2012,"11","04","Germany",870
2012,"11","04","Hungary",36
2012,"11","04","Japan",51
2012,"11","04","Mexico",1371
2012,"11","04","Netherlands",36
2012,"11","04","New Zealand",20
2012,"11","04","Norway",53
2012,"11","04","Paraguay",132
2012,"11","04","Peru",130
2012,"11","04","Poland",33
2012,"11","04","Romania",659
2012,"11","04","Russia",680
2012,"11","04","South Africa",2284
2012,"11","04","Spain",24
2012,"11","04","Sweden",3
2012,"11","04","Switzerland",37
2012,"11","04","Ukraine",429
2012,"11","04","United States",2492
2012,"11","04","Uruguay",86
2012,"11","11","Argentina",105
2012,"11","11","Australia",205
2012,"11","11","Austria",850
2012,"11","11","Belgium",70
2012,"11","11","Bolivia",177
2012,"11","11","Brazil",126
2012,"11","11","Bulgaria",399
2012,"11","11","Canada",2247
2012,"11","11","Chile",7
2012,"11","11","France",44
2012,"11","11","Germany",860
2012,"11","11","Hungary",48
2012,"11","11","Japan",59
2012,"11","11","Mexico",1434
2012,"11","11","Netherlands",37
2012,"11","11","New Zealand",21
2012,"11","11","Norway",58
2012,"11","11","Paraguay",141
2012,"11","11","Peru",126
2012,"11","11","Poland",34
2012,"11","11","Romania",641
2012,"11","11","Russia",701
2012,"11","11","South Africa",2072
2012,"11","11","Spain",26
2012,"11","11","Sweden",3
2012,"11","11","Switzerland",42
2012,"11","11","Ukraine",454
2012,"11","11","United States",2913
2012,"11","11","Uruguay",83
2012,"11","18","Argentina",98
2012,"11","18","Australia",169
2012,"11","18","Austria",817
2012,"11","18","Belgium",79
2012,"11","18","Bolivia",178
2012,"11","18","Brazil",129
2012,"11","18","Bulgaria",456
2012,"11","18","Canada",2401
2012,"11","18","Chile",5
2012,"11","18","France",44
2012,"11","18","Germany",850
2012,"11","18","Hungary",41
2012,"11","18","Japan",70
2012,"11","18","Mexico",1469
2012,"11","18","Netherlands",41
2012,"11","18","New Zealand",25
2012,"11","18","Norway",61
2012,"11","18","Paraguay",153
2012,"11","18","Peru",127
2012,"11","18","Poland",34
2012,"11","18","Romania",625
2012,"11","18","Russia",669
2012,"11","18","South Africa",2018
2012,"11","18","Spain",21
2012,"11","18","Sweden",4
2012,"11","18","Switzerland",50
2012,"11","18","Ukraine",459
2012,"11","18","United States",3040
2012,"11","18","Uruguay",74
2012,"11","25","Argentina",93
2012,"11","25","Australia",154
2012,"11","25","Austria",811
2012,"11","25","Belgium",80
2012,"11","25","Bolivia",172
2012,"11","25","Brazil",127
2012,"11","25","Bulgaria",415
2012,"11","25","Canada",2719
2012,"11","25","Chile",6
2012,"11","25","France",54
2012,"11","25","Germany",836
2012,"11","25","Hungary",46
2012,"11","25","Japan",88
2012,"11","25","Mexico",1497
2012,"11","25","Netherlands",44
2012,"11","25","New Zealand",21
2012,"11","25","Norway",64
2012,"11","25","Paraguay",151
2012,"11","25","Peru",125
2012,"11","25","Poland",34
2012,"11","25","Romania",616
2012,"11","25","Russia",724
2012,"11","25","South Africa",1944
2012,"11","25","Spain",26
2012,"11","25","Sweden",5
2012,"11","25","Switzerland",35
2012,"11","25","Ukraine",469
2012,"11","25","United States",3641
2012,"11","25","Uruguay",69
2012,"12","02","Argentina",84
2012,"12","02","Australia",144
2012,"12","02","Austria",831
2012,"12","02","Belgium",94
2012,"12","02","Bolivia",162
2012,"12","02","Brazil",118
2012,"12","02","Bulgaria",379
2012,"12","02","Canada",3262
2012,"12","02","Chile",5
2012,"12","02","France",79
2012,"12","02","Germany",872
2012,"12","02","Hungary",43
2012,"12","02","Japan",98
2012,"12","02","Mexico",1570
2012,"12","02","Netherlands",45
2012,"12","02","New Zealand",19
2012,"12","02","Norway",103
2012,"12","02","Paraguay",141
2012,"12","02","Peru",120
2012,"12","02","Poland",36
2012,"12","02","Romania",608
2012,"12","02","Russia",765
2012,"12","02","South Africa",1996
2012,"12","02","Spain",29
2012,"12","02","Sweden",6
2012,"12","02","Switzerland",49
2012,"12","02","Ukraine",460
2012,"12","02","United States",4427
2012,"12","02","Uruguay",66
2012,"12","09","Argentina",79
2012,"12","09","Australia",137
2012,"12","09","Austria",970
2012,"12","09","Belgium",129
2012,"12","09","Bolivia",137
2012,"12","09","Brazil",111
2012,"12","09","Bulgaria",356
2012,"12","09","Canada",4003
2012,"12","09","Chile",4
2012,"12","09","France",117
2012,"12","09","Germany",936
2012,"12","09","Hungary",52
2012,"12","09","Japan",146
2012,"12","09","Mexico",1627
2012,"12","09","Netherlands",58
2012,"12","09","New Zealand",15
2012,"12","09","Norway",187
2012,"12","09","Paraguay",134
2012,"12","09","Peru",108
2012,"12","09","Poland",49
2012,"12","09","Romania",591
2012,"12","09","Russia",786
2012,"12","09","South Africa",1848
2012,"12","09","Spain",32
2012,"12","09","Sweden",6
2012,"12","09","Switzerland",56
2012,"12","09","Ukraine",460
2012,"12","09","United States",5132
2012,"12","09","Uruguay",64
2012,"12","16","Argentina",76
2012,"12","16","Australia",146
2012,"12","16","Austria",1014
2012,"12","16","Belgium",143
2012,"12","16","Bolivia",126
2012,"12","16","Brazil",106
2012,"12","16","Bulgaria",313
2012,"12","16","Canada",4934
2012,"12","16","Chile",4
2012,"12","16","France",184
2012,"12","16","Germany",1042
2012,"12","16","Hungary",53
2012,"12","16","Japan",218
2012,"12","16","Mexico",1875
2012,"12","16","Netherlands",81
2012,"12","16","New Zealand",14
2012,"12","16","Norway",68
2012,"12","16","Paraguay",120
2012,"12","16","Peru",95
2012,"12","16","Poland",94
2012,"12","16","Romania",592
2012,"12","16","Russia",807
2012,"12","16","South Africa",1877
2012,"12","16","Spain",29
2012,"12","16","Sweden",7
2012,"12","16","Switzerland",95
2012,"12","16","Ukraine",440
2012,"12","16","United States",6359
2012,"12","16","Uruguay",60
2012,"12","23","Argentina",75
2012,"12","23","Australia",158
2012,"12","23","Austria",976
2012,"12","23","Belgium",207
2012,"12","23","Bolivia",116
2012,"12","23","Brazil",106
2012,"12","23","Bulgaria",335
2012,"12","23","Canada",6425
2012,"12","23","Chile",4
2012,"12","23","France",292
2012,"12","23","Germany",1157
2012,"12","23","Hungary",60
2012,"12","23","Japan",340
2012,"12","23","Mexico",2050
2012,"12","23","Netherlands",122
2012,"12","23","New Zealand",12
2012,"12","23","Norway",49
2012,"12","23","Paraguay",119
2012,"12","23","Peru",97
2012,"12","23","Poland",151
2012,"12","23","Romania",618
2012,"12","23","Russia",802
2012,"12","23","South Africa",2083
2012,"12","23","Spain",54
2012,"12","23","Sweden",10
2012,"12","23","Switzerland",186
2012,"12","23","Ukraine",452
2012,"12","23","United States",7904
2012,"12","23","Uruguay",57
2012,"12","30","Argentina",77
2012,"12","30","Australia",155
2012,"12","30","Austria",1118
2012,"12","30","Belgium",270
2012,"12","30","Bolivia",120
2012,"12","30","Brazil",108
2012,"12","30","Bulgaria",423
2012,"12","30","Canada",7496
2012,"12","30","Chile",3
2012,"12","30","France",387
2012,"12","30","Germany",1187
2012,"12","30","Hungary",70
2012,"12","30","Japan",479
2012,"12","30","Mexico",1829
2012,"12","30","Netherlands",134
2012,"12","30","New Zealand",17
2012,"12","30","Norway",106
2012,"12","30","Paraguay",127
2012,"12","30","Peru",102
2012,"12","30","Poland",202
2012,"12","30","Romania",651
2012,"12","30","Russia",953
2012,"12","30","South Africa",1976
2012,"12","30","Spain",78
2012,"12","30","Sweden",20
2012,"12","30","Switzerland",209
2012,"12","30","Ukraine",439
2012,"12","30","United States",8618
2012,"12","30","Uruguay",60
2013,"01","06","Argentina",70
2013,"01","06","Australia",156
2013,"01","06","Austria",1175
2013,"01","06","Belgium",372
2013,"01","06","Bolivia",119
2013,"01","06","Brazil",109
2013,"01","06","Bulgaria",389
2013,"01","06","Canada",7698
2013,"01","06","Chile",3
2013,"01","06","France",277
2013,"01","06","Germany",1015
2013,"01","06","Hungary",70
2013,"01","06","Japan",1342
2013,"01","06","Mexico",1576
2013,"01","06","Netherlands",126
2013,"01","06","New Zealand",13
2013,"01","06","Norway",270
2013,"01","06","Paraguay",134
2013,"01","06","Peru",108
2013,"01","06","Poland",330
2013,"01","06","Romania",662
2013,"01","06","Russia",869
2013,"01","06","South Africa",1813
2013,"01","06","Spain",80
2013,"01","06","Sweden",17
2013,"01","06","Switzerland",280
2013,"01","06","Ukraine",471
2013,"01","06","United States",10112
2013,"01","06","Uruguay",63
2013,"01","13","Argentina",72
2013,"01","13","Australia",152
2013,"01","13","Austria",1286
2013,"01","13","Belgium",374
2013,"01","13","Bolivia",119
2013,"01","13","Brazil",106
2013,"01","13","Bulgaria",438
2013,"01","13","Canada",6803
2013,"01","13","Chile",2
2013,"01","13","France",349
2013,"01","13","Germany",1033
2013,"01","13","Hungary",104
2013,"01","13","Japan",2182
2013,"01","13","Mexico",1591
2013,"01","13","Netherlands",127
2013,"01","13","New Zealand",12
2013,"01","13","Norway",470
2013,"01","13","Paraguay",136
2013,"01","13","Peru",105
2013,"01","13","Poland",413
2013,"01","13","Romania",651
2013,"01","13","Russia",827
2013,"01","13","South Africa",1796
2013,"01","13","Spain",81
2013,"01","13","Sweden",25
2013,"01","13","Switzerland",392
2013,"01","13","Ukraine",520
2013,"01","13","United States",10555
2013,"01","13","Uruguay",66
2013,"01","20","Argentina",71
2013,"01","20","Australia",122
2013,"01","20","Austria",1598
2013,"01","20","Belgium",802
2013,"01","20","Bolivia",111
2013,"01","20","Brazil",107
2013,"01","20","Bulgaria",498
2013,"01","20","Canada",4778
2013,"01","20","Chile",2
2013,"01","20","France",703
2013,"01","20","Germany",1332
2013,"01","20","Hungary",128
2013,"01","20","Japan",3872
2013,"01","20","Mexico",1669
2013,"01","20","Netherlands",233
2013,"01","20","New Zealand",10
2013,"01","20","Norway",321
2013,"01","20","Paraguay",140
2013,"01","20","Peru",98
2013,"01","20","Poland",268
2013,"01","20","Romania",696
2013,"01","20","Russia",924
2013,"01","20","South Africa",1854
2013,"01","20","Spain",99
2013,"01","20","Sweden",28
2013,"01","20","Switzerland",598
2013,"01","20","Ukraine",537
2013,"01","20","United States",9408
2013,"01","20","Uruguay",65
2013,"01","27","Argentina",69
2013,"01","27","Australia",131
2013,"01","27","Austria",2063
2013,"01","27","Belgium",1499
2013,"01","27","Bolivia",110
2013,"01","27","Brazil",112
2013,"01","27","Bulgaria",559
2013,"01","27","Canada",3939
2013,"01","27","Chile",2
2013,"01","27","France",1278
2013,"01","27","Germany",1641
2013,"01","27","Hungary",169
2013,"01","27","Japan",5273
2013,"01","27","Mexico",1866
2013,"01","27","Netherlands",270
2013,"01","27","New Zealand",12
2013,"01","27","Norway",267
2013,"01","27","Paraguay",147
2013,"01","27","Peru",88
2013,"01","27","Poland",168
2013,"01","27","Romania",778
2013,"01","27","Russia",1239
2013,"01","27","South Africa",1758
2013,"01","27","Spain",169
2013,"01","27","Sweden",71
2013,"01","27","Switzerland",719
2013,"01","27","Ukraine",543
2013,"01","27","United States",7209
2013,"01","27","Uruguay",61
2013,"02","03","Argentina",78
2013,"02","03","Australia",144
2013,"02","03","Austria",2141
2013,"02","03","Belgium",1387
2013,"02","03","Bolivia",106
2013,"02","03","Brazil",116
2013,"02","03","Bulgaria",678
2013,"02","03","Canada",3230
2013,"02","03","Chile",2
2013,"02","03","France",1324
2013,"02","03","Germany",1876
2013,"02","03","Hungary",220
2013,"02","03","Japan",3057
2013,"02","03","Mexico",1754
2013,"02","03","Netherlands",174
2013,"02","03","New Zealand",10
2013,"02","03","Norway",224
2013,"02","03","Paraguay",145
2013,"02","03","Peru",103
2013,"02","03","Poland",112
2013,"02","03","Romania",821
2013,"02","03","Russia",1458
2013,"02","03","South Africa",1854
2013,"02","03","Spain",183
2013,"02","03","Sweden",73
2013,"02","03","Switzerland",687
2013,"02","03","Ukraine",555
2013,"02","03","United States",5541
2013,"02","03","Uruguay",56
2013,"02","10","Argentina",77
2013,"02","10","Australia",144
2013,"02","10","Austria",2297
2013,"02","10","Belgium",1064
2013,"02","10","Bolivia",103
2013,"02","10","Brazil",131
2013,"02","10","Bulgaria",776
2013,"02","10","Canada",2768
2013,"02","10","Chile",2
2013,"02","10","France",1099
2013,"02","10","Germany",2063
2013,"02","10","Hungary",336
2013,"02","10","Japan",1659
2013,"02","10","Mexico",1636
2013,"02","10","Netherlands",172
2013,"02","10","New Zealand",13
2013,"02","10","Norway",199
2013,"02","10","Paraguay",135
2013,"02","10","Peru",96
2013,"02","10","Poland",78
2013,"02","10","Romania",880
2013,"02","10","Russia",1453
2013,"02","10","South Africa",2037
2013,"02","10","Spain",266
2013,"02","10","Sweden",67
2013,"02","10","Switzerland",669
2013,"02","10","Ukraine",552
2013,"02","10","United States",4555
2013,"02","10","Uruguay",56
2013,"02","17","Argentina",75
2013,"02","17","Australia",181
2013,"02","17","Austria",2408
2013,"02","17","Belgium",753
2013,"02","17","Bolivia",124
2013,"02","17","Brazil",141
2013,"02","17","Bulgaria",732
2013,"02","17","Canada",2597
2013,"02","17","Chile",3
2013,"02","17","France",894
2013,"02","17","Germany",2023
2013,"02","17","Hungary",417
2013,"02","17","Japan",1381
2013,"02","17","Mexico",1588
2013,"02","17","Netherlands",141
2013,"02","17","New Zealand",17
2013,"02","17","Norway",194
2013,"02","17","Paraguay",129
2013,"02","17","Peru",103
2013,"02","17","Poland",69
2013,"02","17","Romania",968
2013,"02","17","Russia",1668
2013,"02","17","South Africa",1983
2013,"02","17","Spain",258
2013,"02","17","Sweden",42
2013,"02","17","Switzerland",537
2013,"02","17","Ukraine",595
2013,"02","17","United States",4240
2013,"02","17","Uruguay",55
2013,"02","24","Argentina",78
2013,"02","24","Australia",188
2013,"02","24","Austria",2060
2013,"02","24","Belgium",494
2013,"02","24","Bolivia",148
2013,"02","24","Brazil",139
2013,"02","24","Bulgaria",702
2013,"02","24","Canada",2306
2013,"02","24","Chile",3
2013,"02","24","France",443
2013,"02","24","Germany",1752
2013,"02","24","Hungary",365
2013,"02","24","Japan",1122
2013,"02","24","Mexico",1540
2013,"02","24","Netherlands",107
2013,"02","24","New Zealand",19
2013,"02","24","Norway",147
2013,"02","24","Paraguay",133
2013,"02","24","Peru",98
2013,"02","24","Poland",70
2013,"02","24","Romania",971
2013,"02","24","Russia",1757
2013,"02","24","South Africa",1913
2013,"02","24","Spain",157
2013,"02","24","Sweden",30
2013,"02","24","Switzerland",400
2013,"02","24","Ukraine",637
2013,"02","24","United States",3784
2013,"02","24","Uruguay",55
2013,"03","03","Argentina",76
2013,"03","03","Australia",210
2013,"03","03","Austria",1641
2013,"03","03","Belgium",348
2013,"03","03","Bolivia",167
2013,"03","03","Brazil",137
2013,"03","03","Bulgaria",647
2013,"03","03","Canada",2068
2013,"03","03","Chile",4
2013,"03","03","France",193
2013,"03","03","Germany",1461
2013,"03","03","Hungary",254
2013,"03","03","Japan",764
2013,"03","03","Mexico",1605
2013,"03","03","Netherlands",80
2013,"03","03","New Zealand",21
2013,"03","03","Norway",149
2013,"03","03","Paraguay",143
2013,"03","03","Peru",100
2013,"03","03","Poland",59
2013,"03","03","Romania",948
2013,"03","03","Russia",1389
2013,"03","03","South Africa",2024
2013,"03","03","Spain",168
2013,"03","03","Sweden",27
2013,"03","03","Switzerland",262
2013,"03","03","Ukraine",670
2013,"03","03","United States",3504
2013,"03","03","Uruguay",56
2013,"03","10","Argentina",84
2013,"03","10","Australia",231
2013,"03","10","Austria",1341
2013,"03","10","Belgium",210
2013,"03","10","Bolivia",187
2013,"03","10","Brazil",149
2013,"03","10","Bulgaria",656
2013,"03","10","Canada",1901
2013,"03","10","Chile",5
2013,"03","10","France",73
2013,"03","10","Germany",1237
2013,"03","10","Hungary",166
2013,"03","10","Japan",503
2013,"03","10","Mexico",1529
2013,"03","10","Netherlands",60
2013,"03","10","New Zealand",21
2013,"03","10","Norway",157
2013,"03","10","Paraguay",167
2013,"03","10","Peru",107
2013,"03","10","Poland",63
2013,"03","10","Romania",928
2013,"03","10","Russia",1209
2013,"03","10","South Africa",2184
2013,"03","10","Spain",80
2013,"03","10","Sweden",19
2013,"03","10","Switzerland",167
2013,"03","10","Ukraine",679
2013,"03","10","United States",3242
2013,"03","10","Uruguay",59
2013,"03","17","Argentina",107
2013,"03","17","Australia",275
2013,"03","17","Austria",1191
2013,"03","17","Belgium",147
2013,"03","17","Bolivia",214
2013,"03","17","Brazil",165
2013,"03","17","Bulgaria",549
2013,"03","17","Canada",1833
2013,"03","17","Chile",7
2013,"03","17","France",44
2013,"03","17","Germany",1104
2013,"03","17","Hungary",103
2013,"03","17","Japan",429
2013,"03","17","Mexico",1312
2013,"03","17","Netherlands",56
2013,"03","17","New Zealand",18
2013,"03","17","Norway",119
2013,"03","17","Paraguay",188
2013,"03","17","Peru",121
2013,"03","17","Poland",62
2013,"03","17","Romania",858
2013,"03","17","Russia",998
2013,"03","17","South Africa",2341
2013,"03","17","Spain",66
2013,"03","17","Sweden",15
2013,"03","17","Switzerland",133
2013,"03","17","Ukraine",619
2013,"03","17","United States",2894
2013,"03","17","Uruguay",65
2013,"03","24","Argentina",113
2013,"03","24","Australia",236
2013,"03","24","Austria",1026
2013,"03","24","Belgium",124
2013,"03","24","Bolivia",195
2013,"03","24","Brazil",167
2013,"03","24","Bulgaria",425
2013,"03","24","Canada",1642
2013,"03","24","Chile",7
2013,"03","24","France",32
2013,"03","24","Germany",950
2013,"03","24","Hungary",89
2013,"03","24","Japan",280
2013,"03","24","Mexico",1211
2013,"03","24","Netherlands",48
2013,"03","24","New Zealand",18
2013,"03","24","Norway",105
2013,"03","24","Paraguay",196
2013,"03","24","Peru",131
2013,"03","24","Poland",65
2013,"03","24","Romania",795
2013,"03","24","Russia",873
2013,"03","24","South Africa",2242
2013,"03","24","Spain",46
2013,"03","24","Sweden",16
2013,"03","24","Switzerland",89
2013,"03","24","Ukraine",576
2013,"03","24","United States",2673
2013,"03","24","Uruguay",84
2013,"03","31","Argentina",94
2013,"03","31","Australia",277
2013,"03","31","Austria",1034
2013,"03","31","Belgium",102
2013,"03","31","Bolivia",247
2013,"03","31","Brazil",185
2013,"03","31","Bulgaria",348
2013,"03","31","Canada",1754
2013,"03","31","Chile",8
2013,"03","31","France",32
2013,"03","31","Germany",916
2013,"03","31","Hungary",90
2013,"03","31","Japan",205
2013,"03","31","Mexico",1067
2013,"03","31","Netherlands",47
2013,"03","31","New Zealand",21
2013,"03","31","Norway",65
2013,"03","31","Paraguay",203
2013,"03","31","Peru",136
2013,"03","31","Poland",64
2013,"03","31","Romania",765
2013,"03","31","Russia",733
2013,"03","31","South Africa",2173
2013,"03","31","Spain",32
2013,"03","31","Sweden",13
2013,"03","31","Switzerland",84
2013,"03","31","Ukraine",507
2013,"03","31","United States",2482
2013,"03","31","Uruguay",88
2013,"04","07","Argentina",103
2013,"04","07","Australia",286
2013,"04","07","Austria",916
2013,"04","07","Belgium",78
2013,"04","07","Bolivia",242
2013,"04","07","Brazil",195
2013,"04","07","Bulgaria",334
2013,"04","07","Canada",1603
2013,"04","07","Chile",13
2013,"04","07","France",24
2013,"04","07","Germany",800
2013,"04","07","Hungary",62
2013,"04","07","Japan",144
2013,"04","07","Mexico",1054
2013,"04","07","Netherlands",43
2013,"04","07","New Zealand",27
2013,"04","07","Norway",50
2013,"04","07","Paraguay",219
2013,"04","07","Peru",148
2013,"04","07","Poland",51
2013,"04","07","Romania",719
2013,"04","07","Russia",644
2013,"04","07","South Africa",2418
2013,"04","07","Spain",27
2013,"04","07","Sweden",10
2013,"04","07","Switzerland",54
2013,"04","07","Ukraine",462
2013,"04","07","United States",2121
2013,"04","07","Uruguay",78
2013,"04","14","Argentina",106
2013,"04","14","Australia",293
2013,"04","14","Austria",774
2013,"04","14","Belgium",48
2013,"04","14","Bolivia",250
2013,"04","14","Brazil",218
2013,"04","14","Bulgaria",332
2013,"04","14","Canada",1458
2013,"04","14","Chile",12
2013,"04","14","France",14
2013,"04","14","Germany",632
2013,"04","14","Hungary",54
2013,"04","14","Japan",159
2013,"04","14","Mexico",992
2013,"04","14","Netherlands",31
2013,"04","14","New Zealand",25
2013,"04","14","Norway",53
2013,"04","14","Paraguay",224
2013,"04","14","Peru",153
2013,"04","14","Poland",36
2013,"04","14","Romania",669
2013,"04","14","Russia",574
2013,"04","14","South Africa",2381
2013,"04","14","Spain",22
2013,"04","14","Sweden",5
2013,"04","14","Switzerland",30
2013,"04","14","Ukraine",427
2013,"04","14","United States",1747
2013,"04","14","Uruguay",75
2013,"04","21","Argentina",105
2013,"04","21","Australia",272
2013,"04","21","Austria",726
2013,"04","21","Belgium",37
2013,"04","21","Bolivia",211
2013,"04","21","Brazil",225
2013,"04","21","Bulgaria",270
2013,"04","21","Canada",1379
2013,"04","21","Chile",11
2013,"04","21","France",11
2013,"04","21","Germany",577
2013,"04","21","Hungary",46
2013,"04","21","Japan",169
2013,"04","21","Mexico",988
2013,"04","21","Netherlands",24
2013,"04","21","New Zealand",23
2013,"04","21","Norway",51
2013,"04","21","Paraguay",235
2013,"04","21","Peru",149
2013,"04","21","Poland",28
2013,"04","21","Romania",627
2013,"04","21","Russia",537
2013,"04","21","South Africa",2675
2013,"04","21","Spain",21
2013,"04","21","Sweden",4
2013,"04","21","Switzerland",26
2013,"04","21","Ukraine",419
2013,"04","21","United States",1681
2013,"04","21","Uruguay",71
2013,"04","28","Argentina",95
2013,"04","28","Australia",305
2013,"04","28","Austria",598
2013,"04","28","Belgium",38
2013,"04","28","Bolivia",195
2013,"04","28","Brazil",219
2013,"04","28","Bulgaria",230
2013,"04","28","Canada",1265
2013,"04","28","Chile",12
2013,"04","28","France",8
2013,"04","28","Germany",556
2013,"04","28","Hungary",39
2013,"04","28","Japan",157
2013,"04","28","Mexico",991
2013,"04","28","Netherlands",21
2013,"04","28","New Zealand",23
2013,"04","28","Norway",45
2013,"04","28","Paraguay",229
2013,"04","28","Peru",151
2013,"04","28","Poland",24
2013,"04","28","Romania",595
2013,"04","28","Russia",471
2013,"04","28","South Africa",2683
2013,"04","28","Spain",18
2013,"04","28","Sweden",3
2013,"04","28","Switzerland",23
2013,"04","28","Ukraine",359
2013,"04","28","United States",1534
2013,"04","28","Uruguay",74
2013,"05","05","Argentina",109
2013,"05","05","Australia",379
2013,"05","05","Austria",587
2013,"05","05","Belgium",39
2013,"05","05","Bolivia",215
2013,"05","05","Brazil",218
2013,"05","05","Bulgaria",213
2013,"05","05","Canada",1133
2013,"05","05","Chile",14
2013,"05","05","France",8
2013,"05","05","Germany",492
2013,"05","05","Hungary",33
2013,"05","05","Japan",122
2013,"05","05","Mexico",966
2013,"05","05","Netherlands",19
2013,"05","05","New Zealand",22
2013,"05","05","Norway",47
2013,"05","05","Paraguay",229
2013,"05","05","Peru",142
2013,"05","05","Poland",19
2013,"05","05","Romania",569
2013,"05","05","Russia",440
2013,"05","05","South Africa",3120
2013,"05","05","Spain",22
2013,"05","05","Sweden",3
2013,"05","05","Switzerland",23
2013,"05","05","Ukraine",291
2013,"05","05","United States",1438
2013,"05","05","Uruguay",88
2013,"05","12","Argentina",128
2013,"05","12","Australia",393
2013,"05","12","Austria",638
2013,"05","12","Belgium",45
2013,"05","12","Bolivia",221
2013,"05","12","Brazil",214
2013,"05","12","Bulgaria",203
2013,"05","12","Canada",1046
2013,"05","12","Chile",18
2013,"05","12","France",7
2013,"05","12","Germany",518
2013,"05","12","Hungary",32
2013,"05","12","Japan",71
2013,"05","12","Mexico",919
2013,"05","12","Netherlands",17
2013,"05","12","New Zealand",32
2013,"05","12","Norway",47
2013,"05","12","Paraguay",220
2013,"05","12","Peru",148
2013,"05","12","Poland",17
2013,"05","12","Romania",546
2013,"05","12","Russia",376
2013,"05","12","South Africa",3307
2013,"05","12","Spain",14
2013,"05","12","Sweden",2
2013,"05","12","Switzerland",31
2013,"05","12","Ukraine",230
2013,"05","12","United States",1286
2013,"05","12","Uruguay",94
2013,"05","19","Argentina",156
2013,"05","19","Australia",443
2013,"05","19","Austria",607
2013,"05","19","Belgium",39
2013,"05","19","Bolivia",219
2013,"05","19","Brazil",215
2013,"05","19","Bulgaria",184
2013,"05","19","Canada",1002
2013,"05","19","Chile",22
2013,"05","19","France",9
2013,"05","19","Germany",477
2013,"05","19","Hungary",29
2013,"05","19","Japan",44
2013,"05","19","Mexico",858
2013,"05","19","Netherlands",16
2013,"05","19","New Zealand",32
2013,"05","19","Norway",44
2013,"05","19","Paraguay",263
2013,"05","19","Peru",140
2013,"05","19","Poland",15
2013,"05","19","Romania",525
2013,"05","19","Russia",331
2013,"05","19","South Africa",3166
2013,"05","19","Spain",17
2013,"05","19","Sweden",2
2013,"05","19","Switzerland",27
2013,"05","19","Ukraine",209
2013,"05","19","United States",1165
2013,"05","19","Uruguay",113
2013,"05","26","Argentina",180
2013,"05","26","Australia",475
2013,"05","26","Austria",588
2013,"05","26","Belgium",35
2013,"05","26","Bolivia",166
2013,"05","26","Brazil",203
2013,"05","26","Bulgaria",163
2013,"05","26","Canada",986
2013,"05","26","Chile",22
2013,"05","26","France",8
2013,"05","26","Germany",468
2013,"05","26","Hungary",34
2013,"05","26","Japan",25
2013,"05","26","Mexico",820
2013,"05","26","Netherlands",19
2013,"05","26","New Zealand",42
2013,"05","26","Norway",36
2013,"05","26","Paraguay",258
2013,"05","26","Peru",144
2013,"05","26","Poland",14
2013,"05","26","Romania",514
2013,"05","26","Russia",323
2013,"05","26","South Africa",3439
2013,"05","26","Spain",16
2013,"05","26","Sweden",2
2013,"05","26","Switzerland",27
2013,"05","26","Ukraine",222
2013,"05","26","United States",1149
2013,"05","26","Uruguay",138
2013,"06","02","Argentina",207
2013,"06","02","Australia",506
2013,"06","02","Austria",638
2013,"06","02","Belgium",26
2013,"06","02","Bolivia",207
2013,"06","02","Brazil",210
2013,"06","02","Bulgaria",150
2013,"06","02","Canada",872
2013,"06","02","Chile",32
2013,"06","02","France",7
2013,"06","02","Germany",451
2013,"06","02","Hungary",40
2013,"06","02","Japan",15
2013,"06","02","Mexico",818
2013,"06","02","Netherlands",20
2013,"06","02","New Zealand",48
2013,"06","02","Norway",26
2013,"06","02","Paraguay",283
2013,"06","02","Peru",143
2013,"06","02","Poland",13
2013,"06","02","Romania",514
2013,"06","02","Russia",310
2013,"06","02","South Africa",3563
2013,"06","02","Spain",14
2013,"06","02","Sweden",2
2013,"06","02","Switzerland",29
2013,"06","02","Ukraine",232
2013,"06","02","United States",1063
2013,"06","02","Uruguay",133
2013,"06","09","Argentina",218
2013,"06","09","Australia",513
2013,"06","09","Austria",636
2013,"06","09","Belgium",26
2013,"06","09","Bolivia",198
2013,"06","09","Brazil",210
2013,"06","09","Bulgaria",156
2013,"06","09","Canada",835
2013,"06","09","Chile",43
2013,"06","09","France",6
2013,"06","09","Germany",413
2013,"06","09","Hungary",34
2013,"06","09","Japan",10
2013,"06","09","Mexico",803
2013,"06","09","Netherlands",23
2013,"06","09","New Zealand",52
2013,"06","09","Norway",19
2013,"06","09","Paraguay",330
2013,"06","09","Peru",140
2013,"06","09","Poland",13
2013,"06","09","Romania",529
2013,"06","09","Russia",307
2013,"06","09","South Africa",3891
2013,"06","09","Spain",11
2013,"06","09","Sweden",2
2013,"06","09","Switzerland",20
2013,"06","09","Ukraine",210
2013,"06","09","United States",1024
2013,"06","09","Uruguay",149
2013,"06","16","Argentina",221
2013,"06","16","Australia",507
2013,"06","16","Austria",525
2013,"06","16","Belgium",19
2013,"06","16","Bolivia",182
2013,"06","16","Brazil",212
2013,"06","16","Bulgaria",161
2013,"06","16","Canada",831
2013,"06","16","Chile",53
2013,"06","16","France",4
2013,"06","16","Germany",353
2013,"06","16","Hungary",34
2013,"06","16","Japan",7
2013,"06","16","Mexico",798
2013,"06","16","Netherlands",19
2013,"06","16","New Zealand",46
2013,"06","16","Norway",22
2013,"06","16","Paraguay",315
2013,"06","16","Peru",146
2013,"06","16","Poland",12
2013,"06","16","Romania",526
2013,"06","16","Russia",282
2013,"06","16","South Africa",4204
2013,"06","16","Spain",9
2013,"06","16","Sweden",1
2013,"06","16","Switzerland",21
2013,"06","16","Ukraine",220
2013,"06","16","United States",997
2013,"06","16","Uruguay",150
2013,"06","23","Argentina",238
2013,"06","23","Australia",505
2013,"06","23","Austria",549
2013,"06","23","Belgium",17
2013,"06","23","Bolivia",178
2013,"06","23","Brazil",212
2013,"06","23","Bulgaria",140
2013,"06","23","Canada",821
2013,"06","23","Chile",61
2013,"06","23","France",4
2013,"06","23","Germany",375
2013,"06","23","Hungary",30
2013,"06","23","Japan",6
2013,"06","23","Mexico",825
2013,"06","23","Netherlands",20
2013,"06","23","New Zealand",63
2013,"06","23","Norway",24
2013,"06","23","Paraguay",368
2013,"06","23","Peru",152
2013,"06","23","Poland",13
2013,"06","23","Romania",509
2013,"06","23","Russia",278
2013,"06","23","South Africa",4008
2013,"06","23","Spain",9
2013,"06","23","Sweden",1
2013,"06","23","Switzerland",17
2013,"06","23","Ukraine",203
2013,"06","23","United States",966
2013,"06","23","Uruguay",159
2013,"06","30","Argentina",232
2013,"06","30","Australia",492
2013,"06","30","Austria",567
2013,"06","30","Belgium",15
2013,"06","30","Bolivia",173
2013,"06","30","Brazil",205
2013,"06","30","Bulgaria",130
2013,"06","30","Canada",839
2013,"06","30","Chile",101
2013,"06","30","France",3
2013,"06","30","Germany",375
2013,"06","30","Hungary",26
2013,"06","30","Japan",6
2013,"06","30","Mexico",858
2013,"06","30","Netherlands",20
2013,"06","30","New Zealand",71
2013,"06","30","Norway",23
2013,"06","30","Paraguay",381
2013,"06","30","Peru",145
2013,"06","30","Poland",13
2013,"06","30","Romania",507
2013,"06","30","Russia",238
2013,"06","30","South Africa",3470
2013,"06","30","Spain",8
2013,"06","30","Sweden",1
2013,"06","30","Switzerland",24
2013,"06","30","Ukraine",217
2013,"06","30","United States",925
2013,"06","30","Uruguay",147
2013,"07","07","Argentina",216
2013,"07","07","Australia",508
2013,"07","07","Austria",546
2013,"07","07","Belgium",12
2013,"07","07","Bolivia",188
2013,"07","07","Brazil",200
2013,"07","07","Bulgaria",131
2013,"07","07","Canada",715
2013,"07","07","Chile",148
2013,"07","07","France",2
2013,"07","07","Germany",351
2013,"07","07","Hungary",27
2013,"07","07","Japan",5
2013,"07","07","Mexico",837
2013,"07","07","Netherlands",18
2013,"07","07","New Zealand",73
2013,"07","07","Norway",18
2013,"07","07","Paraguay",361
2013,"07","07","Peru",149
2013,"07","07","Poland",12
2013,"07","07","Romania",502
2013,"07","07","Russia",215
2013,"07","07","South Africa",3222
2013,"07","07","Spain",8
2013,"07","07","Sweden",1
2013,"07","07","Switzerland",21
2013,"07","07","Ukraine",229
2013,"07","07","United States",941
2013,"07","07","Uruguay",143
2013,"07","14","Argentina",191
2013,"07","14","Australia",528
2013,"07","14","Austria",490
2013,"07","14","Belgium",10
2013,"07","14","Bolivia",166
2013,"07","14","Brazil",199
2013,"07","14","Bulgaria",135
2013,"07","14","Canada",710
2013,"07","14","Chile",118
2013,"07","14","France",2
2013,"07","14","Germany",313
2013,"07","14","Hungary",32
2013,"07","14","Japan",5
2013,"07","14","Mexico",838
2013,"07","14","Netherlands",18
2013,"07","14","New Zealand",76
2013,"07","14","Norway",19
2013,"07","14","Paraguay",319
2013,"07","14","Peru",146
2013,"07","14","Poland",12
2013,"07","14","Romania",506
2013,"07","14","Russia",225
2013,"07","14","South Africa",2983
2013,"07","14","Spain",8
2013,"07","14","Sweden",1
2013,"07","14","Switzerland",26
2013,"07","14","Ukraine",254
2013,"07","14","United States",907
2013,"07","14","Uruguay",130
2013,"07","21","Argentina",187
2013,"07","21","Australia",575
2013,"07","21","Austria",481
2013,"07","21","Belgium",8
2013,"07","21","Bolivia",157
2013,"07","21","Brazil",192
2013,"07","21","Bulgaria",140
2013,"07","21","Canada",690
2013,"07","21","Chile",66
2013,"07","21","France",1
2013,"07","21","Germany",264
2013,"07","21","Hungary",29
2013,"07","21","Japan",4
2013,"07","21","Mexico",835
2013,"07","21","Netherlands",15
2013,"07","21","New Zealand",76
2013,"07","21","Norway",21
2013,"07","21","Paraguay",334
2013,"07","21","Peru",146
2013,"07","21","Poland",12
2013,"07","21","Romania",505
2013,"07","21","Russia",240
2013,"07","21","South Africa",2933
2013,"07","21","Spain",7
2013,"07","21","Sweden",1
2013,"07","21","Switzerland",23
2013,"07","21","Ukraine",278
2013,"07","21","United States",956
2013,"07","21","Uruguay",129
2013,"07","28","Argentina",173
2013,"07","28","Australia",684
2013,"07","28","Austria",433
2013,"07","28","Belgium",8
2013,"07","28","Bolivia",175
2013,"07","28","Brazil",195
2013,"07","28","Bulgaria",130
2013,"07","28","Canada",635
2013,"07","28","Chile",40
2013,"07","28","France",1
2013,"07","28","Germany",255
2013,"07","28","Hungary",26
2013,"07","28","Japan",4
2013,"07","28","Mexico",848
2013,"07","28","Netherlands",16
2013,"07","28","New Zealand",93
2013,"07","28","Norway",21
2013,"07","28","Paraguay",273
2013,"07","28","Peru",132
2013,"07","28","Poland",12
2013,"07","28","Romania",502
2013,"07","28","Russia",243
2013,"07","28","South Africa",3252
2013,"07","28","Spain",7
2013,"07","28","Sweden",1
2013,"07","28","Switzerland",19
2013,"07","28","Ukraine",272
2013,"07","28","United States",850
2013,"07","28","Uruguay",137
2013,"08","04","Argentina",164
2013,"08","04","Australia",764
2013,"08","04","Austria",452
2013,"08","04","Belgium",9
2013,"08","04","Bolivia",169
2013,"08","04","Brazil",197
2013,"08","04","Bulgaria",133
2013,"08","04","Canada",707
2013,"08","04","Chile",35
2013,"08","04","France",2
2013,"08","04","Germany",264
2013,"08","04","Hungary",28
2013,"08","04","Japan",3
2013,"08","04","Mexico",852
2013,"08","04","Netherlands",15
2013,"08","04","New Zealand",91
2013,"08","04","Norway",24
2013,"08","04","Paraguay",260
2013,"08","04","Peru",144
2013,"08","04","Poland",12
2013,"08","04","Romania",513
2013,"08","04","Russia",260
2013,"08","04","South Africa",3433
2013,"08","04","Spain",9
2013,"08","04","Sweden",1
2013,"08","04","Switzerland",27
2013,"08","04","Ukraine",286
2013,"08","04","United States",869
2013,"08","04","Uruguay",145
2013,"08","11","Argentina",170
2013,"08","11","Australia",788
2013,"08","11","Austria",453
2013,"08","11","Belgium",10
2013,"08","11","Bolivia",195
2013,"08","11","Brazil",202
2013,"08","11","Bulgaria",147
2013,"08","11","Canada",698
2013,"08","11","Chile",41
2013,"08","11","France",2
2013,"08","11","Germany",301
2013,"08","11","Hungary",29
2013,"08","11","Japan",3
2013,"08","11","Mexico",835
2013,"08","11","Netherlands",17
2013,"08","11","New Zealand",94
2013,"08","11","Norway",30
2013,"08","11","Paraguay",244
2013,"08","11","Peru",147
2013,"08","11","Poland",12
2013,"08","11","Romania",538
2013,"08","11","Russia",297
2013,"08","11","South Africa",3783
2013,"08","11","Spain",12
2013,"08","11","Sweden",1
2013,"08","11","Switzerland",21
2013,"08","11","Ukraine",303
2013,"08","11","United States",907
2013,"08","11","Uruguay",148
2013,"08","18","Argentina",180
2013,"08","18","Australia",914
2013,"08","18","Austria",517
2013,"08","18","Belgium",12
2013,"08","18","Bolivia",227
2013,"08","18","Brazil",207
2013,"08","18","Bulgaria",160
2013,"08","18","Canada",627
2013,"08","18","Chile",37
2013,"08","18","France",2
2013,"08","18","Germany",324
2013,"08","18","Hungary",34
2013,"08","18","Japan",3
2013,"08","18","Mexico",837
2013,"08","18","Netherlands",19
2013,"08","18","New Zealand",86
2013,"08","18","Norway",47
2013,"08","18","Paraguay",257
2013,"08","18","Peru",152
2013,"08","18","Poland",12
2013,"08","18","Romania",545
2013,"08","18","Russia",305
2013,"08","18","South Africa",3586
2013,"08","18","Spain",11
2013,"08","18","Sweden",2
2013,"08","18","Switzerland",25
2013,"08","18","Ukraine",324
2013,"08","18","United States",952
2013,"08","18","Uruguay",146
2013,"08","25","Argentina",186
2013,"08","25","Australia",932
2013,"08","25","Austria",538
2013,"08","25","Belgium",15
2013,"08","25","Bolivia",206
2013,"08","25","Brazil",204
2013,"08","25","Bulgaria",167
2013,"08","25","Canada",660
2013,"08","25","Chile",28
2013,"08","25","France",3
2013,"08","25","Germany",387
2013,"08","25","Hungary",29
2013,"08","25","Japan",3
2013,"08","25","Mexico",898
2013,"08","25","Netherlands",22
2013,"08","25","New Zealand",103
2013,"08","25","Norway",77
2013,"08","25","Paraguay",261
2013,"08","25","Peru",143
2013,"08","25","Poland",11
2013,"08","25","Romania",540
2013,"08","25","Russia",347
2013,"08","25","South Africa",3231
2013,"08","25","Spain",11
2013,"08","25","Sweden",2
2013,"08","25","Switzerland",27
2013,"08","25","Ukraine",381
2013,"08","25","United States",977
2013,"08","25","Uruguay",141
2013,"09","01","Argentina",178
2013,"09","01","Australia",719
2013,"09","01","Austria",596
2013,"09","01","Belgium",14
2013,"09","01","Bolivia",188
2013,"09","01","Brazil",193
2013,"09","01","Bulgaria",161
2013,"09","01","Canada",780
2013,"09","01","Chile",21
2013,"09","01","France",3
2013,"09","01","Germany",441
2013,"09","01","Hungary",33
2013,"09","01","Japan",4
2013,"09","01","Mexico",1040
2013,"09","01","Netherlands",25
2013,"09","01","New Zealand",123
2013,"09","01","Norway",87
2013,"09","01","Paraguay",241
2013,"09","01","Peru",160
2013,"09","01","Poland",11
2013,"09","01","Romania",532
2013,"09","01","Russia",426
2013,"09","01","South Africa",3265
2013,"09","01","Spain",9
2013,"09","01","Sweden",3
2013,"09","01","Switzerland",33
2013,"09","01","Ukraine",484
2013,"09","01","United States",1085
2013,"09","01","Uruguay",143
2013,"09","08","Argentina",147
2013,"09","08","Australia",661
2013,"09","08","Austria",654
2013,"09","08","Belgium",27
2013,"09","08","Bolivia",218
2013,"09","08","Brazil",182
2013,"09","08","Bulgaria",158
2013,"09","08","Canada",1016
2013,"09","08","Chile",17
2013,"09","08","France",6
2013,"09","08","Germany",515
2013,"09","08","Hungary",41
2013,"09","08","Japan",5
2013,"09","08","Mexico",1119
2013,"09","08","Netherlands",28
2013,"09","08","New Zealand",110
2013,"09","08","Norway",96
2013,"09","08","Paraguay",249
2013,"09","08","Peru",148
2013,"09","08","Poland",12
2013,"09","08","Romania",539
2013,"09","08","Russia",591
2013,"09","08","South Africa",3390
2013,"09","08","Spain",10
2013,"09","08","Sweden",2
2013,"09","08","Switzerland",35
2013,"09","08","Ukraine",579
2013,"09","08","United States",1154
2013,"09","08","Uruguay",113
2013,"09","15","Argentina",125
2013,"09","15","Australia",542
2013,"09","15","Austria",805
2013,"09","15","Belgium",60
2013,"09","15","Bolivia",203
2013,"09","15","Brazil",169
2013,"09","15","Bulgaria",160
2013,"09","15","Canada",1328
2013,"09","15","Chile",15
2013,"09","15","France",19
2013,"09","15","Germany",669
2013,"09","15","Hungary",54
2013,"09","15","Japan",6
2013,"09","15","Mexico",1157
2013,"09","15","Netherlands",36
2013,"09","15","New Zealand",91
2013,"09","15","Norway",93
2013,"09","15","Paraguay",227
2013,"09","15","Peru",149
2013,"09","15","Poland",22
2013,"09","15","Romania",557
2013,"09","15","Russia",764
2013,"09","15","South Africa",3454
2013,"09","15","Spain",18
2013,"09","15","Sweden",2
2013,"09","15","Switzerland",46
2013,"09","15","Ukraine",607
2013,"09","15","United States",1259
2013,"09","15","Uruguay",102
2013,"09","22","Argentina",130
2013,"09","22","Australia",438
2013,"09","22","Austria",1000
2013,"09","22","Belgium",80
2013,"09","22","Bolivia",219
2013,"09","22","Brazil",156
2013,"09","22","Bulgaria",214
2013,"09","22","Canada",1598
2013,"09","22","Chile",18
2013,"09","22","France",32
2013,"09","22","Germany",799
2013,"09","22","Hungary",59
2013,"09","22","Japan",8
2013,"09","22","Mexico",1186
2013,"09","22","Netherlands",39
2013,"09","22","New Zealand",91
2013,"09","22","Norway",88
2013,"09","22","Paraguay",240
2013,"09","22","Peru",143
2013,"09","22","Poland",41
2013,"09","22","Romania",590
2013,"09","22","Russia",758
2013,"09","22","South Africa",3095
2013,"09","22","Spain",29
2013,"09","22","Sweden",3
2013,"09","22","Switzerland",40
2013,"09","22","Ukraine",596
2013,"09","22","United States",1350
2013,"09","22","Uruguay",101
2013,"09","29","Argentina",136
2013,"09","29","Australia",371
2013,"09","29","Austria",1060
2013,"09","29","Belgium",80
2013,"09","29","Bolivia",195
2013,"09","29","Brazil",147
2013,"09","29","Bulgaria",262
2013,"09","29","Canada",1546
2013,"09","29","Chile",15
2013,"09","29","France",27
2013,"09","29","Germany",862
2013,"09","29","Hungary",65
2013,"09","29","Japan",10
2013,"09","29","Mexico",1234
2013,"09","29","Netherlands",39
2013,"09","29","New Zealand",73
2013,"09","29","Norway",58
2013,"09","29","Paraguay",263
2013,"09","29","Peru",137
2013,"09","29","Poland",45
2013,"09","29","Romania",630
2013,"09","29","Russia",712
2013,"09","29","South Africa",2964
2013,"09","29","Spain",25
2013,"09","29","Sweden",3
2013,"09","29","Switzerland",44
2013,"09","29","Ukraine",567
2013,"09","29","United States",1363
2013,"09","29","Uruguay",95
2013,"10","06","Argentina",128
2013,"10","06","Australia",317
2013,"10","06","Austria",1090
2013,"10","06","Belgium",60
2013,"10","06","Bolivia",183
2013,"10","06","Brazil",152
2013,"10","06","Bulgaria",332
2013,"10","06","Canada",1585
2013,"10","06","Chile",16
2013,"10","06","France",30
2013,"10","06","Germany",914
2013,"10","06","Hungary",53
2013,"10","06","Japan",11
2013,"10","06","Mexico",1277
2013,"10","06","Netherlands",32
2013,"10","06","New Zealand",54
2013,"10","06","Norway",39
2013,"10","06","Paraguay",271
2013,"10","06","Peru",135
2013,"10","06","Poland",40
2013,"10","06","Romania",687
2013,"10","06","Russia",653
2013,"10","06","South Africa",2756
2013,"10","06","Spain",28
2013,"10","06","Sweden",3
2013,"10","06","Switzerland",41
2013,"10","06","Ukraine",525
2013,"10","06","United States",1405
2013,"10","06","Uruguay",94
2013,"10","13","Argentina",113
2013,"10","13","Australia",288
2013,"10","13","Austria",1015
2013,"10","13","Belgium",66
2013,"10","13","Bolivia",198
2013,"10","13","Brazil",151
2013,"10","13","Bulgaria",365
2013,"10","13","Canada",1632
2013,"10","13","Chile",14
2013,"10","13","France",31
2013,"10","13","Germany",888
2013,"10","13","Hungary",52
2013,"10","13","Japan",13
2013,"10","13","Mexico",1266
2013,"10","13","Netherlands",31
2013,"10","13","New Zealand",44
2013,"10","13","Norway",36
2013,"10","13","Paraguay",269
2013,"10","13","Peru",137
2013,"10","13","Poland",35
2013,"10","13","Romania",695
2013,"10","13","Russia",614
2013,"10","13","South Africa",2529
2013,"10","13","Spain",35
2013,"10","13","Sweden",3
2013,"10","13","Switzerland",41
2013,"10","13","Ukraine",444
2013,"10","13","United States",1354
2013,"10","13","Uruguay",95
2013,"10","20","Argentina",106
2013,"10","20","Australia",269
2013,"10","20","Austria",927
2013,"10","20","Belgium",60
2013,"10","20","Bolivia",216
2013,"10","20","Brazil",149
2013,"10","20","Bulgaria",363
2013,"10","20","Canada",1849
2013,"10","20","Chile",15
2013,"10","20","France",20
2013,"10","20","Germany",783
2013,"10","20","Hungary",49
2013,"10","20","Japan",19
2013,"10","20","Mexico",1312
2013,"10","20","Netherlands",32
2013,"10","20","New Zealand",39
2013,"10","20","Norway",49
2013,"10","20","Paraguay",242
2013,"10","20","Peru",135
2013,"10","20","Poland",30
2013,"10","20","Romania",674
2013,"10","20","Russia",546
2013,"10","20","South Africa",2356
2013,"10","20","Spain",29
2013,"10","20","Sweden",4
2013,"10","20","Switzerland",35
2013,"10","20","Ukraine",429
2013,"10","20","United States",1445
2013,"10","20","Uruguay",90
2013,"10","27","Argentina",98
2013,"10","27","Australia",270
2013,"10","27","Austria",813
2013,"10","27","Belgium",50
2013,"10","27","Bolivia",196
2013,"10","27","Brazil",146
2013,"10","27","Bulgaria",413
2013,"10","27","Canada",1968
2013,"10","27","Chile",12
2013,"10","27","France",19
2013,"10","27","Germany",688
2013,"10","27","Hungary",46
2013,"10","27","Japan",36
2013,"10","27","Mexico",1279
2013,"10","27","Netherlands",30
2013,"10","27","New Zealand",35
2013,"10","27","Norway",52
2013,"10","27","Paraguay",210
2013,"10","27","Peru",126
2013,"10","27","Poland",26
2013,"10","27","Romania",662
2013,"10","27","Russia",498
2013,"10","27","South Africa",2362
2013,"10","27","Spain",28
2013,"10","27","Sweden",2
2013,"10","27","Switzerland",32
2013,"10","27","Ukraine",397
2013,"10","27","United States",1460
2013,"10","27","Uruguay",91
2013,"11","03","Argentina",99
2013,"11","03","Australia",261
2013,"11","03","Austria",876
2013,"11","03","Belgium",67
2013,"11","03","Bolivia",178
2013,"11","03","Brazil",143
2013,"11","03","Bulgaria",443
2013,"11","03","Canada",2031
2013,"11","03","Chile",12
2013,"11","03","France",21
2013,"11","03","Germany",737
2013,"11","03","Hungary",43
2013,"11","03","Japan",48
2013,"11","03","Mexico",1389
2013,"11","03","Netherlands",35
2013,"11","03","New Zealand",31
2013,"11","03","Norway",43
2013,"11","03","Paraguay",214
2013,"11","03","Peru",125
2013,"11","03","Poland",25
2013,"11","03","Romania",646
2013,"11","03","Russia",523
2013,"11","03","South Africa",2454
2013,"11","03","Spain",27
2013,"11","03","Sweden",4
2013,"11","03","Switzerland",40
2013,"11","03","Ukraine",383
2013,"11","03","United States",1560
2013,"11","03","Uruguay",89
2013,"11","10","Argentina",98
2013,"11","10","Australia",235
2013,"11","10","Austria",871
2013,"11","10","Belgium",70
2013,"11","10","Bolivia",150
2013,"11","10","Brazil",143
2013,"11","10","Bulgaria",401
2013,"11","10","Canada",2130
2013,"11","10","Chile",9
2013,"11","10","France",25
2013,"11","10","Germany",736
2013,"11","10","Hungary",54
2013,"11","10","Japan",67
2013,"11","10","Mexico",1372
2013,"11","10","Netherlands",35
2013,"11","10","New Zealand",30
2013,"11","10","Norway",55
2013,"11","10","Paraguay",205
2013,"11","10","Peru",135
2013,"11","10","Poland",24
2013,"11","10","Romania",624
2013,"11","10","Russia",474
2013,"11","10","South Africa",2365
2013,"11","10","Spain",23
2013,"11","10","Sweden",4
2013,"11","10","Switzerland",40
2013,"11","10","Ukraine",373
2013,"11","10","United States",1628
2013,"11","10","Uruguay",84
2013,"11","17","Argentina",93
2013,"11","17","Australia",205
2013,"11","17","Austria",919
2013,"11","17","Belgium",107
2013,"11","17","Bolivia",164
2013,"11","17","Brazil",141
2013,"11","17","Bulgaria",411
2013,"11","17","Canada",2137
2013,"11","17","Chile",7
2013,"11","17","France",35
2013,"11","17","Germany",772
2013,"11","17","Hungary",60
2013,"11","17","Japan",81
2013,"11","17","Mexico",1368
2013,"11","17","Netherlands",42
2013,"11","17","New Zealand",23
2013,"11","17","Norway",53
2013,"11","17","Paraguay",208
2013,"11","17","Peru",123
2013,"11","17","Poland",26
2013,"11","17","Romania",628
2013,"11","17","Russia",477
2013,"11","17","South Africa",2130
2013,"11","17","Spain",25
2013,"11","17","Sweden",4
2013,"11","17","Switzerland",43
2013,"11","17","Ukraine",397
2013,"11","17","United States",1661
2013,"11","17","Uruguay",73
2013,"11","24","Argentina",88
2013,"11","24","Australia",198
2013,"11","24","Austria",920
2013,"11","24","Belgium",121
2013,"11","24","Bolivia",153
2013,"11","24","Brazil",125
2013,"11","24","Bulgaria",371
2013,"11","24","Canada",2154
2013,"11","24","Chile",6
2013,"11","24","France",45
2013,"11","24","Germany",784
2013,"11","24","Hungary",61
2013,"11","24","Japan",106
2013,"11","24","Mexico",1376
2013,"11","24","Netherlands",43
2013,"11","24","New Zealand",21
2013,"11","24","Norway",54
2013,"11","24","Paraguay",202
2013,"11","24","Peru",125
2013,"11","24","Poland",27
2013,"11","24","Romania",677
2013,"11","24","Russia",502
2013,"11","24","South Africa",1929
2013,"11","24","Spain",27
2013,"11","24","Sweden",4
2013,"11","24","Switzerland",52
2013,"11","24","Ukraine",417
2013,"11","24","United States",1708
2013,"11","24","Uruguay",71
2013,"12","01","Argentina",81
2013,"12","01","Australia",185
2013,"12","01","Austria",922
2013,"12","01","Belgium",115
2013,"12","01","Bolivia",143
2013,"12","01","Brazil",116
2013,"12","01","Bulgaria",367
2013,"12","01","Canada",2354
2013,"12","01","Chile",6
2013,"12","01","France",55
2013,"12","01","Germany",773
2013,"12","01","Hungary",52
2013,"12","01","Japan",142
2013,"12","01","Mexico",1486
2013,"12","01","Netherlands",41
2013,"12","01","New Zealand",20
2013,"12","01","Norway",55
2013,"12","01","Paraguay",167
2013,"12","01","Peru",121
2013,"12","01","Poland",29
2013,"12","01","Romania",670
2013,"12","01","Russia",557
2013,"12","01","South Africa",1973
2013,"12","01","Spain",32
2013,"12","01","Sweden",4
2013,"12","01","Switzerland",45
2013,"12","01","Ukraine",435
2013,"12","01","United States",2043
2013,"12","01","Uruguay",74
2013,"12","08","Argentina",75
2013,"12","08","Australia",171
2013,"12","08","Austria",1090
2013,"12","08","Belgium",124
2013,"12","08","Bolivia",129
2013,"12","08","Brazil",114
2013,"12","08","Bulgaria",443
2013,"12","08","Canada",2897
2013,"12","08","Chile",7
2013,"12","08","France",68
2013,"12","08","Germany",827
2013,"12","08","Hungary",69
2013,"12","08","Japan",167
2013,"12","08","Mexico",1633
2013,"12","08","Netherlands",45
2013,"12","08","New Zealand",18
2013,"12","08","Norway",73
2013,"12","08","Paraguay",164
2013,"12","08","Peru",115
2013,"12","08","Poland",27
2013,"12","08","Romania",692
2013,"12","08","Russia",591
2013,"12","08","South Africa",2001
2013,"12","08","Spain",38
2013,"12","08","Sweden",5
2013,"12","08","Switzerland",54
2013,"12","08","Ukraine",426
2013,"12","08","United States",2238
2013,"12","08","Uruguay",73
2013,"12","15","Argentina",69
2013,"12","15","Australia",149
2013,"12","15","Austria",1074
2013,"12","15","Belgium",102
2013,"12","15","Bolivia",109
2013,"12","15","Brazil",114
2013,"12","15","Bulgaria",477
2013,"12","15","Canada",3745
2013,"12","15","Chile",5
2013,"12","15","France",80
2013,"12","15","Germany",820
2013,"12","15","Hungary",59
2013,"12","15","Japan",214
2013,"12","15","Mexico",1851
2013,"12","15","Netherlands",41
2013,"12","15","New Zealand",18
2013,"12","15","Norway",96
2013,"12","15","Paraguay",176
2013,"12","15","Peru",102
2013,"12","15","Poland",28
2013,"12","15","Romania",702
2013,"12","15","Russia",601
2013,"12","15","South Africa",2226
2013,"12","15","Spain",44
2013,"12","15","Sweden",5
2013,"12","15","Switzerland",57
2013,"12","15","Ukraine",442
2013,"12","15","United States",3196
2013,"12","15","Uruguay",71
2013,"12","22","Argentina",67
2013,"12","22","Australia",135
2013,"12","22","Austria",1003
2013,"12","22","Belgium",90
2013,"12","22","Bolivia",96
2013,"12","22","Brazil",112
2013,"12","22","Bulgaria",618
2013,"12","22","Canada",4946
2013,"12","22","Chile",4
2013,"12","22","France",107
2013,"12","22","Germany",744
2013,"12","22","Hungary",67
2013,"12","22","Japan",299
2013,"12","22","Mexico",1992
2013,"12","22","Netherlands",34
2013,"12","22","New Zealand",16
2013,"12","22","Norway",83
2013,"12","22","Paraguay",178
2013,"12","22","Peru",105
2013,"12","22","Poland",32
2013,"12","22","Romania",719
2013,"12","22","Russia",611
2013,"12","22","South Africa",2280
2013,"12","22","Spain",111
2013,"12","22","Sweden",5
2013,"12","22","Switzerland",71
2013,"12","22","Ukraine",490
2013,"12","22","United States",4625
2013,"12","22","Uruguay",67
2013,"12","29","Argentina",69
2013,"12","29","Australia",148
2013,"12","29","Austria",1074
2013,"12","29","Belgium",107
2013,"12","29","Bolivia",101
2013,"12","29","Brazil",107
2013,"12","29","Bulgaria",790
2013,"12","29","Canada",5706
2013,"12","29","Chile",4
2013,"12","29","France",114
2013,"12","29","Germany",827
2013,"12","29","Hungary",69
2013,"12","29","Japan",357
2013,"12","29","Mexico",1914
2013,"12","29","Netherlands",40
2013,"12","29","New Zealand",20
2013,"12","29","Norway",113
2013,"12","29","Paraguay",170
2013,"12","29","Peru",102
2013,"12","29","Poland",38
2013,"12","29","Romania",754
2013,"12","29","Russia",596
2013,"12","29","South Africa",2422
2013,"12","29","Spain",265
2013,"12","29","Sweden",5
2013,"12","29","Switzerland",72
2013,"12","29","Ukraine",475
2013,"12","29","United States",5008
2013,"12","29","Uruguay",62
2014,"01","05","Argentina",70
2014,"01","05","Australia",154
2014,"01","05","Austria",1095
2014,"01","05","Belgium",124
2014,"01","05","Bolivia",123
2014,"01","05","Brazil",110
2014,"01","05","Bulgaria",999
2014,"01","05","Canada",5766
2014,"01","05","Chile",3
2014,"01","05","France",78
2014,"01","05","Germany",798
2014,"01","05","Hungary",60
2014,"01","05","Japan",469
2014,"01","05","Mexico",1734
2014,"01","05","Netherlands",34
2014,"01","05","New Zealand",19
2014,"01","05","Norway",123
2014,"01","05","Paraguay",159
2014,"01","05","Peru",105
2014,"01","05","Poland",33
2014,"01","05","Romania",758
2014,"01","05","Russia",606
2014,"01","05","South Africa",2136
2014,"01","05","Spain",294
2014,"01","05","Sweden",5
2014,"01","05","Switzerland",84
2014,"01","05","Ukraine",427
2014,"01","05","United States",4691
2014,"01","05","Uruguay",61
2014,"01","12","Argentina",76
2014,"01","12","Australia",125
2014,"01","12","Austria",1042
2014,"01","12","Belgium",86
2014,"01","12","Bolivia",132
2014,"01","12","Brazil",100
2014,"01","12","Bulgaria",1516
2014,"01","12","Canada",5838
2014,"01","12","Chile",3
2014,"01","12","France",70
2014,"01","12","Germany",717
2014,"01","12","Hungary",76
2014,"01","12","Japan",791
2014,"01","12","Mexico",1786
2014,"01","12","Netherlands",35
2014,"01","12","New Zealand",19
2014,"01","12","Norway",95
2014,"01","12","Paraguay",166
2014,"01","12","Peru",92
2014,"01","12","Poland",28
2014,"01","12","Romania",714
2014,"01","12","Russia",539
2014,"01","12","South Africa",2013
2014,"01","12","Spain",349
2014,"01","12","Sweden",6
2014,"01","12","Switzerland",87
2014,"01","12","Ukraine",402
2014,"01","12","United States",4486
2014,"01","12","Uruguay",59
2014,"01","19","Argentina",72
2014,"01","19","Australia",120
2014,"01","19","Austria",1128
2014,"01","19","Belgium",105
2014,"01","19","Bolivia",127
2014,"01","19","Brazil",98
2014,"01","19","Bulgaria",2008
2014,"01","19","Canada",4830
2014,"01","19","Chile",3
2014,"01","19","France",119
2014,"01","19","Germany",808
2014,"01","19","Hungary",87
2014,"01","19","Japan",1444
2014,"01","19","Mexico",1995
2014,"01","19","Netherlands",41
2014,"01","19","New Zealand",13
2014,"01","19","Norway",134
2014,"01","19","Paraguay",159
2014,"01","19","Peru",90
2014,"01","19","Poland",32
2014,"01","19","Romania",708
2014,"01","19","Russia",592
2014,"01","19","South Africa",1846
2014,"01","19","Spain",387
2014,"01","19","Sweden",7
2014,"01","19","Switzerland",122
2014,"01","19","Ukraine",395
2014,"01","19","United States",4022
2014,"01","19","Uruguay",59
2014,"01","26","Argentina",80
2014,"01","26","Australia",116
2014,"01","26","Austria",1242
2014,"01","26","Belgium",154
2014,"01","26","Bolivia",124
2014,"01","26","Brazil",105
2014,"01","26","Bulgaria",1407
2014,"01","26","Canada",4049
2014,"01","26","Chile",3
2014,"01","26","France",178
2014,"01","26","Germany",916
2014,"01","26","Hungary",106
2014,"01","26","Japan",3598
2014,"01","26","Mexico",2087
2014,"01","26","Netherlands",43
2014,"01","26","New Zealand",10
2014,"01","26","Norway",145
2014,"01","26","Paraguay",149
2014,"01","26","Peru",87
2014,"01","26","Poland",41
2014,"01","26","Romania",687
2014,"01","26","Russia",726
2014,"01","26","South Africa",1863
2014,"01","26","Spain",363
2014,"01","26","Sweden",12
2014,"01","26","Switzerland",171
2014,"01","26","Ukraine",456
2014,"01","26","United States",3472
2014,"01","26","Uruguay",56
2014,"02","02","Argentina",76
2014,"02","02","Australia",113
2014,"02","02","Austria",1401
2014,"02","02","Belgium",230
2014,"02","02","Bolivia",130
2014,"02","02","Brazil",105
2014,"02","02","Bulgaria",1206
2014,"02","02","Canada",3729
2014,"02","02","Chile",2
2014,"02","02","France",286
2014,"02","02","Germany",1077
2014,"02","02","Hungary",124
2014,"02","02","Japan",3099
2014,"02","02","Mexico",1956
2014,"02","02","Netherlands",52
2014,"02","02","New Zealand",12
2014,"02","02","Norway",198
2014,"02","02","Paraguay",145
2014,"02","02","Peru",93
2014,"02","02","Poland",51
2014,"02","02","Romania",732
2014,"02","02","Russia",792
2014,"02","02","South Africa",2199
2014,"02","02","Spain",204
2014,"02","02","Sweden",15
2014,"02","02","Switzerland",257
2014,"02","02","Ukraine",535
2014,"02","02","United States",2910
2014,"02","02","Uruguay",60
2014,"02","09","Argentina",70
2014,"02","09","Australia",132
2014,"02","09","Austria",1523
2014,"02","09","Belgium",388
2014,"02","09","Bolivia",143
2014,"02","09","Brazil",113
2014,"02","09","Bulgaria",1005
2014,"02","09","Canada",3438
2014,"02","09","Chile",3
2014,"02","09","France",371
2014,"02","09","Germany",1149
2014,"02","09","Hungary",218
2014,"02","09","Japan",2246
2014,"02","09","Mexico",1773
2014,"02","09","Netherlands",48
2014,"02","09","New Zealand",16
2014,"02","09","Norway",228
2014,"02","09","Paraguay",130
2014,"02","09","Peru",91
2014,"02","09","Poland",54
2014,"02","09","Romania",740
2014,"02","09","Russia",802
2014,"02","09","South Africa",2416
2014,"02","09","Spain",107
2014,"02","09","Sweden",18
2014,"02","09","Switzerland",251
2014,"02","09","Ukraine",610
2014,"02","09","United States",2496
2014,"02","09","Uruguay",58
2014,"02","16","Argentina",71
2014,"02","16","Australia",145
2014,"02","16","Austria",1528
2014,"02","16","Belgium",527
2014,"02","16","Bolivia",150
2014,"02","16","Brazil",123
2014,"02","16","Bulgaria",889
2014,"02","16","Canada",2999
2014,"02","16","Chile",3
2014,"02","16","France",341
2014,"02","16","Germany",1187
2014,"02","16","Hungary",293
2014,"02","16","Japan",3117
2014,"02","16","Mexico",1764
2014,"02","16","Netherlands",44
2014,"02","16","New Zealand",16
2014,"02","16","Norway",134
2014,"02","16","Paraguay",132
2014,"02","16","Peru",95
2014,"02","16","Poland",54
2014,"02","16","Romania",791
2014,"02","16","Russia",881
2014,"02","16","South Africa",2615
2014,"02","16","Spain",78
2014,"02","16","Sweden",19
2014,"02","16","Switzerland",257
2014,"02","16","Ukraine",583
2014,"02","16","United States",2228
2014,"02","16","Uruguay",60
2014,"02","23","Argentina",78
2014,"02","23","Australia",182
2014,"02","23","Austria",1565
2014,"02","23","Belgium",411
2014,"02","23","Bolivia",152
2014,"02","23","Brazil",133
2014,"02","23","Bulgaria",643
2014,"02","23","Canada",2861
2014,"02","23","Chile",2
2014,"02","23","France",191
2014,"02","23","Germany",1108
2014,"02","23","Hungary",305
2014,"02","23","Japan",3311
2014,"02","23","Mexico",1615
2014,"02","23","Netherlands",46
2014,"02","23","New Zealand",17
2014,"02","23","Norway",131
2014,"02","23","Paraguay",140
2014,"02","23","Peru",94
2014,"02","23","Poland",62
2014,"02","23","Romania",856
2014,"02","23","Russia",993
2014,"02","23","South Africa",2434
2014,"02","23","Spain",54
2014,"02","23","Sweden",12
2014,"02","23","Switzerland",196
2014,"02","23","Ukraine",564
2014,"02","23","United States",1986
2014,"02","23","Uruguay",60
2014,"03","02","Argentina",82
2014,"03","02","Australia",215
2014,"03","02","Austria",1491
2014,"03","02","Belgium",256
2014,"03","02","Bolivia",154
2014,"03","02","Brazil",139
2014,"03","02","Bulgaria",505
2014,"03","02","Canada",2637
2014,"03","02","Chile",3
2014,"03","02","France",95
2014,"03","02","Germany",1138
2014,"03","02","Hungary",299
2014,"03","02","Japan",2394
2014,"03","02","Mexico",1595
2014,"03","02","Netherlands",42
2014,"03","02","New Zealand",25
2014,"03","02","Norway",113
2014,"03","02","Paraguay",150
2014,"03","02","Peru",103
2014,"03","02","Poland",84
2014,"03","02","Romania",913
2014,"03","02","Russia",1002
2014,"03","02","South Africa",2319
2014,"03","02","Spain",53
2014,"03","02","Sweden",9
2014,"03","02","Switzerland",188
2014,"03","02","Ukraine",585
2014,"03","02","United States",1873
2014,"03","02","Uruguay",64
2014,"03","09","Argentina",91
2014,"03","09","Australia",242
2014,"03","09","Austria",1473
2014,"03","09","Belgium",196
2014,"03","09","Bolivia",203
2014,"03","09","Brazil",149
2014,"03","09","Bulgaria",563
2014,"03","09","Canada",2461
2014,"03","09","Chile",4
2014,"03","09","France",54
2014,"03","09","Germany",1018
2014,"03","09","Hungary",187
2014,"03","09","Japan",1634
2014,"03","09","Mexico",1533
2014,"03","09","Netherlands",38
2014,"03","09","New Zealand",21
2014,"03","09","Norway",82
2014,"03","09","Paraguay",190
2014,"03","09","Peru",109
2014,"03","09","Poland",80
2014,"03","09","Romania",942
2014,"03","09","Russia",990
2014,"03","09","South Africa",2611
2014,"03","09","Spain",44
2014,"03","09","Sweden",9
2014,"03","09","Switzerland",141
2014,"03","09","Ukraine",574
2014,"03","09","United States",1773
2014,"03","09","Uruguay",77
2014,"03","16","Argentina",104
2014,"03","16","Australia",268
2014,"03","16","Austria",1317
2014,"03","16","Belgium",153
2014,"03","16","Bolivia",190
2014,"03","16","Brazil",149
2014,"03","16","Bulgaria",539
2014,"03","16","Canada",2328
2014,"03","16","Chile",6
2014,"03","16","France",36
2014,"03","16","Germany",910
2014,"03","16","Hungary",138
2014,"03","16","Japan",1267
2014,"03","16","Mexico",1418
2014,"03","16","Netherlands",34
2014,"03","16","New Zealand",24
2014,"03","16","Norway",96
2014,"03","16","Paraguay",216
2014,"03","16","Peru",113
2014,"03","16","Poland",75
2014,"03","16","Romania",966
2014,"03","16","Russia",767
2014,"03","16","South Africa",2822
2014,"03","16","Spain",36
2014,"03","16","Sweden",8
2014,"03","16","Switzerland",98
2014,"03","16","Ukraine",481
2014,"03","16","United States",1738
2014,"03","16","Uruguay",83
2014,"03","23","Argentina",118
2014,"03","23","Australia",300
2014,"03","23","Austria",1183
2014,"03","23","Belgium",150
2014,"03","23","Bolivia",204
2014,"03","23","Brazil",162
2014,"03","23","Bulgaria",404
2014,"03","23","Canada",2241
2014,"03","23","Chile",8
2014,"03","23","France",25
2014,"03","23","Germany",824
2014,"03","23","Hungary",96
2014,"03","23","Japan",873
2014,"03","23","Mexico",1302
2014,"03","23","Netherlands",34
2014,"03","23","New Zealand",28
2014,"03","23","Norway",85
2014,"03","23","Paraguay",214
2014,"03","23","Peru",126
2014,"03","23","Poland",52
2014,"03","23","Romania",910
2014,"03","23","Russia",761
2014,"03","23","South Africa",2852
2014,"03","23","Spain",33
2014,"03","23","Sweden",6
2014,"03","23","Switzerland",90
2014,"03","23","Ukraine",420
2014,"03","23","United States",1750
2014,"03","23","Uruguay",95
2014,"03","30","Argentina",107
2014,"03","30","Australia",292
2014,"03","30","Austria",1123
2014,"03","30","Belgium",123
2014,"03","30","Bolivia",217
2014,"03","30","Brazil",166
2014,"03","30","Bulgaria",370
2014,"03","30","Canada",2144
2014,"03","30","Chile",11
2014,"03","30","France",20
2014,"03","30","Germany",768
2014,"03","30","Hungary",76
2014,"03","30","Japan",379
2014,"03","30","Mexico",1243
2014,"03","30","Netherlands",34
2014,"03","30","New Zealand",31
2014,"03","30","Norway",82
2014,"03","30","Paraguay",224
2014,"03","30","Peru",135
2014,"03","30","Poland",41
2014,"03","30","Romania",823
2014,"03","30","Russia",701
2014,"03","30","South Africa",2970
2014,"03","30","Spain",34
2014,"03","30","Sweden",5
2014,"03","30","Switzerland",59
2014,"03","30","Ukraine",404
2014,"03","30","United States",1778
2014,"03","30","Uruguay",98
2014,"04","06","Argentina",101
2014,"04","06","Australia",289
2014,"04","06","Austria",950
2014,"04","06","Belgium",88
2014,"04","06","Bolivia",208
2014,"04","06","Brazil",182
2014,"04","06","Bulgaria",376
2014,"04","06","Canada",2120
2014,"04","06","Chile",14
2014,"04","06","France",17
2014,"04","06","Germany",714
2014,"04","06","Hungary",59
2014,"04","06","Japan",239
2014,"04","06","Mexico",1243
2014,"04","06","Netherlands",30
2014,"04","06","New Zealand",30
2014,"04","06","Norway",72
2014,"04","06","Paraguay",221
2014,"04","06","Peru",142
2014,"04","06","Poland",32
2014,"04","06","Romania",722
2014,"04","06","Russia",643
2014,"04","06","South Africa",3022
2014,"04","06","Spain",26
2014,"04","06","Sweden",6
2014,"04","06","Switzerland",48
2014,"04","06","Ukraine",369
2014,"04","06","United States",1771
2014,"04","06","Uruguay",84
2014,"04","13","Argentina",110
2014,"04","13","Australia",271
2014,"04","13","Austria",822
2014,"04","13","Belgium",55
2014,"04","13","Bolivia",190
2014,"04","13","Brazil",185
2014,"04","13","Bulgaria",312
2014,"04","13","Canada",1957
2014,"04","13","Chile",13
2014,"04","13","France",14
2014,"04","13","Germany",614
2014,"04","13","Hungary",64
2014,"04","13","Japan",228
2014,"04","13","Mexico",1218
2014,"04","13","Netherlands",30
2014,"04","13","New Zealand",25
2014,"04","13","Norway",45
2014,"04","13","Paraguay",203
2014,"04","13","Peru",134
2014,"04","13","Poland",26
2014,"04","13","Romania",650
2014,"04","13","Russia",637
2014,"04","13","South Africa",2774
2014,"04","13","Spain",28
2014,"04","13","Sweden",4
2014,"04","13","Switzerland",31
2014,"04","13","Ukraine",358
2014,"04","13","United States",1607
2014,"04","13","Uruguay",78
2014,"04","20","Argentina",125
2014,"04","20","Australia",308
2014,"04","20","Austria",846
2014,"04","20","Belgium",41
2014,"04","20","Bolivia",231
2014,"04","20","Brazil",210
2014,"04","20","Bulgaria",298
2014,"04","20","Canada",1959
2014,"04","20","Chile",16
2014,"04","20","France",11
2014,"04","20","Germany",555
2014,"04","20","Hungary",55
2014,"04","20","Japan",195
2014,"04","20","Mexico",1108
2014,"04","20","Netherlands",35
2014,"04","20","New Zealand",28
2014,"04","20","Norway",58
2014,"04","20","Paraguay",213
2014,"04","20","Peru",142
2014,"04","20","Poland",23
2014,"04","20","Romania",640
2014,"04","20","Russia",640
2014,"04","20","South Africa",3123
2014,"04","20","Spain",23
2014,"04","20","Sweden",5
2014,"04","20","Switzerland",35
2014,"04","20","Ukraine",347
2014,"04","20","United States",1530
2014,"04","20","Uruguay",90
2014,"04","27","Argentina",123
2014,"04","27","Australia",390
2014,"04","27","Austria",736
2014,"04","27","Belgium",33
2014,"04","27","Bolivia",236
2014,"04","27","Brazil",227
2014,"04","27","Bulgaria",326
2014,"04","27","Canada",1699
2014,"04","27","Chile",12
2014,"04","27","France",10
2014,"04","27","Germany",472
2014,"04","27","Hungary",42
2014,"04","27","Japan",128
2014,"04","27","Mexico",1003
2014,"04","27","Netherlands",23
2014,"04","27","New Zealand",38
2014,"04","27","Norway",43
2014,"04","27","Paraguay",222
2014,"04","27","Peru",136
2014,"04","27","Poland",20
2014,"04","27","Romania",613
2014,"04","27","Russia",687
2014,"04","27","South Africa",2883
2014,"04","27","Spain",21
2014,"04","27","Sweden",3
2014,"04","27","Switzerland",27
2014,"04","27","Ukraine",337
2014,"04","27","United States",1467
2014,"04","27","Uruguay",103
2014,"05","04","Argentina",138
2014,"05","04","Australia",410
2014,"05","04","Austria",762
2014,"05","04","Belgium",34
2014,"05","04","Bolivia",256
2014,"05","04","Brazil",235
2014,"05","04","Bulgaria",378
2014,"05","04","Canada",1571
2014,"05","04","Chile",14
2014,"05","04","France",7
2014,"05","04","Germany",490
2014,"05","04","Hungary",43
2014,"05","04","Japan",73
2014,"05","04","Mexico",963
2014,"05","04","Netherlands",21
2014,"05","04","New Zealand",35
2014,"05","04","Norway",61
2014,"05","04","Paraguay",272
2014,"05","04","Peru",138
2014,"05","04","Poland",17
2014,"05","04","Romania",604
2014,"05","04","Russia",588
2014,"05","04","South Africa",2792
2014,"05","04","Spain",20
2014,"05","04","Sweden",3
2014,"05","04","Switzerland",29
2014,"05","04","Ukraine",300
2014,"05","04","United States",1415
2014,"05","04","Uruguay",100
2014,"05","11","Argentina",142
2014,"05","11","Australia",485
2014,"05","11","Austria",755
2014,"05","11","Belgium",40
2014,"05","11","Bolivia",227
2014,"05","11","Brazil",245
2014,"05","11","Bulgaria",295
2014,"05","11","Canada",1481
2014,"05","11","Chile",14
2014,"05","11","France",6
2014,"05","11","Germany",491
2014,"05","11","Hungary",41
2014,"05","11","Japan",47
2014,"05","11","Mexico",1005
2014,"05","11","Netherlands",21
2014,"05","11","New Zealand",45
2014,"05","11","Norway",64
2014,"05","11","Paraguay",291
2014,"05","11","Peru",143
2014,"05","11","Poland",17
2014,"05","11","Romania",602
2014,"05","11","Russia",448
2014,"05","11","South Africa",3088
2014,"05","11","Spain",18
2014,"05","11","Sweden",3
2014,"05","11","Switzerland",27
2014,"05","11","Ukraine",249
2014,"05","11","United States",1339
2014,"05","11","Uruguay",103
2014,"05","18","Argentina",164
2014,"05","18","Australia",492
2014,"05","18","Austria",806
2014,"05","18","Belgium",38
2014,"05","18","Bolivia",223
2014,"05","18","Brazil",238
2014,"05","18","Bulgaria",271
2014,"05","18","Canada",1448
2014,"05","18","Chile",14
2014,"05","18","France",5
2014,"05","18","Germany",477
2014,"05","18","Hungary",42
2014,"05","18","Japan",32
2014,"05","18","Mexico",1082
2014,"05","18","Netherlands",19
2014,"05","18","New Zealand",53
2014,"05","18","Norway",69
2014,"05","18","Paraguay",313
2014,"05","18","Peru",144
2014,"05","18","Poland",17
2014,"05","18","Romania",616
2014,"05","18","Russia",404
2014,"05","18","South Africa",3223
2014,"05","18","Spain",18
2014,"05","18","Sweden",3
2014,"05","18","Switzerland",29
2014,"05","18","Ukraine",222
2014,"05","18","United States",1289
2014,"05","18","Uruguay",116
2014,"05","25","Argentina",171
2014,"05","25","Australia",520
2014,"05","25","Austria",715
2014,"05","25","Belgium",30
2014,"05","25","Bolivia",234
2014,"05","25","Brazil",227
2014,"05","25","Bulgaria",256
2014,"05","25","Canada",1218
2014,"05","25","Chile",15
2014,"05","25","France",6
2014,"05","25","Germany",425
2014,"05","25","Hungary",41
2014,"05","25","Japan",18
2014,"05","25","Mexico",1057
2014,"05","25","Netherlands",15
2014,"05","25","New Zealand",66
2014,"05","25","Norway",48
2014,"05","25","Paraguay",356
2014,"05","25","Peru",141
2014,"05","25","Poland",15
2014,"05","25","Romania",601
2014,"05","25","Russia",358
2014,"05","25","South Africa",3338
2014,"05","25","Spain",18
2014,"05","25","Sweden",2
2014,"05","25","Switzerland",23
2014,"05","25","Ukraine",197
2014,"05","25","United States",1318
2014,"05","25","Uruguay",115
2014,"06","01","Argentina",184
2014,"06","01","Australia",515
2014,"06","01","Austria",793
2014,"06","01","Belgium",28
2014,"06","01","Bolivia",200
2014,"06","01","Brazil",226
2014,"06","01","Bulgaria",250
2014,"06","01","Canada",1101
2014,"06","01","Chile",19
2014,"06","01","France",5
2014,"06","01","Germany",468
2014,"06","01","Hungary",40
2014,"06","01","Japan",14
2014,"06","01","Mexico",1091
2014,"06","01","Netherlands",17
2014,"06","01","New Zealand",81
2014,"06","01","Norway",43
2014,"06","01","Paraguay",351
2014,"06","01","Peru",140
2014,"06","01","Poland",16
2014,"06","01","Romania",562
2014,"06","01","Russia",312
2014,"06","01","South Africa",3492
2014,"06","01","Spain",17
2014,"06","01","Sweden",2
2014,"06","01","Switzerland",22
2014,"06","01","Ukraine",202
2014,"06","01","United States",1155
2014,"06","01","Uruguay",118
2014,"06","08","Argentina",190
2014,"06","08","Australia",599
2014,"06","08","Austria",632
2014,"06","08","Belgium",21
2014,"06","08","Bolivia",214
2014,"06","08","Brazil",212
2014,"06","08","Bulgaria",226
2014,"06","08","Canada",1013
2014,"06","08","Chile",28
2014,"06","08","France",3
2014,"06","08","Germany",382
2014,"06","08","Hungary",43
2014,"06","08","Japan",12
2014,"06","08","Mexico",977
2014,"06","08","Netherlands",15
2014,"06","08","New Zealand",79
2014,"06","08","Norway",34
2014,"06","08","Paraguay",352
2014,"06","08","Peru",137
2014,"06","08","Poland",15
2014,"06","08","Romania",538
2014,"06","08","Russia",291
2014,"06","08","South Africa",3587
2014,"06","08","Spain",12
2014,"06","08","Sweden",2
2014,"06","08","Switzerland",20
2014,"06","08","Ukraine",202
2014,"06","08","United States",1071
2014,"06","08","Uruguay",131
2014,"06","15","Argentina",228
2014,"06","15","Australia",719
2014,"06","15","Austria",594
2014,"06","15","Belgium",19
2014,"06","15","Bolivia",194
2014,"06","15","Brazil",212
2014,"06","15","Bulgaria",211
2014,"06","15","Canada",953
2014,"06","15","Chile",52
2014,"06","15","France",3
2014,"06","15","Germany",378
2014,"06","15","Hungary",35
2014,"06","15","Japan",9
2014,"06","15","Mexico",934
2014,"06","15","Netherlands",17
2014,"06","15","New Zealand",84
2014,"06","15","Norway",37
2014,"06","15","Paraguay",351
2014,"06","15","Peru",134
2014,"06","15","Poland",15
2014,"06","15","Romania",532
2014,"06","15","Russia",281
2014,"06","15","South Africa",4010
2014,"06","15","Spain",8
2014,"06","15","Sweden",2
2014,"06","15","Switzerland",18
2014,"06","15","Ukraine",206
2014,"06","15","United States",1054
2014,"06","15","Uruguay",130
2014,"06","22","Argentina",239
2014,"06","22","Australia",714
2014,"06","22","Austria",562
2014,"06","22","Belgium",14
2014,"06","22","Bolivia",215
2014,"06","22","Brazil",209
2014,"06","22","Bulgaria",210
2014,"06","22","Canada",916
2014,"06","22","Chile",92
2014,"06","22","France",2
2014,"06","22","Germany",416
2014,"06","22","Hungary",32
2014,"06","22","Japan",7
2014,"06","22","Mexico",904
2014,"06","22","Netherlands",16
2014,"06","22","New Zealand",114
2014,"06","22","Norway",33
2014,"06","22","Paraguay",324
2014,"06","22","Peru",142
2014,"06","22","Poland",14
2014,"06","22","Romania",523
2014,"06","22","Russia",274
2014,"06","22","South Africa",4634
2014,"06","22","Spain",10
2014,"06","22","Sweden",2
2014,"06","22","Switzerland",17
2014,"06","22","Ukraine",212
2014,"06","22","United States",995
2014,"06","22","Uruguay",114
2014,"06","29","Argentina",274
2014,"06","29","Australia",729
2014,"06","29","Austria",569
2014,"06","29","Belgium",18
2014,"06","29","Bolivia",211
2014,"06","29","Brazil",197
2014,"06","29","Bulgaria",208
2014,"06","29","Canada",901
2014,"06","29","Chile",145
2014,"06","29","France",2
2014,"06","29","Germany",420
2014,"06","29","Hungary",33
2014,"06","29","Japan",7
2014,"06","29","Mexico",906
2014,"06","29","Netherlands",17
2014,"06","29","New Zealand",132
2014,"06","29","Norway",33
2014,"06","29","Paraguay",353
2014,"06","29","Peru",143
2014,"06","29","Poland",13
2014,"06","29","Romania",532
2014,"06","29","Russia",280
2014,"06","29","South Africa",4283
2014,"06","29","Spain",11
2014,"06","29","Sweden",2
2014,"06","29","Switzerland",24
2014,"06","29","Ukraine",209
2014,"06","29","United States",990
2014,"06","29","Uruguay",131
2014,"07","06","Argentina",251
2014,"07","06","Australia",927
2014,"07","06","Austria",577
2014,"07","06","Belgium",18
2014,"07","06","Bolivia",44
2014,"07","06","Brazil",182
2014,"07","06","Bulgaria",199
2014,"07","06","Canada",772
2014,"07","06","Chile",154
2014,"07","06","France",3
2014,"07","06","Germany",415
2014,"07","06","Hungary",30
2014,"07","06","Japan",6
2014,"07","06","Mexico",947
2014,"07","06","Netherlands",16
2014,"07","06","New Zealand",174
2014,"07","06","Norway",26
2014,"07","06","Paraguay",378
2014,"07","06","Peru",141
2014,"07","06","Poland",12
2014,"07","06","Romania",517
2014,"07","06","Russia",279
2014,"07","06","South Africa",4472
2014,"07","06","Spain",9
2014,"07","06","Sweden",2
2014,"07","06","Switzerland",26
2014,"07","06","Ukraine",187
2014,"07","06","United States",964
2014,"07","06","Uruguay",146
2014,"07","13","Argentina",245
2014,"07","13","Australia",1078
2014,"07","13","Austria",591
2014,"07","13","Belgium",16
2014,"07","13","Bolivia",44
2014,"07","13","Brazil",178
2014,"07","13","Bulgaria",189
2014,"07","13","Canada",822
2014,"07","13","Chile",108
2014,"07","13","France",3
2014,"07","13","Germany",398
2014,"07","13","Hungary",27
2014,"07","13","Japan",6
2014,"07","13","Mexico",953
2014,"07","13","Netherlands",14
2014,"07","13","New Zealand",157
2014,"07","13","Norway",18
2014,"07","13","Paraguay",415
2014,"07","13","Peru",134
2014,"07","13","Poland",11
2014,"07","13","Romania",528
2014,"07","13","Russia",257
2014,"07","13","South Africa",4200
2014,"07","13","Spain",9
2014,"07","13","Sweden",1
2014,"07","13","Switzerland",26
2014,"07","13","Ukraine",177
2014,"07","13","United States",1028
2014,"07","13","Uruguay",147
2014,"07","20","Argentina",227
2014,"07","20","Australia",1259
2014,"07","20","Austria",540
2014,"07","20","Belgium",15
2014,"07","20","Bolivia",42
2014,"07","20","Brazil",179
2014,"07","20","Bulgaria",174
2014,"07","20","Canada",743
2014,"07","20","Chile",53
2014,"07","20","France",2
2014,"07","20","Germany",377
2014,"07","20","Hungary",26
2014,"07","20","Japan",6
2014,"07","20","Mexico",956
2014,"07","20","Netherlands",13
2014,"07","20","New Zealand",171
2014,"07","20","Norway",19
2014,"07","20","Paraguay",398
2014,"07","20","Peru",143
2014,"07","20","Poland",10
2014,"07","20","Romania",522
2014,"07","20","Russia",249
2014,"07","20","South Africa",3603
2014,"07","20","Spain",9
2014,"07","20","Sweden",2
2014,"07","20","Switzerland",21
2014,"07","20","Ukraine",195
2014,"07","20","United States",1008
2014,"07","20","Uruguay",137
2014,"07","27","Argentina",202
2014,"07","27","Australia",1559
2014,"07","27","Austria",509
2014,"07","27","Belgium",14
2014,"07","27","Bolivia",94
2014,"07","27","Brazil",181
2014,"07","27","Bulgaria",165
2014,"07","27","Canada",754
2014,"07","27","Chile",26
2014,"07","27","France",2
2014,"07","27","Germany",341
2014,"07","27","Hungary",24
2014,"07","27","Japan",6
2014,"07","27","Mexico",879
2014,"07","27","Netherlands",15
2014,"07","27","New Zealand",166
2014,"07","27","Norway",20
2014,"07","27","Paraguay",364
2014,"07","27","Peru",135
2014,"07","27","Poland",10
2014,"07","27","Romania",527
2014,"07","27","Russia",239
2014,"07","27","South Africa",3763
2014,"07","27","Spain",5
2014,"07","27","Sweden",2
2014,"07","27","Switzerland",21
2014,"07","27","Ukraine",205
2014,"07","27","United States",793
2014,"07","27","Uruguay",141
2014,"08","03","Argentina",180
2014,"08","03","Australia",1841
2014,"08","03","Austria",501
2014,"08","03","Belgium",13
2014,"08","03","Bolivia",213
2014,"08","03","Brazil",196
2014,"08","03","Bulgaria",164
2014,"08","03","Canada",757
2014,"08","03","Chile",20
2014,"08","03","France",2
2014,"08","03","Germany",330
2014,"08","03","Hungary",24
2014,"08","03","Japan",6
2014,"08","03","Mexico",871
2014,"08","03","Netherlands",16
2014,"08","03","New Zealand",202
2014,"08","03","Norway",22
2014,"08","03","Paraguay",352
2014,"08","03","Peru",141
2014,"08","03","Poland",9
2014,"08","03","Romania",515
2014,"08","03","Russia",254
2014,"08","03","South Africa",4253
2014,"08","03","Spain",5
2014,"08","03","Sweden",1
2014,"08","03","Switzerland",25
2014,"08","03","Ukraine",208
2014,"08","03","United States",825
2014,"08","03","Uruguay",146
2014,"08","10","Argentina",198
2014,"08","10","Australia",2387
2014,"08","10","Austria",491
2014,"08","10","Belgium",14
2014,"08","10","Bolivia",203
2014,"08","10","Brazil",203
2014,"08","10","Bulgaria",172
2014,"08","10","Canada",830
2014,"08","10","Chile",17
2014,"08","10","France",3
2014,"08","10","Germany",345
2014,"08","10","Hungary",28
2014,"08","10","Japan",5
2014,"08","10","Mexico",829
2014,"08","10","Netherlands",16
2014,"08","10","New Zealand",176
2014,"08","10","Norway",25
2014,"08","10","Paraguay",311
2014,"08","10","Peru",141
2014,"08","10","Poland",8
2014,"08","10","Romania",515
2014,"08","10","Russia",264
2014,"08","10","South Africa",4365
2014,"08","10","Spain",4
2014,"08","10","Sweden",2
2014,"08","10","Switzerland",32
2014,"08","10","Ukraine",222
2014,"08","10","United States",762
2014,"08","10","Uruguay",173
2014,"08","17","Argentina",209
2014,"08","17","Australia",2338
2014,"08","17","Austria",568
2014,"08","17","Belgium",21
2014,"08","17","Bolivia",222
2014,"08","17","Brazil",217
2014,"08","17","Bulgaria",175
2014,"08","17","Canada",791
2014,"08","17","Chile",16
2014,"08","17","France",4
2014,"08","17","Germany",415
2014,"08","17","Hungary",32
2014,"08","17","Japan",5
2014,"08","17","Mexico",820
2014,"08","17","Netherlands",19
2014,"08","17","New Zealand",159
2014,"08","17","Norway",36
2014,"08","17","Paraguay",368
2014,"08","17","Peru",148
2014,"08","17","Poland",8
2014,"08","17","Romania",546
2014,"08","17","Russia",281
2014,"08","17","South Africa",4309
2014,"08","17","Spain",5
2014,"08","17","Sweden",2
2014,"08","17","Switzerland",32
2014,"08","17","Ukraine",249
2014,"08","17","United States",808
2014,"08","17","Uruguay",204
2014,"08","24","Argentina",183
2014,"08","24","Australia",2071
2014,"08","24","Austria",603
2014,"08","24","Belgium",21
2014,"08","24","Bolivia",244
2014,"08","24","Brazil",219
2014,"08","24","Bulgaria",188
2014,"08","24","Canada",858
2014,"08","24","Chile",17
2014,"08","24","France",3
2014,"08","24","Germany",444
2014,"08","24","Hungary",35
2014,"08","24","Japan",6
2014,"08","24","Mexico",908
2014,"08","24","Netherlands",25
2014,"08","24","New Zealand",159
2014,"08","24","Norway",60
2014,"08","24","Paraguay",375
2014,"08","24","Peru",142
2014,"08","24","Poland",8
2014,"08","24","Romania",569
2014,"08","24","Russia",298
2014,"08","24","South Africa",3902
2014,"08","24","Spain",5
2014,"08","24","Sweden",4
2014,"08","24","Switzerland",41
2014,"08","24","Ukraine",290
2014,"08","24","United States",827
2014,"08","24","Uruguay",174
2014,"08","31","Argentina",165
2014,"08","31","Australia",1611
2014,"08","31","Austria",659
2014,"08","31","Belgium",29
2014,"08","31","Bolivia",197
2014,"08","31","Brazil",196
2014,"08","31","Bulgaria",202
2014,"08","31","Canada",915
2014,"08","31","Chile",15
2014,"08","31","France",3
2014,"08","31","Germany",515
2014,"08","31","Hungary",32
2014,"08","31","Japan",6
2014,"08","31","Mexico",982
2014,"08","31","Netherlands",28
2014,"08","31","New Zealand",139
2014,"08","31","Norway",78
2014,"08","31","Paraguay",325
2014,"08","31","Peru",141
2014,"08","31","Poland",8
2014,"08","31","Romania",566
2014,"08","31","Russia",424
2014,"08","31","South Africa",3681
2014,"08","31","Spain",4
2014,"08","31","Sweden",4
2014,"08","31","Switzerland",46
2014,"08","31","Ukraine",370
2014,"08","31","United States",948
2014,"08","31","Uruguay",166
2014,"09","07","Argentina",154
2014,"09","07","Australia",1370
2014,"09","07","Austria",775
2014,"09","07","Belgium",45
2014,"09","07","Bolivia",223
2014,"09","07","Brazil",193
2014,"09","07","Bulgaria",215
2014,"09","07","Canada",1208
2014,"09","07","Chile",15
2014,"09","07","France",5
2014,"09","07","Germany",587
2014,"09","07","Hungary",40
2014,"09","07","Japan",7
2014,"09","07","Mexico",1104
2014,"09","07","Netherlands",31
2014,"09","07","New Zealand",115
2014,"09","07","Norway",77
2014,"09","07","Paraguay",322
2014,"09","07","Peru",145
2014,"09","07","Poland",9
2014,"09","07","Romania",567
2014,"09","07","Russia",604
2014,"09","07","South Africa",3786
2014,"09","07","Spain",4
2014,"09","07","Sweden",4
2014,"09","07","Switzerland",49
2014,"09","07","Ukraine",441
2014,"09","07","United States",1096
2014,"09","07","Uruguay",137
2014,"09","14","Argentina",155
2014,"09","14","Australia",981
2014,"09","14","Austria",984
2014,"09","14","Belgium",52
2014,"09","14","Bolivia",186
2014,"09","14","Brazil",188
2014,"09","14","Bulgaria",237
2014,"09","14","Canada",1648
2014,"09","14","Chile",16
2014,"09","14","France",10
2014,"09","14","Germany",643
2014,"09","14","Hungary",64
2014,"09","14","Japan",9
2014,"09","14","Mexico",1205
2014,"09","14","Netherlands",34
2014,"09","14","New Zealand",95
2014,"09","14","Norway",65
2014,"09","14","Paraguay",284
2014,"09","14","Peru",143
2014,"09","14","Poland",13
2014,"09","14","Romania",582
2014,"09","14","Russia",823
2014,"09","14","South Africa",3567
2014,"09","14","Spain",5
2014,"09","14","Sweden",3
2014,"09","14","Switzerland",48
2014,"09","14","Ukraine",547
2014,"09","14","United States",1229
2014,"09","14","Uruguay",131
2014,"09","21","Argentina",152
2014,"09","21","Australia",741
2014,"09","21","Austria",1064
2014,"09","21","Belgium",48
2014,"09","21","Bolivia",202
2014,"09","21","Brazil",178
2014,"09","21","Bulgaria",310
2014,"09","21","Canada",1750
2014,"09","21","Chile",15
2014,"09","21","France",17
2014,"09","21","Germany",746
2014,"09","21","Hungary",70
2014,"09","21","Japan",10
2014,"09","21","Mexico",1165
2014,"09","21","Netherlands",32
2014,"09","21","New Zealand",79
2014,"09","21","Norway",71
2014,"09","21","Paraguay",251
2014,"09","21","Peru",141
2014,"09","21","Poland",24
2014,"09","21","Romania",606
2014,"09","21","Russia",873
2014,"09","21","South Africa",3042
2014,"09","21","Spain",10
2014,"09","21","Sweden",3
2014,"09","21","Switzerland",48
2014,"09","21","Ukraine",571
2014,"09","21","United States",1164
2014,"09","21","Uruguay",125
2014,"09","28","Argentina",141
2014,"09","28","Australia",511
2014,"09","28","Austria",1064
2014,"09","28","Belgium",61
2014,"09","28","Bolivia",199
2014,"09","28","Brazil",165
2014,"09","28","Bulgaria",384
2014,"09","28","Canada",1809
2014,"09","28","Chile",12
2014,"09","28","France",20
2014,"09","28","Germany",792
2014,"09","28","Hungary",60
2014,"09","28","Japan",12
2014,"09","28","Mexico",1158
2014,"09","28","Netherlands",27
2014,"09","28","New Zealand",63
2014,"09","28","Norway",90
2014,"09","28","Paraguay",253
2014,"09","28","Peru",135
2014,"09","28","Poland",32
2014,"09","28","Romania",696
2014,"09","28","Russia",836
2014,"09","28","South Africa",2832
2014,"09","28","Spain",12
2014,"09","28","Sweden",4
2014,"09","28","Switzerland",45
2014,"09","28","Ukraine",544
2014,"09","28","United States",1192
2014,"09","28","Uruguay",124
2014,"10","05","Argentina",127
2014,"10","05","Australia",415
2014,"10","05","Austria",1123
2014,"10","05","Belgium",78
2014,"10","05","Bolivia",193
2014,"10","05","Brazil",168
2014,"10","05","Bulgaria",585
2014,"10","05","Canada",2004
2014,"10","05","Chile",12
2014,"10","05","France",26
2014,"10","05","Germany",910
2014,"10","05","Hungary",58
2014,"10","05","Japan",14
2014,"10","05","Mexico",1241
2014,"10","05","Netherlands",29
2014,"10","05","New Zealand",55
2014,"10","05","Norway",117
2014,"10","05","Paraguay",237
2014,"10","05","Peru",118
2014,"10","05","Poland",37
2014,"10","05","Romania",733
2014,"10","05","Russia",791
2014,"10","05","South Africa",2999
2014,"10","05","Spain",18
2014,"10","05","Sweden",4
2014,"10","05","Switzerland",46
2014,"10","05","Ukraine",547
2014,"10","05","United States",1291
2014,"10","05","Uruguay",108
2014,"10","12","Argentina",130
2014,"10","12","Australia",346
2014,"10","12","Austria",1066
2014,"10","12","Belgium",88
2014,"10","12","Bolivia",210
2014,"10","12","Brazil",170
2014,"10","12","Bulgaria",598
2014,"10","12","Canada",2243
2014,"10","12","Chile",11
2014,"10","12","France",26
2014,"10","12","Germany",921
2014,"10","12","Hungary",58
2014,"10","12","Japan",18
2014,"10","12","Mexico",1316
2014,"10","12","Netherlands",31
2014,"10","12","New Zealand",52
2014,"10","12","Norway",97
2014,"10","12","Paraguay",243
2014,"10","12","Peru",137
2014,"10","12","Poland",36
2014,"10","12","Romania",748
2014,"10","12","Russia",713
2014,"10","12","South Africa",2878
2014,"10","12","Spain",37
2014,"10","12","Sweden",4
2014,"10","12","Switzerland",53
2014,"10","12","Ukraine",523
2014,"10","12","United States",1352
2014,"10","12","Uruguay",110
2014,"10","19","Argentina",124
2014,"10","19","Australia",318
2014,"10","19","Austria",1062
2014,"10","19","Belgium",92
2014,"10","19","Bolivia",190
2014,"10","19","Brazil",170
2014,"10","19","Bulgaria",534
2014,"10","19","Canada",2269
2014,"10","19","Chile",9
2014,"10","19","France",25
2014,"10","19","Germany",939
2014,"10","19","Hungary",58
2014,"10","19","Japan",24
2014,"10","19","Mexico",1330
2014,"10","19","Netherlands",27
2014,"10","19","New Zealand",38
2014,"10","19","Norway",113
2014,"10","19","Paraguay",258
2014,"10","19","Peru",129
2014,"10","19","Poland",34
2014,"10","19","Romania",724
2014,"10","19","Russia",656
2014,"10","19","South Africa",2639
2014,"10","19","Spain",30
2014,"10","19","Sweden",4
2014,"10","19","Switzerland",62
2014,"10","19","Ukraine",506
2014,"10","19","United States",1349
2014,"10","19","Uruguay",112
2014,"10","26","Argentina",110
2014,"10","26","Australia",311
2014,"10","26","Austria",1018
2014,"10","26","Belgium",77
2014,"10","26","Bolivia",205
2014,"10","26","Brazil",159
2014,"10","26","Bulgaria",506
2014,"10","26","Canada",2271
2014,"10","26","Chile",7
2014,"10","26","France",23
2014,"10","26","Germany",941
2014,"10","26","Hungary",63
2014,"10","26","Japan",34
2014,"10","26","Mexico",1423
2014,"10","26","Netherlands",29
2014,"10","26","New Zealand",41
2014,"10","26","Norway",105
2014,"10","26","Paraguay",236
2014,"10","26","Peru",127
2014,"10","26","Poland",35
2014,"10","26","Romania",722
2014,"10","26","Russia",625
2014,"10","26","South Africa",2325
2014,"10","26","Spain",20
2014,"10","26","Sweden",4
2014,"10","26","Switzerland",52
2014,"10","26","Ukraine",477
2014,"10","26","United States",1224
2014,"10","26","Uruguay",93
2014,"11","02","Argentina",107
2014,"11","02","Australia",275
2014,"11","02","Austria",1101
2014,"11","02","Belgium",103
2014,"11","02","Bolivia",176
2014,"11","02","Brazil",153
2014,"11","02","Bulgaria",556
2014,"11","02","Canada",2554
2014,"11","02","Chile",7
2014,"11","02","France",25
2014,"11","02","Germany",991
2014,"11","02","Hungary",58
2014,"11","02","Japan",47
2014,"11","02","Mexico",1524
2014,"11","02","Netherlands",30
2014,"11","02","New Zealand",35
2014,"11","02","Norway",81
2014,"11","02","Paraguay",234
2014,"11","02","Peru",133
2014,"11","02","Poland",35
2014,"11","02","Romania",722
2014,"11","02","Russia",648
2014,"11","02","South Africa",2351
2014,"11","02","Spain",15
2014,"11","02","Sweden",5
2014,"11","02","Switzerland",78
2014,"11","02","Ukraine",474
2014,"11","02","United States",1374
2014,"11","02","Uruguay",81
2014,"11","09","Argentina",105
2014,"11","09","Australia",233
2014,"11","09","Austria",1165
2014,"11","09","Belgium",85
2014,"11","09","Bolivia",146
2014,"11","09","Brazil",148
2014,"11","09","Bulgaria",569
2014,"11","09","Canada",2505
2014,"11","09","Chile",7
2014,"11","09","France",24
2014,"11","09","Germany",972
2014,"11","09","Hungary",62
2014,"11","09","Japan",67
2014,"11","09","Mexico",1501
2014,"11","09","Netherlands",32
2014,"11","09","New Zealand",28
2014,"11","09","Norway",70
2014,"11","09","Paraguay",236
2014,"11","09","Peru",134
2014,"11","09","Poland",33
2014,"11","09","Romania",662
2014,"11","09","Russia",618
2014,"11","09","South Africa",2321
2014,"11","09","Spain",16
2014,"11","09","Sweden",4
2014,"11","09","Switzerland",77
2014,"11","09","Ukraine",421
2014,"11","09","United States",1379
2014,"11","09","Uruguay",86
2014,"11","16","Argentina",101
2014,"11","16","Australia",197
2014,"11","16","Austria",1205
2014,"11","16","Belgium",112
2014,"11","16","Bolivia",167
2014,"11","16","Brazil",156
2014,"11","16","Bulgaria",495
2014,"11","16","Canada",2548
2014,"11","16","Chile",5
2014,"11","16","France",32
2014,"11","16","Germany",949
2014,"11","16","Hungary",61
2014,"11","16","Japan",111
2014,"11","16","Mexico",1598
2014,"11","16","Netherlands",34
2014,"11","16","New Zealand",29
2014,"11","16","Norway",70
2014,"11","16","Paraguay",268
2014,"11","16","Peru",125
2014,"11","16","Poland",30
2014,"11","16","Romania",617
2014,"11","16","Russia",617
2014,"11","16","South Africa",2346
2014,"11","16","Spain",20
2014,"11","16","Sweden",4
2014,"11","16","Switzerland",84
2014,"11","16","Ukraine",430
2014,"11","16","United States",1549
2014,"11","16","Uruguay",90
2014,"11","23","Argentina",99
2014,"11","23","Australia",165
2014,"11","23","Austria",1246
2014,"11","23","Belgium",123
2014,"11","23","Bolivia",170
2014,"11","23","Brazil",137
2014,"11","23","Bulgaria",502
2014,"11","23","Canada",2578
2014,"11","23","Chile",5
2014,"11","23","France",38
2014,"11","23","Germany",956
2014,"11","23","Hungary",65
2014,"11","23","Japan",186
2014,"11","23","Mexico",1611
2014,"11","23","Netherlands",34
2014,"11","23","New Zealand",22
2014,"11","23","Norway",64
2014,"11","23","Paraguay",227
2014,"11","23","Peru",129
2014,"11","23","Poland",31
2014,"11","23","Romania",622
2014,"11","23","Russia",647
2014,"11","23","South Africa",2174
2014,"11","23","Spain",24
2014,"11","23","Sweden",5
2014,"11","23","Switzerland",76
2014,"11","23","Ukraine",443
2014,"11","23","United States",1784
2014,"11","23","Uruguay",83
2014,"11","30","Argentina",92
2014,"11","30","Australia",188
2014,"11","30","Austria",1222
2014,"11","30","Belgium",156
2014,"11","30","Bolivia",145
2014,"11","30","Brazil",138
2014,"11","30","Bulgaria",408
2014,"11","30","Canada",2892
2014,"11","30","Chile",6
2014,"11","30","France",58
2014,"11","30","Germany",993
2014,"11","30","Hungary",66
2014,"11","30","Japan",338
2014,"11","30","Mexico",1678
2014,"11","30","Netherlands",40
2014,"11","30","New Zealand",20
2014,"11","30","Norway",63
2014,"11","30","Paraguay",208
2014,"11","30","Peru",124
2014,"11","30","Poland",34
2014,"11","30","Romania",660
2014,"11","30","Russia",678
2014,"11","30","South Africa",2043
2014,"11","30","Spain",40
2014,"11","30","Sweden",5
2014,"11","30","Switzerland",85
2014,"11","30","Ukraine",469
2014,"11","30","United States",2287
2014,"11","30","Uruguay",75
2014,"12","07","Argentina",88
2014,"12","07","Australia",179
2014,"12","07","Austria",1360
2014,"12","07","Belgium",189
2014,"12","07","Bolivia",131
2014,"12","07","Brazil",136
2014,"12","07","Bulgaria",503
2014,"12","07","Canada",3725
2014,"12","07","Chile",6
2014,"12","07","France",78
2014,"12","07","Germany",1069
2014,"12","07","Hungary",67
2014,"12","07","Japan",570
2014,"12","07","Mexico",1848
2014,"12","07","Netherlands",57
2014,"12","07","New Zealand",19
2014,"12","07","Norway",72
2014,"12","07","Paraguay",202
2014,"12","07","Peru",113
2014,"12","07","Poland",35
2014,"12","07","Romania",685
2014,"12","07","Russia",789
2014,"12","07","South Africa",2095
2014,"12","07","Spain",56
2014,"12","07","Sweden",6
2014,"12","07","Switzerland",92
2014,"12","07","Ukraine",455
2014,"12","07","United States",3046
2014,"12","07","Uruguay",73
2014,"12","14","Argentina",80
2014,"12","14","Australia",164
2014,"12","14","Austria",1436
2014,"12","14","Belgium",175
2014,"12","14","Bolivia",113
2014,"12","14","Brazil",133
2014,"12","14","Bulgaria",470
2014,"12","14","Canada",4856
2014,"12","14","Chile",4
2014,"12","14","France",113
2014,"12","14","Germany",1093
2014,"12","14","Hungary",81
2014,"12","14","Japan",1180
2014,"12","14","Mexico",2109
2014,"12","14","Netherlands",78
2014,"12","14","New Zealand",23
2014,"12","14","Norway",89
2014,"12","14","Paraguay",186
2014,"12","14","Peru",101
2014,"12","14","Poland",35
2014,"12","14","Romania",658
2014,"12","14","Russia",753
2014,"12","14","South Africa",1952
2014,"12","14","Spain",59
2014,"12","14","Sweden",6
2014,"12","14","Switzerland",96
2014,"12","14","Ukraine",424
2014,"12","14","United States",5234
2014,"12","14","Uruguay",75
2014,"12","21","Argentina",79
2014,"12","21","Australia",191
2014,"12","21","Austria",1450
2014,"12","21","Belgium",214
2014,"12","21","Bolivia",109
2014,"12","21","Brazil",128
2014,"12","21","Bulgaria",525
2014,"12","21","Canada",6266
2014,"12","21","Chile",4
2014,"12","21","France",173
2014,"12","21","Germany",1066
2014,"12","21","Hungary",87
2014,"12","21","Japan",2522
2014,"12","21","Mexico",2380
2014,"12","21","Netherlands",82
2014,"12","21","New Zealand",23
2014,"12","21","Norway",93
2014,"12","21","Paraguay",166
2014,"12","21","Peru",94
2014,"12","21","Poland",35
2014,"12","21","Romania",693
2014,"12","21","Russia",833
2014,"12","21","South Africa",2123
2014,"12","21","Spain",104
2014,"12","21","Sweden",4
2014,"12","21","Switzerland",100
2014,"12","21","Ukraine",436
2014,"12","21","United States",6911
2014,"12","21","Uruguay",75
2014,"12","28","Argentina",85
2014,"12","28","Australia",204
2014,"12","28","Austria",1602
2014,"12","28","Belgium",254
2014,"12","28","Bolivia",109
2014,"12","28","Brazil",127
2014,"12","28","Bulgaria",650
2014,"12","28","Canada",7362
2014,"12","28","Chile",6
2014,"12","28","France",250
2014,"12","28","Germany",1161
2014,"12","28","Hungary",83
2014,"12","28","Japan",2932
2014,"12","28","Mexico",2317
2014,"12","28","Netherlands",90
2014,"12","28","New Zealand",21
2014,"12","28","Norway",145
2014,"12","28","Paraguay",149
2014,"12","28","Peru",112
2014,"12","28","Poland",37
2014,"12","28","Romania",707
2014,"12","28","Russia",922
2014,"12","28","South Africa",2211
2014,"12","28","Spain",219
2014,"12","28","Sweden",7
2014,"12","28","Switzerland",158
2014,"12","28","Ukraine",455
2014,"12","28","United States",6220
2014,"12","28","Uruguay",75
2015,"01","04","Argentina",81
2015,"01","04","Australia",186
2015,"01","04","Austria",1717
2015,"01","04","Belgium",295
2015,"01","04","Bolivia",124
2015,"01","04","Brazil",128
2015,"01","04","Bulgaria",592
2015,"01","04","Canada",6428
2015,"01","04","Chile",5
2015,"01","04","France",164
2015,"01","04","Germany",1117
2015,"01","04","Hungary",108
2015,"01","04","Japan",4290
2015,"01","04","Mexico",1943
2015,"01","04","Netherlands",102
2015,"01","04","New Zealand",22
2015,"01","04","Norway",160
2015,"01","04","Paraguay",140
2015,"01","04","Peru",105
2015,"01","04","Poland",38
2015,"01","04","Romania",701
2015,"01","04","Russia",937
2015,"01","04","South Africa",2132
2015,"01","04","Spain",353
2015,"01","04","Sweden",6
2015,"01","04","Switzerland",220
2015,"01","04","Ukraine",450
2015,"01","04","United States",4647
2015,"01","04","Uruguay",71
2015,"01","11","Argentina",69
2015,"01","11","Australia",158
2015,"01","11","Austria",1686
2015,"01","11","Belgium",308
2015,"01","11","Bolivia",130
2015,"01","11","Brazil",114
2015,"01","11","Bulgaria",762
2015,"01","11","Canada",5076
2015,"01","11","Chile",4
2015,"01","11","France",191
2015,"01","11","Germany",1029
2015,"01","11","Hungary",164
2015,"01","11","Japan",5249
2015,"01","11","Mexico",1890
2015,"01","11","Netherlands",98
2015,"01","11","New Zealand",15
2015,"01","11","Norway",178
2015,"01","11","Paraguay",144
2015,"01","11","Peru",99
2015,"01","11","Poland",35
2015,"01","11","Romania",774
2015,"01","11","Russia",785
2015,"01","11","South Africa",2067
2015,"01","11","Spain",493
2015,"01","11","Sweden",7
2015,"01","11","Switzerland",303
2015,"01","11","Ukraine",401
2015,"01","11","United States",4303
2015,"01","11","Uruguay",70
2015,"01","18","Argentina",78
2015,"01","18","Australia",155
2015,"01","18","Austria",2035
2015,"01","18","Belgium",723
2015,"01","18","Bolivia",144
2015,"01","18","Brazil",110
2015,"01","18","Bulgaria",1140
2015,"01","18","Canada",4599
2015,"01","18","Chile",3
2015,"01","18","France",470
2015,"01","18","Germany",1179
2015,"01","18","Hungary",347
2015,"01","18","Japan",5584
2015,"01","18","Mexico",1999
2015,"01","18","Netherlands",119
2015,"01","18","New Zealand",12
2015,"01","18","Norway",203
2015,"01","18","Paraguay",153
2015,"01","18","Peru",89
2015,"01","18","Poland",41
2015,"01","18","Romania",910
2015,"01","18","Russia",737
2015,"01","18","South Africa",2120
2015,"01","18","Spain",703
2015,"01","18","Sweden",8
2015,"01","18","Switzerland",452
2015,"01","18","Ukraine",419
2015,"01","18","United States",4580
2015,"01","18","Uruguay",71
2015,"01","25","Argentina",75
2015,"01","25","Australia",147
2015,"01","25","Austria",2465
2015,"01","25","Belgium",1459
2015,"01","25","Bolivia",141
2015,"01","25","Brazil",108
2015,"01","25","Bulgaria",1073
2015,"01","25","Canada",4112
2015,"01","25","Chile",3
2015,"01","25","France",1374
2015,"01","25","Germany",1517
2015,"01","25","Hungary",538
2015,"01","25","Japan",3585
2015,"01","25","Mexico",2048
2015,"01","25","Netherlands",146
2015,"01","25","New Zealand",11
2015,"01","25","Norway",237
2015,"01","25","Paraguay",159
2015,"01","25","Peru",94
2015,"01","25","Poland",70
2015,"01","25","Romania",985
2015,"01","25","Russia",936
2015,"01","25","South Africa",2358
2015,"01","25","Spain",1020
2015,"01","25","Sweden",12
2015,"01","25","Switzerland",684
2015,"01","25","Ukraine",486
2015,"01","25","United States",3998
2015,"01","25","Uruguay",77
2015,"02","01","Argentina",77
2015,"02","01","Australia",152
2015,"02","01","Austria",2873
2015,"02","01","Belgium",2776
2015,"02","01","Bolivia",133
2015,"02","01","Brazil",112
2015,"02","01","Bulgaria",992
2015,"02","01","Canada",3844
2015,"02","01","Chile",4
2015,"02","01","France",2333
2015,"02","01","Germany",1853
2015,"02","01","Hungary",830
2015,"02","01","Japan",2083
2015,"02","01","Mexico",1981
2015,"02","01","Netherlands",158
2015,"02","01","New Zealand",14
2015,"02","01","Norway",353
2015,"02","01","Paraguay",165
2015,"02","01","Peru",87
2015,"02","01","Poland",92
2015,"02","01","Romania",1003
2015,"02","01","Russia",1219
2015,"02","01","South Africa",2470
2015,"02","01","Spain",597
2015,"02","01","Sweden",17
2015,"02","01","Switzerland",822
2015,"02","01","Ukraine",559
2015,"02","01","United States",3498
2015,"02","01","Uruguay",82
2015,"02","08","Argentina",78
2015,"02","08","Australia",169
2015,"02","08","Austria",2972
2015,"02","08","Belgium",2120
2015,"02","08","Bolivia",135
2015,"02","08","Brazil",124
2015,"02","08","Bulgaria",720
2015,"02","08","Canada",3498
2015,"02","08","Chile",3
2015,"02","08","France",2509
2015,"02","08","Germany",2332
2015,"02","08","Hungary",1121
2015,"02","08","Japan",1345
2015,"02","08","Mexico",1869
2015,"02","08","Netherlands",193
2015,"02","08","New Zealand",16
2015,"02","08","Norway",503
2015,"02","08","Paraguay",157
2015,"02","08","Peru",89
2015,"02","08","Poland",140
2015,"02","08","Romania",1023
2015,"02","08","Russia",1676
2015,"02","08","South Africa",2483
2015,"02","08","Spain",486
2015,"02","08","Sweden",28
2015,"02","08","Switzerland",812
2015,"02","08","Ukraine",651
2015,"02","08","United States",3445
2015,"02","08","Uruguay",80
2015,"02","15","Argentina",80
2015,"02","15","Australia",207
2015,"02","15","Austria",2867
2015,"02","15","Belgium",1258
2015,"02","15","Bolivia",136
2015,"02","15","Brazil",143
2015,"02","15","Bulgaria",1019
2015,"02","15","Canada",3402
2015,"02","15","Chile",3
2015,"02","15","France",2191
2015,"02","15","Germany",2557
2015,"02","15","Hungary",960
2015,"02","15","Japan",511
2015,"02","15","Mexico",1833
2015,"02","15","Netherlands",138
2015,"02","15","New Zealand",19
2015,"02","15","Norway",459
2015,"02","15","Paraguay",166
2015,"02","15","Peru",90
2015,"02","15","Poland",221
2015,"02","15","Romania",1147
2015,"02","15","Russia",1999
2015,"02","15","South Africa",2466
2015,"02","15","Spain",405
2015,"02","15","Sweden",30
2015,"02","15","Switzerland",719
2015,"02","15","Ukraine",747
2015,"02","15","United States",2956
2015,"02","15","Uruguay",79
2015,"02","22","Argentina",78
2015,"02","22","Australia",259
2015,"02","22","Austria",2645
2015,"02","22","Belgium",606
2015,"02","22","Bolivia",157
2015,"02","22","Brazil",157
2015,"02","22","Bulgaria",1121
2015,"02","22","Canada",3144
2015,"02","22","Chile",3
2015,"02","22","France",943
2015,"02","22","Germany",2344
2015,"02","22","Hungary",600
2015,"02","22","Japan",290
2015,"02","22","Mexico",1730
2015,"02","22","Netherlands",103
2015,"02","22","New Zealand",22
2015,"02","22","Norway",443
2015,"02","22","Paraguay",228
2015,"02","22","Peru",102
2015,"02","22","Poland",275
2015,"02","22","Romania",1248
2015,"02","22","Russia",1720
2015,"02","22","South Africa",2520
2015,"02","22","Spain",198
2015,"02","22","Sweden",33
2015,"02","22","Switzerland",603
2015,"02","22","Ukraine",792
2015,"02","22","United States",2671
2015,"02","22","Uruguay",80
2015,"03","01","Argentina",80
2015,"03","01","Australia",298
2015,"03","01","Austria",2179
2015,"03","01","Belgium",314
2015,"03","01","Bolivia",168
2015,"03","01","Brazil",168
2015,"03","01","Bulgaria",998
2015,"03","01","Canada",2971
2015,"03","01","Chile",3
2015,"03","01","France",247
2015,"03","01","Germany",1746
2015,"03","01","Hungary",308
2015,"03","01","Japan",192
2015,"03","01","Mexico",1686
2015,"03","01","Netherlands",72
2015,"03","01","New Zealand",23
2015,"03","01","Norway",466
2015,"03","01","Paraguay",231
2015,"03","01","Peru",107
2015,"03","01","Poland",206
2015,"03","01","Romania",1121
2015,"03","01","Russia",1300
2015,"03","01","South Africa",2492
2015,"03","01","Spain",127
2015,"03","01","Sweden",30
2015,"03","01","Switzerland",430
2015,"03","01","Ukraine",728
2015,"03","01","United States",2420
2015,"03","01","Uruguay",76
2015,"03","08","Argentina",86
2015,"03","08","Australia",276
2015,"03","08","Austria",1902
2015,"03","08","Belgium",221
2015,"03","08","Bolivia",196
2015,"03","08","Brazil",181
2015,"03","08","Bulgaria",806
2015,"03","08","Canada",2744
2015,"03","08","Chile",4
2015,"03","08","France",102
2015,"03","08","Germany",1448
2015,"03","08","Hungary",174
2015,"03","08","Japan",151
2015,"03","08","Mexico",1768
2015,"03","08","Netherlands",59
2015,"03","08","New Zealand",22
2015,"03","08","Norway",287
2015,"03","08","Paraguay",265
2015,"03","08","Peru",107
2015,"03","08","Poland",200
2015,"03","08","Romania",1072
2015,"03","08","Russia",1110
2015,"03","08","South Africa",2491
2015,"03","08","Spain",80
2015,"03","08","Sweden",23
2015,"03","08","Switzerland",285
2015,"03","08","Ukraine",620
2015,"03","08","United States",2467
2015,"03","08","Uruguay",74
2015,"03","15","Argentina",96
2015,"03","15","Australia",329
2015,"03","15","Austria",1618
2015,"03","15","Belgium",176
2015,"03","15","Bolivia",222
2015,"03","15","Brazil",197
2015,"03","15","Bulgaria",757
2015,"03","15","Canada",2507
2015,"03","15","Chile",5
2015,"03","15","France",58
2015,"03","15","Germany",1085
2015,"03","15","Hungary",133
2015,"03","15","Japan",152
2015,"03","15","Mexico",1551
2015,"03","15","Netherlands",48
2015,"03","15","New Zealand",19
2015,"03","15","Norway",64
2015,"03","15","Paraguay",279
2015,"03","15","Peru",114
2015,"03","15","Poland",123
2015,"03","15","Romania",989
2015,"03","15","Russia",840
2015,"03","15","South Africa",2626
2015,"03","15","Spain",59
2015,"03","15","Sweden",19
2015,"03","15","Switzerland",207
2015,"03","15","Ukraine",517
2015,"03","15","United States",2123
2015,"03","15","Uruguay",88
2015,"03","22","Argentina",108
2015,"03","22","Australia",389
2015,"03","22","Austria",1459
2015,"03","22","Belgium",165
2015,"03","22","Bolivia",213
2015,"03","22","Brazil",214
2015,"03","22","Bulgaria",731
2015,"03","22","Canada",2350
2015,"03","22","Chile",7
2015,"03","22","France",43
2015,"03","22","Germany",931
2015,"03","22","Hungary",111
2015,"03","22","Japan",113
2015,"03","22","Mexico",1427
2015,"03","22","Netherlands",44
2015,"03","22","New Zealand",14
2015,"03","22","Norway",26
2015,"03","22","Paraguay",288
2015,"03","22","Peru",113
2015,"03","22","Poland",84
2015,"03","22","Romania",902
2015,"03","22","Russia",785
2015,"03","22","South Africa",2483
2015,"03","22","Spain",46
2015,"03","22","Sweden",26
2015,"03","22","Switzerland",137
2015,"03","22","Ukraine",470
2015,"03","22","United States",2015
2015,"03","22","Uruguay",99
2015,"03","29","Argentina",116
2015,"03","29","Australia",310
2015,"03","29","Austria",1094
2015,"03","29","Belgium",122
2015,"03","29","Bolivia",211
2015,"03","29","Brazil",215
2015,"03","29","Bulgaria",667
2015,"03","29","Canada",2073
2015,"03","29","Chile",8
2015,"03","29","France",30
2015,"03","29","Germany",796
2015,"03","29","Hungary",78
2015,"03","29","Japan",93
2015,"03","29","Mexico",1373
2015,"03","29","Netherlands",38
2015,"03","29","New Zealand",15
2015,"03","29","Norway",29
2015,"03","29","Paraguay",246
2015,"03","29","Peru",119
2015,"03","29","Poland",61
2015,"03","29","Romania",809
2015,"03","29","Russia",680
2015,"03","29","South Africa",2349
2015,"03","29","Spain",45
2015,"03","29","Sweden",21
2015,"03","29","Switzerland",106
2015,"03","29","Ukraine",407
2015,"03","29","United States",1901
2015,"03","29","Uruguay",104
2015,"04","05","Argentina",120
2015,"04","05","Australia",404
2015,"04","05","Austria",1101
2015,"04","05","Belgium",111
2015,"04","05","Bolivia",231
2015,"04","05","Brazil",230
2015,"04","05","Bulgaria",589
2015,"04","05","Canada",2029
2015,"04","05","Chile",8
2015,"04","05","France",26
2015,"04","05","Germany",774
2015,"04","05","Hungary",74
2015,"04","05","Japan",72
2015,"04","05","Mexico",1317
2015,"04","05","Netherlands",37
2015,"04","05","New Zealand",15
2015,"04","05","Norway",56
2015,"04","05","Paraguay",289
2015,"04","05","Peru",138
2015,"04","05","Poland",55
2015,"04","05","Romania",721
2015,"04","05","Russia",625
2015,"04","05","South Africa",2677
2015,"04","05","Spain",31
2015,"04","05","Sweden",15
2015,"04","05","Switzerland",96
2015,"04","05","Ukraine",390
2015,"04","05","United States",1651
2015,"04","05","Uruguay",116
2015,"04","12","Argentina",119
2015,"04","12","Australia",449
2015,"04","12","Austria",929
2015,"04","12","Belgium",68
2015,"04","12","Bolivia",218
2015,"04","12","Brazil",245
2015,"04","12","Bulgaria",543
2015,"04","12","Canada",1782
2015,"04","12","Chile",11
2015,"04","12","France",15
2015,"04","12","Germany",661
2015,"04","12","Hungary",57
2015,"04","12","Japan",73
2015,"04","12","Mexico",1189
2015,"04","12","Netherlands",31
2015,"04","12","New Zealand",16
2015,"04","12","Norway",44
2015,"04","12","Paraguay",280
2015,"04","12","Peru",137
2015,"04","12","Poland",45
2015,"04","12","Romania",709
2015,"04","12","Russia",592
2015,"04","12","South Africa",2789
2015,"04","12","Spain",27
2015,"04","12","Sweden",10
2015,"04","12","Switzerland",61
2015,"04","12","Ukraine",366
2015,"04","12","United States",1560
2015,"04","12","Uruguay",107
2015,"04","19","Argentina",128
2015,"04","19","Australia",432
2015,"04","19","Austria",831
2015,"04","19","Belgium",46
2015,"04","19","Bolivia",223
2015,"04","19","Brazil",241
2015,"04","19","Bulgaria",456
2015,"04","19","Canada",1664
2015,"04","19","Chile",12
2015,"04","19","France",9
2015,"04","19","Germany",579
2015,"04","19","Hungary",56
2015,"04","19","Japan",77
2015,"04","19","Mexico",1122
2015,"04","19","Netherlands",25
2015,"04","19","New Zealand",15
2015,"04","19","Norway",38
2015,"04","19","Paraguay",261
2015,"04","19","Peru",148
2015,"04","19","Poland",35
2015,"04","19","Romania",681
2015,"04","19","Russia",551
2015,"04","19","South Africa",2859
2015,"04","19","Spain",18
2015,"04","19","Sweden",7
2015,"04","19","Switzerland",44
2015,"04","19","Ukraine",337
2015,"04","19","United States",1195
2015,"04","19","Uruguay",104
2015,"04","26","Argentina",136
2015,"04","26","Australia",424
2015,"04","26","Austria",710
2015,"04","26","Belgium",42
2015,"04","26","Bolivia",237
2015,"04","26","Brazil",250
2015,"04","26","Bulgaria",388
2015,"04","26","Canada",1568
2015,"04","26","Chile",13
2015,"04","26","France",7
2015,"04","26","Germany",542
2015,"04","26","Hungary",47
2015,"04","26","Japan",55
2015,"04","26","Mexico",1098
2015,"04","26","Netherlands",25
2015,"04","26","New Zealand",16
2015,"04","26","Norway",33
2015,"04","26","Paraguay",323
2015,"04","26","Peru",138
2015,"04","26","Poland",28
2015,"04","26","Romania",643
2015,"04","26","Russia",513
2015,"04","26","South Africa",2959
2015,"04","26","Spain",25
2015,"04","26","Sweden",4
2015,"04","26","Switzerland",32
2015,"04","26","Ukraine",318
2015,"04","26","United States",1353
2015,"04","26","Uruguay",117
2015,"05","03","Argentina",158
2015,"05","03","Australia",492
2015,"05","03","Austria",727
2015,"05","03","Belgium",44
2015,"05","03","Bolivia",276
2015,"05","03","Brazil",263
2015,"05","03","Bulgaria",353
2015,"05","03","Canada",1353
2015,"05","03","Chile",14
2015,"05","03","France",6
2015,"05","03","Germany",523
2015,"05","03","Hungary",34
2015,"05","03","Japan",35
2015,"05","03","Mexico",1115
2015,"05","03","Netherlands",22
2015,"05","03","New Zealand",15
2015,"05","03","Norway",53
2015,"05","03","Paraguay",344
2015,"05","03","Peru",148
2015,"05","03","Poland",23
2015,"05","03","Romania",615
2015,"05","03","Russia",473
2015,"05","03","South Africa",3463
2015,"05","03","Spain",20
2015,"05","03","Sweden",5
2015,"05","03","Switzerland",29
2015,"05","03","Ukraine",299
2015,"05","03","United States",1388
2015,"05","03","Uruguay",112
2015,"05","10","Argentina",168
2015,"05","10","Australia",610
2015,"05","10","Austria",642
2015,"05","10","Belgium",36
2015,"05","10","Bolivia",234
2015,"05","10","Brazil",278
2015,"05","10","Bulgaria",290
2015,"05","10","Canada",1333
2015,"05","10","Chile",14
2015,"05","10","France",5
2015,"05","10","Germany",467
2015,"05","10","Hungary",31
2015,"05","10","Japan",24
2015,"05","10","Mexico",1084
2015,"05","10","Netherlands",16
2015,"05","10","New Zealand",16
2015,"05","10","Norway",31
2015,"05","10","Paraguay",329
2015,"05","10","Peru",138
2015,"05","10","Poland",20
2015,"05","10","Romania",608
2015,"05","10","Russia",457
2015,"05","10","South Africa",3704
2015,"05","10","Spain",18
2015,"05","10","Sweden",4
2015,"05","10","Switzerland",28
2015,"05","10","Ukraine",283
2015,"05","10","United States",1144
2015,"05","10","Uruguay",132
2015,"05","17","Argentina",176
2015,"05","17","Australia",645
2015,"05","17","Austria",648
2015,"05","17","Belgium",38
2015,"05","17","Bolivia",248
2015,"05","17","Brazil",299
2015,"05","17","Bulgaria",247
2015,"05","17","Canada",1173
2015,"05","17","Chile",13
2015,"05","17","France",6
2015,"05","17","Germany",501
2015,"05","17","Hungary",30
2015,"05","17","Japan",19
2015,"05","17","Mexico",1095
2015,"05","17","Netherlands",17
2015,"05","17","New Zealand",17
2015,"05","17","Norway",51
2015,"05","17","Paraguay",384
2015,"05","17","Peru",150
2015,"05","17","Poland",19
2015,"05","17","Romania",598
2015,"05","17","Russia",364
2015,"05","17","South Africa",3955
2015,"05","17","Spain",14
2015,"05","17","Sweden",3
2015,"05","17","Switzerland",25
2015,"05","17","Ukraine",270
2015,"05","17","United States",1164
2015,"05","17","Uruguay",133
2015,"05","24","Argentina",183
2015,"05","24","Australia",674
2015,"05","24","Austria",714
2015,"05","24","Belgium",29
2015,"05","24","Bolivia",230
2015,"05","24","Brazil",287
2015,"05","24","Bulgaria",263
2015,"05","24","Canada",1067
2015,"05","24","Chile",12
2015,"05","24","France",6
2015,"05","24","Germany",456
2015,"05","24","Hungary",29
2015,"05","24","Japan",17
2015,"05","24","Mexico",1071
2015,"05","24","Netherlands",16
2015,"05","24","New Zealand",19
2015,"05","24","Norway",46
2015,"05","24","Paraguay",334
2015,"05","24","Peru",148
2015,"05","24","Poland",17
2015,"05","24","Romania",589
2015,"05","24","Russia",322
2015,"05","24","South Africa",4074
2015,"05","24","Spain",14
2015,"05","24","Sweden",2
2015,"05","24","Switzerland",32
2015,"05","24","Ukraine",246
2015,"05","24","United States",1211
2015,"05","24","Uruguay",134
2015,"05","31","Argentina",202
2015,"05","31","Australia",760
2015,"05","31","Austria",649
2015,"05","31","Belgium",21
2015,"05","31","Bolivia",223
2015,"05","31","Brazil",263
2015,"05","31","Bulgaria",294
2015,"05","31","Canada",977
2015,"05","31","Chile",15
2015,"05","31","France",5
2015,"05","31","Germany",438
2015,"05","31","Hungary",29
2015,"05","31","Japan",14
2015,"05","31","Mexico",1062
2015,"05","31","Netherlands",17
2015,"05","31","New Zealand",19
2015,"05","31","Norway",38
2015,"05","31","Paraguay",403
2015,"05","31","Peru",150
2015,"05","31","Poland",16
2015,"05","31","Romania",590
2015,"05","31","Russia",307
2015,"05","31","South Africa",4376
2015,"05","31","Spain",12
2015,"05","31","Sweden",2
2015,"05","31","Switzerland",28
2015,"05","31","Ukraine",235
2015,"05","31","United States",1143
2015,"05","31","Uruguay",136
2015,"06","07","Argentina",235
2015,"06","07","Australia",767
2015,"06","07","Austria",641
2015,"06","07","Belgium",22
2015,"06","07","Bolivia",225
2015,"06","07","Brazil",262
2015,"06","07","Bulgaria",285
2015,"06","07","Canada",976
2015,"06","07","Chile",16
2015,"06","07","France",5
2015,"06","07","Germany",434
2015,"06","07","Hungary",26
2015,"06","07","Japan",13
2015,"06","07","Mexico",1011
2015,"06","07","Netherlands",17
2015,"06","07","New Zealand",22
2015,"06","07","Norway",30
2015,"06","07","Paraguay",461
2015,"06","07","Peru",160
2015,"06","07","Poland",15
2015,"06","07","Romania",578
2015,"06","07","Russia",289
2015,"06","07","South Africa",4919
2015,"06","07","Spain",10
2015,"06","07","Sweden",1
2015,"06","07","Switzerland",24
2015,"06","07","Ukraine",209
2015,"06","07","United States",1150
2015,"06","07","Uruguay",149
2015,"06","14","Argentina",247
2015,"06","14","Australia",757
2015,"06","14","Austria",641
2015,"06","14","Belgium",17
2015,"06","14","Bolivia",230
2015,"06","14","Brazil",249
2015,"06","14","Bulgaria",247
2015,"06","14","Canada",912
2015,"06","14","Chile",15
2015,"06","14","France",4
2015,"06","14","Germany",414
2015,"06","14","Hungary",26
2015,"06","14","Japan",13
2015,"06","14","Mexico",1018
2015,"06","14","Netherlands",16
2015,"06","14","New Zealand",29
2015,"06","14","Norway",30
2015,"06","14","Paraguay",513
2015,"06","14","Peru",148
2015,"06","14","Poland",14
2015,"06","14","Romania",552
2015,"06","14","Russia",279
2015,"06","14","South Africa",4964
2015,"06","14","Spain",8
2015,"06","14","Sweden",1
2015,"06","14","Switzerland",22
2015,"06","14","Ukraine",208
2015,"06","14","United States",786
2015,"06","14","Uruguay",191
2015,"06","21","Argentina",254
2015,"06","21","Australia",913
2015,"06","21","Austria",648
2015,"06","21","Belgium",17
2015,"06","21","Bolivia",230
2015,"06","21","Brazil",242
2015,"06","21","Bulgaria",204
2015,"06","21","Canada",925
2015,"06","21","Chile",17
2015,"06","21","France",2
2015,"06","21","Germany",424
2015,"06","21","Hungary",25
2015,"06","21","Japan",15
2015,"06","21","Mexico",1061
2015,"06","21","Netherlands",16
2015,"06","21","New Zealand",35
2015,"06","21","Norway",32
2015,"06","21","Paraguay",566
2015,"06","21","Peru",159
2015,"06","21","Poland",13
2015,"06","21","Romania",533
2015,"06","21","Russia",240
2015,"06","21","South Africa",4461
2015,"06","21","Spain",8
2015,"06","21","Sweden",2
2015,"06","21","Switzerland",23
2015,"06","21","Ukraine",206
2015,"06","21","United States",820
2015,"06","21","Uruguay",208
2015,"06","28","Argentina",237
2015,"06","28","Australia",923
2015,"06","28","Austria",619
2015,"06","28","Belgium",9
2015,"06","28","Bolivia",230
2015,"06","28","Brazil",238
2015,"06","28","Bulgaria",175
2015,"06","28","Canada",922
2015,"06","28","Chile",23
2015,"06","28","France",1
2015,"06","28","Germany",366
2015,"06","28","Hungary",22
2015,"06","28","Japan",13
2015,"06","28","Mexico",1037
2015,"06","28","Netherlands",13
2015,"06","28","New Zealand",43
2015,"06","28","Norway",28
2015,"06","28","Paraguay",535
2015,"06","28","Peru",157
2015,"06","28","Poland",11
2015,"06","28","Romania",526
2015,"06","28","Russia",223
2015,"06","28","South Africa",3814
2015,"06","28","Spain",7
2015,"06","28","Sweden",2
2015,"06","28","Switzerland",27
2015,"06","28","Ukraine",205
2015,"06","28","United States",1073
2015,"06","28","Uruguay",223
2015,"07","05","Argentina",239
2015,"07","05","Australia",1211
2015,"07","05","Austria",538
2015,"07","05","Belgium",10
2015,"07","05","Bolivia",195
2015,"07","05","Brazil",231
2015,"07","05","Bulgaria",165
2015,"07","05","Canada",851
2015,"07","05","Chile",25
2015,"07","05","France",1
2015,"07","05","Germany",345
2015,"07","05","Hungary",23
2015,"07","05","Japan",13
2015,"07","05","Mexico",1075
2015,"07","05","Netherlands",14
2015,"07","05","New Zealand",57
2015,"07","05","Norway",31
2015,"07","05","Paraguay",457
2015,"07","05","Peru",146
2015,"07","05","Poland",11
2015,"07","05","Romania",522
2015,"07","05","Russia",227
2015,"07","05","South Africa",3394
2015,"07","05","Spain",6
2015,"07","05","Sweden",2
2015,"07","05","Switzerland",32
2015,"07","05","Ukraine",182
2015,"07","05","United States",1024
2015,"07","05","Uruguay",224
2015,"07","12","Argentina",240
2015,"07","12","Australia",1135
2015,"07","12","Austria",568
2015,"07","12","Belgium",11
2015,"07","12","Bolivia",218
2015,"07","12","Brazil",231
2015,"07","12","Bulgaria",147
2015,"07","12","Canada",832
2015,"07","12","Chile",29
2015,"07","12","France",1
2015,"07","12","Germany",349
2015,"07","12","Hungary",22
2015,"07","12","Japan",12
2015,"07","12","Mexico",1057
2015,"07","12","Netherlands",16
2015,"07","12","New Zealand",55
2015,"07","12","Norway",31
2015,"07","12","Paraguay",398
2015,"07","12","Peru",138
2015,"07","12","Poland",11
2015,"07","12","Romania",508
2015,"07","12","Russia",227
2015,"07","12","South Africa",2963
2015,"07","12","Spain",6
2015,"07","12","Sweden",1
2015,"07","12","Switzerland",24
2015,"07","12","Ukraine",199
2015,"07","12","United States",770
2015,"07","12","Uruguay",215
2015,"07","19","Argentina",252
2015,"07","19","Australia",1274
2015,"07","19","Austria",506
2015,"07","19","Belgium",10
2015,"07","19","Bolivia",223
2015,"07","19","Brazil",213
2015,"07","19","Bulgaria",138
2015,"07","19","Canada",722
2015,"07","19","Chile",29
2015,"07","19","France",1
2015,"07","19","Germany",332
2015,"07","19","Hungary",25
2015,"07","19","Japan",10
2015,"07","19","Mexico",1046
2015,"07","19","Netherlands",13
2015,"07","19","New Zealand",43
2015,"07","19","Norway",25
2015,"07","19","Paraguay",374
2015,"07","19","Peru",131
2015,"07","19","Poland",10
2015,"07","19","Romania",508
2015,"07","19","Russia",247
2015,"07","19","South Africa",2751
2015,"07","19","Spain",7
2015,"07","19","Sweden",1
2015,"07","19","Switzerland",24
2015,"07","19","Ukraine",210
2015,"07","19","United States",767
2015,"07","19","Uruguay",220
2015,"07","26","Argentina",235
2015,"07","26","Australia",1411
2015,"07","26","Austria",519
2015,"07","26","Belgium",13
2015,"07","26","Bolivia",217
2015,"07","26","Brazil",206
2015,"07","26","Bulgaria",136
2015,"07","26","Canada",703
2015,"07","26","Chile",28
2015,"07","26","France",2
2015,"07","26","Germany",337
2015,"07","26","Hungary",25
2015,"07","26","Japan",10
2015,"07","26","Mexico",992
2015,"07","26","Netherlands",13
2015,"07","26","New Zealand",44
2015,"07","26","Norway",28
2015,"07","26","Paraguay",372
2015,"07","26","Peru",127
2015,"07","26","Poland",9
2015,"07","26","Romania",502
2015,"07","26","Russia",263
2015,"07","26","South Africa",2967
2015,"07","26","Spain",7
2015,"07","26","Sweden",2
2015,"07","26","Switzerland",19
2015,"07","26","Ukraine",200
2015,"07","26","United States",666
2015,"07","26","Uruguay",225
2015,"08","02","Argentina",211
2015,"08","02","Australia",1823
2015,"08","02","Austria",506
2015,"08","02","Belgium",11
2015,"08","02","Bolivia",209
2015,"08","02","Brazil",203
2015,"08","02","Bulgaria",134
2015,"08","02","Canada",730
2015,"08","02","Chile",33
2015,"08","02","France",1
2015,"08","02","Germany",298
2015,"08","02","Hungary",22
2015,"08","02","Japan",8
2015,"08","02","Mexico",954
2015,"08","02","Netherlands",12
2015,"08","02","New Zealand",55
2015,"08","02","Norway",29
2015,"08","02","Paraguay",337
2015,"08","02","Peru",121
2015,"08","02","Poland",9
2015,"08","02","Romania",504
2015,"08","02","Russia",257
2015,"08","02","South Africa",3348
2015,"08","02","Spain",6
2015,"08","02","Sweden",2
2015,"08","02","Switzerland",19
2015,"08","02","Ukraine",244
2015,"08","02","United States",735
2015,"08","02","Uruguay",215
2015,"08","09","Argentina",199
2015,"08","09","Australia",2216
2015,"08","09","Austria",494
2015,"08","09","Belgium",13
2015,"08","09","Bolivia",200
2015,"08","09","Brazil",201
2015,"08","09","Bulgaria",137
2015,"08","09","Canada",739
2015,"08","09","Chile",49
2015,"08","09","France",2
2015,"08","09","Germany",279
2015,"08","09","Hungary",23
2015,"08","09","Japan",8
2015,"08","09","Mexico",934
2015,"08","09","Netherlands",12
2015,"08","09","New Zealand",52
2015,"08","09","Norway",32
2015,"08","09","Paraguay",313
2015,"08","09","Peru",123
2015,"08","09","Poland",9
2015,"08","09","Romania",508
2015,"08","09","Russia",267
2015,"08","09","South Africa",3446
2015,"08","09","Spain",7
2015,"08","09","Sweden",2
2015,"08","09","Switzerland",21
2015,"08","09","Ukraine",247
2015,"08","09","United States",671
2015,"08","09","Uruguay",183
