"country","year","month","flu_activity","dengue_activity","infant_mortality","life_expectancy","continent"
Argentina,2002,"12",,,17.1,74.3,Americas
Argentina,2003,"01",,,16.6,74.5,Americas
Argentina,2003,"01",,,16.6,74.5,Americas
Argentina,2003,"01",,,16.6,74.5,Americas
Argentina,2003,"01",,,16.6,74.5,Americas
Argentina,2003,"01",,,16.6,74.5,Americas
Argentina,2003,"01",,,16.6,74.5,Americas
Argentina,2003,"01",,,16.6,74.5,Americas
Argentina,2003,"01",,,16.6,74.5,Americas
Argentina,2003,"01",,,16.6,74.5,Americas
Argentina,2003,"01",,,16.6,74.5,Americas
Argentina,2003,"01",,,16.6,74.5,Americas
Argentina,2003,"01",,,16.6,74.5,Americas
Argentina,2003,"01",,,16.6,74.5,Americas
Argentina,2003,"01",,,16.6,74.5,Americas
Argentina,2003,"01",,,16.6,74.5,Americas
Argentina,2003,"01",,,16.6,74.5,Americas
Argentina,2003,"02",136,,16.6,74.5,Americas
Argentina,2003,"02",135,,16.6,74.5,Americas
Argentina,2003,"02",141,,16.6,74.5,Americas
Argentina,2003,"02",145,,16.6,74.5,Americas
Argentina,2003,"02",136,0.048,16.6,74.5,Americas
Argentina,2003,"02",135,0.048,16.6,74.5,Americas
Argentina,2003,"02",141,0.048,16.6,74.5,Americas
Argentina,2003,"02",145,0.048,16.6,74.5,Americas
Argentina,2003,"02",136,,16.6,74.5,Americas
Argentina,2003,"02",135,,16.6,74.5,Americas
Argentina,2003,"02",141,,16.6,74.5,Americas
Argentina,2003,"02",145,,16.6,74.5,Americas
Argentina,2003,"02",136,0.046,16.6,74.5,Americas
Argentina,2003,"02",135,0.046,16.6,74.5,Americas
Argentina,2003,"02",141,0.046,16.6,74.5,Americas
Argentina,2003,"02",145,0.046,16.6,74.5,Americas
Argentina,2003,"03",158,0.043,16.6,74.5,Americas
Argentina,2003,"03",153,0.043,16.6,74.5,Americas
Argentina,2003,"03",136,0.043,16.6,74.5,Americas
Argentina,2003,"03",134,0.043,16.6,74.5,Americas
Argentina,2003,"03",134,0.043,16.6,74.5,Americas
Argentina,2003,"03",158,0.051,16.6,74.5,Americas
Argentina,2003,"03",153,0.051,16.6,74.5,Americas
Argentina,2003,"03",136,0.051,16.6,74.5,Americas
Argentina,2003,"03",134,0.051,16.6,74.5,Americas
Argentina,2003,"03",134,0.051,16.6,74.5,Americas
Argentina,2003,"03",158,0.051,16.6,74.5,Americas
Argentina,2003,"03",153,0.051,16.6,74.5,Americas
Argentina,2003,"03",136,0.051,16.6,74.5,Americas
Argentina,2003,"03",134,0.051,16.6,74.5,Americas
Argentina,2003,"03",134,0.051,16.6,74.5,Americas
Argentina,2003,"03",158,0.046,16.6,74.5,Americas
Argentina,2003,"03",153,0.046,16.6,74.5,Americas
Argentina,2003,"03",136,0.046,16.6,74.5,Americas
Argentina,2003,"03",134,0.046,16.6,74.5,Americas
Argentina,2003,"03",134,0.046,16.6,74.5,Americas
Argentina,2003,"03",158,0.039,16.6,74.5,Americas
Argentina,2003,"03",153,0.039,16.6,74.5,Americas
Argentina,2003,"03",136,0.039,16.6,74.5,Americas
Argentina,2003,"03",134,0.039,16.6,74.5,Americas
Argentina,2003,"03",134,0.039,16.6,74.5,Americas
Argentina,2003,"04",187,0.034,16.6,74.5,Americas
Argentina,2003,"04",209,0.034,16.6,74.5,Americas
Argentina,2003,"04",186,0.034,16.6,74.5,Americas
Argentina,2003,"04",193,0.034,16.6,74.5,Americas
Argentina,2003,"04",187,0.036,16.6,74.5,Americas
Argentina,2003,"04",209,0.036,16.6,74.5,Americas
Argentina,2003,"04",186,0.036,16.6,74.5,Americas
Argentina,2003,"04",193,0.036,16.6,74.5,Americas
Argentina,2003,"04",187,0.029,16.6,74.5,Americas
Argentina,2003,"04",209,0.029,16.6,74.5,Americas
Argentina,2003,"04",186,0.029,16.6,74.5,Americas
Argentina,2003,"04",193,0.029,16.6,74.5,Americas
Argentina,2003,"04",187,0.031,16.6,74.5,Americas
Argentina,2003,"04",209,0.031,16.6,74.5,Americas
Argentina,2003,"04",186,0.031,16.6,74.5,Americas
Argentina,2003,"04",193,0.031,16.6,74.5,Americas
Argentina,2003,"05",232,0.039,16.6,74.5,Americas
Argentina,2003,"05",239,0.039,16.6,74.5,Americas
Argentina,2003,"05",251,0.039,16.6,74.5,Americas
Argentina,2003,"05",241,0.039,16.6,74.5,Americas
Argentina,2003,"05",232,0.039,16.6,74.5,Americas
Argentina,2003,"05",239,0.039,16.6,74.5,Americas
Argentina,2003,"05",251,0.039,16.6,74.5,Americas
Argentina,2003,"05",241,0.039,16.6,74.5,Americas
Argentina,2003,"05",232,0.039,16.6,74.5,Americas
Argentina,2003,"05",239,0.039,16.6,74.5,Americas
Argentina,2003,"05",251,0.039,16.6,74.5,Americas
Argentina,2003,"05",241,0.039,16.6,74.5,Americas
Argentina,2003,"05",232,0.031,16.6,74.5,Americas
Argentina,2003,"05",239,0.031,16.6,74.5,Americas
Argentina,2003,"05",251,0.031,16.6,74.5,Americas
Argentina,2003,"05",241,0.031,16.6,74.5,Americas
Argentina,2003,"06",278,0.031,16.6,74.5,Americas
Argentina,2003,"06",261,0.031,16.6,74.5,Americas
Argentina,2003,"06",348,0.031,16.6,74.5,Americas
Argentina,2003,"06",258,0.031,16.6,74.5,Americas
Argentina,2003,"06",253,0.031,16.6,74.5,Americas
Argentina,2003,"06",278,0.039,16.6,74.5,Americas
Argentina,2003,"06",261,0.039,16.6,74.5,Americas
Argentina,2003,"06",348,0.039,16.6,74.5,Americas
Argentina,2003,"06",258,0.039,16.6,74.5,Americas
Argentina,2003,"06",253,0.039,16.6,74.5,Americas
Argentina,2003,"06",278,0.039,16.6,74.5,Americas
Argentina,2003,"06",261,0.039,16.6,74.5,Americas
Argentina,2003,"06",348,0.039,16.6,74.5,Americas
Argentina,2003,"06",258,0.039,16.6,74.5,Americas
Argentina,2003,"06",253,0.039,16.6,74.5,Americas
Argentina,2003,"06",278,0.034,16.6,74.5,Americas
Argentina,2003,"06",261,0.034,16.6,74.5,Americas
Argentina,2003,"06",348,0.034,16.6,74.5,Americas
Argentina,2003,"06",258,0.034,16.6,74.5,Americas
Argentina,2003,"06",253,0.034,16.6,74.5,Americas
Argentina,2003,"06",278,0.039,16.6,74.5,Americas
Argentina,2003,"06",261,0.039,16.6,74.5,Americas
Argentina,2003,"06",348,0.039,16.6,74.5,Americas
Argentina,2003,"06",258,0.039,16.6,74.5,Americas
Argentina,2003,"06",253,0.039,16.6,74.5,Americas
Argentina,2003,"07",229,0.027,16.6,74.5,Americas
Argentina,2003,"07",325,0.027,16.6,74.5,Americas
Argentina,2003,"07",307,0.027,16.6,74.5,Americas
Argentina,2003,"07",239,0.027,16.6,74.5,Americas
Argentina,2003,"07",229,0.034,16.6,74.5,Americas
Argentina,2003,"07",325,0.034,16.6,74.5,Americas
Argentina,2003,"07",307,0.034,16.6,74.5,Americas
Argentina,2003,"07",239,0.034,16.6,74.5,Americas
Argentina,2003,"07",229,0.036,16.6,74.5,Americas
Argentina,2003,"07",325,0.036,16.6,74.5,Americas
Argentina,2003,"07",307,0.036,16.6,74.5,Americas
Argentina,2003,"07",239,0.036,16.6,74.5,Americas
Argentina,2003,"07",229,0.029,16.6,74.5,Americas
Argentina,2003,"07",325,0.029,16.6,74.5,Americas
Argentina,2003,"07",307,0.029,16.6,74.5,Americas
Argentina,2003,"07",239,0.029,16.6,74.5,Americas
Argentina,2003,"08",235,0.022,16.6,74.5,Americas
Argentina,2003,"08",224,0.022,16.6,74.5,Americas
Argentina,2003,"08",201,0.022,16.6,74.5,Americas
Argentina,2003,"08",225,0.022,16.6,74.5,Americas
Argentina,2003,"08",192,0.022,16.6,74.5,Americas
Argentina,2003,"08",235,0.022,16.6,74.5,Americas
Argentina,2003,"08",224,0.022,16.6,74.5,Americas
Argentina,2003,"08",201,0.022,16.6,74.5,Americas
Argentina,2003,"08",225,0.022,16.6,74.5,Americas
Argentina,2003,"08",192,0.022,16.6,74.5,Americas
Argentina,2003,"08",235,0.019,16.6,74.5,Americas
Argentina,2003,"08",224,0.019,16.6,74.5,Americas
Argentina,2003,"08",201,0.019,16.6,74.5,Americas
Argentina,2003,"08",225,0.019,16.6,74.5,Americas
Argentina,2003,"08",192,0.019,16.6,74.5,Americas
Argentina,2003,"08",235,0.019,16.6,74.5,Americas
Argentina,2003,"08",224,0.019,16.6,74.5,Americas
Argentina,2003,"08",201,0.019,16.6,74.5,Americas
Argentina,2003,"08",225,0.019,16.6,74.5,Americas
Argentina,2003,"08",192,0.019,16.6,74.5,Americas
Argentina,2003,"08",235,0.024,16.6,74.5,Americas
Argentina,2003,"08",224,0.024,16.6,74.5,Americas
Argentina,2003,"08",201,0.024,16.6,74.5,Americas
Argentina,2003,"08",225,0.024,16.6,74.5,Americas
Argentina,2003,"08",192,0.024,16.6,74.5,Americas
Argentina,2003,"09",204,0.019,16.6,74.5,Americas
Argentina,2003,"09",217,0.019,16.6,74.5,Americas
Argentina,2003,"09",210,0.019,16.6,74.5,Americas
Argentina,2003,"09",213,0.019,16.6,74.5,Americas
Argentina,2003,"09",204,0.019,16.6,74.5,Americas
Argentina,2003,"09",217,0.019,16.6,74.5,Americas
Argentina,2003,"09",210,0.019,16.6,74.5,Americas
Argentina,2003,"09",213,0.019,16.6,74.5,Americas
Argentina,2003,"09",204,0.019,16.6,74.5,Americas
Argentina,2003,"09",217,0.019,16.6,74.5,Americas
Argentina,2003,"09",210,0.019,16.6,74.5,Americas
Argentina,2003,"09",213,0.019,16.6,74.5,Americas
Argentina,2003,"09",204,0.019,16.6,74.5,Americas
Argentina,2003,"09",217,0.019,16.6,74.5,Americas
Argentina,2003,"09",210,0.019,16.6,74.5,Americas
Argentina,2003,"09",213,0.019,16.6,74.5,Americas
Argentina,2003,"10",174,0.024,16.6,74.5,Americas
Argentina,2003,"10",205,0.024,16.6,74.5,Americas
Argentina,2003,"10",178,0.024,16.6,74.5,Americas
Argentina,2003,"10",178,0.024,16.6,74.5,Americas
Argentina,2003,"10",174,0.022,16.6,74.5,Americas
Argentina,2003,"10",205,0.022,16.6,74.5,Americas
Argentina,2003,"10",178,0.022,16.6,74.5,Americas
Argentina,2003,"10",178,0.022,16.6,74.5,Americas
Argentina,2003,"10",174,0.019,16.6,74.5,Americas
Argentina,2003,"10",205,0.019,16.6,74.5,Americas
Argentina,2003,"10",178,0.019,16.6,74.5,Americas
Argentina,2003,"10",178,0.019,16.6,74.5,Americas
Argentina,2003,"10",174,0.019,16.6,74.5,Americas
Argentina,2003,"10",205,0.019,16.6,74.5,Americas
Argentina,2003,"10",178,0.019,16.6,74.5,Americas
Argentina,2003,"10",178,0.019,16.6,74.5,Americas
Argentina,2003,"11",123,0.027,16.6,74.5,Americas
Argentina,2003,"11",149,0.027,16.6,74.5,Americas
Argentina,2003,"11",166,0.027,16.6,74.5,Americas
Argentina,2003,"11",184,0.027,16.6,74.5,Americas
Argentina,2003,"11",133,0.027,16.6,74.5,Americas
Argentina,2003,"11",123,0.027,16.6,74.5,Americas
Argentina,2003,"11",149,0.027,16.6,74.5,Americas
Argentina,2003,"11",166,0.027,16.6,74.5,Americas
Argentina,2003,"11",184,0.027,16.6,74.5,Americas
Argentina,2003,"11",133,0.027,16.6,74.5,Americas
Argentina,2003,"11",123,0.027,16.6,74.5,Americas
Argentina,2003,"11",149,0.027,16.6,74.5,Americas
Argentina,2003,"11",166,0.027,16.6,74.5,Americas
Argentina,2003,"11",184,0.027,16.6,74.5,Americas
Argentina,2003,"11",133,0.027,16.6,74.5,Americas
Argentina,2003,"11",123,0.029,16.6,74.5,Americas
Argentina,2003,"11",149,0.029,16.6,74.5,Americas
Argentina,2003,"11",166,0.029,16.6,74.5,Americas
Argentina,2003,"11",184,0.029,16.6,74.5,Americas
Argentina,2003,"11",133,0.029,16.6,74.5,Americas
Argentina,2003,"11",123,0.027,16.6,74.5,Americas
Argentina,2003,"11",149,0.027,16.6,74.5,Americas
Argentina,2003,"11",166,0.027,16.6,74.5,Americas
Argentina,2003,"11",184,0.027,16.6,74.5,Americas
Argentina,2003,"11",133,0.027,16.6,74.5,Americas
Argentina,2003,"12",121,0.019,16.6,74.5,Americas
Argentina,2003,"12",100,0.019,16.6,74.5,Americas
Argentina,2003,"12",103,0.019,16.6,74.5,Americas
Argentina,2003,"12",109,0.019,16.6,74.5,Americas
Argentina,2003,"12",121,0.024,16.6,74.5,Americas
Argentina,2003,"12",100,0.024,16.6,74.5,Americas
Argentina,2003,"12",103,0.024,16.6,74.5,Americas
Argentina,2003,"12",109,0.024,16.6,74.5,Americas
Argentina,2003,"12",121,0.022,16.6,74.5,Americas
Argentina,2003,"12",100,0.022,16.6,74.5,Americas
Argentina,2003,"12",103,0.022,16.6,74.5,Americas
Argentina,2003,"12",109,0.022,16.6,74.5,Americas
Argentina,2003,"12",121,0.019,16.6,74.5,Americas
Argentina,2003,"12",100,0.019,16.6,74.5,Americas
Argentina,2003,"12",103,0.019,16.6,74.5,Americas
Argentina,2003,"12",109,0.019,16.6,74.5,Americas
Argentina,2004,"01",98,0.019,16,75,Americas
Argentina,2004,"01",98,0.019,16,75,Americas
Argentina,2004,"01",98,0.019,16,75,Americas
Argentina,2004,"01",102,0.019,16,75,Americas
Argentina,2004,"01",98,0.017,16,75,Americas
Argentina,2004,"01",98,0.017,16,75,Americas
Argentina,2004,"01",98,0.017,16,75,Americas
Argentina,2004,"01",102,0.017,16,75,Americas
Argentina,2004,"01",98,0.017,16,75,Americas
Argentina,2004,"01",98,0.017,16,75,Americas
Argentina,2004,"01",98,0.017,16,75,Americas
Argentina,2004,"01",102,0.017,16,75,Americas
Argentina,2004,"01",98,0.019,16,75,Americas
Argentina,2004,"01",98,0.019,16,75,Americas
Argentina,2004,"01",98,0.019,16,75,Americas
Argentina,2004,"01",102,0.019,16,75,Americas
Argentina,2004,"02",102,0.041,16,75,Americas
Argentina,2004,"02",121,0.041,16,75,Americas
Argentina,2004,"02",114,0.041,16,75,Americas
Argentina,2004,"02",102,0.041,16,75,Americas
Argentina,2004,"02",102,0.041,16,75,Americas
Argentina,2004,"02",102,0.039,16,75,Americas
Argentina,2004,"02",121,0.039,16,75,Americas
Argentina,2004,"02",114,0.039,16,75,Americas
Argentina,2004,"02",102,0.039,16,75,Americas
Argentina,2004,"02",102,0.039,16,75,Americas
Argentina,2004,"02",102,0.031,16,75,Americas
Argentina,2004,"02",121,0.031,16,75,Americas
Argentina,2004,"02",114,0.031,16,75,Americas
Argentina,2004,"02",102,0.031,16,75,Americas
Argentina,2004,"02",102,0.031,16,75,Americas
Argentina,2004,"02",102,0.039,16,75,Americas
Argentina,2004,"02",121,0.039,16,75,Americas
Argentina,2004,"02",114,0.039,16,75,Americas
Argentina,2004,"02",102,0.039,16,75,Americas
Argentina,2004,"02",102,0.039,16,75,Americas
Argentina,2004,"02",102,0.046,16,75,Americas
Argentina,2004,"02",121,0.046,16,75,Americas
Argentina,2004,"02",114,0.046,16,75,Americas
Argentina,2004,"02",102,0.046,16,75,Americas
Argentina,2004,"02",102,0.046,16,75,Americas
Argentina,2004,"03",108,0.053,16,75,Americas
Argentina,2004,"03",107,0.053,16,75,Americas
Argentina,2004,"03",119,0.053,16,75,Americas
Argentina,2004,"03",123,0.053,16,75,Americas
Argentina,2004,"03",108,0.039,16,75,Americas
Argentina,2004,"03",107,0.039,16,75,Americas
Argentina,2004,"03",119,0.039,16,75,Americas
Argentina,2004,"03",123,0.039,16,75,Americas
Argentina,2004,"03",108,0.063,16,75,Americas
Argentina,2004,"03",107,0.063,16,75,Americas
Argentina,2004,"03",119,0.063,16,75,Americas
Argentina,2004,"03",123,0.063,16,75,Americas
Argentina,2004,"03",108,0.065,16,75,Americas
Argentina,2004,"03",107,0.065,16,75,Americas
Argentina,2004,"03",119,0.065,16,75,Americas
Argentina,2004,"03",123,0.065,16,75,Americas
Argentina,2004,"04",125,0.041,16,75,Americas
Argentina,2004,"04",134,0.041,16,75,Americas
Argentina,2004,"04",134,0.041,16,75,Americas
Argentina,2004,"04",226,0.041,16,75,Americas
Argentina,2004,"04",125,0.036,16,75,Americas
Argentina,2004,"04",134,0.036,16,75,Americas
Argentina,2004,"04",134,0.036,16,75,Americas
Argentina,2004,"04",226,0.036,16,75,Americas
Argentina,2004,"04",125,0.041,16,75,Americas
Argentina,2004,"04",134,0.041,16,75,Americas
Argentina,2004,"04",134,0.041,16,75,Americas
Argentina,2004,"04",226,0.041,16,75,Americas
Argentina,2004,"04",125,0.046,16,75,Americas
Argentina,2004,"04",134,0.046,16,75,Americas
Argentina,2004,"04",134,0.046,16,75,Americas
Argentina,2004,"04",226,0.046,16,75,Americas
Argentina,2004,"05",240,0.041,16,75,Americas
Argentina,2004,"05",239,0.041,16,75,Americas
Argentina,2004,"05",198,0.041,16,75,Americas
Argentina,2004,"05",265,0.041,16,75,Americas
Argentina,2004,"05",199,0.041,16,75,Americas
Argentina,2004,"05",240,0.036,16,75,Americas
Argentina,2004,"05",239,0.036,16,75,Americas
Argentina,2004,"05",198,0.036,16,75,Americas
Argentina,2004,"05",265,0.036,16,75,Americas
Argentina,2004,"05",199,0.036,16,75,Americas
Argentina,2004,"05",240,0.036,16,75,Americas
Argentina,2004,"05",239,0.036,16,75,Americas
Argentina,2004,"05",198,0.036,16,75,Americas
Argentina,2004,"05",265,0.036,16,75,Americas
Argentina,2004,"05",199,0.036,16,75,Americas
Argentina,2004,"05",240,0.041,16,75,Americas
Argentina,2004,"05",239,0.041,16,75,Americas
Argentina,2004,"05",198,0.041,16,75,Americas
Argentina,2004,"05",265,0.041,16,75,Americas
Argentina,2004,"05",199,0.041,16,75,Americas
Argentina,2004,"05",240,0.039,16,75,Americas
Argentina,2004,"05",239,0.039,16,75,Americas
Argentina,2004,"05",198,0.039,16,75,Americas
Argentina,2004,"05",265,0.039,16,75,Americas
Argentina,2004,"05",199,0.039,16,75,Americas
Argentina,2004,"06",271,0.029,16,75,Americas
Argentina,2004,"06",273,0.029,16,75,Americas
Argentina,2004,"06",273,0.029,16,75,Americas
Argentina,2004,"06",283,0.029,16,75,Americas
Argentina,2004,"06",271,0.036,16,75,Americas
Argentina,2004,"06",273,0.036,16,75,Americas
Argentina,2004,"06",273,0.036,16,75,Americas
Argentina,2004,"06",283,0.036,16,75,Americas
Argentina,2004,"06",271,0.027,16,75,Americas
Argentina,2004,"06",273,0.027,16,75,Americas
Argentina,2004,"06",273,0.027,16,75,Americas
Argentina,2004,"06",283,0.027,16,75,Americas
Argentina,2004,"06",271,0.024,16,75,Americas
Argentina,2004,"06",273,0.024,16,75,Americas
Argentina,2004,"06",273,0.024,16,75,Americas
Argentina,2004,"06",283,0.024,16,75,Americas
Argentina,2004,"07",254,0.022,16,75,Americas
Argentina,2004,"07",238,0.022,16,75,Americas
Argentina,2004,"07",204,0.022,16,75,Americas
Argentina,2004,"07",217,0.022,16,75,Americas
Argentina,2004,"07",254,0.017,16,75,Americas
Argentina,2004,"07",238,0.017,16,75,Americas
Argentina,2004,"07",204,0.017,16,75,Americas
Argentina,2004,"07",217,0.017,16,75,Americas
Argentina,2004,"07",254,0.019,16,75,Americas
Argentina,2004,"07",238,0.019,16,75,Americas
Argentina,2004,"07",204,0.019,16,75,Americas
Argentina,2004,"07",217,0.019,16,75,Americas
Argentina,2004,"07",254,0.022,16,75,Americas
Argentina,2004,"07",238,0.022,16,75,Americas
Argentina,2004,"07",204,0.022,16,75,Americas
Argentina,2004,"07",217,0.022,16,75,Americas
Argentina,2004,"08",189,0.017,16,75,Americas
Argentina,2004,"08",230,0.017,16,75,Americas
Argentina,2004,"08",196,0.017,16,75,Americas
Argentina,2004,"08",199,0.017,16,75,Americas
Argentina,2004,"08",178,0.017,16,75,Americas
Argentina,2004,"08",189,0.017,16,75,Americas
Argentina,2004,"08",230,0.017,16,75,Americas
Argentina,2004,"08",196,0.017,16,75,Americas
Argentina,2004,"08",199,0.017,16,75,Americas
Argentina,2004,"08",178,0.017,16,75,Americas
Argentina,2004,"08",189,0.024,16,75,Americas
Argentina,2004,"08",230,0.024,16,75,Americas
Argentina,2004,"08",196,0.024,16,75,Americas
Argentina,2004,"08",199,0.024,16,75,Americas
Argentina,2004,"08",178,0.024,16,75,Americas
Argentina,2004,"08",189,0.022,16,75,Americas
Argentina,2004,"08",230,0.022,16,75,Americas
Argentina,2004,"08",196,0.022,16,75,Americas
Argentina,2004,"08",199,0.022,16,75,Americas
Argentina,2004,"08",178,0.022,16,75,Americas
Argentina,2004,"08",189,0.022,16,75,Americas
Argentina,2004,"08",230,0.022,16,75,Americas
Argentina,2004,"08",196,0.022,16,75,Americas
Argentina,2004,"08",199,0.022,16,75,Americas
Argentina,2004,"08",178,0.022,16,75,Americas
Argentina,2004,"09",198,0.022,16,75,Americas
Argentina,2004,"09",208,0.022,16,75,Americas
Argentina,2004,"09",216,0.022,16,75,Americas
Argentina,2004,"09",187,0.022,16,75,Americas
Argentina,2004,"09",198,0.027,16,75,Americas
Argentina,2004,"09",208,0.027,16,75,Americas
Argentina,2004,"09",216,0.027,16,75,Americas
Argentina,2004,"09",187,0.027,16,75,Americas
Argentina,2004,"09",198,0.019,16,75,Americas
Argentina,2004,"09",208,0.019,16,75,Americas
Argentina,2004,"09",216,0.019,16,75,Americas
Argentina,2004,"09",187,0.019,16,75,Americas
Argentina,2004,"09",198,0.019,16,75,Americas
Argentina,2004,"09",208,0.019,16,75,Americas
Argentina,2004,"09",216,0.019,16,75,Americas
Argentina,2004,"09",187,0.019,16,75,Americas
Argentina,2004,"10",184,0.022,16,75,Americas
Argentina,2004,"10",153,0.022,16,75,Americas
Argentina,2004,"10",184,0.022,16,75,Americas
Argentina,2004,"10",194,0.022,16,75,Americas
Argentina,2004,"10",167,0.022,16,75,Americas
Argentina,2004,"10",184,0.027,16,75,Americas
Argentina,2004,"10",153,0.027,16,75,Americas
Argentina,2004,"10",184,0.027,16,75,Americas
Argentina,2004,"10",194,0.027,16,75,Americas
Argentina,2004,"10",167,0.027,16,75,Americas
Argentina,2004,"10",184,0.029,16,75,Americas
Argentina,2004,"10",153,0.029,16,75,Americas
Argentina,2004,"10",184,0.029,16,75,Americas
Argentina,2004,"10",194,0.029,16,75,Americas
Argentina,2004,"10",167,0.029,16,75,Americas
Argentina,2004,"10",184,0.029,16,75,Americas
Argentina,2004,"10",153,0.029,16,75,Americas
Argentina,2004,"10",184,0.029,16,75,Americas
Argentina,2004,"10",194,0.029,16,75,Americas
Argentina,2004,"10",167,0.029,16,75,Americas
Argentina,2004,"10",184,0.027,16,75,Americas
Argentina,2004,"10",153,0.027,16,75,Americas
Argentina,2004,"10",184,0.027,16,75,Americas
Argentina,2004,"10",194,0.027,16,75,Americas
Argentina,2004,"10",167,0.027,16,75,Americas
Argentina,2004,"11",174,0.029,16,75,Americas
Argentina,2004,"11",161,0.029,16,75,Americas
Argentina,2004,"11",150,0.029,16,75,Americas
Argentina,2004,"11",131,0.029,16,75,Americas
Argentina,2004,"11",174,0.022,16,75,Americas
Argentina,2004,"11",161,0.022,16,75,Americas
Argentina,2004,"11",150,0.022,16,75,Americas
Argentina,2004,"11",131,0.022,16,75,Americas
Argentina,2004,"11",174,0.027,16,75,Americas
Argentina,2004,"11",161,0.027,16,75,Americas
Argentina,2004,"11",150,0.027,16,75,Americas
Argentina,2004,"11",131,0.027,16,75,Americas
Argentina,2004,"11",174,0.027,16,75,Americas
Argentina,2004,"11",161,0.027,16,75,Americas
Argentina,2004,"11",150,0.027,16,75,Americas
Argentina,2004,"11",131,0.027,16,75,Americas
Argentina,2004,"12",77,0.019,16,75,Americas
Argentina,2004,"12",111,0.019,16,75,Americas
Argentina,2004,"12",100,0.019,16,75,Americas
Argentina,2004,"12",89,0.019,16,75,Americas
Argentina,2004,"12",77,0.017,16,75,Americas
Argentina,2004,"12",111,0.017,16,75,Americas
Argentina,2004,"12",100,0.017,16,75,Americas
Argentina,2004,"12",89,0.017,16,75,Americas
Argentina,2004,"12",77,0.014,16,75,Americas
Argentina,2004,"12",111,0.014,16,75,Americas
Argentina,2004,"12",100,0.014,16,75,Americas
Argentina,2004,"12",89,0.014,16,75,Americas
Argentina,2004,"12",77,0.014,16,75,Americas
Argentina,2004,"12",111,0.014,16,75,Americas
Argentina,2004,"12",100,0.014,16,75,Americas
Argentina,2004,"12",89,0.014,16,75,Americas
Argentina,2005,"01",89,0.012,15.3,75.3,Americas
Argentina,2005,"01",82,0.012,15.3,75.3,Americas
Argentina,2005,"01",94,0.012,15.3,75.3,Americas
Argentina,2005,"01",78,0.012,15.3,75.3,Americas
Argentina,2005,"01",88,0.012,15.3,75.3,Americas
Argentina,2005,"01",89,0.012,15.3,75.3,Americas
Argentina,2005,"01",82,0.012,15.3,75.3,Americas
Argentina,2005,"01",94,0.012,15.3,75.3,Americas
Argentina,2005,"01",78,0.012,15.3,75.3,Americas
Argentina,2005,"01",88,0.012,15.3,75.3,Americas
Argentina,2005,"01",89,0.01,15.3,75.3,Americas
Argentina,2005,"01",82,0.01,15.3,75.3,Americas
Argentina,2005,"01",94,0.01,15.3,75.3,Americas
Argentina,2005,"01",78,0.01,15.3,75.3,Americas
Argentina,2005,"01",88,0.01,15.3,75.3,Americas
Argentina,2005,"01",89,0.012,15.3,75.3,Americas
Argentina,2005,"01",82,0.012,15.3,75.3,Americas
Argentina,2005,"01",94,0.012,15.3,75.3,Americas
Argentina,2005,"01",78,0.012,15.3,75.3,Americas
Argentina,2005,"01",88,0.012,15.3,75.3,Americas
Argentina,2005,"01",89,0.01,15.3,75.3,Americas
Argentina,2005,"01",82,0.01,15.3,75.3,Americas
Argentina,2005,"01",94,0.01,15.3,75.3,Americas
Argentina,2005,"01",78,0.01,15.3,75.3,Americas
Argentina,2005,"01",88,0.01,15.3,75.3,Americas
Argentina,2005,"02",101,0.014,15.3,75.3,Americas
Argentina,2005,"02",98,0.014,15.3,75.3,Americas
Argentina,2005,"02",94,0.014,15.3,75.3,Americas
Argentina,2005,"02",111,0.014,15.3,75.3,Americas
Argentina,2005,"02",101,0.01,15.3,75.3,Americas
Argentina,2005,"02",98,0.01,15.3,75.3,Americas
Argentina,2005,"02",94,0.01,15.3,75.3,Americas
Argentina,2005,"02",111,0.01,15.3,75.3,Americas
Argentina,2005,"02",101,0.012,15.3,75.3,Americas
Argentina,2005,"02",98,0.012,15.3,75.3,Americas
Argentina,2005,"02",94,0.012,15.3,75.3,Americas
Argentina,2005,"02",111,0.012,15.3,75.3,Americas
Argentina,2005,"02",101,0.014,15.3,75.3,Americas
Argentina,2005,"02",98,0.014,15.3,75.3,Americas
Argentina,2005,"02",94,0.014,15.3,75.3,Americas
Argentina,2005,"02",111,0.014,15.3,75.3,Americas
Argentina,2005,"03",106,0.014,15.3,75.3,Americas
Argentina,2005,"03",97,0.014,15.3,75.3,Americas
Argentina,2005,"03",137,0.014,15.3,75.3,Americas
Argentina,2005,"03",145,0.014,15.3,75.3,Americas
Argentina,2005,"03",106,0.024,15.3,75.3,Americas
Argentina,2005,"03",97,0.024,15.3,75.3,Americas
Argentina,2005,"03",137,0.024,15.3,75.3,Americas
Argentina,2005,"03",145,0.024,15.3,75.3,Americas
Argentina,2005,"03",106,0.031,15.3,75.3,Americas
Argentina,2005,"03",97,0.031,15.3,75.3,Americas
Argentina,2005,"03",137,0.031,15.3,75.3,Americas
Argentina,2005,"03",145,0.031,15.3,75.3,Americas
Argentina,2005,"03",106,0.019,15.3,75.3,Americas
Argentina,2005,"03",97,0.019,15.3,75.3,Americas
Argentina,2005,"03",137,0.019,15.3,75.3,Americas
Argentina,2005,"03",145,0.019,15.3,75.3,Americas
Argentina,2005,"04",192,0.024,15.3,75.3,Americas
Argentina,2005,"04",189,0.024,15.3,75.3,Americas
Argentina,2005,"04",154,0.024,15.3,75.3,Americas
Argentina,2005,"04",162,0.024,15.3,75.3,Americas
Argentina,2005,"04",192,0.027,15.3,75.3,Americas
Argentina,2005,"04",189,0.027,15.3,75.3,Americas
Argentina,2005,"04",154,0.027,15.3,75.3,Americas
Argentina,2005,"04",162,0.027,15.3,75.3,Americas
Argentina,2005,"04",192,0.024,15.3,75.3,Americas
Argentina,2005,"04",189,0.024,15.3,75.3,Americas
Argentina,2005,"04",154,0.024,15.3,75.3,Americas
Argentina,2005,"04",162,0.024,15.3,75.3,Americas
Argentina,2005,"04",192,0.022,15.3,75.3,Americas
Argentina,2005,"04",189,0.022,15.3,75.3,Americas
Argentina,2005,"04",154,0.022,15.3,75.3,Americas
Argentina,2005,"04",162,0.022,15.3,75.3,Americas
Argentina,2005,"05",199,0.022,15.3,75.3,Americas
Argentina,2005,"05",193,0.022,15.3,75.3,Americas
Argentina,2005,"05",205,0.022,15.3,75.3,Americas
Argentina,2005,"05",198,0.022,15.3,75.3,Americas
Argentina,2005,"05",183,0.022,15.3,75.3,Americas
Argentina,2005,"05",199,0.029,15.3,75.3,Americas
Argentina,2005,"05",193,0.029,15.3,75.3,Americas
Argentina,2005,"05",205,0.029,15.3,75.3,Americas
Argentina,2005,"05",198,0.029,15.3,75.3,Americas
Argentina,2005,"05",183,0.029,15.3,75.3,Americas
Argentina,2005,"05",199,0.019,15.3,75.3,Americas
Argentina,2005,"05",193,0.019,15.3,75.3,Americas
Argentina,2005,"05",205,0.019,15.3,75.3,Americas
Argentina,2005,"05",198,0.019,15.3,75.3,Americas
Argentina,2005,"05",183,0.019,15.3,75.3,Americas
Argentina,2005,"05",199,0.019,15.3,75.3,Americas
Argentina,2005,"05",193,0.019,15.3,75.3,Americas
Argentina,2005,"05",205,0.019,15.3,75.3,Americas
Argentina,2005,"05",198,0.019,15.3,75.3,Americas
Argentina,2005,"05",183,0.019,15.3,75.3,Americas
Argentina,2005,"05",199,0.024,15.3,75.3,Americas
Argentina,2005,"05",193,0.024,15.3,75.3,Americas
Argentina,2005,"05",205,0.024,15.3,75.3,Americas
Argentina,2005,"05",198,0.024,15.3,75.3,Americas
Argentina,2005,"05",183,0.024,15.3,75.3,Americas
Argentina,2005,"06",196,0.017,15.3,75.3,Americas
Argentina,2005,"06",197,0.017,15.3,75.3,Americas
Argentina,2005,"06",246,0.017,15.3,75.3,Americas
Argentina,2005,"06",264,0.017,15.3,75.3,Americas
Argentina,2005,"06",196,0.022,15.3,75.3,Americas
Argentina,2005,"06",197,0.022,15.3,75.3,Americas
Argentina,2005,"06",246,0.022,15.3,75.3,Americas
Argentina,2005,"06",264,0.022,15.3,75.3,Americas
Argentina,2005,"06",196,0.022,15.3,75.3,Americas
Argentina,2005,"06",197,0.022,15.3,75.3,Americas
Argentina,2005,"06",246,0.022,15.3,75.3,Americas
Argentina,2005,"06",264,0.022,15.3,75.3,Americas
Argentina,2005,"06",196,0.022,15.3,75.3,Americas
Argentina,2005,"06",197,0.022,15.3,75.3,Americas
Argentina,2005,"06",246,0.022,15.3,75.3,Americas
Argentina,2005,"06",264,0.022,15.3,75.3,Americas
Argentina,2005,"07",227,0.012,15.3,75.3,Americas
Argentina,2005,"07",237,0.012,15.3,75.3,Americas
Argentina,2005,"07",234,0.012,15.3,75.3,Americas
Argentina,2005,"07",210,0.012,15.3,75.3,Americas
Argentina,2005,"07",273,0.012,15.3,75.3,Americas
Argentina,2005,"07",227,0.012,15.3,75.3,Americas
Argentina,2005,"07",237,0.012,15.3,75.3,Americas
Argentina,2005,"07",234,0.012,15.3,75.3,Americas
Argentina,2005,"07",210,0.012,15.3,75.3,Americas
Argentina,2005,"07",273,0.012,15.3,75.3,Americas
Argentina,2005,"07",227,0.014,15.3,75.3,Americas
Argentina,2005,"07",237,0.014,15.3,75.3,Americas
Argentina,2005,"07",234,0.014,15.3,75.3,Americas
Argentina,2005,"07",210,0.014,15.3,75.3,Americas
Argentina,2005,"07",273,0.014,15.3,75.3,Americas
Argentina,2005,"07",227,0.019,15.3,75.3,Americas
Argentina,2005,"07",237,0.019,15.3,75.3,Americas
Argentina,2005,"07",234,0.019,15.3,75.3,Americas
Argentina,2005,"07",210,0.019,15.3,75.3,Americas
Argentina,2005,"07",273,0.019,15.3,75.3,Americas
Argentina,2005,"07",227,0.017,15.3,75.3,Americas
Argentina,2005,"07",237,0.017,15.3,75.3,Americas
Argentina,2005,"07",234,0.017,15.3,75.3,Americas
Argentina,2005,"07",210,0.017,15.3,75.3,Americas
Argentina,2005,"07",273,0.017,15.3,75.3,Americas
Argentina,2005,"08",218,0.024,15.3,75.3,Americas
Argentina,2005,"08",202,0.024,15.3,75.3,Americas
Argentina,2005,"08",208,0.024,15.3,75.3,Americas
Argentina,2005,"08",234,0.024,15.3,75.3,Americas
Argentina,2005,"08",218,0.029,15.3,75.3,Americas
Argentina,2005,"08",202,0.029,15.3,75.3,Americas
Argentina,2005,"08",208,0.029,15.3,75.3,Americas
Argentina,2005,"08",234,0.029,15.3,75.3,Americas
Argentina,2005,"08",218,0.019,15.3,75.3,Americas
Argentina,2005,"08",202,0.019,15.3,75.3,Americas
Argentina,2005,"08",208,0.019,15.3,75.3,Americas
Argentina,2005,"08",234,0.019,15.3,75.3,Americas
Argentina,2005,"08",218,0.027,15.3,75.3,Americas
Argentina,2005,"08",202,0.027,15.3,75.3,Americas
Argentina,2005,"08",208,0.027,15.3,75.3,Americas
Argentina,2005,"08",234,0.027,15.3,75.3,Americas
Argentina,2005,"09",195,0.014,15.3,75.3,Americas
Argentina,2005,"09",194,0.014,15.3,75.3,Americas
Argentina,2005,"09",230,0.014,15.3,75.3,Americas
Argentina,2005,"09",188,0.014,15.3,75.3,Americas
Argentina,2005,"09",195,0.019,15.3,75.3,Americas
Argentina,2005,"09",194,0.019,15.3,75.3,Americas
Argentina,2005,"09",230,0.019,15.3,75.3,Americas
Argentina,2005,"09",188,0.019,15.3,75.3,Americas
Argentina,2005,"09",195,0.029,15.3,75.3,Americas
Argentina,2005,"09",194,0.029,15.3,75.3,Americas
Argentina,2005,"09",230,0.029,15.3,75.3,Americas
Argentina,2005,"09",188,0.029,15.3,75.3,Americas
Argentina,2005,"09",195,0.022,15.3,75.3,Americas
Argentina,2005,"09",194,0.022,15.3,75.3,Americas
Argentina,2005,"09",230,0.022,15.3,75.3,Americas
Argentina,2005,"09",188,0.022,15.3,75.3,Americas
Argentina,2005,"10",191,0.022,15.3,75.3,Americas
Argentina,2005,"10",174,0.022,15.3,75.3,Americas
Argentina,2005,"10",169,0.022,15.3,75.3,Americas
Argentina,2005,"10",165,0.022,15.3,75.3,Americas
Argentina,2005,"10",200,0.022,15.3,75.3,Americas
Argentina,2005,"10",191,0.036,15.3,75.3,Americas
Argentina,2005,"10",174,0.036,15.3,75.3,Americas
Argentina,2005,"10",169,0.036,15.3,75.3,Americas
Argentina,2005,"10",165,0.036,15.3,75.3,Americas
Argentina,2005,"10",200,0.036,15.3,75.3,Americas
Argentina,2005,"10",191,0.014,15.3,75.3,Americas
Argentina,2005,"10",174,0.014,15.3,75.3,Americas
Argentina,2005,"10",169,0.014,15.3,75.3,Americas
Argentina,2005,"10",165,0.014,15.3,75.3,Americas
Argentina,2005,"10",200,0.014,15.3,75.3,Americas
Argentina,2005,"10",191,0.046,15.3,75.3,Americas
Argentina,2005,"10",174,0.046,15.3,75.3,Americas
Argentina,2005,"10",169,0.046,15.3,75.3,Americas
Argentina,2005,"10",165,0.046,15.3,75.3,Americas
Argentina,2005,"10",200,0.046,15.3,75.3,Americas
Argentina,2005,"10",191,0.014,15.3,75.3,Americas
Argentina,2005,"10",174,0.014,15.3,75.3,Americas
Argentina,2005,"10",169,0.014,15.3,75.3,Americas
Argentina,2005,"10",165,0.014,15.3,75.3,Americas
Argentina,2005,"10",200,0.014,15.3,75.3,Americas
Argentina,2005,"11",162,0.019,15.3,75.3,Americas
Argentina,2005,"11",147,0.019,15.3,75.3,Americas
Argentina,2005,"11",133,0.019,15.3,75.3,Americas
Argentina,2005,"11",151,0.019,15.3,75.3,Americas
Argentina,2005,"11",162,0.022,15.3,75.3,Americas
Argentina,2005,"11",147,0.022,15.3,75.3,Americas
Argentina,2005,"11",133,0.022,15.3,75.3,Americas
Argentina,2005,"11",151,0.022,15.3,75.3,Americas
Argentina,2005,"11",162,0.029,15.3,75.3,Americas
Argentina,2005,"11",147,0.029,15.3,75.3,Americas
Argentina,2005,"11",133,0.029,15.3,75.3,Americas
Argentina,2005,"11",151,0.029,15.3,75.3,Americas
Argentina,2005,"11",162,0.034,15.3,75.3,Americas
Argentina,2005,"11",147,0.034,15.3,75.3,Americas
Argentina,2005,"11",133,0.034,15.3,75.3,Americas
Argentina,2005,"11",151,0.034,15.3,75.3,Americas
Argentina,2005,"12",99,0.014,15.3,75.3,Americas
Argentina,2005,"12",112,0.014,15.3,75.3,Americas
Argentina,2005,"12",94,0.014,15.3,75.3,Americas
Argentina,2005,"12",82,0.014,15.3,75.3,Americas
Argentina,2005,"12",99,0.012,15.3,75.3,Americas
Argentina,2005,"12",112,0.012,15.3,75.3,Americas
Argentina,2005,"12",94,0.012,15.3,75.3,Americas
Argentina,2005,"12",82,0.012,15.3,75.3,Americas
Argentina,2005,"12",99,0.012,15.3,75.3,Americas
Argentina,2005,"12",112,0.012,15.3,75.3,Americas
Argentina,2005,"12",94,0.012,15.3,75.3,Americas
Argentina,2005,"12",82,0.012,15.3,75.3,Americas
Argentina,2005,"12",99,0.017,15.3,75.3,Americas
Argentina,2005,"12",112,0.017,15.3,75.3,Americas
Argentina,2005,"12",94,0.017,15.3,75.3,Americas
Argentina,2005,"12",82,0.017,15.3,75.3,Americas
Argentina,2006,"01",85,0.01,14.6,75.3,Americas
Argentina,2006,"01",91,0.01,14.6,75.3,Americas
Argentina,2006,"01",87,0.01,14.6,75.3,Americas
Argentina,2006,"01",105,0.01,14.6,75.3,Americas
Argentina,2006,"01",83,0.01,14.6,75.3,Americas
Argentina,2006,"01",85,0.01,14.6,75.3,Americas
Argentina,2006,"01",91,0.01,14.6,75.3,Americas
Argentina,2006,"01",87,0.01,14.6,75.3,Americas
Argentina,2006,"01",105,0.01,14.6,75.3,Americas
Argentina,2006,"01",83,0.01,14.6,75.3,Americas
Argentina,2006,"01",85,0.01,14.6,75.3,Americas
Argentina,2006,"01",91,0.01,14.6,75.3,Americas
Argentina,2006,"01",87,0.01,14.6,75.3,Americas
Argentina,2006,"01",105,0.01,14.6,75.3,Americas
Argentina,2006,"01",83,0.01,14.6,75.3,Americas
Argentina,2006,"01",85,0.01,14.6,75.3,Americas
Argentina,2006,"01",91,0.01,14.6,75.3,Americas
Argentina,2006,"01",87,0.01,14.6,75.3,Americas
Argentina,2006,"01",105,0.01,14.6,75.3,Americas
Argentina,2006,"01",83,0.01,14.6,75.3,Americas
Argentina,2006,"01",85,0.01,14.6,75.3,Americas
Argentina,2006,"01",91,0.01,14.6,75.3,Americas
Argentina,2006,"01",87,0.01,14.6,75.3,Americas
Argentina,2006,"01",105,0.01,14.6,75.3,Americas
Argentina,2006,"01",83,0.01,14.6,75.3,Americas
Argentina,2006,"02",90,0.017,14.6,75.3,Americas
Argentina,2006,"02",95,0.017,14.6,75.3,Americas
Argentina,2006,"02",91,0.017,14.6,75.3,Americas
Argentina,2006,"02",97,0.017,14.6,75.3,Americas
Argentina,2006,"02",90,0.012,14.6,75.3,Americas
Argentina,2006,"02",95,0.012,14.6,75.3,Americas
Argentina,2006,"02",91,0.012,14.6,75.3,Americas
Argentina,2006,"02",97,0.012,14.6,75.3,Americas
Argentina,2006,"02",90,0.012,14.6,75.3,Americas
Argentina,2006,"02",95,0.012,14.6,75.3,Americas
Argentina,2006,"02",91,0.012,14.6,75.3,Americas
Argentina,2006,"02",97,0.012,14.6,75.3,Americas
Argentina,2006,"02",90,0.019,14.6,75.3,Americas
Argentina,2006,"02",95,0.019,14.6,75.3,Americas
Argentina,2006,"02",91,0.019,14.6,75.3,Americas
Argentina,2006,"02",97,0.019,14.6,75.3,Americas
Argentina,2006,"03",109,0.024,14.6,75.3,Americas
Argentina,2006,"03",143,0.024,14.6,75.3,Americas
Argentina,2006,"03",120,0.024,14.6,75.3,Americas
Argentina,2006,"03",121,0.024,14.6,75.3,Americas
Argentina,2006,"03",109,0.022,14.6,75.3,Americas
Argentina,2006,"03",143,0.022,14.6,75.3,Americas
Argentina,2006,"03",120,0.022,14.6,75.3,Americas
Argentina,2006,"03",121,0.022,14.6,75.3,Americas
Argentina,2006,"03",109,0.029,14.6,75.3,Americas
Argentina,2006,"03",143,0.029,14.6,75.3,Americas
Argentina,2006,"03",120,0.029,14.6,75.3,Americas
Argentina,2006,"03",121,0.029,14.6,75.3,Americas
Argentina,2006,"03",109,0.024,14.6,75.3,Americas
Argentina,2006,"03",143,0.024,14.6,75.3,Americas
Argentina,2006,"03",120,0.024,14.6,75.3,Americas
Argentina,2006,"03",121,0.024,14.6,75.3,Americas
Argentina,2006,"04",130,0.041,14.6,75.3,Americas
Argentina,2006,"04",166,0.041,14.6,75.3,Americas
Argentina,2006,"04",152,0.041,14.6,75.3,Americas
Argentina,2006,"04",169,0.041,14.6,75.3,Americas
Argentina,2006,"04",185,0.041,14.6,75.3,Americas
Argentina,2006,"04",130,0.034,14.6,75.3,Americas
Argentina,2006,"04",166,0.034,14.6,75.3,Americas
Argentina,2006,"04",152,0.034,14.6,75.3,Americas
Argentina,2006,"04",169,0.034,14.6,75.3,Americas
Argentina,2006,"04",185,0.034,14.6,75.3,Americas
Argentina,2006,"04",130,0.048,14.6,75.3,Americas
Argentina,2006,"04",166,0.048,14.6,75.3,Americas
Argentina,2006,"04",152,0.048,14.6,75.3,Americas
Argentina,2006,"04",169,0.048,14.6,75.3,Americas
Argentina,2006,"04",185,0.048,14.6,75.3,Americas
Argentina,2006,"04",130,0.034,14.6,75.3,Americas
Argentina,2006,"04",166,0.034,14.6,75.3,Americas
Argentina,2006,"04",152,0.034,14.6,75.3,Americas
Argentina,2006,"04",169,0.034,14.6,75.3,Americas
Argentina,2006,"04",185,0.034,14.6,75.3,Americas
Argentina,2006,"04",130,0.029,14.6,75.3,Americas
Argentina,2006,"04",166,0.029,14.6,75.3,Americas
Argentina,2006,"04",152,0.029,14.6,75.3,Americas
Argentina,2006,"04",169,0.029,14.6,75.3,Americas
Argentina,2006,"04",185,0.029,14.6,75.3,Americas
Argentina,2006,"05",172,0.027,14.6,75.3,Americas
Argentina,2006,"05",207,0.027,14.6,75.3,Americas
Argentina,2006,"05",205,0.027,14.6,75.3,Americas
Argentina,2006,"05",183,0.027,14.6,75.3,Americas
Argentina,2006,"05",172,0.022,14.6,75.3,Americas
Argentina,2006,"05",207,0.022,14.6,75.3,Americas
Argentina,2006,"05",205,0.022,14.6,75.3,Americas
Argentina,2006,"05",183,0.022,14.6,75.3,Americas
Argentina,2006,"05",172,0.024,14.6,75.3,Americas
Argentina,2006,"05",207,0.024,14.6,75.3,Americas
Argentina,2006,"05",205,0.024,14.6,75.3,Americas
Argentina,2006,"05",183,0.024,14.6,75.3,Americas
Argentina,2006,"05",172,0.024,14.6,75.3,Americas
Argentina,2006,"05",207,0.024,14.6,75.3,Americas
Argentina,2006,"05",205,0.024,14.6,75.3,Americas
Argentina,2006,"05",183,0.024,14.6,75.3,Americas
Argentina,2006,"06",223,0.024,14.6,75.3,Americas
Argentina,2006,"06",211,0.024,14.6,75.3,Americas
Argentina,2006,"06",243,0.024,14.6,75.3,Americas
Argentina,2006,"06",219,0.024,14.6,75.3,Americas
Argentina,2006,"06",223,0.027,14.6,75.3,Americas
Argentina,2006,"06",211,0.027,14.6,75.3,Americas
Argentina,2006,"06",243,0.027,14.6,75.3,Americas
Argentina,2006,"06",219,0.027,14.6,75.3,Americas
Argentina,2006,"06",223,0.022,14.6,75.3,Americas
Argentina,2006,"06",211,0.022,14.6,75.3,Americas
Argentina,2006,"06",243,0.022,14.6,75.3,Americas
Argentina,2006,"06",219,0.022,14.6,75.3,Americas
Argentina,2006,"06",223,0.024,14.6,75.3,Americas
Argentina,2006,"06",211,0.024,14.6,75.3,Americas
Argentina,2006,"06",243,0.024,14.6,75.3,Americas
Argentina,2006,"06",219,0.024,14.6,75.3,Americas
Argentina,2006,"07",232,0.014,14.6,75.3,Americas
Argentina,2006,"07",272,0.014,14.6,75.3,Americas
Argentina,2006,"07",261,0.014,14.6,75.3,Americas
Argentina,2006,"07",215,0.014,14.6,75.3,Americas
Argentina,2006,"07",252,0.014,14.6,75.3,Americas
Argentina,2006,"07",232,0.01,14.6,75.3,Americas
Argentina,2006,"07",272,0.01,14.6,75.3,Americas
Argentina,2006,"07",261,0.01,14.6,75.3,Americas
Argentina,2006,"07",215,0.01,14.6,75.3,Americas
Argentina,2006,"07",252,0.01,14.6,75.3,Americas
Argentina,2006,"07",232,0.019,14.6,75.3,Americas
Argentina,2006,"07",272,0.019,14.6,75.3,Americas
Argentina,2006,"07",261,0.019,14.6,75.3,Americas
Argentina,2006,"07",215,0.019,14.6,75.3,Americas
Argentina,2006,"07",252,0.019,14.6,75.3,Americas
Argentina,2006,"07",232,0.014,14.6,75.3,Americas
Argentina,2006,"07",272,0.014,14.6,75.3,Americas
Argentina,2006,"07",261,0.014,14.6,75.3,Americas
Argentina,2006,"07",215,0.014,14.6,75.3,Americas
Argentina,2006,"07",252,0.014,14.6,75.3,Americas
Argentina,2006,"07",232,0.012,14.6,75.3,Americas
Argentina,2006,"07",272,0.012,14.6,75.3,Americas
Argentina,2006,"07",261,0.012,14.6,75.3,Americas
Argentina,2006,"07",215,0.012,14.6,75.3,Americas
Argentina,2006,"07",252,0.012,14.6,75.3,Americas
Argentina,2006,"08",238,0.012,14.6,75.3,Americas
Argentina,2006,"08",250,0.012,14.6,75.3,Americas
Argentina,2006,"08",271,0.012,14.6,75.3,Americas
Argentina,2006,"08",228,0.012,14.6,75.3,Americas
Argentina,2006,"08",238,0.012,14.6,75.3,Americas
Argentina,2006,"08",250,0.012,14.6,75.3,Americas
Argentina,2006,"08",271,0.012,14.6,75.3,Americas
Argentina,2006,"08",228,0.012,14.6,75.3,Americas
Argentina,2006,"08",238,0.012,14.6,75.3,Americas
Argentina,2006,"08",250,0.012,14.6,75.3,Americas
Argentina,2006,"08",271,0.012,14.6,75.3,Americas
Argentina,2006,"08",228,0.012,14.6,75.3,Americas
Argentina,2006,"08",238,0.017,14.6,75.3,Americas
Argentina,2006,"08",250,0.017,14.6,75.3,Americas
Argentina,2006,"08",271,0.017,14.6,75.3,Americas
Argentina,2006,"08",228,0.017,14.6,75.3,Americas
Argentina,2006,"09",227,0.014,14.6,75.3,Americas
Argentina,2006,"09",232,0.014,14.6,75.3,Americas
Argentina,2006,"09",234,0.014,14.6,75.3,Americas
Argentina,2006,"09",234,0.014,14.6,75.3,Americas
Argentina,2006,"09",227,0.017,14.6,75.3,Americas
Argentina,2006,"09",232,0.017,14.6,75.3,Americas
Argentina,2006,"09",234,0.017,14.6,75.3,Americas
Argentina,2006,"09",234,0.017,14.6,75.3,Americas
Argentina,2006,"09",227,0.014,14.6,75.3,Americas
Argentina,2006,"09",232,0.014,14.6,75.3,Americas
Argentina,2006,"09",234,0.014,14.6,75.3,Americas
Argentina,2006,"09",234,0.014,14.6,75.3,Americas
Argentina,2006,"09",227,0.017,14.6,75.3,Americas
Argentina,2006,"09",232,0.017,14.6,75.3,Americas
Argentina,2006,"09",234,0.017,14.6,75.3,Americas
Argentina,2006,"09",234,0.017,14.6,75.3,Americas
Argentina,2006,"10",191,0.019,14.6,75.3,Americas
Argentina,2006,"10",174,0.019,14.6,75.3,Americas
Argentina,2006,"10",200,0.019,14.6,75.3,Americas
Argentina,2006,"10",167,0.019,14.6,75.3,Americas
Argentina,2006,"10",182,0.019,14.6,75.3,Americas
Argentina,2006,"10",191,0.024,14.6,75.3,Americas
Argentina,2006,"10",174,0.024,14.6,75.3,Americas
Argentina,2006,"10",200,0.024,14.6,75.3,Americas
Argentina,2006,"10",167,0.024,14.6,75.3,Americas
Argentina,2006,"10",182,0.024,14.6,75.3,Americas
Argentina,2006,"10",191,0.017,14.6,75.3,Americas
Argentina,2006,"10",174,0.017,14.6,75.3,Americas
Argentina,2006,"10",200,0.017,14.6,75.3,Americas
Argentina,2006,"10",167,0.017,14.6,75.3,Americas
Argentina,2006,"10",182,0.017,14.6,75.3,Americas
Argentina,2006,"10",191,0.017,14.6,75.3,Americas
Argentina,2006,"10",174,0.017,14.6,75.3,Americas
Argentina,2006,"10",200,0.017,14.6,75.3,Americas
Argentina,2006,"10",167,0.017,14.6,75.3,Americas
Argentina,2006,"10",182,0.017,14.6,75.3,Americas
Argentina,2006,"10",191,0.019,14.6,75.3,Americas
Argentina,2006,"10",174,0.019,14.6,75.3,Americas
Argentina,2006,"10",200,0.019,14.6,75.3,Americas
Argentina,2006,"10",167,0.019,14.6,75.3,Americas
Argentina,2006,"10",182,0.019,14.6,75.3,Americas
Argentina,2006,"11",141,0.022,14.6,75.3,Americas
Argentina,2006,"11",160,0.022,14.6,75.3,Americas
Argentina,2006,"11",180,0.022,14.6,75.3,Americas
Argentina,2006,"11",165,0.022,14.6,75.3,Americas
Argentina,2006,"11",141,0.019,14.6,75.3,Americas
Argentina,2006,"11",160,0.019,14.6,75.3,Americas
Argentina,2006,"11",180,0.019,14.6,75.3,Americas
Argentina,2006,"11",165,0.019,14.6,75.3,Americas
Argentina,2006,"11",141,0.019,14.6,75.3,Americas
Argentina,2006,"11",160,0.019,14.6,75.3,Americas
Argentina,2006,"11",180,0.019,14.6,75.3,Americas
Argentina,2006,"11",165,0.019,14.6,75.3,Americas
Argentina,2006,"11",141,0.022,14.6,75.3,Americas
Argentina,2006,"11",160,0.022,14.6,75.3,Americas
Argentina,2006,"11",180,0.022,14.6,75.3,Americas
Argentina,2006,"11",165,0.022,14.6,75.3,Americas
Argentina,2006,"12",80,0.014,14.6,75.3,Americas
Argentina,2006,"12",109,0.014,14.6,75.3,Americas
Argentina,2006,"12",109,0.014,14.6,75.3,Americas
Argentina,2006,"12",87,0.014,14.6,75.3,Americas
Argentina,2006,"12",93,0.014,14.6,75.3,Americas
Argentina,2006,"12",80,0.01,14.6,75.3,Americas
Argentina,2006,"12",109,0.01,14.6,75.3,Americas
Argentina,2006,"12",109,0.01,14.6,75.3,Americas
Argentina,2006,"12",87,0.01,14.6,75.3,Americas
Argentina,2006,"12",93,0.01,14.6,75.3,Americas
Argentina,2006,"12",80,0.01,14.6,75.3,Americas
Argentina,2006,"12",109,0.01,14.6,75.3,Americas
Argentina,2006,"12",109,0.01,14.6,75.3,Americas
Argentina,2006,"12",87,0.01,14.6,75.3,Americas
Argentina,2006,"12",93,0.01,14.6,75.3,Americas
Argentina,2006,"12",80,0.01,14.6,75.3,Americas
Argentina,2006,"12",109,0.01,14.6,75.3,Americas
Argentina,2006,"12",109,0.01,14.6,75.3,Americas
Argentina,2006,"12",87,0.01,14.6,75.3,Americas
Argentina,2006,"12",93,0.01,14.6,75.3,Americas
Argentina,2006,"12",80,0.012,14.6,75.3,Americas
Argentina,2006,"12",109,0.012,14.6,75.3,Americas
Argentina,2006,"12",109,0.012,14.6,75.3,Americas
Argentina,2006,"12",87,0.012,14.6,75.3,Americas
Argentina,2006,"12",93,0.012,14.6,75.3,Americas
Argentina,2007,"01",82,0.031,14.1,75.2,Americas
Argentina,2007,"01",94,0.031,14.1,75.2,Americas
Argentina,2007,"01",106,0.031,14.1,75.2,Americas
Argentina,2007,"01",100,0.031,14.1,75.2,Americas
Argentina,2007,"01",82,0.014,14.1,75.2,Americas
Argentina,2007,"01",94,0.014,14.1,75.2,Americas
Argentina,2007,"01",106,0.014,14.1,75.2,Americas
Argentina,2007,"01",100,0.014,14.1,75.2,Americas
Argentina,2007,"01",82,0.077,14.1,75.2,Americas
Argentina,2007,"01",94,0.077,14.1,75.2,Americas
Argentina,2007,"01",106,0.077,14.1,75.2,Americas
Argentina,2007,"01",100,0.077,14.1,75.2,Americas
Argentina,2007,"01",82,0.01,14.1,75.2,Americas
Argentina,2007,"01",94,0.01,14.1,75.2,Americas
Argentina,2007,"01",106,0.01,14.1,75.2,Americas
Argentina,2007,"01",100,0.01,14.1,75.2,Americas
Argentina,2007,"02",104,0.084,14.1,75.2,Americas
Argentina,2007,"02",111,0.084,14.1,75.2,Americas
Argentina,2007,"02",102,0.084,14.1,75.2,Americas
Argentina,2007,"02",108,0.084,14.1,75.2,Americas
Argentina,2007,"02",104,0.096,14.1,75.2,Americas
Argentina,2007,"02",111,0.096,14.1,75.2,Americas
Argentina,2007,"02",102,0.096,14.1,75.2,Americas
Argentina,2007,"02",108,0.096,14.1,75.2,Americas
Argentina,2007,"02",104,0.092,14.1,75.2,Americas
Argentina,2007,"02",111,0.092,14.1,75.2,Americas
Argentina,2007,"02",102,0.092,14.1,75.2,Americas
Argentina,2007,"02",108,0.092,14.1,75.2,Americas
Argentina,2007,"02",104,0.195,14.1,75.2,Americas
Argentina,2007,"02",111,0.195,14.1,75.2,Americas
Argentina,2007,"02",102,0.195,14.1,75.2,Americas
Argentina,2007,"02",108,0.195,14.1,75.2,Americas
Argentina,2007,"03",118,0.561,14.1,75.2,Americas
Argentina,2007,"03",131,0.561,14.1,75.2,Americas
Argentina,2007,"03",98,0.561,14.1,75.2,Americas
Argentina,2007,"03",125,0.561,14.1,75.2,Americas
Argentina,2007,"03",118,0.933,14.1,75.2,Americas
Argentina,2007,"03",131,0.933,14.1,75.2,Americas
Argentina,2007,"03",98,0.933,14.1,75.2,Americas
Argentina,2007,"03",125,0.933,14.1,75.2,Americas
Argentina,2007,"03",118,0.694,14.1,75.2,Americas
Argentina,2007,"03",131,0.694,14.1,75.2,Americas
Argentina,2007,"03",98,0.694,14.1,75.2,Americas
Argentina,2007,"03",125,0.694,14.1,75.2,Americas
Argentina,2007,"03",118,0.407,14.1,75.2,Americas
Argentina,2007,"03",131,0.407,14.1,75.2,Americas
Argentina,2007,"03",98,0.407,14.1,75.2,Americas
Argentina,2007,"03",125,0.407,14.1,75.2,Americas
Argentina,2007,"04",182,0.325,14.1,75.2,Americas
Argentina,2007,"04",138,0.325,14.1,75.2,Americas
Argentina,2007,"04",158,0.325,14.1,75.2,Americas
Argentina,2007,"04",129,0.325,14.1,75.2,Americas
Argentina,2007,"04",180,0.325,14.1,75.2,Americas
Argentina,2007,"04",182,0.301,14.1,75.2,Americas
Argentina,2007,"04",138,0.301,14.1,75.2,Americas
Argentina,2007,"04",158,0.301,14.1,75.2,Americas
Argentina,2007,"04",129,0.301,14.1,75.2,Americas
Argentina,2007,"04",180,0.301,14.1,75.2,Americas
Argentina,2007,"04",182,0.128,14.1,75.2,Americas
Argentina,2007,"04",138,0.128,14.1,75.2,Americas
Argentina,2007,"04",158,0.128,14.1,75.2,Americas
Argentina,2007,"04",129,0.128,14.1,75.2,Americas
Argentina,2007,"04",180,0.128,14.1,75.2,Americas
Argentina,2007,"04",182,0.316,14.1,75.2,Americas
Argentina,2007,"04",138,0.316,14.1,75.2,Americas
Argentina,2007,"04",158,0.316,14.1,75.2,Americas
Argentina,2007,"04",129,0.316,14.1,75.2,Americas
Argentina,2007,"04",180,0.316,14.1,75.2,Americas
Argentina,2007,"04",182,0.207,14.1,75.2,Americas
Argentina,2007,"04",138,0.207,14.1,75.2,Americas
Argentina,2007,"04",158,0.207,14.1,75.2,Americas
Argentina,2007,"04",129,0.207,14.1,75.2,Americas
Argentina,2007,"04",180,0.207,14.1,75.2,Americas
Argentina,2007,"05",219,0.053,14.1,75.2,Americas
Argentina,2007,"05",339,0.053,14.1,75.2,Americas
Argentina,2007,"05",319,0.053,14.1,75.2,Americas
Argentina,2007,"05",265,0.053,14.1,75.2,Americas
Argentina,2007,"05",219,0.055,14.1,75.2,Americas
Argentina,2007,"05",339,0.055,14.1,75.2,Americas
Argentina,2007,"05",319,0.055,14.1,75.2,Americas
Argentina,2007,"05",265,0.055,14.1,75.2,Americas
Argentina,2007,"05",219,0.07,14.1,75.2,Americas
Argentina,2007,"05",339,0.07,14.1,75.2,Americas
Argentina,2007,"05",319,0.07,14.1,75.2,Americas
Argentina,2007,"05",265,0.07,14.1,75.2,Americas
Argentina,2007,"05",219,0.104,14.1,75.2,Americas
Argentina,2007,"05",339,0.104,14.1,75.2,Americas
Argentina,2007,"05",319,0.104,14.1,75.2,Americas
Argentina,2007,"05",265,0.104,14.1,75.2,Americas
Argentina,2007,"06",372,0.043,14.1,75.2,Americas
Argentina,2007,"06",373,0.043,14.1,75.2,Americas
Argentina,2007,"06",380,0.043,14.1,75.2,Americas
Argentina,2007,"06",344,0.043,14.1,75.2,Americas
Argentina,2007,"06",372,0.053,14.1,75.2,Americas
Argentina,2007,"06",373,0.053,14.1,75.2,Americas
Argentina,2007,"06",380,0.053,14.1,75.2,Americas
Argentina,2007,"06",344,0.053,14.1,75.2,Americas
Argentina,2007,"06",372,0.051,14.1,75.2,Americas
Argentina,2007,"06",373,0.051,14.1,75.2,Americas
Argentina,2007,"06",380,0.051,14.1,75.2,Americas
Argentina,2007,"06",344,0.051,14.1,75.2,Americas
Argentina,2007,"06",372,0.039,14.1,75.2,Americas
Argentina,2007,"06",373,0.039,14.1,75.2,Americas
Argentina,2007,"06",380,0.039,14.1,75.2,Americas
Argentina,2007,"06",344,0.039,14.1,75.2,Americas
Argentina,2007,"07",379,0.017,14.1,75.2,Americas
Argentina,2007,"07",285,0.017,14.1,75.2,Americas
Argentina,2007,"07",339,0.017,14.1,75.2,Americas
Argentina,2007,"07",379,0.017,14.1,75.2,Americas
Argentina,2007,"07",346,0.017,14.1,75.2,Americas
Argentina,2007,"07",379,0.019,14.1,75.2,Americas
Argentina,2007,"07",285,0.019,14.1,75.2,Americas
Argentina,2007,"07",339,0.019,14.1,75.2,Americas
Argentina,2007,"07",379,0.019,14.1,75.2,Americas
Argentina,2007,"07",346,0.019,14.1,75.2,Americas
Argentina,2007,"07",379,0.019,14.1,75.2,Americas
Argentina,2007,"07",285,0.019,14.1,75.2,Americas
Argentina,2007,"07",339,0.019,14.1,75.2,Americas
Argentina,2007,"07",379,0.019,14.1,75.2,Americas
Argentina,2007,"07",346,0.019,14.1,75.2,Americas
Argentina,2007,"07",379,0.024,14.1,75.2,Americas
Argentina,2007,"07",285,0.024,14.1,75.2,Americas
Argentina,2007,"07",339,0.024,14.1,75.2,Americas
Argentina,2007,"07",379,0.024,14.1,75.2,Americas
Argentina,2007,"07",346,0.024,14.1,75.2,Americas
Argentina,2007,"07",379,0.019,14.1,75.2,Americas
Argentina,2007,"07",285,0.019,14.1,75.2,Americas
Argentina,2007,"07",339,0.019,14.1,75.2,Americas
Argentina,2007,"07",379,0.019,14.1,75.2,Americas
Argentina,2007,"07",346,0.019,14.1,75.2,Americas
Argentina,2007,"08",256,0.022,14.1,75.2,Americas
Argentina,2007,"08",293,0.022,14.1,75.2,Americas
Argentina,2007,"08",287,0.022,14.1,75.2,Americas
Argentina,2007,"08",269,0.022,14.1,75.2,Americas
Argentina,2007,"08",256,0.017,14.1,75.2,Americas
Argentina,2007,"08",293,0.017,14.1,75.2,Americas
Argentina,2007,"08",287,0.017,14.1,75.2,Americas
Argentina,2007,"08",269,0.017,14.1,75.2,Americas
Argentina,2007,"08",256,0.019,14.1,75.2,Americas
Argentina,2007,"08",293,0.019,14.1,75.2,Americas
Argentina,2007,"08",287,0.019,14.1,75.2,Americas
Argentina,2007,"08",269,0.019,14.1,75.2,Americas
Argentina,2007,"08",256,0.017,14.1,75.2,Americas
Argentina,2007,"08",293,0.017,14.1,75.2,Americas
Argentina,2007,"08",287,0.017,14.1,75.2,Americas
Argentina,2007,"08",269,0.017,14.1,75.2,Americas
Argentina,2007,"09",239,0.036,14.1,75.2,Americas
Argentina,2007,"09",188,0.036,14.1,75.2,Americas
Argentina,2007,"09",191,0.036,14.1,75.2,Americas
Argentina,2007,"09",175,0.036,14.1,75.2,Americas
Argentina,2007,"09",180,0.036,14.1,75.2,Americas
Argentina,2007,"09",239,0.017,14.1,75.2,Americas
Argentina,2007,"09",188,0.017,14.1,75.2,Americas
Argentina,2007,"09",191,0.017,14.1,75.2,Americas
Argentina,2007,"09",175,0.017,14.1,75.2,Americas
Argentina,2007,"09",180,0.017,14.1,75.2,Americas
Argentina,2007,"09",239,0.022,14.1,75.2,Americas
Argentina,2007,"09",188,0.022,14.1,75.2,Americas
Argentina,2007,"09",191,0.022,14.1,75.2,Americas
Argentina,2007,"09",175,0.022,14.1,75.2,Americas
Argentina,2007,"09",180,0.022,14.1,75.2,Americas
Argentina,2007,"09",239,0.019,14.1,75.2,Americas
Argentina,2007,"09",188,0.019,14.1,75.2,Americas
Argentina,2007,"09",191,0.019,14.1,75.2,Americas
Argentina,2007,"09",175,0.019,14.1,75.2,Americas
Argentina,2007,"09",180,0.019,14.1,75.2,Americas
Argentina,2007,"09",239,0.034,14.1,75.2,Americas
Argentina,2007,"09",188,0.034,14.1,75.2,Americas
Argentina,2007,"09",191,0.034,14.1,75.2,Americas
Argentina,2007,"09",175,0.034,14.1,75.2,Americas
Argentina,2007,"09",180,0.034,14.1,75.2,Americas
Argentina,2007,"10",171,0.041,14.1,75.2,Americas
Argentina,2007,"10",162,0.041,14.1,75.2,Americas
Argentina,2007,"10",174,0.041,14.1,75.2,Americas
Argentina,2007,"10",171,0.041,14.1,75.2,Americas
Argentina,2007,"10",171,0.034,14.1,75.2,Americas
Argentina,2007,"10",162,0.034,14.1,75.2,Americas
Argentina,2007,"10",174,0.034,14.1,75.2,Americas
Argentina,2007,"10",171,0.034,14.1,75.2,Americas
Argentina,2007,"10",171,0.024,14.1,75.2,Americas
Argentina,2007,"10",162,0.024,14.1,75.2,Americas
Argentina,2007,"10",174,0.024,14.1,75.2,Americas
Argentina,2007,"10",171,0.024,14.1,75.2,Americas
Argentina,2007,"10",171,0.029,14.1,75.2,Americas
Argentina,2007,"10",162,0.029,14.1,75.2,Americas
Argentina,2007,"10",174,0.029,14.1,75.2,Americas
Argentina,2007,"10",171,0.029,14.1,75.2,Americas
Argentina,2007,"11",165,0.031,14.1,75.2,Americas
Argentina,2007,"11",149,0.031,14.1,75.2,Americas
Argentina,2007,"11",152,0.031,14.1,75.2,Americas
Argentina,2007,"11",144,0.031,14.1,75.2,Americas
Argentina,2007,"11",165,0.024,14.1,75.2,Americas
Argentina,2007,"11",149,0.024,14.1,75.2,Americas
Argentina,2007,"11",152,0.024,14.1,75.2,Americas
Argentina,2007,"11",144,0.024,14.1,75.2,Americas
Argentina,2007,"11",165,0.034,14.1,75.2,Americas
Argentina,2007,"11",149,0.034,14.1,75.2,Americas
Argentina,2007,"11",152,0.034,14.1,75.2,Americas
Argentina,2007,"11",144,0.034,14.1,75.2,Americas
Argentina,2007,"11",165,0.027,14.1,75.2,Americas
Argentina,2007,"11",149,0.027,14.1,75.2,Americas
Argentina,2007,"11",152,0.027,14.1,75.2,Americas
Argentina,2007,"11",144,0.027,14.1,75.2,Americas
Argentina,2007,"12",108,0.019,14.1,75.2,Americas
Argentina,2007,"12",96,0.019,14.1,75.2,Americas
Argentina,2007,"12",123,0.019,14.1,75.2,Americas
Argentina,2007,"12",91,0.019,14.1,75.2,Americas
Argentina,2007,"12",78,0.019,14.1,75.2,Americas
Argentina,2007,"12",108,0.014,14.1,75.2,Americas
Argentina,2007,"12",96,0.014,14.1,75.2,Americas
Argentina,2007,"12",123,0.014,14.1,75.2,Americas
Argentina,2007,"12",91,0.014,14.1,75.2,Americas
Argentina,2007,"12",78,0.014,14.1,75.2,Americas
Argentina,2007,"12",108,0.014,14.1,75.2,Americas
Argentina,2007,"12",96,0.014,14.1,75.2,Americas
Argentina,2007,"12",123,0.014,14.1,75.2,Americas
Argentina,2007,"12",91,0.014,14.1,75.2,Americas
Argentina,2007,"12",78,0.014,14.1,75.2,Americas
Argentina,2007,"12",108,0.014,14.1,75.2,Americas
Argentina,2007,"12",96,0.014,14.1,75.2,Americas
Argentina,2007,"12",123,0.014,14.1,75.2,Americas
Argentina,2007,"12",91,0.014,14.1,75.2,Americas
Argentina,2007,"12",78,0.014,14.1,75.2,Americas
Argentina,2007,"12",108,0.024,14.1,75.2,Americas
Argentina,2007,"12",96,0.024,14.1,75.2,Americas
Argentina,2007,"12",123,0.024,14.1,75.2,Americas
Argentina,2007,"12",91,0.024,14.1,75.2,Americas
Argentina,2007,"12",78,0.024,14.1,75.2,Americas
Argentina,2008,"01",93,0.017,13.7,75.4,Americas
Argentina,2008,"01",93,0.017,13.7,75.4,Americas
Argentina,2008,"01",89,0.017,13.7,75.4,Americas
Argentina,2008,"01",89,0.017,13.7,75.4,Americas
Argentina,2008,"01",93,0.012,13.7,75.4,Americas
Argentina,2008,"01",93,0.012,13.7,75.4,Americas
Argentina,2008,"01",89,0.012,13.7,75.4,Americas
Argentina,2008,"01",89,0.012,13.7,75.4,Americas
Argentina,2008,"01",93,0.014,13.7,75.4,Americas
Argentina,2008,"01",93,0.014,13.7,75.4,Americas
Argentina,2008,"01",89,0.014,13.7,75.4,Americas
Argentina,2008,"01",89,0.014,13.7,75.4,Americas
Argentina,2008,"01",93,0.014,13.7,75.4,Americas
Argentina,2008,"01",93,0.014,13.7,75.4,Americas
Argentina,2008,"01",89,0.014,13.7,75.4,Americas
Argentina,2008,"01",89,0.014,13.7,75.4,Americas
Argentina,2008,"02",97,0.017,13.7,75.4,Americas
Argentina,2008,"02",91,0.017,13.7,75.4,Americas
Argentina,2008,"02",98,0.017,13.7,75.4,Americas
Argentina,2008,"02",89,0.017,13.7,75.4,Americas
Argentina,2008,"02",97,0.041,13.7,75.4,Americas
Argentina,2008,"02",91,0.041,13.7,75.4,Americas
Argentina,2008,"02",98,0.041,13.7,75.4,Americas
Argentina,2008,"02",89,0.041,13.7,75.4,Americas
Argentina,2008,"02",97,0.046,13.7,75.4,Americas
Argentina,2008,"02",91,0.046,13.7,75.4,Americas
Argentina,2008,"02",98,0.046,13.7,75.4,Americas
Argentina,2008,"02",89,0.046,13.7,75.4,Americas
Argentina,2008,"02",97,0.022,13.7,75.4,Americas
Argentina,2008,"02",91,0.022,13.7,75.4,Americas
Argentina,2008,"02",98,0.022,13.7,75.4,Americas
Argentina,2008,"02",89,0.022,13.7,75.4,Americas
Argentina,2008,"03",92,0.099,13.7,75.4,Americas
Argentina,2008,"03",150,0.099,13.7,75.4,Americas
Argentina,2008,"03",145,0.099,13.7,75.4,Americas
Argentina,2008,"03",126,0.099,13.7,75.4,Americas
Argentina,2008,"03",151,0.099,13.7,75.4,Americas
Argentina,2008,"03",92,0.084,13.7,75.4,Americas
Argentina,2008,"03",150,0.084,13.7,75.4,Americas
Argentina,2008,"03",145,0.084,13.7,75.4,Americas
Argentina,2008,"03",126,0.084,13.7,75.4,Americas
Argentina,2008,"03",151,0.084,13.7,75.4,Americas
Argentina,2008,"03",92,0.07,13.7,75.4,Americas
Argentina,2008,"03",150,0.07,13.7,75.4,Americas
Argentina,2008,"03",145,0.07,13.7,75.4,Americas
Argentina,2008,"03",126,0.07,13.7,75.4,Americas
Argentina,2008,"03",151,0.07,13.7,75.4,Americas
Argentina,2008,"03",92,0.058,13.7,75.4,Americas
Argentina,2008,"03",150,0.058,13.7,75.4,Americas
Argentina,2008,"03",145,0.058,13.7,75.4,Americas
Argentina,2008,"03",126,0.058,13.7,75.4,Americas
Argentina,2008,"03",151,0.058,13.7,75.4,Americas
Argentina,2008,"03",92,0.075,13.7,75.4,Americas
Argentina,2008,"03",150,0.075,13.7,75.4,Americas
Argentina,2008,"03",145,0.075,13.7,75.4,Americas
Argentina,2008,"03",126,0.075,13.7,75.4,Americas
Argentina,2008,"03",151,0.075,13.7,75.4,Americas
Argentina,2008,"04",188,0.06,13.7,75.4,Americas
Argentina,2008,"04",161,0.06,13.7,75.4,Americas
Argentina,2008,"04",174,0.06,13.7,75.4,Americas
Argentina,2008,"04",173,0.06,13.7,75.4,Americas
Argentina,2008,"04",188,0.053,13.7,75.4,Americas
Argentina,2008,"04",161,0.053,13.7,75.4,Americas
Argentina,2008,"04",174,0.053,13.7,75.4,Americas
Argentina,2008,"04",173,0.053,13.7,75.4,Americas
Argentina,2008,"04",188,0.082,13.7,75.4,Americas
Argentina,2008,"04",161,0.082,13.7,75.4,Americas
Argentina,2008,"04",174,0.082,13.7,75.4,Americas
Argentina,2008,"04",173,0.082,13.7,75.4,Americas
Argentina,2008,"04",188,0.063,13.7,75.4,Americas
Argentina,2008,"04",161,0.063,13.7,75.4,Americas
Argentina,2008,"04",174,0.063,13.7,75.4,Americas
Argentina,2008,"04",173,0.063,13.7,75.4,Americas
Argentina,2008,"05",186,0.034,13.7,75.4,Americas
Argentina,2008,"05",217,0.034,13.7,75.4,Americas
Argentina,2008,"05",210,0.034,13.7,75.4,Americas
Argentina,2008,"05",197,0.034,13.7,75.4,Americas
Argentina,2008,"05",186,0.029,13.7,75.4,Americas
Argentina,2008,"05",217,0.029,13.7,75.4,Americas
Argentina,2008,"05",210,0.029,13.7,75.4,Americas
Argentina,2008,"05",197,0.029,13.7,75.4,Americas
Argentina,2008,"05",186,0.043,13.7,75.4,Americas
Argentina,2008,"05",217,0.043,13.7,75.4,Americas
Argentina,2008,"05",210,0.043,13.7,75.4,Americas
Argentina,2008,"05",197,0.043,13.7,75.4,Americas
Argentina,2008,"05",186,0.024,13.7,75.4,Americas
Argentina,2008,"05",217,0.024,13.7,75.4,Americas
Argentina,2008,"05",210,0.024,13.7,75.4,Americas
Argentina,2008,"05",197,0.024,13.7,75.4,Americas
Argentina,2008,"06",381,0.014,13.7,75.4,Americas
Argentina,2008,"06",266,0.014,13.7,75.4,Americas
Argentina,2008,"06",411,0.014,13.7,75.4,Americas
Argentina,2008,"06",372,0.014,13.7,75.4,Americas
Argentina,2008,"06",343,0.014,13.7,75.4,Americas
Argentina,2008,"06",381,0.014,13.7,75.4,Americas
Argentina,2008,"06",266,0.014,13.7,75.4,Americas
Argentina,2008,"06",411,0.014,13.7,75.4,Americas
Argentina,2008,"06",372,0.014,13.7,75.4,Americas
Argentina,2008,"06",343,0.014,13.7,75.4,Americas
Argentina,2008,"06",381,0.017,13.7,75.4,Americas
Argentina,2008,"06",266,0.017,13.7,75.4,Americas
Argentina,2008,"06",411,0.017,13.7,75.4,Americas
Argentina,2008,"06",372,0.017,13.7,75.4,Americas
Argentina,2008,"06",343,0.017,13.7,75.4,Americas
Argentina,2008,"06",381,0.022,13.7,75.4,Americas
Argentina,2008,"06",266,0.022,13.7,75.4,Americas
Argentina,2008,"06",411,0.022,13.7,75.4,Americas
Argentina,2008,"06",372,0.022,13.7,75.4,Americas
Argentina,2008,"06",343,0.022,13.7,75.4,Americas
Argentina,2008,"06",381,0.014,13.7,75.4,Americas
Argentina,2008,"06",266,0.014,13.7,75.4,Americas
Argentina,2008,"06",411,0.014,13.7,75.4,Americas
Argentina,2008,"06",372,0.014,13.7,75.4,Americas
Argentina,2008,"06",343,0.014,13.7,75.4,Americas
Argentina,2008,"07",371,0.012,13.7,75.4,Americas
Argentina,2008,"07",261,0.012,13.7,75.4,Americas
Argentina,2008,"07",319,0.012,13.7,75.4,Americas
Argentina,2008,"07",216,0.012,13.7,75.4,Americas
Argentina,2008,"07",371,0.01,13.7,75.4,Americas
Argentina,2008,"07",261,0.01,13.7,75.4,Americas
Argentina,2008,"07",319,0.01,13.7,75.4,Americas
Argentina,2008,"07",216,0.01,13.7,75.4,Americas
Argentina,2008,"07",371,0.014,13.7,75.4,Americas
Argentina,2008,"07",261,0.014,13.7,75.4,Americas
Argentina,2008,"07",319,0.014,13.7,75.4,Americas
Argentina,2008,"07",216,0.014,13.7,75.4,Americas
Argentina,2008,"07",371,0.014,13.7,75.4,Americas
Argentina,2008,"07",261,0.014,13.7,75.4,Americas
Argentina,2008,"07",319,0.014,13.7,75.4,Americas
Argentina,2008,"07",216,0.014,13.7,75.4,Americas
Argentina,2008,"08",210,0.012,13.7,75.4,Americas
Argentina,2008,"08",193,0.012,13.7,75.4,Americas
Argentina,2008,"08",201,0.012,13.7,75.4,Americas
Argentina,2008,"08",220,0.012,13.7,75.4,Americas
Argentina,2008,"08",206,0.012,13.7,75.4,Americas
Argentina,2008,"08",210,0.017,13.7,75.4,Americas
Argentina,2008,"08",193,0.017,13.7,75.4,Americas
Argentina,2008,"08",201,0.017,13.7,75.4,Americas
Argentina,2008,"08",220,0.017,13.7,75.4,Americas
Argentina,2008,"08",206,0.017,13.7,75.4,Americas
Argentina,2008,"08",210,0.014,13.7,75.4,Americas
Argentina,2008,"08",193,0.014,13.7,75.4,Americas
Argentina,2008,"08",201,0.014,13.7,75.4,Americas
Argentina,2008,"08",220,0.014,13.7,75.4,Americas
Argentina,2008,"08",206,0.014,13.7,75.4,Americas
Argentina,2008,"08",210,0.012,13.7,75.4,Americas
Argentina,2008,"08",193,0.012,13.7,75.4,Americas
Argentina,2008,"08",201,0.012,13.7,75.4,Americas
Argentina,2008,"08",220,0.012,13.7,75.4,Americas
Argentina,2008,"08",206,0.012,13.7,75.4,Americas
Argentina,2008,"08",210,0.012,13.7,75.4,Americas
Argentina,2008,"08",193,0.012,13.7,75.4,Americas
Argentina,2008,"08",201,0.012,13.7,75.4,Americas
Argentina,2008,"08",220,0.012,13.7,75.4,Americas
Argentina,2008,"08",206,0.012,13.7,75.4,Americas
Argentina,2008,"09",189,0.014,13.7,75.4,Americas
Argentina,2008,"09",190,0.014,13.7,75.4,Americas
Argentina,2008,"09",179,0.014,13.7,75.4,Americas
Argentina,2008,"09",191,0.014,13.7,75.4,Americas
Argentina,2008,"09",189,0.014,13.7,75.4,Americas
Argentina,2008,"09",190,0.014,13.7,75.4,Americas
Argentina,2008,"09",179,0.014,13.7,75.4,Americas
Argentina,2008,"09",191,0.014,13.7,75.4,Americas
Argentina,2008,"09",189,0.012,13.7,75.4,Americas
Argentina,2008,"09",190,0.012,13.7,75.4,Americas
Argentina,2008,"09",179,0.012,13.7,75.4,Americas
Argentina,2008,"09",191,0.012,13.7,75.4,Americas
Argentina,2008,"09",189,0.012,13.7,75.4,Americas
Argentina,2008,"09",190,0.012,13.7,75.4,Americas
Argentina,2008,"09",179,0.012,13.7,75.4,Americas
Argentina,2008,"09",191,0.012,13.7,75.4,Americas
Argentina,2008,"10",162,0.014,13.7,75.4,Americas
Argentina,2008,"10",157,0.014,13.7,75.4,Americas
Argentina,2008,"10",182,0.014,13.7,75.4,Americas
Argentina,2008,"10",154,0.014,13.7,75.4,Americas
Argentina,2008,"10",162,0.014,13.7,75.4,Americas
Argentina,2008,"10",157,0.014,13.7,75.4,Americas
Argentina,2008,"10",182,0.014,13.7,75.4,Americas
Argentina,2008,"10",154,0.014,13.7,75.4,Americas
Argentina,2008,"10",162,0.024,13.7,75.4,Americas
Argentina,2008,"10",157,0.024,13.7,75.4,Americas
Argentina,2008,"10",182,0.024,13.7,75.4,Americas
Argentina,2008,"10",154,0.024,13.7,75.4,Americas
Argentina,2008,"10",162,0.017,13.7,75.4,Americas
Argentina,2008,"10",157,0.017,13.7,75.4,Americas
Argentina,2008,"10",182,0.017,13.7,75.4,Americas
Argentina,2008,"10",154,0.017,13.7,75.4,Americas
Argentina,2008,"11",102,0.029,13.7,75.4,Americas
Argentina,2008,"11",112,0.029,13.7,75.4,Americas
Argentina,2008,"11",138,0.029,13.7,75.4,Americas
Argentina,2008,"11",133,0.029,13.7,75.4,Americas
Argentina,2008,"11",154,0.029,13.7,75.4,Americas
Argentina,2008,"11",102,0.017,13.7,75.4,Americas
Argentina,2008,"11",112,0.017,13.7,75.4,Americas
Argentina,2008,"11",138,0.017,13.7,75.4,Americas
Argentina,2008,"11",133,0.017,13.7,75.4,Americas
Argentina,2008,"11",154,0.017,13.7,75.4,Americas
Argentina,2008,"11",102,0.024,13.7,75.4,Americas
Argentina,2008,"11",112,0.024,13.7,75.4,Americas
Argentina,2008,"11",138,0.024,13.7,75.4,Americas
Argentina,2008,"11",133,0.024,13.7,75.4,Americas
Argentina,2008,"11",154,0.024,13.7,75.4,Americas
Argentina,2008,"11",102,0.031,13.7,75.4,Americas
Argentina,2008,"11",112,0.031,13.7,75.4,Americas
Argentina,2008,"11",138,0.031,13.7,75.4,Americas
Argentina,2008,"11",133,0.031,13.7,75.4,Americas
Argentina,2008,"11",154,0.031,13.7,75.4,Americas
Argentina,2008,"11",102,0.031,13.7,75.4,Americas
Argentina,2008,"11",112,0.031,13.7,75.4,Americas
Argentina,2008,"11",138,0.031,13.7,75.4,Americas
Argentina,2008,"11",133,0.031,13.7,75.4,Americas
Argentina,2008,"11",154,0.031,13.7,75.4,Americas
Argentina,2008,"12",102,0.014,13.7,75.4,Americas
Argentina,2008,"12",102,0.014,13.7,75.4,Americas
Argentina,2008,"12",89,0.014,13.7,75.4,Americas
Argentina,2008,"12",84,0.014,13.7,75.4,Americas
Argentina,2008,"12",102,0.014,13.7,75.4,Americas
Argentina,2008,"12",102,0.014,13.7,75.4,Americas
Argentina,2008,"12",89,0.014,13.7,75.4,Americas
Argentina,2008,"12",84,0.014,13.7,75.4,Americas
Argentina,2008,"12",102,0.012,13.7,75.4,Americas
Argentina,2008,"12",102,0.012,13.7,75.4,Americas
Argentina,2008,"12",89,0.012,13.7,75.4,Americas
Argentina,2008,"12",84,0.012,13.7,75.4,Americas
Argentina,2008,"12",102,0.014,13.7,75.4,Americas
Argentina,2008,"12",102,0.014,13.7,75.4,Americas
Argentina,2008,"12",89,0.014,13.7,75.4,Americas
Argentina,2008,"12",84,0.014,13.7,75.4,Americas
Argentina,2009,"01",88,0.017,13.4,75.6,Americas
Argentina,2009,"01",89,0.017,13.4,75.6,Americas
Argentina,2009,"01",98,0.017,13.4,75.6,Americas
Argentina,2009,"01",90,0.017,13.4,75.6,Americas
Argentina,2009,"01",88,0.027,13.4,75.6,Americas
Argentina,2009,"01",89,0.027,13.4,75.6,Americas
Argentina,2009,"01",98,0.027,13.4,75.6,Americas
Argentina,2009,"01",90,0.027,13.4,75.6,Americas
Argentina,2009,"01",88,0.017,13.4,75.6,Americas
Argentina,2009,"01",89,0.017,13.4,75.6,Americas
Argentina,2009,"01",98,0.017,13.4,75.6,Americas
Argentina,2009,"01",90,0.017,13.4,75.6,Americas
Argentina,2009,"01",88,0.014,13.4,75.6,Americas
Argentina,2009,"01",89,0.014,13.4,75.6,Americas
Argentina,2009,"01",98,0.014,13.4,75.6,Americas
Argentina,2009,"01",90,0.014,13.4,75.6,Americas
Argentina,2009,"02",91,0.029,13.4,75.6,Americas
Argentina,2009,"02",88,0.029,13.4,75.6,Americas
Argentina,2009,"02",86,0.029,13.4,75.6,Americas
Argentina,2009,"02",84,0.029,13.4,75.6,Americas
Argentina,2009,"02",91,0.108,13.4,75.6,Americas
Argentina,2009,"02",88,0.108,13.4,75.6,Americas
Argentina,2009,"02",86,0.108,13.4,75.6,Americas
Argentina,2009,"02",84,0.108,13.4,75.6,Americas
Argentina,2009,"02",91,0.07,13.4,75.6,Americas
Argentina,2009,"02",88,0.07,13.4,75.6,Americas
Argentina,2009,"02",86,0.07,13.4,75.6,Americas
Argentina,2009,"02",84,0.07,13.4,75.6,Americas
Argentina,2009,"02",91,0.039,13.4,75.6,Americas
Argentina,2009,"02",88,0.039,13.4,75.6,Americas
Argentina,2009,"02",86,0.039,13.4,75.6,Americas
Argentina,2009,"02",84,0.039,13.4,75.6,Americas
Argentina,2009,"03",119,0.383,13.4,75.6,Americas
Argentina,2009,"03",98,0.383,13.4,75.6,Americas
Argentina,2009,"03",118,0.383,13.4,75.6,Americas
Argentina,2009,"03",89,0.383,13.4,75.6,Americas
Argentina,2009,"03",113,0.383,13.4,75.6,Americas
Argentina,2009,"03",119,0.436,13.4,75.6,Americas
Argentina,2009,"03",98,0.436,13.4,75.6,Americas
Argentina,2009,"03",118,0.436,13.4,75.6,Americas
Argentina,2009,"03",89,0.436,13.4,75.6,Americas
Argentina,2009,"03",113,0.436,13.4,75.6,Americas
Argentina,2009,"03",119,0.166,13.4,75.6,Americas
Argentina,2009,"03",98,0.166,13.4,75.6,Americas
Argentina,2009,"03",118,0.166,13.4,75.6,Americas
Argentina,2009,"03",89,0.166,13.4,75.6,Americas
Argentina,2009,"03",113,0.166,13.4,75.6,Americas
Argentina,2009,"03",119,0.53,13.4,75.6,Americas
Argentina,2009,"03",98,0.53,13.4,75.6,Americas
Argentina,2009,"03",118,0.53,13.4,75.6,Americas
Argentina,2009,"03",89,0.53,13.4,75.6,Americas
Argentina,2009,"03",113,0.53,13.4,75.6,Americas
Argentina,2009,"03",119,0.227,13.4,75.6,Americas
Argentina,2009,"03",98,0.227,13.4,75.6,Americas
Argentina,2009,"03",118,0.227,13.4,75.6,Americas
Argentina,2009,"03",89,0.227,13.4,75.6,Americas
Argentina,2009,"03",113,0.227,13.4,75.6,Americas
Argentina,2009,"04",129,0.788,13.4,75.6,Americas
Argentina,2009,"04",138,0.788,13.4,75.6,Americas
Argentina,2009,"04",154,0.788,13.4,75.6,Americas
Argentina,2009,"04",117,0.788,13.4,75.6,Americas
Argentina,2009,"04",129,0.699,13.4,75.6,Americas
Argentina,2009,"04",138,0.699,13.4,75.6,Americas
Argentina,2009,"04",154,0.699,13.4,75.6,Americas
Argentina,2009,"04",117,0.699,13.4,75.6,Americas
Argentina,2009,"04",129,0.817,13.4,75.6,Americas
Argentina,2009,"04",138,0.817,13.4,75.6,Americas
Argentina,2009,"04",154,0.817,13.4,75.6,Americas
Argentina,2009,"04",117,0.817,13.4,75.6,Americas
Argentina,2009,"04",129,0.971,13.4,75.6,Americas
Argentina,2009,"04",138,0.971,13.4,75.6,Americas
Argentina,2009,"04",154,0.971,13.4,75.6,Americas
Argentina,2009,"04",117,0.971,13.4,75.6,Americas
Argentina,2009,"05",232,0.412,13.4,75.6,Americas
Argentina,2009,"05",190,0.412,13.4,75.6,Americas
Argentina,2009,"05",166,0.412,13.4,75.6,Americas
Argentina,2009,"05",166,0.412,13.4,75.6,Americas
Argentina,2009,"05",164,0.412,13.4,75.6,Americas
Argentina,2009,"05",232,1,13.4,75.6,Americas
Argentina,2009,"05",190,1,13.4,75.6,Americas
Argentina,2009,"05",166,1,13.4,75.6,Americas
Argentina,2009,"05",166,1,13.4,75.6,Americas
Argentina,2009,"05",164,1,13.4,75.6,Americas
Argentina,2009,"05",232,0.916,13.4,75.6,Americas
Argentina,2009,"05",190,0.916,13.4,75.6,Americas
Argentina,2009,"05",166,0.916,13.4,75.6,Americas
Argentina,2009,"05",166,0.916,13.4,75.6,Americas
Argentina,2009,"05",164,0.916,13.4,75.6,Americas
Argentina,2009,"05",232,0.489,13.4,75.6,Americas
Argentina,2009,"05",190,0.489,13.4,75.6,Americas
Argentina,2009,"05",166,0.489,13.4,75.6,Americas
Argentina,2009,"05",166,0.489,13.4,75.6,Americas
Argentina,2009,"05",164,0.489,13.4,75.6,Americas
Argentina,2009,"05",232,0.619,13.4,75.6,Americas
Argentina,2009,"05",190,0.619,13.4,75.6,Americas
Argentina,2009,"05",166,0.619,13.4,75.6,Americas
Argentina,2009,"05",166,0.619,13.4,75.6,Americas
Argentina,2009,"05",164,0.619,13.4,75.6,Americas
Argentina,2009,"06",399,0.263,13.4,75.6,Americas
Argentina,2009,"06",431,0.263,13.4,75.6,Americas
Argentina,2009,"06",308,0.263,13.4,75.6,Americas
Argentina,2009,"06",442,0.263,13.4,75.6,Americas
Argentina,2009,"06",399,0.145,13.4,75.6,Americas
Argentina,2009,"06",431,0.145,13.4,75.6,Americas
Argentina,2009,"06",308,0.145,13.4,75.6,Americas
Argentina,2009,"06",442,0.145,13.4,75.6,Americas
Argentina,2009,"06",399,0.217,13.4,75.6,Americas
Argentina,2009,"06",431,0.217,13.4,75.6,Americas
Argentina,2009,"06",308,0.217,13.4,75.6,Americas
Argentina,2009,"06",442,0.217,13.4,75.6,Americas
Argentina,2009,"06",399,0.357,13.4,75.6,Americas
Argentina,2009,"06",431,0.357,13.4,75.6,Americas
Argentina,2009,"06",308,0.357,13.4,75.6,Americas
Argentina,2009,"06",442,0.357,13.4,75.6,Americas
Argentina,2009,"07",158,0.159,13.4,75.6,Americas
Argentina,2009,"07",238,0.159,13.4,75.6,Americas
Argentina,2009,"07",324,0.159,13.4,75.6,Americas
Argentina,2009,"07",170,0.159,13.4,75.6,Americas
Argentina,2009,"07",158,0.101,13.4,75.6,Americas
Argentina,2009,"07",238,0.101,13.4,75.6,Americas
Argentina,2009,"07",324,0.101,13.4,75.6,Americas
Argentina,2009,"07",170,0.101,13.4,75.6,Americas
Argentina,2009,"07",158,0.128,13.4,75.6,Americas
Argentina,2009,"07",238,0.128,13.4,75.6,Americas
Argentina,2009,"07",324,0.128,13.4,75.6,Americas
Argentina,2009,"07",170,0.128,13.4,75.6,Americas
Argentina,2009,"07",158,0.106,13.4,75.6,Americas
Argentina,2009,"07",238,0.106,13.4,75.6,Americas
Argentina,2009,"07",324,0.106,13.4,75.6,Americas
Argentina,2009,"07",170,0.106,13.4,75.6,Americas
Argentina,2009,"08",150,0.169,13.4,75.6,Americas
Argentina,2009,"08",149,0.169,13.4,75.6,Americas
Argentina,2009,"08",166,0.169,13.4,75.6,Americas
Argentina,2009,"08",159,0.169,13.4,75.6,Americas
Argentina,2009,"08",153,0.169,13.4,75.6,Americas
Argentina,2009,"08",150,0.212,13.4,75.6,Americas
Argentina,2009,"08",149,0.212,13.4,75.6,Americas
Argentina,2009,"08",166,0.212,13.4,75.6,Americas
Argentina,2009,"08",159,0.212,13.4,75.6,Americas
Argentina,2009,"08",153,0.212,13.4,75.6,Americas
Argentina,2009,"08",150,0.152,13.4,75.6,Americas
Argentina,2009,"08",149,0.152,13.4,75.6,Americas
Argentina,2009,"08",166,0.152,13.4,75.6,Americas
Argentina,2009,"08",159,0.152,13.4,75.6,Americas
Argentina,2009,"08",153,0.152,13.4,75.6,Americas
Argentina,2009,"08",150,0.142,13.4,75.6,Americas
Argentina,2009,"08",149,0.142,13.4,75.6,Americas
Argentina,2009,"08",166,0.142,13.4,75.6,Americas
Argentina,2009,"08",159,0.142,13.4,75.6,Americas
Argentina,2009,"08",153,0.142,13.4,75.6,Americas
Argentina,2009,"08",150,0.224,13.4,75.6,Americas
Argentina,2009,"08",149,0.224,13.4,75.6,Americas
Argentina,2009,"08",166,0.224,13.4,75.6,Americas
Argentina,2009,"08",159,0.224,13.4,75.6,Americas
Argentina,2009,"08",153,0.224,13.4,75.6,Americas
Argentina,2009,"09",149,0.166,13.4,75.6,Americas
Argentina,2009,"09",145,0.166,13.4,75.6,Americas
Argentina,2009,"09",144,0.166,13.4,75.6,Americas
Argentina,2009,"09",145,0.166,13.4,75.6,Americas
Argentina,2009,"09",149,0.149,13.4,75.6,Americas
Argentina,2009,"09",145,0.149,13.4,75.6,Americas
Argentina,2009,"09",144,0.149,13.4,75.6,Americas
Argentina,2009,"09",145,0.149,13.4,75.6,Americas
Argentina,2009,"09",149,0.147,13.4,75.6,Americas
Argentina,2009,"09",145,0.147,13.4,75.6,Americas
Argentina,2009,"09",144,0.147,13.4,75.6,Americas
Argentina,2009,"09",145,0.147,13.4,75.6,Americas
Argentina,2009,"09",149,0.21,13.4,75.6,Americas
Argentina,2009,"09",145,0.21,13.4,75.6,Americas
Argentina,2009,"09",144,0.21,13.4,75.6,Americas
Argentina,2009,"09",145,0.21,13.4,75.6,Americas
Argentina,2009,"10",141,0.347,13.4,75.6,Americas
Argentina,2009,"10",141,0.347,13.4,75.6,Americas
Argentina,2009,"10",142,0.347,13.4,75.6,Americas
Argentina,2009,"10",144,0.347,13.4,75.6,Americas
Argentina,2009,"10",141,0.463,13.4,75.6,Americas
Argentina,2009,"10",141,0.463,13.4,75.6,Americas
Argentina,2009,"10",142,0.463,13.4,75.6,Americas
Argentina,2009,"10",144,0.463,13.4,75.6,Americas
Argentina,2009,"10",141,0.287,13.4,75.6,Americas
Argentina,2009,"10",141,0.287,13.4,75.6,Americas
Argentina,2009,"10",142,0.287,13.4,75.6,Americas
Argentina,2009,"10",144,0.287,13.4,75.6,Americas
Argentina,2009,"10",141,0.46,13.4,75.6,Americas
Argentina,2009,"10",141,0.46,13.4,75.6,Americas
Argentina,2009,"10",142,0.46,13.4,75.6,Americas
Argentina,2009,"10",144,0.46,13.4,75.6,Americas
Argentina,2009,"11",123,0.373,13.4,75.6,Americas
Argentina,2009,"11",125,0.373,13.4,75.6,Americas
Argentina,2009,"11",117,0.373,13.4,75.6,Americas
Argentina,2009,"11",88,0.373,13.4,75.6,Americas
Argentina,2009,"11",97,0.373,13.4,75.6,Americas
Argentina,2009,"11",123,0.371,13.4,75.6,Americas
Argentina,2009,"11",125,0.371,13.4,75.6,Americas
Argentina,2009,"11",117,0.371,13.4,75.6,Americas
Argentina,2009,"11",88,0.371,13.4,75.6,Americas
Argentina,2009,"11",97,0.371,13.4,75.6,Americas
Argentina,2009,"11",123,0.427,13.4,75.6,Americas
Argentina,2009,"11",125,0.427,13.4,75.6,Americas
Argentina,2009,"11",117,0.427,13.4,75.6,Americas
Argentina,2009,"11",88,0.427,13.4,75.6,Americas
Argentina,2009,"11",97,0.427,13.4,75.6,Americas
Argentina,2009,"11",123,0.349,13.4,75.6,Americas
Argentina,2009,"11",125,0.349,13.4,75.6,Americas
Argentina,2009,"11",117,0.349,13.4,75.6,Americas
Argentina,2009,"11",88,0.349,13.4,75.6,Americas
Argentina,2009,"11",97,0.349,13.4,75.6,Americas
Argentina,2009,"11",123,0.366,13.4,75.6,Americas
Argentina,2009,"11",125,0.366,13.4,75.6,Americas
Argentina,2009,"11",117,0.366,13.4,75.6,Americas
Argentina,2009,"11",88,0.366,13.4,75.6,Americas
Argentina,2009,"11",97,0.366,13.4,75.6,Americas
Argentina,2009,"12",83,0.275,13.4,75.6,Americas
Argentina,2009,"12",87,0.275,13.4,75.6,Americas
Argentina,2009,"12",63,0.275,13.4,75.6,Americas
Argentina,2009,"12",64,0.275,13.4,75.6,Americas
Argentina,2009,"12",83,0.4,13.4,75.6,Americas
Argentina,2009,"12",87,0.4,13.4,75.6,Americas
Argentina,2009,"12",63,0.4,13.4,75.6,Americas
Argentina,2009,"12",64,0.4,13.4,75.6,Americas
Argentina,2009,"12",83,0.412,13.4,75.6,Americas
Argentina,2009,"12",87,0.412,13.4,75.6,Americas
Argentina,2009,"12",63,0.412,13.4,75.6,Americas
Argentina,2009,"12",64,0.412,13.4,75.6,Americas
Argentina,2009,"12",83,0.388,13.4,75.6,Americas
Argentina,2009,"12",87,0.388,13.4,75.6,Americas
Argentina,2009,"12",63,0.388,13.4,75.6,Americas
Argentina,2009,"12",64,0.388,13.4,75.6,Americas
Argentina,2010,"01",67,0.482,13,75.8,Americas
Argentina,2010,"01",62,0.482,13,75.8,Americas
Argentina,2010,"01",62,0.482,13,75.8,Americas
Argentina,2010,"01",65,0.482,13,75.8,Americas
Argentina,2010,"01",67,0.482,13,75.8,Americas
Argentina,2010,"01",67,0.258,13,75.8,Americas
Argentina,2010,"01",62,0.258,13,75.8,Americas
Argentina,2010,"01",62,0.258,13,75.8,Americas
Argentina,2010,"01",65,0.258,13,75.8,Americas
Argentina,2010,"01",67,0.258,13,75.8,Americas
Argentina,2010,"01",67,0.361,13,75.8,Americas
Argentina,2010,"01",62,0.361,13,75.8,Americas
Argentina,2010,"01",62,0.361,13,75.8,Americas
Argentina,2010,"01",65,0.361,13,75.8,Americas
Argentina,2010,"01",67,0.361,13,75.8,Americas
Argentina,2010,"01",67,0.386,13,75.8,Americas
Argentina,2010,"01",62,0.386,13,75.8,Americas
Argentina,2010,"01",62,0.386,13,75.8,Americas
Argentina,2010,"01",65,0.386,13,75.8,Americas
Argentina,2010,"01",67,0.386,13,75.8,Americas
Argentina,2010,"01",67,0.21,13,75.8,Americas
Argentina,2010,"01",62,0.21,13,75.8,Americas
Argentina,2010,"01",62,0.21,13,75.8,Americas
Argentina,2010,"01",65,0.21,13,75.8,Americas
Argentina,2010,"01",67,0.21,13,75.8,Americas
Argentina,2010,"02",70,0.455,13,75.8,Americas
Argentina,2010,"02",68,0.455,13,75.8,Americas
Argentina,2010,"02",71,0.455,13,75.8,Americas
Argentina,2010,"02",70,0.455,13,75.8,Americas
Argentina,2010,"02",70,0.284,13,75.8,Americas
Argentina,2010,"02",68,0.284,13,75.8,Americas
Argentina,2010,"02",71,0.284,13,75.8,Americas
Argentina,2010,"02",70,0.284,13,75.8,Americas
Argentina,2010,"02",70,0.251,13,75.8,Americas
Argentina,2010,"02",68,0.251,13,75.8,Americas
Argentina,2010,"02",71,0.251,13,75.8,Americas
Argentina,2010,"02",70,0.251,13,75.8,Americas
Argentina,2010,"02",70,0.306,13,75.8,Americas
Argentina,2010,"02",68,0.306,13,75.8,Americas
Argentina,2010,"02",71,0.306,13,75.8,Americas
Argentina,2010,"02",70,0.306,13,75.8,Americas
Argentina,2010,"03",98,0.229,13,75.8,Americas
Argentina,2010,"03",92,0.229,13,75.8,Americas
Argentina,2010,"03",95,0.229,13,75.8,Americas
Argentina,2010,"03",71,0.229,13,75.8,Americas
Argentina,2010,"03",98,0.229,13,75.8,Americas
Argentina,2010,"03",92,0.229,13,75.8,Americas
Argentina,2010,"03",95,0.229,13,75.8,Americas
Argentina,2010,"03",71,0.229,13,75.8,Americas
Argentina,2010,"03",98,0.287,13,75.8,Americas
Argentina,2010,"03",92,0.287,13,75.8,Americas
Argentina,2010,"03",95,0.287,13,75.8,Americas
Argentina,2010,"03",71,0.287,13,75.8,Americas
Argentina,2010,"03",98,0.316,13,75.8,Americas
Argentina,2010,"03",92,0.316,13,75.8,Americas
Argentina,2010,"03",95,0.316,13,75.8,Americas
Argentina,2010,"03",71,0.316,13,75.8,Americas
Argentina,2010,"04",142,0.147,13,75.8,Americas
Argentina,2010,"04",109,0.147,13,75.8,Americas
Argentina,2010,"04",114,0.147,13,75.8,Americas
Argentina,2010,"04",127,0.147,13,75.8,Americas
Argentina,2010,"04",142,0.104,13,75.8,Americas
Argentina,2010,"04",109,0.104,13,75.8,Americas
Argentina,2010,"04",114,0.104,13,75.8,Americas
Argentina,2010,"04",127,0.104,13,75.8,Americas
Argentina,2010,"04",142,0.142,13,75.8,Americas
Argentina,2010,"04",109,0.142,13,75.8,Americas
Argentina,2010,"04",114,0.142,13,75.8,Americas
Argentina,2010,"04",127,0.142,13,75.8,Americas
Argentina,2010,"04",142,0.181,13,75.8,Americas
Argentina,2010,"04",109,0.181,13,75.8,Americas
Argentina,2010,"04",114,0.181,13,75.8,Americas
Argentina,2010,"04",127,0.181,13,75.8,Americas
Argentina,2010,"05",186,0.07,13,75.8,Americas
Argentina,2010,"05",163,0.07,13,75.8,Americas
Argentina,2010,"05",180,0.07,13,75.8,Americas
Argentina,2010,"05",186,0.07,13,75.8,Americas
Argentina,2010,"05",134,0.07,13,75.8,Americas
Argentina,2010,"05",186,0.087,13,75.8,Americas
Argentina,2010,"05",163,0.087,13,75.8,Americas
Argentina,2010,"05",180,0.087,13,75.8,Americas
Argentina,2010,"05",186,0.087,13,75.8,Americas
Argentina,2010,"05",134,0.087,13,75.8,Americas
Argentina,2010,"05",186,0.06,13,75.8,Americas
Argentina,2010,"05",163,0.06,13,75.8,Americas
Argentina,2010,"05",180,0.06,13,75.8,Americas
Argentina,2010,"05",186,0.06,13,75.8,Americas
Argentina,2010,"05",134,0.06,13,75.8,Americas
Argentina,2010,"05",186,0.101,13,75.8,Americas
Argentina,2010,"05",163,0.101,13,75.8,Americas
Argentina,2010,"05",180,0.101,13,75.8,Americas
Argentina,2010,"05",186,0.101,13,75.8,Americas
Argentina,2010,"05",134,0.101,13,75.8,Americas
Argentina,2010,"05",186,0.07,13,75.8,Americas
Argentina,2010,"05",163,0.07,13,75.8,Americas
Argentina,2010,"05",180,0.07,13,75.8,Americas
Argentina,2010,"05",186,0.07,13,75.8,Americas
Argentina,2010,"05",134,0.07,13,75.8,Americas
Argentina,2010,"06",211,0.048,13,75.8,Americas
Argentina,2010,"06",207,0.048,13,75.8,Americas
Argentina,2010,"06",210,0.048,13,75.8,Americas
Argentina,2010,"06",196,0.048,13,75.8,Americas
Argentina,2010,"06",211,0.046,13,75.8,Americas
Argentina,2010,"06",207,0.046,13,75.8,Americas
Argentina,2010,"06",210,0.046,13,75.8,Americas
Argentina,2010,"06",196,0.046,13,75.8,Americas
Argentina,2010,"06",211,0.041,13,75.8,Americas
Argentina,2010,"06",207,0.041,13,75.8,Americas
Argentina,2010,"06",210,0.041,13,75.8,Americas
Argentina,2010,"06",196,0.041,13,75.8,Americas
Argentina,2010,"06",211,0.048,13,75.8,Americas
Argentina,2010,"06",207,0.048,13,75.8,Americas
Argentina,2010,"06",210,0.048,13,75.8,Americas
Argentina,2010,"06",196,0.048,13,75.8,Americas
Argentina,2010,"07",187,0.029,13,75.8,Americas
Argentina,2010,"07",200,0.029,13,75.8,Americas
Argentina,2010,"07",192,0.029,13,75.8,Americas
Argentina,2010,"07",185,0.029,13,75.8,Americas
Argentina,2010,"07",187,0.034,13,75.8,Americas
Argentina,2010,"07",200,0.034,13,75.8,Americas
Argentina,2010,"07",192,0.034,13,75.8,Americas
Argentina,2010,"07",185,0.034,13,75.8,Americas
Argentina,2010,"07",187,0.022,13,75.8,Americas
Argentina,2010,"07",200,0.022,13,75.8,Americas
Argentina,2010,"07",192,0.022,13,75.8,Americas
Argentina,2010,"07",185,0.022,13,75.8,Americas
Argentina,2010,"07",187,0.034,13,75.8,Americas
Argentina,2010,"07",200,0.034,13,75.8,Americas
Argentina,2010,"07",192,0.034,13,75.8,Americas
Argentina,2010,"07",185,0.034,13,75.8,Americas
Argentina,2010,"08",175,0.036,13,75.8,Americas
Argentina,2010,"08",181,0.036,13,75.8,Americas
Argentina,2010,"08",194,0.036,13,75.8,Americas
Argentina,2010,"08",187,0.036,13,75.8,Americas
Argentina,2010,"08",165,0.036,13,75.8,Americas
Argentina,2010,"08",175,0.034,13,75.8,Americas
Argentina,2010,"08",181,0.034,13,75.8,Americas
Argentina,2010,"08",194,0.034,13,75.8,Americas
Argentina,2010,"08",187,0.034,13,75.8,Americas
Argentina,2010,"08",165,0.034,13,75.8,Americas
Argentina,2010,"08",175,0.048,13,75.8,Americas
Argentina,2010,"08",181,0.048,13,75.8,Americas
Argentina,2010,"08",194,0.048,13,75.8,Americas
Argentina,2010,"08",187,0.048,13,75.8,Americas
Argentina,2010,"08",165,0.048,13,75.8,Americas
Argentina,2010,"08",175,0.036,13,75.8,Americas
Argentina,2010,"08",181,0.036,13,75.8,Americas
Argentina,2010,"08",194,0.036,13,75.8,Americas
Argentina,2010,"08",187,0.036,13,75.8,Americas
Argentina,2010,"08",165,0.036,13,75.8,Americas
Argentina,2010,"08",175,0.039,13,75.8,Americas
Argentina,2010,"08",181,0.039,13,75.8,Americas
Argentina,2010,"08",194,0.039,13,75.8,Americas
Argentina,2010,"08",187,0.039,13,75.8,Americas
Argentina,2010,"08",165,0.039,13,75.8,Americas
Argentina,2010,"09",153,0.046,13,75.8,Americas
Argentina,2010,"09",143,0.046,13,75.8,Americas
Argentina,2010,"09",150,0.046,13,75.8,Americas
Argentina,2010,"09",138,0.046,13,75.8,Americas
Argentina,2010,"09",153,0.06,13,75.8,Americas
Argentina,2010,"09",143,0.06,13,75.8,Americas
Argentina,2010,"09",150,0.06,13,75.8,Americas
Argentina,2010,"09",138,0.06,13,75.8,Americas
Argentina,2010,"09",153,0.039,13,75.8,Americas
Argentina,2010,"09",143,0.039,13,75.8,Americas
Argentina,2010,"09",150,0.039,13,75.8,Americas
Argentina,2010,"09",138,0.039,13,75.8,Americas
Argentina,2010,"09",153,0.039,13,75.8,Americas
Argentina,2010,"09",143,0.039,13,75.8,Americas
Argentina,2010,"09",150,0.039,13,75.8,Americas
Argentina,2010,"09",138,0.039,13,75.8,Americas
Argentina,2010,"10",145,0.072,13,75.8,Americas
Argentina,2010,"10",146,0.072,13,75.8,Americas
Argentina,2010,"10",149,0.072,13,75.8,Americas
Argentina,2010,"10",155,0.072,13,75.8,Americas
Argentina,2010,"10",154,0.072,13,75.8,Americas
Argentina,2010,"10",145,0.12,13,75.8,Americas
Argentina,2010,"10",146,0.12,13,75.8,Americas
Argentina,2010,"10",149,0.12,13,75.8,Americas
Argentina,2010,"10",155,0.12,13,75.8,Americas
Argentina,2010,"10",154,0.12,13,75.8,Americas
Argentina,2010,"10",145,0.082,13,75.8,Americas
Argentina,2010,"10",146,0.082,13,75.8,Americas
Argentina,2010,"10",149,0.082,13,75.8,Americas
Argentina,2010,"10",155,0.082,13,75.8,Americas
Argentina,2010,"10",154,0.082,13,75.8,Americas
Argentina,2010,"10",145,0.075,13,75.8,Americas
Argentina,2010,"10",146,0.075,13,75.8,Americas
Argentina,2010,"10",149,0.075,13,75.8,Americas
Argentina,2010,"10",155,0.075,13,75.8,Americas
Argentina,2010,"10",154,0.075,13,75.8,Americas
Argentina,2010,"10",145,0.084,13,75.8,Americas
Argentina,2010,"10",146,0.084,13,75.8,Americas
Argentina,2010,"10",149,0.084,13,75.8,Americas
Argentina,2010,"10",155,0.084,13,75.8,Americas
Argentina,2010,"10",154,0.084,13,75.8,Americas
Argentina,2010,"11",124,0.094,13,75.8,Americas
Argentina,2010,"11",139,0.094,13,75.8,Americas
Argentina,2010,"11",106,0.094,13,75.8,Americas
Argentina,2010,"11",133,0.094,13,75.8,Americas
Argentina,2010,"11",124,0.063,13,75.8,Americas
Argentina,2010,"11",139,0.063,13,75.8,Americas
Argentina,2010,"11",106,0.063,13,75.8,Americas
Argentina,2010,"11",133,0.063,13,75.8,Americas
Argentina,2010,"11",124,0.08,13,75.8,Americas
Argentina,2010,"11",139,0.08,13,75.8,Americas
Argentina,2010,"11",106,0.08,13,75.8,Americas
Argentina,2010,"11",133,0.08,13,75.8,Americas
Argentina,2010,"11",124,0.099,13,75.8,Americas
Argentina,2010,"11",139,0.099,13,75.8,Americas
Argentina,2010,"11",106,0.099,13,75.8,Americas
Argentina,2010,"11",133,0.099,13,75.8,Americas
Argentina,2010,"12",91,0.034,13,75.8,Americas
Argentina,2010,"12",71,0.034,13,75.8,Americas
Argentina,2010,"12",90,0.034,13,75.8,Americas
Argentina,2010,"12",70,0.034,13,75.8,Americas
Argentina,2010,"12",91,0.048,13,75.8,Americas
Argentina,2010,"12",71,0.048,13,75.8,Americas
Argentina,2010,"12",90,0.048,13,75.8,Americas
Argentina,2010,"12",70,0.048,13,75.8,Americas
Argentina,2010,"12",91,0.039,13,75.8,Americas
Argentina,2010,"12",71,0.039,13,75.8,Americas
Argentina,2010,"12",90,0.039,13,75.8,Americas
Argentina,2010,"12",70,0.039,13,75.8,Americas
Argentina,2010,"12",91,0.036,13,75.8,Americas
Argentina,2010,"12",71,0.036,13,75.8,Americas
Argentina,2010,"12",90,0.036,13,75.8,Americas
Argentina,2010,"12",70,0.036,13,75.8,Americas
Argentina,2011,"01",67,0.041,12.7,76,Americas
Argentina,2011,"01",63,0.041,12.7,76,Americas
Argentina,2011,"01",65,0.041,12.7,76,Americas
Argentina,2011,"01",62,0.041,12.7,76,Americas
Argentina,2011,"01",67,0.041,12.7,76,Americas
Argentina,2011,"01",67,0.053,12.7,76,Americas
Argentina,2011,"01",63,0.053,12.7,76,Americas
Argentina,2011,"01",65,0.053,12.7,76,Americas
Argentina,2011,"01",62,0.053,12.7,76,Americas
Argentina,2011,"01",67,0.053,12.7,76,Americas
Argentina,2011,"01",67,0.041,12.7,76,Americas
Argentina,2011,"01",63,0.041,12.7,76,Americas
Argentina,2011,"01",65,0.041,12.7,76,Americas
Argentina,2011,"01",62,0.041,12.7,76,Americas
Argentina,2011,"01",67,0.041,12.7,76,Americas
Argentina,2011,"01",67,0.063,12.7,76,Americas
Argentina,2011,"01",63,0.063,12.7,76,Americas
Argentina,2011,"01",65,0.063,12.7,76,Americas
Argentina,2011,"01",62,0.063,12.7,76,Americas
Argentina,2011,"01",67,0.063,12.7,76,Americas
Argentina,2011,"01",67,0.077,12.7,76,Americas
Argentina,2011,"01",63,0.077,12.7,76,Americas
Argentina,2011,"01",65,0.077,12.7,76,Americas
Argentina,2011,"01",62,0.077,12.7,76,Americas
Argentina,2011,"01",67,0.077,12.7,76,Americas
Argentina,2011,"02",67,0.087,12.7,76,Americas
Argentina,2011,"02",67,0.087,12.7,76,Americas
Argentina,2011,"02",62,0.087,12.7,76,Americas
Argentina,2011,"02",62,0.087,12.7,76,Americas
Argentina,2011,"02",67,0.077,12.7,76,Americas
Argentina,2011,"02",67,0.077,12.7,76,Americas
Argentina,2011,"02",62,0.077,12.7,76,Americas
Argentina,2011,"02",62,0.077,12.7,76,Americas
Argentina,2011,"02",67,0.089,12.7,76,Americas
Argentina,2011,"02",67,0.089,12.7,76,Americas
Argentina,2011,"02",62,0.089,12.7,76,Americas
Argentina,2011,"02",62,0.089,12.7,76,Americas
Argentina,2011,"02",67,0.087,12.7,76,Americas
Argentina,2011,"02",67,0.087,12.7,76,Americas
Argentina,2011,"02",62,0.087,12.7,76,Americas
Argentina,2011,"02",62,0.087,12.7,76,Americas
Argentina,2011,"03",61,0.193,12.7,76,Americas
Argentina,2011,"03",77,0.193,12.7,76,Americas
Argentina,2011,"03",89,0.193,12.7,76,Americas
Argentina,2011,"03",104,0.193,12.7,76,Americas
Argentina,2011,"03",61,0.202,12.7,76,Americas
Argentina,2011,"03",77,0.202,12.7,76,Americas
Argentina,2011,"03",89,0.202,12.7,76,Americas
Argentina,2011,"03",104,0.202,12.7,76,Americas
Argentina,2011,"03",61,0.202,12.7,76,Americas
Argentina,2011,"03",77,0.202,12.7,76,Americas
Argentina,2011,"03",89,0.202,12.7,76,Americas
Argentina,2011,"03",104,0.202,12.7,76,Americas
Argentina,2011,"03",61,0.142,12.7,76,Americas
Argentina,2011,"03",77,0.142,12.7,76,Americas
Argentina,2011,"03",89,0.142,12.7,76,Americas
Argentina,2011,"03",104,0.142,12.7,76,Americas
Argentina,2011,"04",115,0.169,12.7,76,Americas
Argentina,2011,"04",107,0.169,12.7,76,Americas
Argentina,2011,"04",106,0.169,12.7,76,Americas
Argentina,2011,"04",99,0.169,12.7,76,Americas
Argentina,2011,"04",115,0.099,12.7,76,Americas
Argentina,2011,"04",107,0.099,12.7,76,Americas
Argentina,2011,"04",106,0.099,12.7,76,Americas
Argentina,2011,"04",99,0.099,12.7,76,Americas
Argentina,2011,"04",115,0.207,12.7,76,Americas
Argentina,2011,"04",107,0.207,12.7,76,Americas
Argentina,2011,"04",106,0.207,12.7,76,Americas
Argentina,2011,"04",99,0.207,12.7,76,Americas
Argentina,2011,"04",115,0.096,12.7,76,Americas
Argentina,2011,"04",107,0.096,12.7,76,Americas
Argentina,2011,"04",106,0.096,12.7,76,Americas
Argentina,2011,"04",99,0.096,12.7,76,Americas
Argentina,2011,"05",134,0.055,12.7,76,Americas
Argentina,2011,"05",120,0.055,12.7,76,Americas
Argentina,2011,"05",126,0.055,12.7,76,Americas
Argentina,2011,"05",154,0.055,12.7,76,Americas
Argentina,2011,"05",137,0.055,12.7,76,Americas
Argentina,2011,"05",134,0.089,12.7,76,Americas
Argentina,2011,"05",120,0.089,12.7,76,Americas
Argentina,2011,"05",126,0.089,12.7,76,Americas
Argentina,2011,"05",154,0.089,12.7,76,Americas
Argentina,2011,"05",137,0.089,12.7,76,Americas
Argentina,2011,"05",134,0.077,12.7,76,Americas
Argentina,2011,"05",120,0.077,12.7,76,Americas
Argentina,2011,"05",126,0.077,12.7,76,Americas
Argentina,2011,"05",154,0.077,12.7,76,Americas
Argentina,2011,"05",137,0.077,12.7,76,Americas
Argentina,2011,"05",134,0.053,12.7,76,Americas
Argentina,2011,"05",120,0.053,12.7,76,Americas
Argentina,2011,"05",126,0.053,12.7,76,Americas
Argentina,2011,"05",154,0.053,12.7,76,Americas
Argentina,2011,"05",137,0.053,12.7,76,Americas
Argentina,2011,"05",134,0.072,12.7,76,Americas
Argentina,2011,"05",120,0.072,12.7,76,Americas
Argentina,2011,"05",126,0.072,12.7,76,Americas
Argentina,2011,"05",154,0.072,12.7,76,Americas
Argentina,2011,"05",137,0.072,12.7,76,Americas
Argentina,2011,"06",173,0.043,12.7,76,Americas
Argentina,2011,"06",162,0.043,12.7,76,Americas
Argentina,2011,"06",179,0.043,12.7,76,Americas
Argentina,2011,"06",160,0.043,12.7,76,Americas
Argentina,2011,"06",173,0.041,12.7,76,Americas
Argentina,2011,"06",162,0.041,12.7,76,Americas
Argentina,2011,"06",179,0.041,12.7,76,Americas
Argentina,2011,"06",160,0.041,12.7,76,Americas
Argentina,2011,"06",173,0.055,12.7,76,Americas
Argentina,2011,"06",162,0.055,12.7,76,Americas
Argentina,2011,"06",179,0.055,12.7,76,Americas
Argentina,2011,"06",160,0.055,12.7,76,Americas
Argentina,2011,"06",173,0.041,12.7,76,Americas
Argentina,2011,"06",162,0.041,12.7,76,Americas
Argentina,2011,"06",179,0.041,12.7,76,Americas
Argentina,2011,"06",160,0.041,12.7,76,Americas
Argentina,2011,"07",144,0.029,12.7,76,Americas
Argentina,2011,"07",190,0.029,12.7,76,Americas
Argentina,2011,"07",189,0.029,12.7,76,Americas
Argentina,2011,"07",165,0.029,12.7,76,Americas
Argentina,2011,"07",146,0.029,12.7,76,Americas
Argentina,2011,"07",144,0.029,12.7,76,Americas
Argentina,2011,"07",190,0.029,12.7,76,Americas
Argentina,2011,"07",189,0.029,12.7,76,Americas
Argentina,2011,"07",165,0.029,12.7,76,Americas
Argentina,2011,"07",146,0.029,12.7,76,Americas
Argentina,2011,"07",144,0.014,12.7,76,Americas
Argentina,2011,"07",190,0.014,12.7,76,Americas
Argentina,2011,"07",189,0.014,12.7,76,Americas
Argentina,2011,"07",165,0.014,12.7,76,Americas
Argentina,2011,"07",146,0.014,12.7,76,Americas
Argentina,2011,"07",144,0.024,12.7,76,Americas
Argentina,2011,"07",190,0.024,12.7,76,Americas
Argentina,2011,"07",189,0.024,12.7,76,Americas
Argentina,2011,"07",165,0.024,12.7,76,Americas
Argentina,2011,"07",146,0.024,12.7,76,Americas
Argentina,2011,"07",144,0.029,12.7,76,Americas
Argentina,2011,"07",190,0.029,12.7,76,Americas
Argentina,2011,"07",189,0.029,12.7,76,Americas
Argentina,2011,"07",165,0.029,12.7,76,Americas
Argentina,2011,"07",146,0.029,12.7,76,Americas
Argentina,2011,"08",147,0.029,12.7,76,Americas
Argentina,2011,"08",152,0.029,12.7,76,Americas
Argentina,2011,"08",140,0.029,12.7,76,Americas
Argentina,2011,"08",134,0.029,12.7,76,Americas
Argentina,2011,"08",147,0.029,12.7,76,Americas
Argentina,2011,"08",152,0.029,12.7,76,Americas
Argentina,2011,"08",140,0.029,12.7,76,Americas
Argentina,2011,"08",134,0.029,12.7,76,Americas
Argentina,2011,"08",147,0.024,12.7,76,Americas
Argentina,2011,"08",152,0.024,12.7,76,Americas
Argentina,2011,"08",140,0.024,12.7,76,Americas
Argentina,2011,"08",134,0.024,12.7,76,Americas
Argentina,2011,"08",147,0.027,12.7,76,Americas
Argentina,2011,"08",152,0.027,12.7,76,Americas
Argentina,2011,"08",140,0.027,12.7,76,Americas
Argentina,2011,"08",134,0.027,12.7,76,Americas
Argentina,2011,"09",100,0.029,12.7,76,Americas
Argentina,2011,"09",145,0.029,12.7,76,Americas
Argentina,2011,"09",116,0.029,12.7,76,Americas
Argentina,2011,"09",95,0.029,12.7,76,Americas
Argentina,2011,"09",100,0.019,12.7,76,Americas
Argentina,2011,"09",145,0.019,12.7,76,Americas
Argentina,2011,"09",116,0.019,12.7,76,Americas
Argentina,2011,"09",95,0.019,12.7,76,Americas
Argentina,2011,"09",100,0.019,12.7,76,Americas
Argentina,2011,"09",145,0.019,12.7,76,Americas
Argentina,2011,"09",116,0.019,12.7,76,Americas
Argentina,2011,"09",95,0.019,12.7,76,Americas
Argentina,2011,"09",100,0.029,12.7,76,Americas
Argentina,2011,"09",145,0.029,12.7,76,Americas
Argentina,2011,"09",116,0.029,12.7,76,Americas
Argentina,2011,"09",95,0.029,12.7,76,Americas
Argentina,2011,"10",81,0.029,12.7,76,Americas
Argentina,2011,"10",88,0.029,12.7,76,Americas
Argentina,2011,"10",89,0.029,12.7,76,Americas
Argentina,2011,"10",91,0.029,12.7,76,Americas
Argentina,2011,"10",92,0.029,12.7,76,Americas
Argentina,2011,"10",81,0.027,12.7,76,Americas
Argentina,2011,"10",88,0.027,12.7,76,Americas
Argentina,2011,"10",89,0.027,12.7,76,Americas
Argentina,2011,"10",91,0.027,12.7,76,Americas
Argentina,2011,"10",92,0.027,12.7,76,Americas
Argentina,2011,"10",81,0.024,12.7,76,Americas
Argentina,2011,"10",88,0.024,12.7,76,Americas
Argentina,2011,"10",89,0.024,12.7,76,Americas
Argentina,2011,"10",91,0.024,12.7,76,Americas
Argentina,2011,"10",92,0.024,12.7,76,Americas
Argentina,2011,"10",81,0.034,12.7,76,Americas
Argentina,2011,"10",88,0.034,12.7,76,Americas
Argentina,2011,"10",89,0.034,12.7,76,Americas
Argentina,2011,"10",91,0.034,12.7,76,Americas
Argentina,2011,"10",92,0.034,12.7,76,Americas
Argentina,2011,"10",81,0.031,12.7,76,Americas
Argentina,2011,"10",88,0.031,12.7,76,Americas
Argentina,2011,"10",89,0.031,12.7,76,Americas
Argentina,2011,"10",91,0.031,12.7,76,Americas
Argentina,2011,"10",92,0.031,12.7,76,Americas
Argentina,2011,"11",77,0.036,12.7,76,Americas
Argentina,2011,"11",68,0.036,12.7,76,Americas
Argentina,2011,"11",85,0.036,12.7,76,Americas
Argentina,2011,"11",85,0.036,12.7,76,Americas
Argentina,2011,"11",77,0.043,12.7,76,Americas
Argentina,2011,"11",68,0.043,12.7,76,Americas
Argentina,2011,"11",85,0.043,12.7,76,Americas
Argentina,2011,"11",85,0.043,12.7,76,Americas
Argentina,2011,"11",77,0.039,12.7,76,Americas
Argentina,2011,"11",68,0.039,12.7,76,Americas
Argentina,2011,"11",85,0.039,12.7,76,Americas
Argentina,2011,"11",85,0.039,12.7,76,Americas
Argentina,2011,"11",77,0.041,12.7,76,Americas
Argentina,2011,"11",68,0.041,12.7,76,Americas
Argentina,2011,"11",85,0.041,12.7,76,Americas
Argentina,2011,"11",85,0.041,12.7,76,Americas
Argentina,2011,"12",62,0.024,12.7,76,Americas
Argentina,2011,"12",57,0.024,12.7,76,Americas
Argentina,2011,"12",62,0.024,12.7,76,Americas
Argentina,2011,"12",56,0.024,12.7,76,Americas
Argentina,2011,"12",62,0.024,12.7,76,Americas
Argentina,2011,"12",57,0.024,12.7,76,Americas
Argentina,2011,"12",62,0.024,12.7,76,Americas
Argentina,2011,"12",56,0.024,12.7,76,Americas
Argentina,2011,"12",62,0.029,12.7,76,Americas
Argentina,2011,"12",57,0.029,12.7,76,Americas
Argentina,2011,"12",62,0.029,12.7,76,Americas
Argentina,2011,"12",56,0.029,12.7,76,Americas
Argentina,2011,"12",62,0.024,12.7,76,Americas
Argentina,2011,"12",57,0.024,12.7,76,Americas
Argentina,2011,"12",62,0.024,12.7,76,Americas
Argentina,2011,"12",56,0.024,12.7,76,Americas
Argentina,2012,"01",56,0.039,12.3,76.1,Americas
Argentina,2012,"01",57,0.039,12.3,76.1,Americas
Argentina,2012,"01",55,0.039,12.3,76.1,Americas
Argentina,2012,"01",58,0.039,12.3,76.1,Americas
Argentina,2012,"01",56,0.039,12.3,76.1,Americas
Argentina,2012,"01",56,0.055,12.3,76.1,Americas
Argentina,2012,"01",57,0.055,12.3,76.1,Americas
Argentina,2012,"01",55,0.055,12.3,76.1,Americas
Argentina,2012,"01",58,0.055,12.3,76.1,Americas
Argentina,2012,"01",56,0.055,12.3,76.1,Americas
Argentina,2012,"01",56,0.034,12.3,76.1,Americas
Argentina,2012,"01",57,0.034,12.3,76.1,Americas
Argentina,2012,"01",55,0.034,12.3,76.1,Americas
Argentina,2012,"01",58,0.034,12.3,76.1,Americas
Argentina,2012,"01",56,0.034,12.3,76.1,Americas
Argentina,2012,"01",56,0.036,12.3,76.1,Americas
Argentina,2012,"01",57,0.036,12.3,76.1,Americas
Argentina,2012,"01",55,0.036,12.3,76.1,Americas
Argentina,2012,"01",58,0.036,12.3,76.1,Americas
Argentina,2012,"01",56,0.036,12.3,76.1,Americas
Argentina,2012,"01",56,0.036,12.3,76.1,Americas
Argentina,2012,"01",57,0.036,12.3,76.1,Americas
Argentina,2012,"01",55,0.036,12.3,76.1,Americas
Argentina,2012,"01",58,0.036,12.3,76.1,Americas
Argentina,2012,"01",56,0.036,12.3,76.1,Americas
Argentina,2012,"02",57,0.077,12.3,76.1,Americas
Argentina,2012,"02",63,0.077,12.3,76.1,Americas
Argentina,2012,"02",54,0.077,12.3,76.1,Americas
Argentina,2012,"02",56,0.077,12.3,76.1,Americas
Argentina,2012,"02",57,0.092,12.3,76.1,Americas
Argentina,2012,"02",63,0.092,12.3,76.1,Americas
Argentina,2012,"02",54,0.092,12.3,76.1,Americas
Argentina,2012,"02",56,0.092,12.3,76.1,Americas
Argentina,2012,"02",57,0.089,12.3,76.1,Americas
Argentina,2012,"02",63,0.089,12.3,76.1,Americas
Argentina,2012,"02",54,0.089,12.3,76.1,Americas
Argentina,2012,"02",56,0.089,12.3,76.1,Americas
Argentina,2012,"02",57,0.077,12.3,76.1,Americas
Argentina,2012,"02",63,0.077,12.3,76.1,Americas
Argentina,2012,"02",54,0.077,12.3,76.1,Americas
Argentina,2012,"02",56,0.077,12.3,76.1,Americas
Argentina,2012,"03",72,0.058,12.3,76.1,Americas
Argentina,2012,"03",92,0.058,12.3,76.1,Americas
Argentina,2012,"03",64,0.058,12.3,76.1,Americas
Argentina,2012,"03",79,0.058,12.3,76.1,Americas
Argentina,2012,"03",72,0.07,12.3,76.1,Americas
Argentina,2012,"03",92,0.07,12.3,76.1,Americas
Argentina,2012,"03",64,0.07,12.3,76.1,Americas
Argentina,2012,"03",79,0.07,12.3,76.1,Americas
Argentina,2012,"03",72,0.08,12.3,76.1,Americas
Argentina,2012,"03",92,0.08,12.3,76.1,Americas
Argentina,2012,"03",64,0.08,12.3,76.1,Americas
Argentina,2012,"03",79,0.08,12.3,76.1,Americas
Argentina,2012,"03",72,0.07,12.3,76.1,Americas
Argentina,2012,"03",92,0.07,12.3,76.1,Americas
Argentina,2012,"03",64,0.07,12.3,76.1,Americas
Argentina,2012,"03",79,0.07,12.3,76.1,Americas
Argentina,2012,"04",98,0.029,12.3,76.1,Americas
Argentina,2012,"04",93,0.029,12.3,76.1,Americas
Argentina,2012,"04",96,0.029,12.3,76.1,Americas
Argentina,2012,"04",86,0.029,12.3,76.1,Americas
Argentina,2012,"04",108,0.029,12.3,76.1,Americas
Argentina,2012,"04",98,0.055,12.3,76.1,Americas
Argentina,2012,"04",93,0.055,12.3,76.1,Americas
Argentina,2012,"04",96,0.055,12.3,76.1,Americas
Argentina,2012,"04",86,0.055,12.3,76.1,Americas
Argentina,2012,"04",108,0.055,12.3,76.1,Americas
Argentina,2012,"04",98,0.055,12.3,76.1,Americas
Argentina,2012,"04",93,0.055,12.3,76.1,Americas
Argentina,2012,"04",96,0.055,12.3,76.1,Americas
Argentina,2012,"04",86,0.055,12.3,76.1,Americas
Argentina,2012,"04",108,0.055,12.3,76.1,Americas
Argentina,2012,"04",98,0.046,12.3,76.1,Americas
Argentina,2012,"04",93,0.046,12.3,76.1,Americas
Argentina,2012,"04",96,0.046,12.3,76.1,Americas
Argentina,2012,"04",86,0.046,12.3,76.1,Americas
Argentina,2012,"04",108,0.046,12.3,76.1,Americas
Argentina,2012,"04",98,0.034,12.3,76.1,Americas
Argentina,2012,"04",93,0.034,12.3,76.1,Americas
Argentina,2012,"04",96,0.034,12.3,76.1,Americas
Argentina,2012,"04",86,0.034,12.3,76.1,Americas
Argentina,2012,"04",108,0.034,12.3,76.1,Americas
Argentina,2012,"05",121,0.043,12.3,76.1,Americas
Argentina,2012,"05",160,0.043,12.3,76.1,Americas
Argentina,2012,"05",143,0.043,12.3,76.1,Americas
Argentina,2012,"05",132,0.043,12.3,76.1,Americas
Argentina,2012,"05",121,0.039,12.3,76.1,Americas
Argentina,2012,"05",160,0.039,12.3,76.1,Americas
Argentina,2012,"05",143,0.039,12.3,76.1,Americas
Argentina,2012,"05",132,0.039,12.3,76.1,Americas
Argentina,2012,"05",121,0.034,12.3,76.1,Americas
Argentina,2012,"05",160,0.034,12.3,76.1,Americas
Argentina,2012,"05",143,0.034,12.3,76.1,Americas
Argentina,2012,"05",132,0.034,12.3,76.1,Americas
Argentina,2012,"05",121,0.043,12.3,76.1,Americas
Argentina,2012,"05",160,0.043,12.3,76.1,Americas
Argentina,2012,"05",143,0.043,12.3,76.1,Americas
Argentina,2012,"05",132,0.043,12.3,76.1,Americas
Argentina,2012,"06",184,0.024,12.3,76.1,Americas
Argentina,2012,"06",200,0.024,12.3,76.1,Americas
Argentina,2012,"06",191,0.024,12.3,76.1,Americas
Argentina,2012,"06",197,0.024,12.3,76.1,Americas
Argentina,2012,"06",184,0.031,12.3,76.1,Americas
Argentina,2012,"06",200,0.031,12.3,76.1,Americas
Argentina,2012,"06",191,0.031,12.3,76.1,Americas
Argentina,2012,"06",197,0.031,12.3,76.1,Americas
Argentina,2012,"06",184,0.027,12.3,76.1,Americas
Argentina,2012,"06",200,0.027,12.3,76.1,Americas
Argentina,2012,"06",191,0.027,12.3,76.1,Americas
Argentina,2012,"06",197,0.027,12.3,76.1,Americas
Argentina,2012,"06",184,0.029,12.3,76.1,Americas
Argentina,2012,"06",200,0.029,12.3,76.1,Americas
Argentina,2012,"06",191,0.029,12.3,76.1,Americas
Argentina,2012,"06",197,0.029,12.3,76.1,Americas
Argentina,2012,"07",157,0.017,12.3,76.1,Americas
Argentina,2012,"07",152,0.017,12.3,76.1,Americas
Argentina,2012,"07",148,0.017,12.3,76.1,Americas
Argentina,2012,"07",166,0.017,12.3,76.1,Americas
Argentina,2012,"07",171,0.017,12.3,76.1,Americas
Argentina,2012,"07",157,0.012,12.3,76.1,Americas
Argentina,2012,"07",152,0.012,12.3,76.1,Americas
Argentina,2012,"07",148,0.012,12.3,76.1,Americas
Argentina,2012,"07",166,0.012,12.3,76.1,Americas
Argentina,2012,"07",171,0.012,12.3,76.1,Americas
Argentina,2012,"07",157,0.012,12.3,76.1,Americas
Argentina,2012,"07",152,0.012,12.3,76.1,Americas
Argentina,2012,"07",148,0.012,12.3,76.1,Americas
Argentina,2012,"07",166,0.012,12.3,76.1,Americas
Argentina,2012,"07",171,0.012,12.3,76.1,Americas
Argentina,2012,"07",157,0.019,12.3,76.1,Americas
Argentina,2012,"07",152,0.019,12.3,76.1,Americas
Argentina,2012,"07",148,0.019,12.3,76.1,Americas
Argentina,2012,"07",166,0.019,12.3,76.1,Americas
Argentina,2012,"07",171,0.019,12.3,76.1,Americas
Argentina,2012,"07",157,0.017,12.3,76.1,Americas
Argentina,2012,"07",152,0.017,12.3,76.1,Americas
Argentina,2012,"07",148,0.017,12.3,76.1,Americas
Argentina,2012,"07",166,0.017,12.3,76.1,Americas
Argentina,2012,"07",171,0.017,12.3,76.1,Americas
Argentina,2012,"08",147,0.024,12.3,76.1,Americas
Argentina,2012,"08",168,0.024,12.3,76.1,Americas
Argentina,2012,"08",159,0.024,12.3,76.1,Americas
Argentina,2012,"08",144,0.024,12.3,76.1,Americas
Argentina,2012,"08",147,0.017,12.3,76.1,Americas
Argentina,2012,"08",168,0.017,12.3,76.1,Americas
Argentina,2012,"08",159,0.017,12.3,76.1,Americas
Argentina,2012,"08",144,0.017,12.3,76.1,Americas
Argentina,2012,"08",147,0.017,12.3,76.1,Americas
Argentina,2012,"08",168,0.017,12.3,76.1,Americas
Argentina,2012,"08",159,0.017,12.3,76.1,Americas
Argentina,2012,"08",144,0.017,12.3,76.1,Americas
Argentina,2012,"08",147,0.019,12.3,76.1,Americas
Argentina,2012,"08",168,0.019,12.3,76.1,Americas
Argentina,2012,"08",159,0.019,12.3,76.1,Americas
Argentina,2012,"08",144,0.019,12.3,76.1,Americas
Argentina,2012,"09",147,0.029,12.3,76.1,Americas
Argentina,2012,"09",166,0.029,12.3,76.1,Americas
Argentina,2012,"09",175,0.029,12.3,76.1,Americas
Argentina,2012,"09",164,0.029,12.3,76.1,Americas
Argentina,2012,"09",161,0.029,12.3,76.1,Americas
Argentina,2012,"09",147,0.039,12.3,76.1,Americas
Argentina,2012,"09",166,0.039,12.3,76.1,Americas
Argentina,2012,"09",175,0.039,12.3,76.1,Americas
Argentina,2012,"09",164,0.039,12.3,76.1,Americas
Argentina,2012,"09",161,0.039,12.3,76.1,Americas
Argentina,2012,"09",147,0.027,12.3,76.1,Americas
Argentina,2012,"09",166,0.027,12.3,76.1,Americas
Argentina,2012,"09",175,0.027,12.3,76.1,Americas
Argentina,2012,"09",164,0.027,12.3,76.1,Americas
Argentina,2012,"09",161,0.027,12.3,76.1,Americas
Argentina,2012,"09",147,0.027,12.3,76.1,Americas
Argentina,2012,"09",166,0.027,12.3,76.1,Americas
Argentina,2012,"09",175,0.027,12.3,76.1,Americas
Argentina,2012,"09",164,0.027,12.3,76.1,Americas
Argentina,2012,"09",161,0.027,12.3,76.1,Americas
Argentina,2012,"09",147,0.034,12.3,76.1,Americas
Argentina,2012,"09",166,0.034,12.3,76.1,Americas
Argentina,2012,"09",175,0.034,12.3,76.1,Americas
Argentina,2012,"09",164,0.034,12.3,76.1,Americas
Argentina,2012,"09",161,0.034,12.3,76.1,Americas
Argentina,2012,"10",141,0.031,12.3,76.1,Americas
Argentina,2012,"10",118,0.031,12.3,76.1,Americas
Argentina,2012,"10",132,0.031,12.3,76.1,Americas
Argentina,2012,"10",122,0.031,12.3,76.1,Americas
Argentina,2012,"10",141,0.043,12.3,76.1,Americas
Argentina,2012,"10",118,0.043,12.3,76.1,Americas
Argentina,2012,"10",132,0.043,12.3,76.1,Americas
Argentina,2012,"10",122,0.043,12.3,76.1,Americas
Argentina,2012,"10",141,0.036,12.3,76.1,Americas
Argentina,2012,"10",118,0.036,12.3,76.1,Americas
Argentina,2012,"10",132,0.036,12.3,76.1,Americas
Argentina,2012,"10",122,0.036,12.3,76.1,Americas
Argentina,2012,"10",141,0.027,12.3,76.1,Americas
Argentina,2012,"10",118,0.027,12.3,76.1,Americas
Argentina,2012,"10",132,0.027,12.3,76.1,Americas
Argentina,2012,"10",122,0.027,12.3,76.1,Americas
Argentina,2012,"11",105,0.043,12.3,76.1,Americas
Argentina,2012,"11",102,0.043,12.3,76.1,Americas
Argentina,2012,"11",98,0.043,12.3,76.1,Americas
Argentina,2012,"11",93,0.043,12.3,76.1,Americas
Argentina,2012,"11",105,0.041,12.3,76.1,Americas
Argentina,2012,"11",102,0.041,12.3,76.1,Americas
Argentina,2012,"11",98,0.041,12.3,76.1,Americas
Argentina,2012,"11",93,0.041,12.3,76.1,Americas
Argentina,2012,"11",105,0.041,12.3,76.1,Americas
Argentina,2012,"11",102,0.041,12.3,76.1,Americas
Argentina,2012,"11",98,0.041,12.3,76.1,Americas
Argentina,2012,"11",93,0.041,12.3,76.1,Americas
Argentina,2012,"11",105,0.041,12.3,76.1,Americas
Argentina,2012,"11",102,0.041,12.3,76.1,Americas
Argentina,2012,"11",98,0.041,12.3,76.1,Americas
Argentina,2012,"11",93,0.041,12.3,76.1,Americas
Argentina,2012,"12",84,0.034,12.3,76.1,Americas
Argentina,2012,"12",77,0.034,12.3,76.1,Americas
Argentina,2012,"12",76,0.034,12.3,76.1,Americas
Argentina,2012,"12",75,0.034,12.3,76.1,Americas
Argentina,2012,"12",79,0.034,12.3,76.1,Americas
Argentina,2012,"12",84,0.039,12.3,76.1,Americas
Argentina,2012,"12",77,0.039,12.3,76.1,Americas
Argentina,2012,"12",76,0.039,12.3,76.1,Americas
Argentina,2012,"12",75,0.039,12.3,76.1,Americas
Argentina,2012,"12",79,0.039,12.3,76.1,Americas
Argentina,2012,"12",84,0.031,12.3,76.1,Americas
Argentina,2012,"12",77,0.031,12.3,76.1,Americas
Argentina,2012,"12",76,0.031,12.3,76.1,Americas
Argentina,2012,"12",75,0.031,12.3,76.1,Americas
Argentina,2012,"12",79,0.031,12.3,76.1,Americas
Argentina,2012,"12",84,0.034,12.3,76.1,Americas
Argentina,2012,"12",77,0.034,12.3,76.1,Americas
Argentina,2012,"12",76,0.034,12.3,76.1,Americas
Argentina,2012,"12",75,0.034,12.3,76.1,Americas
Argentina,2012,"12",79,0.034,12.3,76.1,Americas
Argentina,2012,"12",84,0.029,12.3,76.1,Americas
Argentina,2012,"12",77,0.029,12.3,76.1,Americas
Argentina,2012,"12",76,0.029,12.3,76.1,Americas
Argentina,2012,"12",75,0.029,12.3,76.1,Americas
Argentina,2012,"12",79,0.029,12.3,76.1,Americas
Argentina,2013,"01",69,0.089,11.9,76.2,Americas
Argentina,2013,"01",71,0.089,11.9,76.2,Americas
Argentina,2013,"01",70,0.089,11.9,76.2,Americas
Argentina,2013,"01",72,0.089,11.9,76.2,Americas
Argentina,2013,"01",69,0.053,11.9,76.2,Americas
Argentina,2013,"01",71,0.053,11.9,76.2,Americas
Argentina,2013,"01",70,0.053,11.9,76.2,Americas
Argentina,2013,"01",72,0.053,11.9,76.2,Americas
Argentina,2013,"01",69,0.125,11.9,76.2,Americas
Argentina,2013,"01",71,0.125,11.9,76.2,Americas
Argentina,2013,"01",70,0.125,11.9,76.2,Americas
Argentina,2013,"01",72,0.125,11.9,76.2,Americas
Argentina,2013,"01",69,0.06,11.9,76.2,Americas
Argentina,2013,"01",71,0.06,11.9,76.2,Americas
Argentina,2013,"01",70,0.06,11.9,76.2,Americas
Argentina,2013,"01",72,0.06,11.9,76.2,Americas
Argentina,2013,"02",75,0.212,11.9,76.2,Americas
Argentina,2013,"02",78,0.212,11.9,76.2,Americas
Argentina,2013,"02",77,0.212,11.9,76.2,Americas
Argentina,2013,"02",78,0.212,11.9,76.2,Americas
Argentina,2013,"02",75,0.181,11.9,76.2,Americas
Argentina,2013,"02",78,0.181,11.9,76.2,Americas
Argentina,2013,"02",77,0.181,11.9,76.2,Americas
Argentina,2013,"02",78,0.181,11.9,76.2,Americas
Argentina,2013,"02",75,0.12,11.9,76.2,Americas
Argentina,2013,"02",78,0.12,11.9,76.2,Americas
Argentina,2013,"02",77,0.12,11.9,76.2,Americas
Argentina,2013,"02",78,0.12,11.9,76.2,Americas
Argentina,2013,"02",75,0.106,11.9,76.2,Americas
Argentina,2013,"02",78,0.106,11.9,76.2,Americas
Argentina,2013,"02",77,0.106,11.9,76.2,Americas
Argentina,2013,"02",78,0.106,11.9,76.2,Americas
Argentina,2013,"03",94,0.217,11.9,76.2,Americas
Argentina,2013,"03",107,0.217,11.9,76.2,Americas
Argentina,2013,"03",76,0.217,11.9,76.2,Americas
Argentina,2013,"03",84,0.217,11.9,76.2,Americas
Argentina,2013,"03",113,0.217,11.9,76.2,Americas
Argentina,2013,"03",94,0.154,11.9,76.2,Americas
Argentina,2013,"03",107,0.154,11.9,76.2,Americas
Argentina,2013,"03",76,0.154,11.9,76.2,Americas
Argentina,2013,"03",84,0.154,11.9,76.2,Americas
Argentina,2013,"03",113,0.154,11.9,76.2,Americas
Argentina,2013,"03",94,0.207,11.9,76.2,Americas
Argentina,2013,"03",107,0.207,11.9,76.2,Americas
Argentina,2013,"03",76,0.207,11.9,76.2,Americas
Argentina,2013,"03",84,0.207,11.9,76.2,Americas
Argentina,2013,"03",113,0.207,11.9,76.2,Americas
Argentina,2013,"03",94,0.188,11.9,76.2,Americas
Argentina,2013,"03",107,0.188,11.9,76.2,Americas
Argentina,2013,"03",76,0.188,11.9,76.2,Americas
Argentina,2013,"03",84,0.188,11.9,76.2,Americas
Argentina,2013,"03",113,0.188,11.9,76.2,Americas
Argentina,2013,"03",94,0.159,11.9,76.2,Americas
Argentina,2013,"03",107,0.159,11.9,76.2,Americas
Argentina,2013,"03",76,0.159,11.9,76.2,Americas
Argentina,2013,"03",84,0.159,11.9,76.2,Americas
Argentina,2013,"03",113,0.159,11.9,76.2,Americas
Argentina,2013,"04",106,0.152,11.9,76.2,Americas
Argentina,2013,"04",105,0.152,11.9,76.2,Americas
Argentina,2013,"04",95,0.152,11.9,76.2,Americas
Argentina,2013,"04",103,0.152,11.9,76.2,Americas
Argentina,2013,"04",106,0.154,11.9,76.2,Americas
Argentina,2013,"04",105,0.154,11.9,76.2,Americas
Argentina,2013,"04",95,0.154,11.9,76.2,Americas
Argentina,2013,"04",103,0.154,11.9,76.2,Americas
Argentina,2013,"04",106,0.176,11.9,76.2,Americas
Argentina,2013,"04",105,0.176,11.9,76.2,Americas
Argentina,2013,"04",95,0.176,11.9,76.2,Americas
Argentina,2013,"04",103,0.176,11.9,76.2,Americas
Argentina,2013,"04",106,0.234,11.9,76.2,Americas
Argentina,2013,"04",105,0.234,11.9,76.2,Americas
Argentina,2013,"04",95,0.234,11.9,76.2,Americas
Argentina,2013,"04",103,0.234,11.9,76.2,Americas
Argentina,2013,"05",109,0.096,11.9,76.2,Americas
Argentina,2013,"05",156,0.096,11.9,76.2,Americas
Argentina,2013,"05",180,0.096,11.9,76.2,Americas
Argentina,2013,"05",128,0.096,11.9,76.2,Americas
Argentina,2013,"05",109,0.152,11.9,76.2,Americas
Argentina,2013,"05",156,0.152,11.9,76.2,Americas
Argentina,2013,"05",180,0.152,11.9,76.2,Americas
Argentina,2013,"05",128,0.152,11.9,76.2,Americas
Argentina,2013,"05",109,0.137,11.9,76.2,Americas
Argentina,2013,"05",156,0.137,11.9,76.2,Americas
Argentina,2013,"05",180,0.137,11.9,76.2,Americas
Argentina,2013,"05",128,0.137,11.9,76.2,Americas
Argentina,2013,"05",109,0.082,11.9,76.2,Americas
Argentina,2013,"05",156,0.082,11.9,76.2,Americas
Argentina,2013,"05",180,0.082,11.9,76.2,Americas
Argentina,2013,"05",128,0.082,11.9,76.2,Americas
Argentina,2013,"06",207,0.077,11.9,76.2,Americas
Argentina,2013,"06",232,0.077,11.9,76.2,Americas
Argentina,2013,"06",221,0.077,11.9,76.2,Americas
Argentina,2013,"06",238,0.077,11.9,76.2,Americas
Argentina,2013,"06",218,0.077,11.9,76.2,Americas
Argentina,2013,"06",207,0.039,11.9,76.2,Americas
Argentina,2013,"06",232,0.039,11.9,76.2,Americas
Argentina,2013,"06",221,0.039,11.9,76.2,Americas
Argentina,2013,"06",238,0.039,11.9,76.2,Americas
Argentina,2013,"06",218,0.039,11.9,76.2,Americas
Argentina,2013,"06",207,0.051,11.9,76.2,Americas
Argentina,2013,"06",232,0.051,11.9,76.2,Americas
Argentina,2013,"06",221,0.051,11.9,76.2,Americas
Argentina,2013,"06",238,0.051,11.9,76.2,Americas
Argentina,2013,"06",218,0.051,11.9,76.2,Americas
Argentina,2013,"06",207,0.067,11.9,76.2,Americas
Argentina,2013,"06",232,0.067,11.9,76.2,Americas
Argentina,2013,"06",221,0.067,11.9,76.2,Americas
Argentina,2013,"06",238,0.067,11.9,76.2,Americas
Argentina,2013,"06",218,0.067,11.9,76.2,Americas
Argentina,2013,"06",207,0.048,11.9,76.2,Americas
Argentina,2013,"06",232,0.048,11.9,76.2,Americas
Argentina,2013,"06",221,0.048,11.9,76.2,Americas
Argentina,2013,"06",238,0.048,11.9,76.2,Americas
Argentina,2013,"06",218,0.048,11.9,76.2,Americas
Argentina,2013,"07",173,0.019,11.9,76.2,Americas
Argentina,2013,"07",187,0.019,11.9,76.2,Americas
Argentina,2013,"07",216,0.019,11.9,76.2,Americas
Argentina,2013,"07",191,0.019,11.9,76.2,Americas
Argentina,2013,"07",173,0.022,11.9,76.2,Americas
Argentina,2013,"07",187,0.022,11.9,76.2,Americas
Argentina,2013,"07",216,0.022,11.9,76.2,Americas
Argentina,2013,"07",191,0.022,11.9,76.2,Americas
Argentina,2013,"07",173,0.039,11.9,76.2,Americas
Argentina,2013,"07",187,0.039,11.9,76.2,Americas
Argentina,2013,"07",216,0.039,11.9,76.2,Americas
Argentina,2013,"07",191,0.039,11.9,76.2,Americas
Argentina,2013,"07",173,0.029,11.9,76.2,Americas
Argentina,2013,"07",187,0.029,11.9,76.2,Americas
Argentina,2013,"07",216,0.029,11.9,76.2,Americas
Argentina,2013,"07",191,0.029,11.9,76.2,Americas
Argentina,2013,"08",170,0.031,11.9,76.2,Americas
Argentina,2013,"08",164,0.031,11.9,76.2,Americas
Argentina,2013,"08",186,0.031,11.9,76.2,Americas
Argentina,2013,"08",180,0.031,11.9,76.2,Americas
Argentina,2013,"08",170,0.036,11.9,76.2,Americas
Argentina,2013,"08",164,0.036,11.9,76.2,Americas
Argentina,2013,"08",186,0.036,11.9,76.2,Americas
Argentina,2013,"08",180,0.036,11.9,76.2,Americas
Argentina,2013,"08",170,0.027,11.9,76.2,Americas
Argentina,2013,"08",164,0.027,11.9,76.2,Americas
Argentina,2013,"08",186,0.027,11.9,76.2,Americas
Argentina,2013,"08",180,0.027,11.9,76.2,Americas
Argentina,2013,"08",170,0.031,11.9,76.2,Americas
Argentina,2013,"08",164,0.031,11.9,76.2,Americas
Argentina,2013,"08",186,0.031,11.9,76.2,Americas
Argentina,2013,"08",180,0.031,11.9,76.2,Americas
Argentina,2013,"09",125,0.027,11.9,76.2,Americas
Argentina,2013,"09",136,0.027,11.9,76.2,Americas
Argentina,2013,"09",178,0.027,11.9,76.2,Americas
Argentina,2013,"09",147,0.027,11.9,76.2,Americas
Argentina,2013,"09",130,0.027,11.9,76.2,Americas
Argentina,2013,"09",125,0.029,11.9,76.2,Americas
Argentina,2013,"09",136,0.029,11.9,76.2,Americas
Argentina,2013,"09",178,0.029,11.9,76.2,Americas
Argentina,2013,"09",147,0.029,11.9,76.2,Americas
Argentina,2013,"09",130,0.029,11.9,76.2,Americas
Argentina,2013,"09",125,0.027,11.9,76.2,Americas
Argentina,2013,"09",136,0.027,11.9,76.2,Americas
Argentina,2013,"09",178,0.027,11.9,76.2,Americas
Argentina,2013,"09",147,0.027,11.9,76.2,Americas
Argentina,2013,"09",130,0.027,11.9,76.2,Americas
Argentina,2013,"09",125,0.022,11.9,76.2,Americas
Argentina,2013,"09",136,0.022,11.9,76.2,Americas
Argentina,2013,"09",178,0.022,11.9,76.2,Americas
Argentina,2013,"09",147,0.022,11.9,76.2,Americas
Argentina,2013,"09",130,0.022,11.9,76.2,Americas
Argentina,2013,"09",125,0.031,11.9,76.2,Americas
Argentina,2013,"09",136,0.031,11.9,76.2,Americas
Argentina,2013,"09",178,0.031,11.9,76.2,Americas
Argentina,2013,"09",147,0.031,11.9,76.2,Americas
Argentina,2013,"09",130,0.031,11.9,76.2,Americas
Argentina,2013,"10",106,0.041,11.9,76.2,Americas
Argentina,2013,"10",128,0.041,11.9,76.2,Americas
Argentina,2013,"10",113,0.041,11.9,76.2,Americas
Argentina,2013,"10",98,0.041,11.9,76.2,Americas
Argentina,2013,"10",106,0.048,11.9,76.2,Americas
Argentina,2013,"10",128,0.048,11.9,76.2,Americas
Argentina,2013,"10",113,0.048,11.9,76.2,Americas
Argentina,2013,"10",98,0.048,11.9,76.2,Americas
Argentina,2013,"10",106,0.034,11.9,76.2,Americas
Argentina,2013,"10",128,0.034,11.9,76.2,Americas
Argentina,2013,"10",113,0.034,11.9,76.2,Americas
Argentina,2013,"10",98,0.034,11.9,76.2,Americas
Argentina,2013,"10",106,0.039,11.9,76.2,Americas
Argentina,2013,"10",128,0.039,11.9,76.2,Americas
Argentina,2013,"10",113,0.039,11.9,76.2,Americas
Argentina,2013,"10",98,0.039,11.9,76.2,Americas
Argentina,2013,"11",88,0.043,11.9,76.2,Americas
Argentina,2013,"11",98,0.043,11.9,76.2,Americas
Argentina,2013,"11",93,0.043,11.9,76.2,Americas
Argentina,2013,"11",99,0.043,11.9,76.2,Americas
Argentina,2013,"11",88,0.048,11.9,76.2,Americas
Argentina,2013,"11",98,0.048,11.9,76.2,Americas
Argentina,2013,"11",93,0.048,11.9,76.2,Americas
Argentina,2013,"11",99,0.048,11.9,76.2,Americas
Argentina,2013,"11",88,0.043,11.9,76.2,Americas
Argentina,2013,"11",98,0.043,11.9,76.2,Americas
Argentina,2013,"11",93,0.043,11.9,76.2,Americas
Argentina,2013,"11",99,0.043,11.9,76.2,Americas
Argentina,2013,"11",88,0.053,11.9,76.2,Americas
Argentina,2013,"11",98,0.053,11.9,76.2,Americas
Argentina,2013,"11",93,0.053,11.9,76.2,Americas
Argentina,2013,"11",99,0.053,11.9,76.2,Americas
Argentina,2013,"12",69,0.039,11.9,76.2,Americas
Argentina,2013,"12",69,0.039,11.9,76.2,Americas
Argentina,2013,"12",75,0.039,11.9,76.2,Americas
Argentina,2013,"12",81,0.039,11.9,76.2,Americas
Argentina,2013,"12",67,0.039,11.9,76.2,Americas
Argentina,2013,"12",69,0.043,11.9,76.2,Americas
Argentina,2013,"12",69,0.043,11.9,76.2,Americas
Argentina,2013,"12",75,0.043,11.9,76.2,Americas
Argentina,2013,"12",81,0.043,11.9,76.2,Americas
Argentina,2013,"12",67,0.043,11.9,76.2,Americas
Argentina,2013,"12",69,0.039,11.9,76.2,Americas
Argentina,2013,"12",69,0.039,11.9,76.2,Americas
Argentina,2013,"12",75,0.039,11.9,76.2,Americas
Argentina,2013,"12",81,0.039,11.9,76.2,Americas
Argentina,2013,"12",67,0.039,11.9,76.2,Americas
Argentina,2013,"12",69,0.048,11.9,76.2,Americas
Argentina,2013,"12",69,0.048,11.9,76.2,Americas
Argentina,2013,"12",75,0.048,11.9,76.2,Americas
Argentina,2013,"12",81,0.048,11.9,76.2,Americas
Argentina,2013,"12",67,0.048,11.9,76.2,Americas
Argentina,2013,"12",69,0.039,11.9,76.2,Americas
Argentina,2013,"12",69,0.039,11.9,76.2,Americas
Argentina,2013,"12",75,0.039,11.9,76.2,Americas
Argentina,2013,"12",81,0.039,11.9,76.2,Americas
Argentina,2013,"12",67,0.039,11.9,76.2,Americas
Argentina,2014,"01",76,0.082,11.5,76.3,Americas
Argentina,2014,"01",80,0.082,11.5,76.3,Americas
Argentina,2014,"01",70,0.082,11.5,76.3,Americas
Argentina,2014,"01",72,0.082,11.5,76.3,Americas
Argentina,2014,"01",76,0.043,11.5,76.3,Americas
Argentina,2014,"01",80,0.043,11.5,76.3,Americas
Argentina,2014,"01",70,0.043,11.5,76.3,Americas
Argentina,2014,"01",72,0.043,11.5,76.3,Americas
Argentina,2014,"01",76,0.072,11.5,76.3,Americas
Argentina,2014,"01",80,0.072,11.5,76.3,Americas
Argentina,2014,"01",70,0.072,11.5,76.3,Americas
Argentina,2014,"01",72,0.072,11.5,76.3,Americas
Argentina,2014,"01",76,0.096,11.5,76.3,Americas
Argentina,2014,"01",80,0.096,11.5,76.3,Americas
Argentina,2014,"01",70,0.096,11.5,76.3,Americas
Argentina,2014,"01",72,0.096,11.5,76.3,Americas
Argentina,2014,"02",70,0.149,11.5,76.3,Americas
Argentina,2014,"02",76,0.149,11.5,76.3,Americas
Argentina,2014,"02",78,0.149,11.5,76.3,Americas
Argentina,2014,"02",71,0.149,11.5,76.3,Americas
Argentina,2014,"02",70,0.13,11.5,76.3,Americas
Argentina,2014,"02",76,0.13,11.5,76.3,Americas
Argentina,2014,"02",78,0.13,11.5,76.3,Americas
Argentina,2014,"02",71,0.13,11.5,76.3,Americas
Argentina,2014,"02",70,0.099,11.5,76.3,Americas
Argentina,2014,"02",76,0.099,11.5,76.3,Americas
Argentina,2014,"02",78,0.099,11.5,76.3,Americas
Argentina,2014,"02",71,0.099,11.5,76.3,Americas
Argentina,2014,"02",70,0.176,11.5,76.3,Americas
Argentina,2014,"02",76,0.176,11.5,76.3,Americas
Argentina,2014,"02",78,0.176,11.5,76.3,Americas
Argentina,2014,"02",71,0.176,11.5,76.3,Americas
Argentina,2014,"03",104,0.084,11.5,76.3,Americas
Argentina,2014,"03",118,0.084,11.5,76.3,Americas
Argentina,2014,"03",91,0.084,11.5,76.3,Americas
Argentina,2014,"03",107,0.084,11.5,76.3,Americas
Argentina,2014,"03",82,0.084,11.5,76.3,Americas
Argentina,2014,"03",104,0.084,11.5,76.3,Americas
Argentina,2014,"03",118,0.084,11.5,76.3,Americas
Argentina,2014,"03",91,0.084,11.5,76.3,Americas
Argentina,2014,"03",107,0.084,11.5,76.3,Americas
Argentina,2014,"03",82,0.084,11.5,76.3,Americas
Argentina,2014,"03",104,0.07,11.5,76.3,Americas
Argentina,2014,"03",118,0.07,11.5,76.3,Americas
Argentina,2014,"03",91,0.07,11.5,76.3,Americas
Argentina,2014,"03",107,0.07,11.5,76.3,Americas
Argentina,2014,"03",82,0.07,11.5,76.3,Americas
Argentina,2014,"03",104,0.063,11.5,76.3,Americas
Argentina,2014,"03",118,0.063,11.5,76.3,Americas
Argentina,2014,"03",91,0.063,11.5,76.3,Americas
Argentina,2014,"03",107,0.063,11.5,76.3,Americas
Argentina,2014,"03",82,0.063,11.5,76.3,Americas
Argentina,2014,"03",104,0.077,11.5,76.3,Americas
Argentina,2014,"03",118,0.077,11.5,76.3,Americas
Argentina,2014,"03",91,0.077,11.5,76.3,Americas
Argentina,2014,"03",107,0.077,11.5,76.3,Americas
Argentina,2014,"03",82,0.077,11.5,76.3,Americas
Argentina,2014,"04",125,0.084,11.5,76.3,Americas
Argentina,2014,"04",110,0.084,11.5,76.3,Americas
Argentina,2014,"04",101,0.084,11.5,76.3,Americas
Argentina,2014,"04",123,0.084,11.5,76.3,Americas
Argentina,2014,"04",125,0.099,11.5,76.3,Americas
Argentina,2014,"04",110,0.099,11.5,76.3,Americas
Argentina,2014,"04",101,0.099,11.5,76.3,Americas
Argentina,2014,"04",123,0.099,11.5,76.3,Americas
Argentina,2014,"04",125,0.067,11.5,76.3,Americas
Argentina,2014,"04",110,0.067,11.5,76.3,Americas
Argentina,2014,"04",101,0.067,11.5,76.3,Americas
Argentina,2014,"04",123,0.067,11.5,76.3,Americas
Argentina,2014,"04",125,0.111,11.5,76.3,Americas
Argentina,2014,"04",110,0.111,11.5,76.3,Americas
Argentina,2014,"04",101,0.111,11.5,76.3,Americas
Argentina,2014,"04",123,0.111,11.5,76.3,Americas
Argentina,2014,"05",171,0.058,11.5,76.3,Americas
Argentina,2014,"05",142,0.058,11.5,76.3,Americas
Argentina,2014,"05",138,0.058,11.5,76.3,Americas
Argentina,2014,"05",164,0.058,11.5,76.3,Americas
Argentina,2014,"05",171,0.051,11.5,76.3,Americas
Argentina,2014,"05",142,0.051,11.5,76.3,Americas
Argentina,2014,"05",138,0.051,11.5,76.3,Americas
Argentina,2014,"05",164,0.051,11.5,76.3,Americas
Argentina,2014,"05",171,0.08,11.5,76.3,Americas
Argentina,2014,"05",142,0.08,11.5,76.3,Americas
Argentina,2014,"05",138,0.08,11.5,76.3,Americas
Argentina,2014,"05",164,0.08,11.5,76.3,Americas
Argentina,2014,"05",171,0.055,11.5,76.3,Americas
Argentina,2014,"05",142,0.055,11.5,76.3,Americas
Argentina,2014,"05",138,0.055,11.5,76.3,Americas
Argentina,2014,"05",164,0.055,11.5,76.3,Americas
Argentina,2014,"06",184,0.029,11.5,76.3,Americas
Argentina,2014,"06",190,0.029,11.5,76.3,Americas
Argentina,2014,"06",239,0.029,11.5,76.3,Americas
Argentina,2014,"06",274,0.029,11.5,76.3,Americas
Argentina,2014,"06",228,0.029,11.5,76.3,Americas
Argentina,2014,"06",184,0.036,11.5,76.3,Americas
Argentina,2014,"06",190,0.036,11.5,76.3,Americas
Argentina,2014,"06",239,0.036,11.5,76.3,Americas
Argentina,2014,"06",274,0.036,11.5,76.3,Americas
Argentina,2014,"06",228,0.036,11.5,76.3,Americas
Argentina,2014,"06",184,0.029,11.5,76.3,Americas
Argentina,2014,"06",190,0.029,11.5,76.3,Americas
Argentina,2014,"06",239,0.029,11.5,76.3,Americas
Argentina,2014,"06",274,0.029,11.5,76.3,Americas
Argentina,2014,"06",228,0.029,11.5,76.3,Americas
Argentina,2014,"06",184,0.048,11.5,76.3,Americas
Argentina,2014,"06",190,0.048,11.5,76.3,Americas
Argentina,2014,"06",239,0.048,11.5,76.3,Americas
Argentina,2014,"06",274,0.048,11.5,76.3,Americas
Argentina,2014,"06",228,0.048,11.5,76.3,Americas
Argentina,2014,"06",184,0.029,11.5,76.3,Americas
Argentina,2014,"06",190,0.029,11.5,76.3,Americas
Argentina,2014,"06",239,0.029,11.5,76.3,Americas
Argentina,2014,"06",274,0.029,11.5,76.3,Americas
Argentina,2014,"06",228,0.029,11.5,76.3,Americas
Argentina,2014,"07",227,0.019,11.5,76.3,Americas
Argentina,2014,"07",245,0.019,11.5,76.3,Americas
Argentina,2014,"07",251,0.019,11.5,76.3,Americas
Argentina,2014,"07",202,0.019,11.5,76.3,Americas
Argentina,2014,"07",227,0.024,11.5,76.3,Americas
Argentina,2014,"07",245,0.024,11.5,76.3,Americas
Argentina,2014,"07",251,0.024,11.5,76.3,Americas
Argentina,2014,"07",202,0.024,11.5,76.3,Americas
Argentina,2014,"07",227,0.019,11.5,76.3,Americas
Argentina,2014,"07",245,0.019,11.5,76.3,Americas
Argentina,2014,"07",251,0.019,11.5,76.3,Americas
Argentina,2014,"07",202,0.019,11.5,76.3,Americas
Argentina,2014,"07",227,0.022,11.5,76.3,Americas
Argentina,2014,"07",245,0.022,11.5,76.3,Americas
Argentina,2014,"07",251,0.022,11.5,76.3,Americas
Argentina,2014,"07",202,0.022,11.5,76.3,Americas
Argentina,2014,"08",209,0.034,11.5,76.3,Americas
Argentina,2014,"08",198,0.034,11.5,76.3,Americas
Argentina,2014,"08",180,0.034,11.5,76.3,Americas
Argentina,2014,"08",183,0.034,11.5,76.3,Americas
Argentina,2014,"08",165,0.034,11.5,76.3,Americas
Argentina,2014,"08",209,0.034,11.5,76.3,Americas
Argentina,2014,"08",198,0.034,11.5,76.3,Americas
Argentina,2014,"08",180,0.034,11.5,76.3,Americas
Argentina,2014,"08",183,0.034,11.5,76.3,Americas
Argentina,2014,"08",165,0.034,11.5,76.3,Americas
Argentina,2014,"08",209,0.029,11.5,76.3,Americas
Argentina,2014,"08",198,0.029,11.5,76.3,Americas
Argentina,2014,"08",180,0.029,11.5,76.3,Americas
Argentina,2014,"08",183,0.029,11.5,76.3,Americas
Argentina,2014,"08",165,0.029,11.5,76.3,Americas
Argentina,2014,"08",209,0.048,11.5,76.3,Americas
Argentina,2014,"08",198,0.048,11.5,76.3,Americas
Argentina,2014,"08",180,0.048,11.5,76.3,Americas
Argentina,2014,"08",183,0.048,11.5,76.3,Americas
Argentina,2014,"08",165,0.048,11.5,76.3,Americas
Argentina,2014,"08",209,0.029,11.5,76.3,Americas
Argentina,2014,"08",198,0.029,11.5,76.3,Americas
Argentina,2014,"08",180,0.029,11.5,76.3,Americas
Argentina,2014,"08",183,0.029,11.5,76.3,Americas
Argentina,2014,"08",165,0.029,11.5,76.3,Americas
Argentina,2014,"09",152,0.029,11.5,76.3,Americas
Argentina,2014,"09",141,0.029,11.5,76.3,Americas
Argentina,2014,"09",155,0.029,11.5,76.3,Americas
Argentina,2014,"09",154,0.029,11.5,76.3,Americas
Argentina,2014,"09",152,0.027,11.5,76.3,Americas
Argentina,2014,"09",141,0.027,11.5,76.3,Americas
Argentina,2014,"09",155,0.027,11.5,76.3,Americas
Argentina,2014,"09",154,0.027,11.5,76.3,Americas
Argentina,2014,"09",152,0.024,11.5,76.3,Americas
Argentina,2014,"09",141,0.024,11.5,76.3,Americas
Argentina,2014,"09",155,0.024,11.5,76.3,Americas
Argentina,2014,"09",154,0.024,11.5,76.3,Americas
Argentina,2014,"09",152,0.022,11.5,76.3,Americas
Argentina,2014,"09",141,0.022,11.5,76.3,Americas
Argentina,2014,"09",155,0.022,11.5,76.3,Americas
Argentina,2014,"09",154,0.022,11.5,76.3,Americas
Argentina,2014,"10",124,0.031,11.5,76.3,Americas
Argentina,2014,"10",127,0.031,11.5,76.3,Americas
Argentina,2014,"10",110,0.031,11.5,76.3,Americas
Argentina,2014,"10",130,0.031,11.5,76.3,Americas
Argentina,2014,"10",124,0.039,11.5,76.3,Americas
Argentina,2014,"10",127,0.039,11.5,76.3,Americas
Argentina,2014,"10",110,0.039,11.5,76.3,Americas
Argentina,2014,"10",130,0.039,11.5,76.3,Americas
Argentina,2014,"10",124,0.036,11.5,76.3,Americas
Argentina,2014,"10",127,0.036,11.5,76.3,Americas
Argentina,2014,"10",110,0.036,11.5,76.3,Americas
Argentina,2014,"10",130,0.036,11.5,76.3,Americas
Argentina,2014,"10",124,0.039,11.5,76.3,Americas
Argentina,2014,"10",127,0.039,11.5,76.3,Americas
Argentina,2014,"10",110,0.039,11.5,76.3,Americas
Argentina,2014,"10",130,0.039,11.5,76.3,Americas
Argentina,2014,"11",92,0.029,11.5,76.3,Americas
Argentina,2014,"11",101,0.029,11.5,76.3,Americas
Argentina,2014,"11",105,0.029,11.5,76.3,Americas
Argentina,2014,"11",99,0.029,11.5,76.3,Americas
Argentina,2014,"11",107,0.029,11.5,76.3,Americas
Argentina,2014,"11",92,0.022,11.5,76.3,Americas
Argentina,2014,"11",101,0.022,11.5,76.3,Americas
Argentina,2014,"11",105,0.022,11.5,76.3,Americas
Argentina,2014,"11",99,0.022,11.5,76.3,Americas
Argentina,2014,"11",107,0.022,11.5,76.3,Americas
Argentina,2014,"11",92,0.034,11.5,76.3,Americas
Argentina,2014,"11",101,0.034,11.5,76.3,Americas
Argentina,2014,"11",105,0.034,11.5,76.3,Americas
Argentina,2014,"11",99,0.034,11.5,76.3,Americas
Argentina,2014,"11",107,0.034,11.5,76.3,Americas
Argentina,2014,"11",92,0.034,11.5,76.3,Americas
Argentina,2014,"11",101,0.034,11.5,76.3,Americas
Argentina,2014,"11",105,0.034,11.5,76.3,Americas
Argentina,2014,"11",99,0.034,11.5,76.3,Americas
Argentina,2014,"11",107,0.034,11.5,76.3,Americas
Argentina,2014,"11",92,0.031,11.5,76.3,Americas
Argentina,2014,"11",101,0.031,11.5,76.3,Americas
Argentina,2014,"11",105,0.031,11.5,76.3,Americas
Argentina,2014,"11",99,0.031,11.5,76.3,Americas
Argentina,2014,"11",107,0.031,11.5,76.3,Americas
Argentina,2014,"12",79,0.024,11.5,76.3,Americas
Argentina,2014,"12",80,0.024,11.5,76.3,Americas
Argentina,2014,"12",88,0.024,11.5,76.3,Americas
Argentina,2014,"12",85,0.024,11.5,76.3,Americas
Argentina,2014,"12",79,0.031,11.5,76.3,Americas
Argentina,2014,"12",80,0.031,11.5,76.3,Americas
Argentina,2014,"12",88,0.031,11.5,76.3,Americas
Argentina,2014,"12",85,0.031,11.5,76.3,Americas
Argentina,2014,"12",79,0.027,11.5,76.3,Americas
Argentina,2014,"12",80,0.027,11.5,76.3,Americas
Argentina,2014,"12",88,0.027,11.5,76.3,Americas
Argentina,2014,"12",85,0.027,11.5,76.3,Americas
Argentina,2014,"12",79,0.029,11.5,76.3,Americas
Argentina,2014,"12",80,0.029,11.5,76.3,Americas
Argentina,2014,"12",88,0.029,11.5,76.3,Americas
Argentina,2014,"12",85,0.029,11.5,76.3,Americas
Argentina,2015,"01",81,0.043,11.1,76.5,Americas
Argentina,2015,"01",78,0.043,11.1,76.5,Americas
Argentina,2015,"01",69,0.043,11.1,76.5,Americas
Argentina,2015,"01",75,0.043,11.1,76.5,Americas
Argentina,2015,"01",81,0.034,11.1,76.5,Americas
Argentina,2015,"01",78,0.034,11.1,76.5,Americas
Argentina,2015,"01",69,0.034,11.1,76.5,Americas
Argentina,2015,"01",75,0.034,11.1,76.5,Americas
Argentina,2015,"01",81,0.034,11.1,76.5,Americas
Argentina,2015,"01",78,0.034,11.1,76.5,Americas
Argentina,2015,"01",69,0.034,11.1,76.5,Americas
Argentina,2015,"01",75,0.034,11.1,76.5,Americas
Argentina,2015,"01",81,0.036,11.1,76.5,Americas
Argentina,2015,"01",78,0.036,11.1,76.5,Americas
Argentina,2015,"01",69,0.036,11.1,76.5,Americas
Argentina,2015,"01",75,0.036,11.1,76.5,Americas
Argentina,2015,"02",78,0.043,11.1,76.5,Americas
Argentina,2015,"02",80,0.043,11.1,76.5,Americas
Argentina,2015,"02",77,0.043,11.1,76.5,Americas
Argentina,2015,"02",78,0.043,11.1,76.5,Americas
Argentina,2015,"02",78,0.039,11.1,76.5,Americas
Argentina,2015,"02",80,0.039,11.1,76.5,Americas
Argentina,2015,"02",77,0.039,11.1,76.5,Americas
Argentina,2015,"02",78,0.039,11.1,76.5,Americas
Argentina,2015,"02",78,0.043,11.1,76.5,Americas
Argentina,2015,"02",80,0.043,11.1,76.5,Americas
Argentina,2015,"02",77,0.043,11.1,76.5,Americas
Argentina,2015,"02",78,0.043,11.1,76.5,Americas
Argentina,2015,"02",78,0.034,11.1,76.5,Americas
Argentina,2015,"02",80,0.034,11.1,76.5,Americas
Argentina,2015,"02",77,0.034,11.1,76.5,Americas
Argentina,2015,"02",78,0.034,11.1,76.5,Americas
Argentina,2015,"03",80,0.193,11.1,76.5,Americas
Argentina,2015,"03",108,0.193,11.1,76.5,Americas
Argentina,2015,"03",96,0.193,11.1,76.5,Americas
Argentina,2015,"03",86,0.193,11.1,76.5,Americas
Argentina,2015,"03",116,0.193,11.1,76.5,Americas
Argentina,2015,"03",80,0.135,11.1,76.5,Americas
Argentina,2015,"03",108,0.135,11.1,76.5,Americas
Argentina,2015,"03",96,0.135,11.1,76.5,Americas
Argentina,2015,"03",86,0.135,11.1,76.5,Americas
Argentina,2015,"03",116,0.135,11.1,76.5,Americas
Argentina,2015,"03",80,0.092,11.1,76.5,Americas
Argentina,2015,"03",108,0.092,11.1,76.5,Americas
Argentina,2015,"03",96,0.092,11.1,76.5,Americas
Argentina,2015,"03",86,0.092,11.1,76.5,Americas
Argentina,2015,"03",116,0.092,11.1,76.5,Americas
Argentina,2015,"03",80,0.186,11.1,76.5,Americas
Argentina,2015,"03",108,0.186,11.1,76.5,Americas
Argentina,2015,"03",96,0.186,11.1,76.5,Americas
Argentina,2015,"03",86,0.186,11.1,76.5,Americas
Argentina,2015,"03",116,0.186,11.1,76.5,Americas
Argentina,2015,"03",80,0.055,11.1,76.5,Americas
Argentina,2015,"03",108,0.055,11.1,76.5,Americas
Argentina,2015,"03",96,0.055,11.1,76.5,Americas
Argentina,2015,"03",86,0.055,11.1,76.5,Americas
Argentina,2015,"03",116,0.055,11.1,76.5,Americas
Argentina,2015,"04",128,0.166,11.1,76.5,Americas
Argentina,2015,"04",120,0.166,11.1,76.5,Americas
Argentina,2015,"04",136,0.166,11.1,76.5,Americas
Argentina,2015,"04",119,0.166,11.1,76.5,Americas
Argentina,2015,"04",128,0.101,11.1,76.5,Americas
Argentina,2015,"04",120,0.101,11.1,76.5,Americas
Argentina,2015,"04",136,0.101,11.1,76.5,Americas
Argentina,2015,"04",119,0.101,11.1,76.5,Americas
Argentina,2015,"04",128,0.116,11.1,76.5,Americas
Argentina,2015,"04",120,0.116,11.1,76.5,Americas
Argentina,2015,"04",136,0.116,11.1,76.5,Americas
Argentina,2015,"04",119,0.116,11.1,76.5,Americas
Argentina,2015,"04",128,0.183,11.1,76.5,Americas
Argentina,2015,"04",120,0.183,11.1,76.5,Americas
Argentina,2015,"04",136,0.183,11.1,76.5,Americas
Argentina,2015,"04",119,0.183,11.1,76.5,Americas
Argentina,2015,"05",168,0.07,11.1,76.5,Americas
Argentina,2015,"05",183,0.07,11.1,76.5,Americas
Argentina,2015,"05",176,0.07,11.1,76.5,Americas
Argentina,2015,"05",202,0.07,11.1,76.5,Americas
Argentina,2015,"05",158,0.07,11.1,76.5,Americas
Argentina,2015,"05",168,0.07,11.1,76.5,Americas
Argentina,2015,"05",183,0.07,11.1,76.5,Americas
Argentina,2015,"05",176,0.07,11.1,76.5,Americas
Argentina,2015,"05",202,0.07,11.1,76.5,Americas
Argentina,2015,"05",158,0.07,11.1,76.5,Americas
Argentina,2015,"05",168,0.08,11.1,76.5,Americas
Argentina,2015,"05",183,0.08,11.1,76.5,Americas
Argentina,2015,"05",176,0.08,11.1,76.5,Americas
Argentina,2015,"05",202,0.08,11.1,76.5,Americas
Argentina,2015,"05",158,0.08,11.1,76.5,Americas
Argentina,2015,"05",168,0.048,11.1,76.5,Americas
Argentina,2015,"05",183,0.048,11.1,76.5,Americas
Argentina,2015,"05",176,0.048,11.1,76.5,Americas
Argentina,2015,"05",202,0.048,11.1,76.5,Americas
Argentina,2015,"05",158,0.048,11.1,76.5,Americas
Argentina,2015,"05",168,0.051,11.1,76.5,Americas
Argentina,2015,"05",183,0.051,11.1,76.5,Americas
Argentina,2015,"05",176,0.051,11.1,76.5,Americas
Argentina,2015,"05",202,0.051,11.1,76.5,Americas
Argentina,2015,"05",158,0.051,11.1,76.5,Americas
Argentina,2015,"06",235,0.039,11.1,76.5,Americas
Argentina,2015,"06",254,0.039,11.1,76.5,Americas
Argentina,2015,"06",247,0.039,11.1,76.5,Americas
Argentina,2015,"06",237,0.039,11.1,76.5,Americas
Argentina,2015,"06",235,0.041,11.1,76.5,Americas
Argentina,2015,"06",254,0.041,11.1,76.5,Americas
Argentina,2015,"06",247,0.041,11.1,76.5,Americas
Argentina,2015,"06",237,0.041,11.1,76.5,Americas
Argentina,2015,"06",235,0.029,11.1,76.5,Americas
Argentina,2015,"06",254,0.029,11.1,76.5,Americas
Argentina,2015,"06",247,0.029,11.1,76.5,Americas
Argentina,2015,"06",237,0.029,11.1,76.5,Americas
Argentina,2015,"06",235,0.036,11.1,76.5,Americas
Argentina,2015,"06",254,0.036,11.1,76.5,Americas
Argentina,2015,"06",247,0.036,11.1,76.5,Americas
Argentina,2015,"06",237,0.036,11.1,76.5,Americas
Argentina,2015,"07",240,0.017,11.1,76.5,Americas
Argentina,2015,"07",235,0.017,11.1,76.5,Americas
Argentina,2015,"07",252,0.017,11.1,76.5,Americas
Argentina,2015,"07",239,0.017,11.1,76.5,Americas
Argentina,2015,"07",240,0.022,11.1,76.5,Americas
Argentina,2015,"07",235,0.022,11.1,76.5,Americas
Argentina,2015,"07",252,0.022,11.1,76.5,Americas
Argentina,2015,"07",239,0.022,11.1,76.5,Americas
Argentina,2015,"07",240,0.022,11.1,76.5,Americas
Argentina,2015,"07",235,0.022,11.1,76.5,Americas
Argentina,2015,"07",252,0.022,11.1,76.5,Americas
Argentina,2015,"07",239,0.022,11.1,76.5,Americas
Argentina,2015,"07",240,0.014,11.1,76.5,Americas
Argentina,2015,"07",235,0.014,11.1,76.5,Americas
Argentina,2015,"07",252,0.014,11.1,76.5,Americas
Argentina,2015,"07",239,0.014,11.1,76.5,Americas
Argentina,2015,"08",211,0.024,11.1,76.5,Americas
Argentina,2015,"08",199,0.024,11.1,76.5,Americas
Argentina,2015,"08",211,0.022,11.1,76.5,Americas
Argentina,2015,"08",199,0.022,11.1,76.5,Americas
Australia,2002,"12",,,,,
Australia,2003,"01",,,,,
Australia,2003,"01",,,,,
Australia,2003,"01",,,,,
Australia,2003,"01",,,,,
Australia,2003,"02",,,,,
Australia,2003,"02",,,,,
Australia,2003,"02",,,,,
Australia,2003,"02",,,,,
Australia,2003,"03",,,,,
Australia,2003,"03",,,,,
Australia,2003,"03",,,,,
Australia,2003,"03",,,,,
Australia,2003,"03",,,,,
Australia,2003,"04",,,,,
Australia,2003,"04",,,,,
Australia,2003,"04",,,,,
Australia,2003,"04",,,,,
Australia,2003,"05",,,,,
Australia,2003,"05",,,,,
Australia,2003,"05",,,,,
Australia,2003,"05",,,,,
Australia,2003,"06",,,,,
Australia,2003,"06",,,,,
Australia,2003,"06",,,,,
Australia,2003,"06",,,,,
Australia,2003,"06",,,,,
Australia,2003,"07",,,,,
Australia,2003,"07",,,,,
Australia,2003,"07",,,,,
Australia,2003,"07",,,,,
Australia,2003,"08",,,,,
Australia,2003,"08",,,,,
Australia,2003,"08",,,,,
Australia,2003,"08",,,,,
Australia,2003,"08",,,,,
Australia,2003,"09",,,,,
Australia,2003,"09",,,,,
Australia,2003,"09",,,,,
Australia,2003,"09",,,,,
Australia,2003,"10",,,,,
Australia,2003,"10",,,,,
Australia,2003,"10",,,,,
Australia,2003,"10",,,,,
Australia,2003,"11",,,,,
Australia,2003,"11",,,,,
Australia,2003,"11",,,,,
Australia,2003,"11",,,,,
Australia,2003,"11",,,,,
Australia,2003,"12",,,,,
Australia,2003,"12",,,,,
Australia,2003,"12",,,,,
Australia,2003,"12",,,,,
Australia,2004,"01",,,,,
Australia,2004,"01",,,,,
Australia,2004,"01",,,,,
Australia,2004,"01",,,,,
Australia,2004,"02",,,,,
Australia,2004,"02",,,,,
Australia,2004,"02",,,,,
Australia,2004,"02",,,,,
Australia,2004,"02",,,,,
Australia,2004,"03",,,,,
Australia,2004,"03",,,,,
Australia,2004,"03",,,,,
Australia,2004,"03",,,,,
Australia,2004,"04",,,,,
Australia,2004,"04",,,,,
Australia,2004,"04",,,,,
Australia,2004,"04",,,,,
Australia,2004,"05",,,,,
Australia,2004,"05",,,,,
Australia,2004,"05",,,,,
Australia,2004,"05",,,,,
Australia,2004,"05",,,,,
Australia,2004,"06",,,,,
Australia,2004,"06",,,,,
Australia,2004,"06",,,,,
Australia,2004,"06",,,,,
Australia,2004,"07",,,,,
Australia,2004,"07",,,,,
Australia,2004,"07",,,,,
Australia,2004,"07",,,,,
Australia,2004,"08",,,,,
Australia,2004,"08",,,,,
Australia,2004,"08",,,,,
Australia,2004,"08",,,,,
Australia,2004,"08",,,,,
Australia,2004,"09",,,,,
Australia,2004,"09",,,,,
Australia,2004,"09",,,,,
Australia,2004,"09",,,,,
Australia,2004,"10",,,,,
Australia,2004,"10",,,,,
Australia,2004,"10",,,,,
Australia,2004,"10",,,,,
Australia,2004,"10",,,,,
Australia,2004,"11",,,,,
Australia,2004,"11",,,,,
Australia,2004,"11",,,,,
Australia,2004,"11",,,,,
Australia,2004,"12",,,,,
Australia,2004,"12",,,,,
Australia,2004,"12",,,,,
Australia,2004,"12",,,,,
Australia,2005,"01",,,,,
Australia,2005,"01",,,,,
Australia,2005,"01",,,,,
Australia,2005,"01",,,,,
Australia,2005,"01",,,,,
Australia,2005,"02",,,,,
Australia,2005,"02",,,,,
Australia,2005,"02",,,,,
Australia,2005,"02",,,,,
Australia,2005,"03",,,,,
Australia,2005,"03",,,,,
Australia,2005,"03",,,,,
Australia,2005,"03",,,,,
Australia,2005,"04",,,,,
Australia,2005,"04",,,,,
Australia,2005,"04",,,,,
Australia,2005,"04",,,,,
Australia,2005,"05",,,,,
Australia,2005,"05",,,,,
Australia,2005,"05",,,,,
Australia,2005,"05",,,,,
Australia,2005,"05",,,,,
Australia,2005,"06",,,,,
Australia,2005,"06",,,,,
Australia,2005,"06",,,,,
Australia,2005,"06",,,,,
Australia,2005,"07",,,,,
Australia,2005,"07",,,,,
Australia,2005,"07",,,,,
Australia,2005,"07",,,,,
Australia,2005,"07",,,,,
Australia,2005,"08",,,,,
Australia,2005,"08",,,,,
Australia,2005,"08",,,,,
Australia,2005,"08",,,,,
Australia,2005,"09",,,,,
Australia,2005,"09",,,,,
Australia,2005,"09",,,,,
Australia,2005,"09",,,,,
Australia,2005,"10",,,,,
Australia,2005,"10",,,,,
Australia,2005,"10",,,,,
Australia,2005,"10",,,,,
Australia,2005,"10",,,,,
Australia,2005,"11",,,,,
Australia,2005,"11",,,,,
Australia,2005,"11",,,,,
Australia,2005,"11",,,,,
Australia,2005,"12",,,,,
Australia,2005,"12",,,,,
Australia,2005,"12",,,,,
Australia,2005,"12",,,,,
Australia,2006,"01",163,,,,
Australia,2006,"01",127,,,,
Australia,2006,"01",121,,,,
Australia,2006,"01",136,,,,
Australia,2006,"01",174,,,,
Australia,2006,"02",197,,,,
Australia,2006,"02",157,,,,
Australia,2006,"02",235,,,,
Australia,2006,"02",164,,,,
Australia,2006,"03",305,,,,
Australia,2006,"03",261,,,,
Australia,2006,"03",278,,,,
Australia,2006,"03",297,,,,
Australia,2006,"04",367,,,,
Australia,2006,"04",281,,,,
Australia,2006,"04",319,,,,
Australia,2006,"04",324,,,,
Australia,2006,"04",356,,,,
Australia,2006,"05",316,,,,
Australia,2006,"05",432,,,,
Australia,2006,"05",425,,,,
Australia,2006,"05",382,,,,
Australia,2006,"06",410,,,,
Australia,2006,"06",523,,,,
Australia,2006,"06",476,,,,
Australia,2006,"06",406,,,,
Australia,2006,"07",567,,,,
Australia,2006,"07",512,,,,
Australia,2006,"07",670,,,,
Australia,2006,"07",621,,,,
Australia,2006,"07",742,,,,
Australia,2006,"08",765,,,,
Australia,2006,"08",749,,,,
Australia,2006,"08",704,,,,
Australia,2006,"08",796,,,,
Australia,2006,"09",570,,,,
Australia,2006,"09",507,,,,
Australia,2006,"09",356,,,,
Australia,2006,"09",457,,,,
Australia,2006,"10",219,,,,
Australia,2006,"10",222,,,,
Australia,2006,"10",253,,,,
Australia,2006,"10",274,,,,
Australia,2006,"10",281,,,,
Australia,2006,"11",178,,,,
Australia,2006,"11",130,,,,
Australia,2006,"11",184,,,,
Australia,2006,"11",211,,,,
Australia,2006,"12",121,,,,
Australia,2006,"12",165,,,,
Australia,2006,"12",113,,,,
Australia,2006,"12",136,,,,
Australia,2006,"12",128,,,,
Australia,2007,"01",99,,,,
Australia,2007,"01",128,,,,
Australia,2007,"01",105,,,,
Australia,2007,"01",109,,,,
Australia,2007,"02",163,,,,
Australia,2007,"02",134,,,,
Australia,2007,"02",138,,,,
Australia,2007,"02",193,,,,
Australia,2007,"03",235,,,,
Australia,2007,"03",242,,,,
Australia,2007,"03",222,,,,
Australia,2007,"03",281,,,,
Australia,2007,"04",274,,,,
Australia,2007,"04",340,,,,
Australia,2007,"04",232,,,,
Australia,2007,"04",191,,,,
Australia,2007,"04",314,,,,
Australia,2007,"05",477,,,,
Australia,2007,"05",480,,,,
Australia,2007,"05",362,,,,
Australia,2007,"05",382,,,,
Australia,2007,"06",607,,,,
Australia,2007,"06",520,,,,
Australia,2007,"06",632,,,,
Australia,2007,"06",578,,,,
Australia,2007,"07",2027,,,,
Australia,2007,"07",1495,,,,
Australia,2007,"07",1065,,,,
Australia,2007,"07",1300,,,,
Australia,2007,"07",1566,,,,
Australia,2007,"08",1345,,,,
Australia,2007,"08",2854,,,,
Australia,2007,"08",2680,,,,
Australia,2007,"08",1993,,,,
Australia,2007,"09",847,,,,
Australia,2007,"09",685,,,,
Australia,2007,"09",499,,,,
Australia,2007,"09",574,,,,
Australia,2007,"09",392,,,,
Australia,2007,"10",371,,,,
Australia,2007,"10",276,,,,
Australia,2007,"10",379,,,,
Australia,2007,"10",285,,,,
Australia,2007,"11",172,,,,
Australia,2007,"11",202,,,,
Australia,2007,"11",224,,,,
Australia,2007,"11",202,,,,
Australia,2007,"12",156,,,,
Australia,2007,"12",123,,,,
Australia,2007,"12",152,,,,
Australia,2007,"12",131,,,,
Australia,2007,"12",141,,,,
Australia,2008,"01",167,,,,
Australia,2008,"01",108,,,,
Australia,2008,"01",107,,,,
Australia,2008,"01",126,,,,
Australia,2008,"02",206,,,,
Australia,2008,"02",144,,,,
Australia,2008,"02",141,,,,
Australia,2008,"02",185,,,,
Australia,2008,"03",214,,,,
Australia,2008,"03",258,,,,
Australia,2008,"03",269,,,,
Australia,2008,"03",293,,,,
Australia,2008,"03",252,,,,
Australia,2008,"04",288,,,,
Australia,2008,"04",448,,,,
Australia,2008,"04",325,,,,
Australia,2008,"04",323,,,,
Australia,2008,"05",488,,,,
Australia,2008,"05",497,,,,
Australia,2008,"05",472,,,,
Australia,2008,"05",487,,,,
Australia,2008,"06",454,,,,
Australia,2008,"06",406,,,,
Australia,2008,"06",448,,,,
Australia,2008,"06",475,,,,
Australia,2008,"06",467,,,,
Australia,2008,"07",657,,,,
Australia,2008,"07",534,,,,
Australia,2008,"07",503,,,,
Australia,2008,"07",523,,,,
Australia,2008,"08",2282,,,,
Australia,2008,"08",1612,,,,
Australia,2008,"08",827,,,,
Australia,2008,"08",2017,,,,
Australia,2008,"08",1396,,,,
Australia,2008,"09",976,,,,
Australia,2008,"09",1340,,,,
Australia,2008,"09",683,,,,
Australia,2008,"09",515,,,,
Australia,2008,"10",317,,,,
Australia,2008,"10",389,,,,
Australia,2008,"10",371,,,,
Australia,2008,"10",326,,,,
Australia,2008,"11",275,,,,
Australia,2008,"11",184,,,,
Australia,2008,"11",202,,,,
Australia,2008,"11",232,,,,
Australia,2008,"11",284,,,,
Australia,2008,"12",144,,,,
Australia,2008,"12",141,,,,
Australia,2008,"12",139,,,,
Australia,2008,"12",174,,,,
Australia,2009,"01",102,,,,
Australia,2009,"01",90,,,,
Australia,2009,"01",126,,,,
Australia,2009,"01",157,,,,
Australia,2009,"02",124,,,,
Australia,2009,"02",98,,,,
Australia,2009,"02",91,,,,
Australia,2009,"02",145,,,,
Australia,2009,"03",211,,,,
Australia,2009,"03",227,,,,
Australia,2009,"03",188,,,,
Australia,2009,"03",218,,,,
Australia,2009,"03",204,,,,
Australia,2009,"04",239,,,,
Australia,2009,"04",188,,,,
Australia,2009,"04",188,,,,
Australia,2009,"04",429,,,,
Australia,2009,"05",504,,,,
Australia,2009,"05",986,,,,
Australia,2009,"05",402,,,,
Australia,2009,"05",438,,,,
Australia,2009,"05",849,,,,
Australia,2009,"06",1176,,,,
Australia,2009,"06",1271,,,,
Australia,2009,"06",1562,,,,
Australia,2009,"06",1056,,,,
Australia,2009,"07",1316,,,,
Australia,2009,"07",1589,,,,
Australia,2009,"07",1115,,,,
Australia,2009,"07",1590,,,,
Australia,2009,"08",615,,,,
Australia,2009,"08",365,,,,
Australia,2009,"08",472,,,,
Australia,2009,"08",869,,,,
Australia,2009,"08",657,,,,
Australia,2009,"09",385,,,,
Australia,2009,"09",299,,,,
Australia,2009,"09",218,,,,
Australia,2009,"09",193,,,,
Australia,2009,"10",213,,,,
Australia,2009,"10",203,,,,
Australia,2009,"10",193,,,,
Australia,2009,"10",242,,,,
Australia,2009,"11",118,,,,
Australia,2009,"11",96,,,,
Australia,2009,"11",167,,,,
Australia,2009,"11",144,,,,
Australia,2009,"11",158,,,,
Australia,2009,"12",80,,,,
Australia,2009,"12",72,,,,
Australia,2009,"12",90,,,,
Australia,2009,"12",68,,,,
Australia,2010,"01",61,,,,
Australia,2010,"01",75,,,,
Australia,2010,"01",71,,,,
Australia,2010,"01",53,,,,
Australia,2010,"01",57,,,,
Australia,2010,"02",138,,,,
Australia,2010,"02",136,,,,
Australia,2010,"02",84,,,,
Australia,2010,"02",93,,,,
Australia,2010,"03",167,,,,
Australia,2010,"03",174,,,,
Australia,2010,"03",122,,,,
Australia,2010,"03",158,,,,
Australia,2010,"04",167,,,,
Australia,2010,"04",170,,,,
Australia,2010,"04",125,,,,
Australia,2010,"04",211,,,,
Australia,2010,"05",319,,,,
Australia,2010,"05",230,,,,
Australia,2010,"05",214,,,,
Australia,2010,"05",280,,,,
Australia,2010,"05",316,,,,
Australia,2010,"06",281,,,,
Australia,2010,"06",307,,,,
Australia,2010,"06",265,,,,
Australia,2010,"06",337,,,,
Australia,2010,"07",379,,,,
Australia,2010,"07",245,,,,
Australia,2010,"07",357,,,,
Australia,2010,"07",323,,,,
Australia,2010,"08",460,,,,
Australia,2010,"08",563,,,,
Australia,2010,"08",543,,,,
Australia,2010,"08",536,,,,
Australia,2010,"08",434,,,,
Australia,2010,"09",471,,,,
Australia,2010,"09",516,,,,
Australia,2010,"09",405,,,,
Australia,2010,"09",367,,,,
Australia,2010,"10",240,,,,
Australia,2010,"10",221,,,,
Australia,2010,"10",214,,,,
Australia,2010,"10",287,,,,
Australia,2010,"10",316,,,,
Australia,2010,"11",124,,,,
Australia,2010,"11",206,,,,
Australia,2010,"11",180,,,,
Australia,2010,"11",150,,,,
Australia,2010,"12",110,,,,
Australia,2010,"12",111,,,,
Australia,2010,"12",102,,,,
Australia,2010,"12",100,,,,
Australia,2011,"01",104,,,,
Australia,2011,"01",96,,,,
Australia,2011,"01",103,,,,
Australia,2011,"01",92,,,,
Australia,2011,"01",118,,,,
Australia,2011,"02",192,,,,
Australia,2011,"02",108,,,,
Australia,2011,"02",154,,,,
Australia,2011,"02",134,,,,
Australia,2011,"03",201,,,,
Australia,2011,"03",212,,,,
Australia,2011,"03",210,,,,
Australia,2011,"03",198,,,,
Australia,2011,"04",254,,,,
Australia,2011,"04",170,,,,
Australia,2011,"04",192,,,,
Australia,2011,"04",228,,,,
Australia,2011,"05",315,,,,
Australia,2011,"05",349,,,,
Australia,2011,"05",299,,,,
Australia,2011,"05",244,,,,
Australia,2011,"05",275,,,,
Australia,2011,"06",381,,,,
Australia,2011,"06",503,,,,
Australia,2011,"06",422,,,,
Australia,2011,"06",364,,,,
Australia,2011,"07",356,,,,
Australia,2011,"07",381,,,,
Australia,2011,"07",442,,,,
Australia,2011,"07",391,,,,
Australia,2011,"07",356,,,,
Australia,2011,"08",332,,,,
Australia,2011,"08",291,,,,
Australia,2011,"08",397,,,,
Australia,2011,"08",302,,,,
Australia,2011,"09",273,,,,
Australia,2011,"09",296,,,,
Australia,2011,"09",261,,,,
Australia,2011,"09",266,,,,
Australia,2011,"10",274,,,,
Australia,2011,"10",285,,,,
Australia,2011,"10",246,,,,
Australia,2011,"10",266,,,,
Australia,2011,"10",246,,,,
Australia,2011,"11",220,,,,
Australia,2011,"11",202,,,,
Australia,2011,"11",235,,,,
Australia,2011,"11",189,,,,
Australia,2011,"12",207,,,,
Australia,2011,"12",177,,,,
Australia,2011,"12",188,,,,
Australia,2011,"12",141,,,,
Australia,2012,"01",122,,,,
Australia,2012,"01",156,,,,
Australia,2012,"01",100,,,,
Australia,2012,"01",85,,,,
Australia,2012,"01",95,,,,
Australia,2012,"02",174,,,,
Australia,2012,"02",117,,,,
Australia,2012,"02",216,,,,
Australia,2012,"02",153,,,,
Australia,2012,"03",300,,,,
Australia,2012,"03",271,,,,
Australia,2012,"03",333,,,,
Australia,2012,"03",251,,,,
Australia,2012,"04",245,,,,
Australia,2012,"04",272,,,,
Australia,2012,"04",265,,,,
Australia,2012,"04",299,,,,
Australia,2012,"04",298,,,,
Australia,2012,"05",511,,,,
Australia,2012,"05",594,,,,
Australia,2012,"05",444,,,,
Australia,2012,"05",343,,,,
Australia,2012,"06",738,,,,
Australia,2012,"06",1156,,,,
Australia,2012,"06",989,,,,
Australia,2012,"06",666,,,,
Australia,2012,"07",1395,,,,
Australia,2012,"07",1300,,,,
Australia,2012,"07",1977,,,,
Australia,2012,"07",1658,,,,
Australia,2012,"07",1571,,,,
Australia,2012,"08",1191,,,,
Australia,2012,"08",1389,,,,
Australia,2012,"08",1270,,,,
Australia,2012,"08",1383,,,,
Australia,2012,"09",361,,,,
Australia,2012,"09",495,,,,
Australia,2012,"09",644,,,,
Australia,2012,"09",823,,,,
Australia,2012,"09",320,,,,
Australia,2012,"10",267,,,,
Australia,2012,"10",221,,,,
Australia,2012,"10",227,,,,
Australia,2012,"10",301,,,,
Australia,2012,"11",154,,,,
Australia,2012,"11",169,,,,
Australia,2012,"11",205,,,,
Australia,2012,"11",198,,,,
Australia,2012,"12",155,,,,
Australia,2012,"12",137,,,,
Australia,2012,"12",146,,,,
Australia,2012,"12",144,,,,
Australia,2012,"12",158,,,,
Australia,2013,"01",131,,,,
Australia,2013,"01",152,,,,
Australia,2013,"01",156,,,,
Australia,2013,"01",122,,,,
Australia,2013,"02",181,,,,
Australia,2013,"02",144,,,,
Australia,2013,"02",188,,,,
Australia,2013,"02",144,,,,
Australia,2013,"03",277,,,,
Australia,2013,"03",210,,,,
Australia,2013,"03",236,,,,
Australia,2013,"03",275,,,,
Australia,2013,"03",231,,,,
Australia,2013,"04",293,,,,
Australia,2013,"04",286,,,,
Australia,2013,"04",272,,,,
Australia,2013,"04",305,,,,
Australia,2013,"05",379,,,,
Australia,2013,"05",393,,,,
Australia,2013,"05",475,,,,
Australia,2013,"05",443,,,,
Australia,2013,"06",506,,,,
Australia,2013,"06",507,,,,
Australia,2013,"06",492,,,,
Australia,2013,"06",505,,,,
Australia,2013,"06",513,,,,
Australia,2013,"07",528,,,,
Australia,2013,"07",508,,,,
Australia,2013,"07",575,,,,
Australia,2013,"07",684,,,,
Australia,2013,"08",932,,,,
Australia,2013,"08",764,,,,
Australia,2013,"08",788,,,,
Australia,2013,"08",914,,,,
Australia,2013,"09",661,,,,
Australia,2013,"09",542,,,,
Australia,2013,"09",438,,,,
Australia,2013,"09",371,,,,
Australia,2013,"09",719,,,,
Australia,2013,"10",288,,,,
Australia,2013,"10",269,,,,
Australia,2013,"10",317,,,,
Australia,2013,"10",270,,,,
Australia,2013,"11",198,,,,
Australia,2013,"11",205,,,,
Australia,2013,"11",261,,,,
Australia,2013,"11",235,,,,
Australia,2013,"12",149,,,,
Australia,2013,"12",185,,,,
Australia,2013,"12",171,,,,
Australia,2013,"12",135,,,,
Australia,2013,"12",148,,,,
Australia,2014,"01",116,,,,
Australia,2014,"01",125,,,,
Australia,2014,"01",120,,,,
Australia,2014,"01",154,,,,
Australia,2014,"02",132,,,,
Australia,2014,"02",182,,,,
Australia,2014,"02",113,,,,
Australia,2014,"02",145,,,,
Australia,2014,"03",300,,,,
Australia,2014,"03",215,,,,
Australia,2014,"03",292,,,,
Australia,2014,"03",268,,,,
Australia,2014,"03",242,,,,
Australia,2014,"04",308,,,,
Australia,2014,"04",289,,,,
Australia,2014,"04",271,,,,
Australia,2014,"04",390,,,,
Australia,2014,"05",520,,,,
Australia,2014,"05",485,,,,
Australia,2014,"05",410,,,,
Australia,2014,"05",492,,,,
Australia,2014,"06",719,,,,
Australia,2014,"06",729,,,,
Australia,2014,"06",714,,,,
Australia,2014,"06",599,,,,
Australia,2014,"06",515,,,,
Australia,2014,"07",927,,,,
Australia,2014,"07",1559,,,,
Australia,2014,"07",1078,,,,
Australia,2014,"07",1259,,,,
Australia,2014,"08",1611,,,,
Australia,2014,"08",2338,,,,
Australia,2014,"08",2071,,,,
Australia,2014,"08",2387,,,,
Australia,2014,"08",1841,,,,
Australia,2014,"09",741,,,,
Australia,2014,"09",511,,,,
Australia,2014,"09",1370,,,,
Australia,2014,"09",981,,,,
Australia,2014,"10",415,,,,
Australia,2014,"10",318,,,,
Australia,2014,"10",346,,,,
Australia,2014,"10",311,,,,
Australia,2014,"11",275,,,,
Australia,2014,"11",165,,,,
Australia,2014,"11",188,,,,
Australia,2014,"11",197,,,,
Australia,2014,"11",233,,,,
Australia,2014,"12",191,,,,
Australia,2014,"12",179,,,,
Australia,2014,"12",164,,,,
Australia,2014,"12",204,,,,
Australia,2015,"01",186,,,,
Australia,2015,"01",158,,,,
Australia,2015,"01",155,,,,
Australia,2015,"01",147,,,,
Australia,2015,"02",152,,,,
Australia,2015,"02",259,,,,
Australia,2015,"02",207,,,,
Australia,2015,"02",169,,,,
Australia,2015,"03",276,,,,
Australia,2015,"03",329,,,,
Australia,2015,"03",310,,,,
Australia,2015,"03",389,,,,
Australia,2015,"03",298,,,,
Australia,2015,"04",449,,,,
Australia,2015,"04",424,,,,
Australia,2015,"04",432,,,,
Australia,2015,"04",404,,,,
Australia,2015,"05",610,,,,
Australia,2015,"05",492,,,,
Australia,2015,"05",645,,,,
Australia,2015,"05",674,,,,
Australia,2015,"05",760,,,,
Australia,2015,"06",757,,,,
Australia,2015,"06",913,,,,
Australia,2015,"06",923,,,,
Australia,2015,"06",767,,,,
Australia,2015,"07",1135,,,,
Australia,2015,"07",1274,,,,
Australia,2015,"07",1411,,,,
Australia,2015,"07",1211,,,,
Australia,2015,"08",2216,,,,
Australia,2015,"08",1823,,,,
Austria,2002,"12",,,,,
Austria,2003,"01",,,,,
Austria,2003,"01",,,,,
Austria,2003,"01",,,,,
Austria,2003,"01",,,,,
Austria,2003,"02",,,,,
Austria,2003,"02",,,,,
Austria,2003,"02",,,,,
Austria,2003,"02",,,,,
Austria,2003,"03",,,,,
Austria,2003,"03",,,,,
Austria,2003,"03",,,,,
Austria,2003,"03",,,,,
Austria,2003,"03",,,,,
Austria,2003,"04",,,,,
Austria,2003,"04",,,,,
Austria,2003,"04",,,,,
Austria,2003,"04",,,,,
Austria,2003,"05",,,,,
Austria,2003,"05",,,,,
Austria,2003,"05",,,,,
Austria,2003,"05",,,,,
Austria,2003,"06",,,,,
Austria,2003,"06",,,,,
Austria,2003,"06",,,,,
Austria,2003,"06",,,,,
Austria,2003,"06",,,,,
Austria,2003,"07",,,,,
Austria,2003,"07",,,,,
Austria,2003,"07",,,,,
Austria,2003,"07",,,,,
Austria,2003,"08",,,,,
Austria,2003,"08",,,,,
Austria,2003,"08",,,,,
Austria,2003,"08",,,,,
Austria,2003,"08",,,,,
Austria,2003,"09",,,,,
Austria,2003,"09",515,,,,
Austria,2003,"09",,,,,
Austria,2003,"09",,,,,
Austria,2003,"10",727,,,,
Austria,2003,"10",752,,,,
Austria,2003,"10",720,,,,
Austria,2003,"10",710,,,,
Austria,2003,"11",652,,,,
Austria,2003,"11",608,,,,
Austria,2003,"11",708,,,,
Austria,2003,"11",822,,,,
Austria,2003,"11",661,,,,
Austria,2003,"12",862,,,,
Austria,2003,"12",719,,,,
Austria,2003,"12",898,,,,
Austria,2003,"12",824,,,,
Austria,2004,"01",800,,,,
Austria,2004,"01",880,,,,
Austria,2004,"01",973,,,,
Austria,2004,"01",998,,,,
Austria,2004,"02",824,,,,
Austria,2004,"02",726,,,,
Austria,2004,"02",854,,,,
Austria,2004,"02",1016,,,,
Austria,2004,"02",738,,,,
Austria,2004,"03",628,,,,
Austria,2004,"03",653,,,,
Austria,2004,"03",600,,,,
Austria,2004,"03",636,,,,
Austria,2004,"04",569,,,,
Austria,2004,"04",531,,,,
Austria,2004,"04",531,,,,
Austria,2004,"04",550,,,,
Austria,2004,"05",441,,,,
Austria,2004,"05",476,,,,
Austria,2004,"05",417,,,,
Austria,2004,"05",425,,,,
Austria,2004,"05",454,,,,
Austria,2004,"06",455,,,,
Austria,2004,"06",485,,,,
Austria,2004,"06",482,,,,
Austria,2004,"06",487,,,,
Austria,2004,"07",459,,,,
Austria,2004,"07",512,,,,
Austria,2004,"07",445,,,,
Austria,2004,"07",540,,,,
Austria,2004,"08",438,,,,
Austria,2004,"08",471,,,,
Austria,2004,"08",450,,,,
Austria,2004,"08",408,,,,
Austria,2004,"08",455,,,,
Austria,2004,"09",702,,,,
Austria,2004,"09",482,,,,
Austria,2004,"09",587,,,,
Austria,2004,"09",443,,,,
Austria,2004,"10",732,,,,
Austria,2004,"10",660,,,,
Austria,2004,"10",707,,,,
Austria,2004,"10",652,,,,
Austria,2004,"10",664,,,,
Austria,2004,"11",737,,,,
Austria,2004,"11",808,,,,
Austria,2004,"11",839,,,,
Austria,2004,"11",793,,,,
Austria,2004,"12",848,,,,
Austria,2004,"12",742,,,,
Austria,2004,"12",807,,,,
Austria,2004,"12",810,,,,
Austria,2005,"01",769,,,,
Austria,2005,"01",1643,,,,
Austria,2005,"01",839,,,,
Austria,2005,"01",895,,,,
Austria,2005,"01",1106,,,,
Austria,2005,"02",2143,,,,
Austria,2005,"02",1492,,,,
Austria,2005,"02",2200,,,,
Austria,2005,"02",2396,,,,
Austria,2005,"03",840,,,,
Austria,2005,"03",1246,,,,
Austria,2005,"03",623,,,,
Austria,2005,"03",1052,,,,
Austria,2005,"04",629,,,,
Austria,2005,"04",619,,,,
Austria,2005,"04",578,,,,
Austria,2005,"04",552,,,,
Austria,2005,"05",579,,,,
Austria,2005,"05",518,,,,
Austria,2005,"05",589,,,,
Austria,2005,"05",420,,,,
Austria,2005,"05",506,,,,
Austria,2005,"06",503,,,,
Austria,2005,"06",479,,,,
Austria,2005,"06",462,,,,
Austria,2005,"06",519,,,,
Austria,2005,"07",512,,,,
Austria,2005,"07",462,,,,
Austria,2005,"07",485,,,,
Austria,2005,"07",479,,,,
Austria,2005,"07",414,,,,
Austria,2005,"08",455,,,,
Austria,2005,"08",512,,,,
Austria,2005,"08",514,,,,
Austria,2005,"08",518,,,,
Austria,2005,"09",729,,,,
Austria,2005,"09",671,,,,
Austria,2005,"09",525,,,,
Austria,2005,"09",527,,,,
Austria,2005,"10",793,,,,
Austria,2005,"10",676,,,,
Austria,2005,"10",890,,,,
Austria,2005,"10",821,,,,
Austria,2005,"10",867,,,,
Austria,2005,"11",795,,,,
Austria,2005,"11",827,,,,
Austria,2005,"11",725,,,,
Austria,2005,"11",836,,,,
Austria,2005,"12",796,,,,
Austria,2005,"12",767,,,,
Austria,2005,"12",786,,,,
Austria,2005,"12",923,,,,
Austria,2006,"01",873,,,,
Austria,2006,"01",824,,,,
Austria,2006,"01",786,,,,
Austria,2006,"01",840,,,,
Austria,2006,"01",920,,,,
Austria,2006,"02",884,,,,
Austria,2006,"02",845,,,,
Austria,2006,"02",854,,,,
Austria,2006,"02",928,,,,
Austria,2006,"03",916,,,,
Austria,2006,"03",909,,,,
Austria,2006,"03",1054,,,,
Austria,2006,"03",1021,,,,
Austria,2006,"04",506,,,,
Austria,2006,"04",851,,,,
Austria,2006,"04",699,,,,
Austria,2006,"04",562,,,,
Austria,2006,"04",621,,,,
Austria,2006,"05",522,,,,
Austria,2006,"05",570,,,,
Austria,2006,"05",553,,,,
Austria,2006,"05",565,,,,
Austria,2006,"06",513,,,,
Austria,2006,"06",539,,,,
Austria,2006,"06",488,,,,
Austria,2006,"06",529,,,,
Austria,2006,"07",499,,,,
Austria,2006,"07",496,,,,
Austria,2006,"07",454,,,,
Austria,2006,"07",483,,,,
Austria,2006,"07",374,,,,
Austria,2006,"08",517,,,,
Austria,2006,"08",449,,,,
Austria,2006,"08",385,,,,
Austria,2006,"08",520,,,,
Austria,2006,"09",647,,,,
Austria,2006,"09",607,,,,
Austria,2006,"09",505,,,,
Austria,2006,"09",481,,,,
Austria,2006,"10",667,,,,
Austria,2006,"10",656,,,,
Austria,2006,"10",802,,,,
Austria,2006,"10",646,,,,
Austria,2006,"10",684,,,,
Austria,2006,"11",845,,,,
Austria,2006,"11",781,,,,
Austria,2006,"11",749,,,,
Austria,2006,"11",785,,,,
Austria,2006,"12",858,,,,
Austria,2006,"12",693,,,,
Austria,2006,"12",791,,,,
Austria,2006,"12",793,,,,
Austria,2006,"12",803,,,,
Austria,2007,"01",964,,,,
Austria,2007,"01",869,,,,
Austria,2007,"01",1070,,,,
Austria,2007,"01",1250,,,,
Austria,2007,"02",1607,,,,
Austria,2007,"02",1469,,,,
Austria,2007,"02",1453,,,,
Austria,2007,"02",1348,,,,
Austria,2007,"03",1053,,,,
Austria,2007,"03",901,,,,
Austria,2007,"03",783,,,,
Austria,2007,"03",1207,,,,
Austria,2007,"04",643,,,,
Austria,2007,"04",609,,,,
Austria,2007,"04",686,,,,
Austria,2007,"04",524,,,,
Austria,2007,"04",631,,,,
Austria,2007,"05",544,,,,
Austria,2007,"05",563,,,,
Austria,2007,"05",512,,,,
Austria,2007,"05",505,,,,
Austria,2007,"06",493,,,,
Austria,2007,"06",461,,,,
Austria,2007,"06",521,,,,
Austria,2007,"06",513,,,,
Austria,2007,"07",456,,,,
Austria,2007,"07",535,,,,
Austria,2007,"07",453,,,,
Austria,2007,"07",516,,,,
Austria,2007,"07",486,,,,
Austria,2007,"08",462,,,,
Austria,2007,"08",431,,,,
Austria,2007,"08",486,,,,
Austria,2007,"08",463,,,,
Austria,2007,"09",756,,,,
Austria,2007,"09",529,,,,
Austria,2007,"09",840,,,,
Austria,2007,"09",564,,,,
Austria,2007,"09",739,,,,
Austria,2007,"10",796,,,,
Austria,2007,"10",806,,,,
Austria,2007,"10",712,,,,
Austria,2007,"10",820,,,,
Austria,2007,"11",825,,,,
Austria,2007,"11",807,,,,
Austria,2007,"11",882,,,,
Austria,2007,"11",749,,,,
Austria,2007,"12",1241,,,,
Austria,2007,"12",1010,,,,
Austria,2007,"12",897,,,,
Austria,2007,"12",1052,,,,
Austria,2007,"12",1025,,,,
Austria,2008,"01",1395,,,,
Austria,2008,"01",1660,,,,
Austria,2008,"01",1750,,,,
Austria,2008,"01",1638,,,,
Austria,2008,"02",1117,,,,
Austria,2008,"02",1015,,,,
Austria,2008,"02",1512,,,,
Austria,2008,"02",1234,,,,
Austria,2008,"03",849,,,,
Austria,2008,"03",897,,,,
Austria,2008,"03",817,,,,
Austria,2008,"03",867,,,,
Austria,2008,"03",810,,,,
Austria,2008,"04",711,,,,
Austria,2008,"04",773,,,,
Austria,2008,"04",842,,,,
Austria,2008,"04",650,,,,
Austria,2008,"05",539,,,,
Austria,2008,"05",645,,,,
Austria,2008,"05",517,,,,
Austria,2008,"05",564,,,,
Austria,2008,"06",520,,,,
Austria,2008,"06",592,,,,
Austria,2008,"06",569,,,,
Austria,2008,"06",525,,,,
Austria,2008,"06",538,,,,
Austria,2008,"07",422,,,,
Austria,2008,"07",506,,,,
Austria,2008,"07",522,,,,
Austria,2008,"07",464,,,,
Austria,2008,"08",517,,,,
Austria,2008,"08",495,,,,
Austria,2008,"08",390,,,,
Austria,2008,"08",450,,,,
Austria,2008,"08",416,,,,
Austria,2008,"09",641,,,,
Austria,2008,"09",824,,,,
Austria,2008,"09",967,,,,
Austria,2008,"09",570,,,,
Austria,2008,"10",886,,,,
Austria,2008,"10",944,,,,
Austria,2008,"10",861,,,,
Austria,2008,"10",851,,,,
Austria,2008,"11",919,,,,
Austria,2008,"11",803,,,,
Austria,2008,"11",858,,,,
Austria,2008,"11",849,,,,
Austria,2008,"11",882,,,,
Austria,2008,"12",1086,,,,
Austria,2008,"12",1384,,,,
Austria,2008,"12",927,,,,
Austria,2008,"12",1085,,,,
Austria,2009,"01",2507,,,,
Austria,2009,"01",1681,,,,
Austria,2009,"01",2602,,,,
Austria,2009,"01",2138,,,,
Austria,2009,"02",1434,,,,
Austria,2009,"02",1095,,,,
Austria,2009,"02",1176,,,,
Austria,2009,"02",1941,,,,
Austria,2009,"03",809,,,,
Austria,2009,"03",1141,,,,
Austria,2009,"03",842,,,,
Austria,2009,"03",960,,,,
Austria,2009,"03",722,,,,
Austria,2009,"04",616,,,,
Austria,2009,"04",566,,,,
Austria,2009,"04",665,,,,
Austria,2009,"04",584,,,,
Austria,2009,"05",516,,,,
Austria,2009,"05",624,,,,
Austria,2009,"05",510,,,,
Austria,2009,"05",517,,,,
Austria,2009,"05",597,,,,
Austria,2009,"06",480,,,,
Austria,2009,"06",511,,,,
Austria,2009,"06",503,,,,
Austria,2009,"06",514,,,,
Austria,2009,"07",503,,,,
Austria,2009,"07",482,,,,
Austria,2009,"07",499,,,,
Austria,2009,"07",482,,,,
Austria,2009,"08",491,,,,
Austria,2009,"08",466,,,,
Austria,2009,"08",489,,,,
Austria,2009,"08",467,,,,
Austria,2009,"08",470,,,,
Austria,2009,"09",687,,,,
Austria,2009,"09",760,,,,
Austria,2009,"09",576,,,,
Austria,2009,"09",598,,,,
Austria,2009,"10",828,,,,
Austria,2009,"10",812,,,,
Austria,2009,"10",922,,,,
Austria,2009,"10",877,,,,
Austria,2009,"11",1443,,,,
Austria,2009,"11",1108,,,,
Austria,2009,"11",1524,,,,
Austria,2009,"11",1418,,,,
Austria,2009,"11",1229,,,,
Austria,2009,"12",768,,,,
Austria,2009,"12",1074,,,,
Austria,2009,"12",857,,,,
Austria,2009,"12",1036,,,,
Austria,2010,"01",757,,,,
Austria,2010,"01",735,,,,
Austria,2010,"01",757,,,,
Austria,2010,"01",704,,,,
Austria,2010,"01",735,,,,
Austria,2010,"02",844,,,,
Austria,2010,"02",854,,,,
Austria,2010,"02",742,,,,
Austria,2010,"02",796,,,,
Austria,2010,"03",510,,,,
Austria,2010,"03",708,,,,
Austria,2010,"03",640,,,,
Austria,2010,"03",688,,,,
Austria,2010,"04",514,,,,
Austria,2010,"04",502,,,,
Austria,2010,"04",500,,,,
Austria,2010,"04",530,,,,
Austria,2010,"05",462,,,,
Austria,2010,"05",490,,,,
Austria,2010,"05",506,,,,
Austria,2010,"05",527,,,,
Austria,2010,"05",460,,,,
Austria,2010,"06",419,,,,
Austria,2010,"06",441,,,,
Austria,2010,"06",466,,,,
Austria,2010,"06",420,,,,
Austria,2010,"07",406,,,,
Austria,2010,"07",411,,,,
Austria,2010,"07",423,,,,
Austria,2010,"07",405,,,,
Austria,2010,"08",489,,,,
Austria,2010,"08",499,,,,
Austria,2010,"08",389,,,,
Austria,2010,"08",476,,,,
Austria,2010,"08",462,,,,
Austria,2010,"09",578,,,,
Austria,2010,"09",768,,,,
Austria,2010,"09",867,,,,
Austria,2010,"09",678,,,,
Austria,2010,"10",609,,,,
Austria,2010,"10",827,,,,
Austria,2010,"10",755,,,,
Austria,2010,"10",598,,,,
Austria,2010,"10",833,,,,
Austria,2010,"11",722,,,,
Austria,2010,"11",658,,,,
Austria,2010,"11",643,,,,
Austria,2010,"11",691,,,,
Austria,2010,"12",710,,,,
Austria,2010,"12",849,,,,
Austria,2010,"12",776,,,,
Austria,2010,"12",779,,,,
Austria,2011,"01",1089,,,,
Austria,2011,"01",1244,,,,
Austria,2011,"01",1447,,,,
Austria,2011,"01",1635,,,,
Austria,2011,"01",930,,,,
Austria,2011,"02",1510,,,,
Austria,2011,"02",1298,,,,
Austria,2011,"02",972,,,,
Austria,2011,"02",1071,,,,
Austria,2011,"03",911,,,,
Austria,2011,"03",818,,,,
Austria,2011,"03",940,,,,
Austria,2011,"03",704,,,,
Austria,2011,"04",501,,,,
Austria,2011,"04",609,,,,
Austria,2011,"04",499,,,,
Austria,2011,"04",645,,,,
Austria,2011,"05",390,,,,
Austria,2011,"05",464,,,,
Austria,2011,"05",414,,,,
Austria,2011,"05",443,,,,
Austria,2011,"05",482,,,,
Austria,2011,"06",401,,,,
Austria,2011,"06",381,,,,
Austria,2011,"06",390,,,,
Austria,2011,"06",352,,,,
Austria,2011,"07",357,,,,
Austria,2011,"07",345,,,,
Austria,2011,"07",362,,,,
Austria,2011,"07",335,,,,
Austria,2011,"07",363,,,,
Austria,2011,"08",291,,,,
Austria,2011,"08",301,,,,
Austria,2011,"08",320,,,,
Austria,2011,"08",311,,,,
Austria,2011,"09",327,,,,
Austria,2011,"09",423,,,,
Austria,2011,"09",549,,,,
Austria,2011,"09",318,,,,
Austria,2011,"10",564,,,,
Austria,2011,"10",750,,,,
Austria,2011,"10",674,,,,
Austria,2011,"10",644,,,,
Austria,2011,"10",669,,,,
Austria,2011,"11",865,,,,
Austria,2011,"11",713,,,,
Austria,2011,"11",806,,,,
Austria,2011,"11",712,,,,
Austria,2011,"12",829,,,,
Austria,2011,"12",850,,,,
Austria,2011,"12",782,,,,
Austria,2011,"12",888,,,,
Austria,2012,"01",866,,,,
Austria,2012,"01",784,,,,
Austria,2012,"01",808,,,,
Austria,2012,"01",817,,,,
Austria,2012,"01",819,,,,
Austria,2012,"02",1540,,,,
Austria,2012,"02",1075,,,,
Austria,2012,"02",1510,,,,
Austria,2012,"02",1281,,,,
Austria,2012,"03",1138,,,,
Austria,2012,"03",814,,,,
Austria,2012,"03",1310,,,,
Austria,2012,"03",972,,,,
Austria,2012,"04",662,,,,
Austria,2012,"04",622,,,,
Austria,2012,"04",544,,,,
Austria,2012,"04",657,,,,
Austria,2012,"04",670,,,,
Austria,2012,"05",495,,,,
Austria,2012,"05",522,,,,
Austria,2012,"05",551,,,,
Austria,2012,"05",517,,,,
Austria,2012,"06",526,,,,
Austria,2012,"06",491,,,,
Austria,2012,"06",467,,,,
Austria,2012,"06",470,,,,
Austria,2012,"07",430,,,,
Austria,2012,"07",487,,,,
Austria,2012,"07",418,,,,
Austria,2012,"07",409,,,,
Austria,2012,"07",443,,,,
Austria,2012,"08",427,,,,
Austria,2012,"08",433,,,,
Austria,2012,"08",426,,,,
Austria,2012,"08",455,,,,
Austria,2012,"09",830,,,,
Austria,2012,"09",895,,,,
Austria,2012,"09",517,,,,
Austria,2012,"09",684,,,,
Austria,2012,"09",501,,,,
Austria,2012,"10",916,,,,
Austria,2012,"10",812,,,,
Austria,2012,"10",909,,,,
Austria,2012,"10",926,,,,
Austria,2012,"11",817,,,,
Austria,2012,"11",811,,,,
Austria,2012,"11",855,,,,
Austria,2012,"11",850,,,,
Austria,2012,"12",1118,,,,
Austria,2012,"12",1014,,,,
Austria,2012,"12",831,,,,
Austria,2012,"12",970,,,,
Austria,2012,"12",976,,,,
Austria,2013,"01",1175,,,,
Austria,2013,"01",1598,,,,
Austria,2013,"01",2063,,,,
Austria,2013,"01",1286,,,,
Austria,2013,"02",2408,,,,
Austria,2013,"02",2060,,,,
Austria,2013,"02",2297,,,,
Austria,2013,"02",2141,,,,
Austria,2013,"03",1341,,,,
Austria,2013,"03",1641,,,,
Austria,2013,"03",1034,,,,
Austria,2013,"03",1191,,,,
Austria,2013,"03",1026,,,,
Austria,2013,"04",916,,,,
Austria,2013,"04",774,,,,
Austria,2013,"04",598,,,,
Austria,2013,"04",726,,,,
Austria,2013,"05",587,,,,
Austria,2013,"05",588,,,,
Austria,2013,"05",607,,,,
Austria,2013,"05",638,,,,
Austria,2013,"06",549,,,,
Austria,2013,"06",525,,,,
Austria,2013,"06",638,,,,
Austria,2013,"06",567,,,,
Austria,2013,"06",636,,,,
Austria,2013,"07",546,,,,
Austria,2013,"07",433,,,,
Austria,2013,"07",481,,,,
Austria,2013,"07",490,,,,
Austria,2013,"08",453,,,,
Austria,2013,"08",538,,,,
Austria,2013,"08",517,,,,
Austria,2013,"08",452,,,,
Austria,2013,"09",654,,,,
Austria,2013,"09",1000,,,,
Austria,2013,"09",805,,,,
Austria,2013,"09",596,,,,
Austria,2013,"09",1060,,,,
Austria,2013,"10",1015,,,,
Austria,2013,"10",1090,,,,
Austria,2013,"10",927,,,,
Austria,2013,"10",813,,,,
Austria,2013,"11",919,,,,
Austria,2013,"11",876,,,,
Austria,2013,"11",920,,,,
Austria,2013,"11",871,,,,
Austria,2013,"12",1003,,,,
Austria,2013,"12",1090,,,,
Austria,2013,"12",1074,,,,
Austria,2013,"12",1074,,,,
Austria,2013,"12",922,,,,
Austria,2014,"01",1095,,,,
Austria,2014,"01",1042,,,,
Austria,2014,"01",1128,,,,
Austria,2014,"01",1242,,,,
Austria,2014,"02",1523,,,,
Austria,2014,"02",1401,,,,
Austria,2014,"02",1565,,,,
Austria,2014,"02",1528,,,,
Austria,2014,"03",1183,,,,
Austria,2014,"03",1491,,,,
Austria,2014,"03",1123,,,,
Austria,2014,"03",1317,,,,
Austria,2014,"03",1473,,,,
Austria,2014,"04",822,,,,
Austria,2014,"04",736,,,,
Austria,2014,"04",846,,,,
Austria,2014,"04",950,,,,
Austria,2014,"05",715,,,,
Austria,2014,"05",755,,,,
Austria,2014,"05",806,,,,
Austria,2014,"05",762,,,,
Austria,2014,"06",569,,,,
Austria,2014,"06",594,,,,
Austria,2014,"06",562,,,,
Austria,2014,"06",793,,,,
Austria,2014,"06",632,,,,
Austria,2014,"07",509,,,,
Austria,2014,"07",540,,,,
Austria,2014,"07",591,,,,
Austria,2014,"07",577,,,,
Austria,2014,"08",659,,,,
Austria,2014,"08",491,,,,
Austria,2014,"08",568,,,,
Austria,2014,"08",603,,,,
Austria,2014,"08",501,,,,
Austria,2014,"09",1064,,,,
Austria,2014,"09",1064,,,,
Austria,2014,"09",984,,,,
Austria,2014,"09",775,,,,
Austria,2014,"10",1018,,,,
Austria,2014,"10",1066,,,,
Austria,2014,"10",1062,,,,
Austria,2014,"10",1123,,,,
Austria,2014,"11",1101,,,,
Austria,2014,"11",1165,,,,
Austria,2014,"11",1222,,,,
Austria,2014,"11",1205,,,,
Austria,2014,"11",1246,,,,
Austria,2014,"12",1602,,,,
Austria,2014,"12",1450,,,,
Austria,2014,"12",1436,,,,
Austria,2014,"12",1360,,,,
Austria,2015,"01",1686,,,,
Austria,2015,"01",2465,,,,
Austria,2015,"01",2035,,,,
Austria,2015,"01",1717,,,,
Austria,2015,"02",2873,,,,
Austria,2015,"02",2972,,,,
Austria,2015,"02",2645,,,,
Austria,2015,"02",2867,,,,
Austria,2015,"03",1459,,,,
Austria,2015,"03",1902,,,,
Austria,2015,"03",2179,,,,
Austria,2015,"03",1618,,,,
Austria,2015,"03",1094,,,,
Austria,2015,"04",710,,,,
Austria,2015,"04",929,,,,
Austria,2015,"04",1101,,,,
Austria,2015,"04",831,,,,
Austria,2015,"05",727,,,,
Austria,2015,"05",714,,,,
Austria,2015,"05",642,,,,
Austria,2015,"05",648,,,,
Austria,2015,"05",649,,,,
Austria,2015,"06",641,,,,
Austria,2015,"06",641,,,,
Austria,2015,"06",619,,,,
Austria,2015,"06",648,,,,
Austria,2015,"07",506,,,,
Austria,2015,"07",519,,,,
Austria,2015,"07",538,,,,
Austria,2015,"07",568,,,,
Austria,2015,"08",506,,,,
Austria,2015,"08",494,,,,
Belgium,2002,"12",,,,,
Belgium,2003,"01",,,,,
Belgium,2003,"01",,,,,
Belgium,2003,"01",,,,,
Belgium,2003,"01",,,,,
Belgium,2003,"02",,,,,
Belgium,2003,"02",,,,,
Belgium,2003,"02",,,,,
Belgium,2003,"02",,,,,
Belgium,2003,"03",,,,,
Belgium,2003,"03",,,,,
Belgium,2003,"03",,,,,
Belgium,2003,"03",,,,,
Belgium,2003,"03",,,,,
Belgium,2003,"04",,,,,
Belgium,2003,"04",,,,,
Belgium,2003,"04",,,,,
Belgium,2003,"04",,,,,
Belgium,2003,"05",,,,,
Belgium,2003,"05",,,,,
Belgium,2003,"05",,,,,
Belgium,2003,"05",,,,,
Belgium,2003,"06",,,,,
Belgium,2003,"06",,,,,
Belgium,2003,"06",,,,,
Belgium,2003,"06",,,,,
Belgium,2003,"06",,,,,
Belgium,2003,"07",,,,,
Belgium,2003,"07",,,,,
Belgium,2003,"07",,,,,
Belgium,2003,"07",,,,,
Belgium,2003,"08",,,,,
Belgium,2003,"08",,,,,
Belgium,2003,"08",,,,,
Belgium,2003,"08",,,,,
Belgium,2003,"08",,,,,
Belgium,2003,"09",,,,,
Belgium,2003,"09",,,,,
Belgium,2003,"09",,,,,
Belgium,2003,"09",50,,,,
Belgium,2003,"10",54,,,,
Belgium,2003,"10",63,,,,
Belgium,2003,"10",44,,,,
Belgium,2003,"10",112,,,,
Belgium,2003,"11",133,,,,
Belgium,2003,"11",74,,,,
Belgium,2003,"11",725,,,,
Belgium,2003,"11",273,,,,
Belgium,2003,"11",70,,,,
Belgium,2003,"12",159,,,,
Belgium,2003,"12",265,,,,
Belgium,2003,"12",729,,,,
Belgium,2003,"12",832,,,,
Belgium,2004,"01",78,,,,
Belgium,2004,"01",93,,,,
Belgium,2004,"01",68,,,,
Belgium,2004,"01",119,,,,
Belgium,2004,"02",44,,,,
Belgium,2004,"02",80,,,,
Belgium,2004,"02",65,,,,
Belgium,2004,"02",61,,,,
Belgium,2004,"02",64,,,,
Belgium,2004,"03",70,,,,
Belgium,2004,"03",109,,,,
Belgium,2004,"03",43,,,,
Belgium,2004,"03",61,,,,
Belgium,2004,"04",32,,,,
Belgium,2004,"04",21,,,,
Belgium,2004,"04",29,,,,
Belgium,2004,"04",24,,,,
Belgium,2004,"05",34,,,,
Belgium,2004,"05",33,,,,
Belgium,2004,"05",38,,,,
Belgium,2004,"05",41,,,,
Belgium,2004,"05",42,,,,
Belgium,2004,"06",19,,,,
Belgium,2004,"06",28,,,,
Belgium,2004,"06",16,,,,
Belgium,2004,"06",10,,,,
Belgium,2004,"07",19,,,,
Belgium,2004,"07",13,,,,
Belgium,2004,"07",9,,,,
Belgium,2004,"07",11,,,,
Belgium,2004,"08",11,,,,
Belgium,2004,"08",11,,,,
Belgium,2004,"08",10,,,,
Belgium,2004,"08",11,,,,
Belgium,2004,"08",8,,,,
Belgium,2004,"09",75,,,,
Belgium,2004,"09",54,,,,
Belgium,2004,"09",34,,,,
Belgium,2004,"09",26,,,,
Belgium,2004,"10",63,,,,
Belgium,2004,"10",81,,,,
Belgium,2004,"10",53,,,,
Belgium,2004,"10",95,,,,
Belgium,2004,"10",49,,,,
Belgium,2004,"11",105,,,,
Belgium,2004,"11",63,,,,
Belgium,2004,"11",67,,,,
Belgium,2004,"11",120,,,,
Belgium,2004,"12",169,,,,
Belgium,2004,"12",144,,,,
Belgium,2004,"12",116,,,,
Belgium,2004,"12",137,,,,
Belgium,2005,"01",203,,,,
Belgium,2005,"01",233,,,,
Belgium,2005,"01",201,,,,
Belgium,2005,"01",191,,,,
Belgium,2005,"01",168,,,,
Belgium,2005,"02",419,,,,
Belgium,2005,"02",429,,,,
Belgium,2005,"02",492,,,,
Belgium,2005,"02",379,,,,
Belgium,2005,"03",413,,,,
Belgium,2005,"03",330,,,,
Belgium,2005,"03",164,,,,
Belgium,2005,"03",72,,,,
Belgium,2005,"04",55,,,,
Belgium,2005,"04",57,,,,
Belgium,2005,"04",59,,,,
Belgium,2005,"04",59,,,,
Belgium,2005,"05",50,,,,
Belgium,2005,"05",67,,,,
Belgium,2005,"05",64,,,,
Belgium,2005,"05",65,,,,
Belgium,2005,"05",84,,,,
Belgium,2005,"06",26,,,,
Belgium,2005,"06",25,,,,
Belgium,2005,"06",42,,,,
Belgium,2005,"06",47,,,,
Belgium,2005,"07",18,,,,
Belgium,2005,"07",24,,,,
Belgium,2005,"07",21,,,,
Belgium,2005,"07",12,,,,
Belgium,2005,"07",24,,,,
Belgium,2005,"08",22,,,,
Belgium,2005,"08",18,,,,
Belgium,2005,"08",25,,,,
Belgium,2005,"08",31,,,,
Belgium,2005,"09",39,,,,
Belgium,2005,"09",40,,,,
Belgium,2005,"09",68,,,,
Belgium,2005,"09",35,,,,
Belgium,2005,"10",98,,,,
Belgium,2005,"10",80,,,,
Belgium,2005,"10",113,,,,
Belgium,2005,"10",71,,,,
Belgium,2005,"10",88,,,,
Belgium,2005,"11",99,,,,
Belgium,2005,"11",192,,,,
Belgium,2005,"11",166,,,,
Belgium,2005,"11",185,,,,
Belgium,2005,"12",119,,,,
Belgium,2005,"12",201,,,,
Belgium,2005,"12",168,,,,
Belgium,2005,"12",121,,,,
Belgium,2006,"01",119,,,,
Belgium,2006,"01",131,,,,
Belgium,2006,"01",151,,,,
Belgium,2006,"01",117,,,,
Belgium,2006,"01",163,,,,
Belgium,2006,"02",326,,,,
Belgium,2006,"02",245,,,,
Belgium,2006,"02",297,,,,
Belgium,2006,"02",263,,,,
Belgium,2006,"03",217,,,,
Belgium,2006,"03",193,,,,
Belgium,2006,"03",147,,,,
Belgium,2006,"03",252,,,,
Belgium,2006,"04",38,,,,
Belgium,2006,"04",53,,,,
Belgium,2006,"04",62,,,,
Belgium,2006,"04",45,,,,
Belgium,2006,"04",81,,,,
Belgium,2006,"05",45,,,,
Belgium,2006,"05",39,,,,
Belgium,2006,"05",43,,,,
Belgium,2006,"05",29,,,,
Belgium,2006,"06",26,,,,
Belgium,2006,"06",30,,,,
Belgium,2006,"06",14,,,,
Belgium,2006,"06",36,,,,
Belgium,2006,"07",9,,,,
Belgium,2006,"07",14,,,,
Belgium,2006,"07",7,,,,
Belgium,2006,"07",11,,,,
Belgium,2006,"07",15,,,,
Belgium,2006,"08",16,,,,
Belgium,2006,"08",16,,,,
Belgium,2006,"08",14,,,,
Belgium,2006,"08",9,,,,
Belgium,2006,"09",31,,,,
Belgium,2006,"09",33,,,,
Belgium,2006,"09",41,,,,
Belgium,2006,"09",21,,,,
Belgium,2006,"10",47,,,,
Belgium,2006,"10",36,,,,
Belgium,2006,"10",58,,,,
Belgium,2006,"10",65,,,,
Belgium,2006,"10",63,,,,
Belgium,2006,"11",96,,,,
Belgium,2006,"11",72,,,,
Belgium,2006,"11",65,,,,
Belgium,2006,"11",84,,,,
Belgium,2006,"12",85,,,,
Belgium,2006,"12",83,,,,
Belgium,2006,"12",83,,,,
Belgium,2006,"12",109,,,,
Belgium,2006,"12",96,,,,
Belgium,2007,"01",113,,,,
Belgium,2007,"01",113,,,,
Belgium,2007,"01",137,,,,
Belgium,2007,"01",294,,,,
Belgium,2007,"02",530,,,,
Belgium,2007,"02",976,,,,
Belgium,2007,"02",531,,,,
Belgium,2007,"02",900,,,,
Belgium,2007,"03",66,,,,
Belgium,2007,"03",196,,,,
Belgium,2007,"03",110,,,,
Belgium,2007,"03",94,,,,
Belgium,2007,"04",45,,,,
Belgium,2007,"04",40,,,,
Belgium,2007,"04",41,,,,
Belgium,2007,"04",48,,,,
Belgium,2007,"04",32,,,,
Belgium,2007,"05",37,,,,
Belgium,2007,"05",37,,,,
Belgium,2007,"05",38,,,,
Belgium,2007,"05",25,,,,
Belgium,2007,"06",14,,,,
Belgium,2007,"06",15,,,,
Belgium,2007,"06",29,,,,
Belgium,2007,"06",24,,,,
Belgium,2007,"07",14,,,,
Belgium,2007,"07",18,,,,
Belgium,2007,"07",23,,,,
Belgium,2007,"07",18,,,,
Belgium,2007,"07",15,,,,
Belgium,2007,"08",10,,,,
Belgium,2007,"08",15,,,,
Belgium,2007,"08",16,,,,
Belgium,2007,"08",12,,,,
Belgium,2007,"09",80,,,,
Belgium,2007,"09",55,,,,
Belgium,2007,"09",70,,,,
Belgium,2007,"09",30,,,,
Belgium,2007,"09",18,,,,
Belgium,2007,"10",70,,,,
Belgium,2007,"10",80,,,,
Belgium,2007,"10",62,,,,
Belgium,2007,"10",95,,,,
Belgium,2007,"11",90,,,,
Belgium,2007,"11",97,,,,
Belgium,2007,"11",151,,,,
Belgium,2007,"11",122,,,,
Belgium,2007,"12",156,,,,
Belgium,2007,"12",127,,,,
Belgium,2007,"12",124,,,,
Belgium,2007,"12",154,,,,
Belgium,2007,"12",98,,,,
Belgium,2008,"01",177,,,,
Belgium,2008,"01",179,,,,
Belgium,2008,"01",210,,,,
Belgium,2008,"01",187,,,,
Belgium,2008,"02",293,,,,
Belgium,2008,"02",175,,,,
Belgium,2008,"02",275,,,,
Belgium,2008,"02",251,,,,
Belgium,2008,"03",215,,,,
Belgium,2008,"03",118,,,,
Belgium,2008,"03",154,,,,
Belgium,2008,"03",96,,,,
Belgium,2008,"03",81,,,,
Belgium,2008,"04",66,,,,
Belgium,2008,"04",69,,,,
Belgium,2008,"04",52,,,,
Belgium,2008,"04",75,,,,
Belgium,2008,"05",24,,,,
Belgium,2008,"05",32,,,,
Belgium,2008,"05",31,,,,
Belgium,2008,"05",51,,,,
Belgium,2008,"06",18,,,,
Belgium,2008,"06",19,,,,
Belgium,2008,"06",23,,,,
Belgium,2008,"06",27,,,,
Belgium,2008,"06",26,,,,
Belgium,2008,"07",13,,,,
Belgium,2008,"07",14,,,,
Belgium,2008,"07",12,,,,
Belgium,2008,"07",14,,,,
Belgium,2008,"08",19,,,,
Belgium,2008,"08",17,,,,
Belgium,2008,"08",15,,,,
Belgium,2008,"08",13,,,,
Belgium,2008,"08",14,,,,
Belgium,2008,"09",88,,,,
Belgium,2008,"09",47,,,,
Belgium,2008,"09",30,,,,
Belgium,2008,"09",75,,,,
Belgium,2008,"10",77,,,,
Belgium,2008,"10",82,,,,
Belgium,2008,"10",71,,,,
Belgium,2008,"10",83,,,,
Belgium,2008,"11",80,,,,
Belgium,2008,"11",123,,,,
Belgium,2008,"11",91,,,,
Belgium,2008,"11",124,,,,
Belgium,2008,"11",108,,,,
Belgium,2008,"12",109,,,,
Belgium,2008,"12",173,,,,
Belgium,2008,"12",149,,,,
Belgium,2008,"12",131,,,,
Belgium,2009,"01",665,,,,
Belgium,2009,"01",1008,,,,
Belgium,2009,"01",1089,,,,
Belgium,2009,"01",308,,,,
Belgium,2009,"02",243,,,,
Belgium,2009,"02",438,,,,
Belgium,2009,"02",797,,,,
Belgium,2009,"02",140,,,,
Belgium,2009,"03",63,,,,
Belgium,2009,"03",113,,,,
Belgium,2009,"03",54,,,,
Belgium,2009,"03",84,,,,
Belgium,2009,"03",76,,,,
Belgium,2009,"04",37,,,,
Belgium,2009,"04",39,,,,
Belgium,2009,"04",54,,,,
Belgium,2009,"04",68,,,,
Belgium,2009,"05",35,,,,
Belgium,2009,"05",31,,,,
Belgium,2009,"05",63,,,,
Belgium,2009,"05",56,,,,
Belgium,2009,"05",56,,,,
Belgium,2009,"06",19,,,,
Belgium,2009,"06",31,,,,
Belgium,2009,"06",14,,,,
Belgium,2009,"06",24,,,,
Belgium,2009,"07",101,,,,
Belgium,2009,"07",69,,,,
Belgium,2009,"07",38,,,,
Belgium,2009,"07",80,,,,
Belgium,2009,"08",50,,,,
Belgium,2009,"08",68,,,,
Belgium,2009,"08",62,,,,
Belgium,2009,"08",62,,,,
Belgium,2009,"08",89,,,,
Belgium,2009,"09",137,,,,
Belgium,2009,"09",106,,,,
Belgium,2009,"09",135,,,,
Belgium,2009,"09",158,,,,
Belgium,2009,"10",200,,,,
Belgium,2009,"10",866,,,,
Belgium,2009,"10",591,,,,
Belgium,2009,"10",318,,,,
Belgium,2009,"11",200,,,,
Belgium,2009,"11",327,,,,
Belgium,2009,"11",131,,,,
Belgium,2009,"11",517,,,,
Belgium,2009,"11",105,,,,
Belgium,2009,"12",79,,,,
Belgium,2009,"12",100,,,,
Belgium,2009,"12",67,,,,
Belgium,2009,"12",59,,,,
Belgium,2010,"01",81,,,,
Belgium,2010,"01",61,,,,
Belgium,2010,"01",63,,,,
Belgium,2010,"01",59,,,,
Belgium,2010,"01",64,,,,
Belgium,2010,"02",55,,,,
Belgium,2010,"02",46,,,,
Belgium,2010,"02",65,,,,
Belgium,2010,"02",48,,,,
Belgium,2010,"03",47,,,,
Belgium,2010,"03",52,,,,
Belgium,2010,"03",54,,,,
Belgium,2010,"03",34,,,,
Belgium,2010,"04",26,,,,
Belgium,2010,"04",25,,,,
Belgium,2010,"04",24,,,,
Belgium,2010,"04",22,,,,
Belgium,2010,"05",31,,,,
Belgium,2010,"05",26,,,,
Belgium,2010,"05",27,,,,
Belgium,2010,"05",22,,,,
Belgium,2010,"05",35,,,,
Belgium,2010,"06",16,,,,
Belgium,2010,"06",7,,,,
Belgium,2010,"06",11,,,,
Belgium,2010,"06",12,,,,
Belgium,2010,"07",8,,,,
Belgium,2010,"07",8,,,,
Belgium,2010,"07",7,,,,
Belgium,2010,"07",9,,,,
Belgium,2010,"08",21,,,,
Belgium,2010,"08",11,,,,
Belgium,2010,"08",17,,,,
Belgium,2010,"08",11,,,,
Belgium,2010,"08",9,,,,
Belgium,2010,"09",74,,,,
Belgium,2010,"09",72,,,,
Belgium,2010,"09",54,,,,
Belgium,2010,"09",34,,,,
Belgium,2010,"10",65,,,,
Belgium,2010,"10",57,,,,
Belgium,2010,"10",61,,,,
Belgium,2010,"10",58,,,,
Belgium,2010,"10",48,,,,
Belgium,2010,"11",54,,,,
Belgium,2010,"11",46,,,,
Belgium,2010,"11",102,,,,
Belgium,2010,"11",73,,,,
Belgium,2010,"12",333,,,,
Belgium,2010,"12",122,,,,
Belgium,2010,"12",195,,,,
Belgium,2010,"12",171,,,,
Belgium,2011,"01",551,,,,
Belgium,2011,"01",291,,,,
Belgium,2011,"01",329,,,,
Belgium,2011,"01",326,,,,
Belgium,2011,"01",482,,,,
Belgium,2011,"02",134,,,,
Belgium,2011,"02",116,,,,
Belgium,2011,"02",189,,,,
Belgium,2011,"02",286,,,,
Belgium,2011,"03",62,,,,
Belgium,2011,"03",80,,,,
Belgium,2011,"03",79,,,,
Belgium,2011,"03",58,,,,
Belgium,2011,"04",32,,,,
Belgium,2011,"04",41,,,,
Belgium,2011,"04",47,,,,
Belgium,2011,"04",31,,,,
Belgium,2011,"05",23,,,,
Belgium,2011,"05",21,,,,
Belgium,2011,"05",26,,,,
Belgium,2011,"05",25,,,,
Belgium,2011,"05",24,,,,
Belgium,2011,"06",13,,,,
Belgium,2011,"06",16,,,,
Belgium,2011,"06",17,,,,
Belgium,2011,"06",9,,,,
Belgium,2011,"07",10,,,,
Belgium,2011,"07",9,,,,
Belgium,2011,"07",10,,,,
Belgium,2011,"07",11,,,,
Belgium,2011,"07",11,,,,
Belgium,2011,"08",8,,,,
Belgium,2011,"08",9,,,,
Belgium,2011,"08",7,,,,
Belgium,2011,"08",7,,,,
Belgium,2011,"09",36,,,,
Belgium,2011,"09",17,,,,
Belgium,2011,"09",12,,,,
Belgium,2011,"09",40,,,,
Belgium,2011,"10",51,,,,
Belgium,2011,"10",62,,,,
Belgium,2011,"10",82,,,,
Belgium,2011,"10",45,,,,
Belgium,2011,"10",55,,,,
Belgium,2011,"11",59,,,,
Belgium,2011,"11",96,,,,
Belgium,2011,"11",88,,,,
Belgium,2011,"11",82,,,,
Belgium,2011,"12",109,,,,
Belgium,2011,"12",80,,,,
Belgium,2011,"12",80,,,,
Belgium,2011,"12",93,,,,
Belgium,2012,"01",72,,,,
Belgium,2012,"01",68,,,,
Belgium,2012,"01",90,,,,
Belgium,2012,"01",98,,,,
Belgium,2012,"01",122,,,,
Belgium,2012,"02",543,,,,
Belgium,2012,"02",231,,,,
Belgium,2012,"02",414,,,,
Belgium,2012,"02",439,,,,
Belgium,2012,"03",162,,,,
Belgium,2012,"03",100,,,,
Belgium,2012,"03",69,,,,
Belgium,2012,"03",243,,,,
Belgium,2012,"04",53,,,,
Belgium,2012,"04",42,,,,
Belgium,2012,"04",29,,,,
Belgium,2012,"04",37,,,,
Belgium,2012,"04",40,,,,
Belgium,2012,"05",33,,,,
Belgium,2012,"05",31,,,,
Belgium,2012,"05",39,,,,
Belgium,2012,"05",23,,,,
Belgium,2012,"06",19,,,,
Belgium,2012,"06",21,,,,
Belgium,2012,"06",17,,,,
Belgium,2012,"06",20,,,,
Belgium,2012,"07",12,,,,
Belgium,2012,"07",14,,,,
Belgium,2012,"07",12,,,,
Belgium,2012,"07",17,,,,
Belgium,2012,"07",15,,,,
Belgium,2012,"08",11,,,,
Belgium,2012,"08",10,,,,
Belgium,2012,"08",10,,,,
Belgium,2012,"08",13,,,,
Belgium,2012,"09",77,,,,
Belgium,2012,"09",66,,,,
Belgium,2012,"09",17,,,,
Belgium,2012,"09",43,,,,
Belgium,2012,"09",26,,,,
Belgium,2012,"10",49,,,,
Belgium,2012,"10",51,,,,
Belgium,2012,"10",59,,,,
Belgium,2012,"10",70,,,,
Belgium,2012,"11",70,,,,
Belgium,2012,"11",80,,,,
Belgium,2012,"11",79,,,,
Belgium,2012,"11",59,,,,
Belgium,2012,"12",143,,,,
Belgium,2012,"12",129,,,,
Belgium,2012,"12",207,,,,
Belgium,2012,"12",94,,,,
Belgium,2012,"12",270,,,,
Belgium,2013,"01",372,,,,
Belgium,2013,"01",1499,,,,
Belgium,2013,"01",802,,,,
Belgium,2013,"01",374,,,,
Belgium,2013,"02",494,,,,
Belgium,2013,"02",753,,,,
Belgium,2013,"02",1064,,,,
Belgium,2013,"02",1387,,,,
Belgium,2013,"03",147,,,,
Belgium,2013,"03",210,,,,
Belgium,2013,"03",348,,,,
Belgium,2013,"03",124,,,,
Belgium,2013,"03",102,,,,
Belgium,2013,"04",78,,,,
Belgium,2013,"04",48,,,,
Belgium,2013,"04",37,,,,
Belgium,2013,"04",38,,,,
Belgium,2013,"05",39,,,,
Belgium,2013,"05",35,,,,
Belgium,2013,"05",39,,,,
Belgium,2013,"05",45,,,,
Belgium,2013,"06",26,,,,
Belgium,2013,"06",15,,,,
Belgium,2013,"06",19,,,,
Belgium,2013,"06",17,,,,
Belgium,2013,"06",26,,,,
Belgium,2013,"07",12,,,,
Belgium,2013,"07",10,,,,
Belgium,2013,"07",8,,,,
Belgium,2013,"07",8,,,,
Belgium,2013,"08",15,,,,
Belgium,2013,"08",9,,,,
Belgium,2013,"08",12,,,,
Belgium,2013,"08",10,,,,
Belgium,2013,"09",80,,,,
Belgium,2013,"09",14,,,,
Belgium,2013,"09",27,,,,
Belgium,2013,"09",60,,,,
Belgium,2013,"09",80,,,,
Belgium,2013,"10",60,,,,
Belgium,2013,"10",66,,,,
Belgium,2013,"10",60,,,,
Belgium,2013,"10",50,,,,
Belgium,2013,"11",70,,,,
Belgium,2013,"11",67,,,,
Belgium,2013,"11",121,,,,
Belgium,2013,"11",107,,,,
Belgium,2013,"12",115,,,,
Belgium,2013,"12",124,,,,
Belgium,2013,"12",107,,,,
Belgium,2013,"12",90,,,,
Belgium,2013,"12",102,,,,
Belgium,2014,"01",154,,,,
Belgium,2014,"01",105,,,,
Belgium,2014,"01",86,,,,
Belgium,2014,"01",124,,,,
Belgium,2014,"02",411,,,,
Belgium,2014,"02",230,,,,
Belgium,2014,"02",388,,,,
Belgium,2014,"02",527,,,,
Belgium,2014,"03",256,,,,
Belgium,2014,"03",196,,,,
Belgium,2014,"03",153,,,,
Belgium,2014,"03",150,,,,
Belgium,2014,"03",123,,,,
Belgium,2014,"04",55,,,,
Belgium,2014,"04",41,,,,
Belgium,2014,"04",33,,,,
Belgium,2014,"04",88,,,,
Belgium,2014,"05",34,,,,
Belgium,2014,"05",40,,,,
Belgium,2014,"05",38,,,,
Belgium,2014,"05",30,,,,
Belgium,2014,"06",19,,,,
Belgium,2014,"06",18,,,,
Belgium,2014,"06",21,,,,
Belgium,2014,"06",28,,,,
Belgium,2014,"06",14,,,,
Belgium,2014,"07",15,,,,
Belgium,2014,"07",16,,,,
Belgium,2014,"07",14,,,,
Belgium,2014,"07",18,,,,
Belgium,2014,"08",14,,,,
Belgium,2014,"08",21,,,,
Belgium,2014,"08",21,,,,
Belgium,2014,"08",13,,,,
Belgium,2014,"08",29,,,,
Belgium,2014,"09",52,,,,
Belgium,2014,"09",61,,,,
Belgium,2014,"09",48,,,,
Belgium,2014,"09",45,,,,
Belgium,2014,"10",88,,,,
Belgium,2014,"10",77,,,,
Belgium,2014,"10",78,,,,
Belgium,2014,"10",92,,,,
Belgium,2014,"11",156,,,,
Belgium,2014,"11",103,,,,
Belgium,2014,"11",123,,,,
Belgium,2014,"11",112,,,,
Belgium,2014,"11",85,,,,
Belgium,2014,"12",214,,,,
Belgium,2014,"12",254,,,,
Belgium,2014,"12",175,,,,
Belgium,2014,"12",189,,,,
Belgium,2015,"01",308,,,,
Belgium,2015,"01",723,,,,
Belgium,2015,"01",295,,,,
Belgium,2015,"01",1459,,,,
Belgium,2015,"02",2120,,,,
Belgium,2015,"02",2776,,,,
Belgium,2015,"02",606,,,,
Belgium,2015,"02",1258,,,,
Belgium,2015,"03",176,,,,
Belgium,2015,"03",221,,,,
Belgium,2015,"03",122,,,,
Belgium,2015,"03",165,,,,
Belgium,2015,"03",314,,,,
Belgium,2015,"04",42,,,,
Belgium,2015,"04",46,,,,
Belgium,2015,"04",111,,,,
Belgium,2015,"04",68,,,,
Belgium,2015,"05",44,,,,
Belgium,2015,"05",38,,,,
Belgium,2015,"05",29,,,,
Belgium,2015,"05",36,,,,
Belgium,2015,"05",21,,,,
Belgium,2015,"06",9,,,,
Belgium,2015,"06",17,,,,
Belgium,2015,"06",17,,,,
Belgium,2015,"06",22,,,,
Belgium,2015,"07",10,,,,
Belgium,2015,"07",13,,,,
Belgium,2015,"07",11,,,,
Belgium,2015,"07",10,,,,
Belgium,2015,"08",11,,,,
Belgium,2015,"08",13,,,,
Bolivia,2002,"12",,0.101,53.7,68.7,Americas
Bolivia,2003,"01",,0.176,51.2,69.3,Americas
Bolivia,2003,"01",,0.176,51.2,69.3,Americas
Bolivia,2003,"01",,0.176,51.2,69.3,Americas
Bolivia,2003,"01",,0.176,51.2,69.3,Americas
Bolivia,2003,"01",,0.173,51.2,69.3,Americas
Bolivia,2003,"01",,0.173,51.2,69.3,Americas
Bolivia,2003,"01",,0.173,51.2,69.3,Americas
Bolivia,2003,"01",,0.173,51.2,69.3,Americas
Bolivia,2003,"01",,0.146,51.2,69.3,Americas
Bolivia,2003,"01",,0.146,51.2,69.3,Americas
Bolivia,2003,"01",,0.146,51.2,69.3,Americas
Bolivia,2003,"01",,0.146,51.2,69.3,Americas
Bolivia,2003,"01",,0.143,51.2,69.3,Americas
Bolivia,2003,"01",,0.143,51.2,69.3,Americas
Bolivia,2003,"01",,0.143,51.2,69.3,Americas
Bolivia,2003,"01",,0.143,51.2,69.3,Americas
Bolivia,2003,"02",,0.147,51.2,69.3,Americas
Bolivia,2003,"02",,0.147,51.2,69.3,Americas
Bolivia,2003,"02",,0.147,51.2,69.3,Americas
Bolivia,2003,"02",426,0.147,51.2,69.3,Americas
Bolivia,2003,"02",,0.225,51.2,69.3,Americas
Bolivia,2003,"02",,0.225,51.2,69.3,Americas
Bolivia,2003,"02",,0.225,51.2,69.3,Americas
Bolivia,2003,"02",426,0.225,51.2,69.3,Americas
Bolivia,2003,"02",,0.16,51.2,69.3,Americas
Bolivia,2003,"02",,0.16,51.2,69.3,Americas
Bolivia,2003,"02",,0.16,51.2,69.3,Americas
Bolivia,2003,"02",426,0.16,51.2,69.3,Americas
Bolivia,2003,"02",,0.109,51.2,69.3,Americas
Bolivia,2003,"02",,0.109,51.2,69.3,Americas
Bolivia,2003,"02",,0.109,51.2,69.3,Americas
Bolivia,2003,"02",426,0.109,51.2,69.3,Americas
Bolivia,2003,"03",427,0.119,51.2,69.3,Americas
Bolivia,2003,"03",647,0.119,51.2,69.3,Americas
Bolivia,2003,"03",549,0.119,51.2,69.3,Americas
Bolivia,2003,"03",541,0.119,51.2,69.3,Americas
Bolivia,2003,"03",460,0.119,51.2,69.3,Americas
Bolivia,2003,"03",427,0.195,51.2,69.3,Americas
Bolivia,2003,"03",647,0.195,51.2,69.3,Americas
Bolivia,2003,"03",549,0.195,51.2,69.3,Americas
Bolivia,2003,"03",541,0.195,51.2,69.3,Americas
Bolivia,2003,"03",460,0.195,51.2,69.3,Americas
Bolivia,2003,"03",427,0.289,51.2,69.3,Americas
Bolivia,2003,"03",647,0.289,51.2,69.3,Americas
Bolivia,2003,"03",549,0.289,51.2,69.3,Americas
Bolivia,2003,"03",541,0.289,51.2,69.3,Americas
Bolivia,2003,"03",460,0.289,51.2,69.3,Americas
Bolivia,2003,"03",427,0.227,51.2,69.3,Americas
Bolivia,2003,"03",647,0.227,51.2,69.3,Americas
Bolivia,2003,"03",549,0.227,51.2,69.3,Americas
Bolivia,2003,"03",541,0.227,51.2,69.3,Americas
Bolivia,2003,"03",460,0.227,51.2,69.3,Americas
Bolivia,2003,"03",427,0.194,51.2,69.3,Americas
Bolivia,2003,"03",647,0.194,51.2,69.3,Americas
Bolivia,2003,"03",549,0.194,51.2,69.3,Americas
Bolivia,2003,"03",541,0.194,51.2,69.3,Americas
Bolivia,2003,"03",460,0.194,51.2,69.3,Americas
Bolivia,2003,"04",636,0.097,51.2,69.3,Americas
Bolivia,2003,"04",580,0.097,51.2,69.3,Americas
Bolivia,2003,"04",525,0.097,51.2,69.3,Americas
Bolivia,2003,"04",537,0.097,51.2,69.3,Americas
Bolivia,2003,"04",636,0.101,51.2,69.3,Americas
Bolivia,2003,"04",580,0.101,51.2,69.3,Americas
Bolivia,2003,"04",525,0.101,51.2,69.3,Americas
Bolivia,2003,"04",537,0.101,51.2,69.3,Americas
Bolivia,2003,"04",636,0.147,51.2,69.3,Americas
Bolivia,2003,"04",580,0.147,51.2,69.3,Americas
Bolivia,2003,"04",525,0.147,51.2,69.3,Americas
Bolivia,2003,"04",537,0.147,51.2,69.3,Americas
Bolivia,2003,"04",636,0.121,51.2,69.3,Americas
Bolivia,2003,"04",580,0.121,51.2,69.3,Americas
Bolivia,2003,"04",525,0.121,51.2,69.3,Americas
Bolivia,2003,"04",537,0.121,51.2,69.3,Americas
Bolivia,2003,"05",547,0.064,51.2,69.3,Americas
Bolivia,2003,"05",493,0.064,51.2,69.3,Americas
Bolivia,2003,"05",560,0.064,51.2,69.3,Americas
Bolivia,2003,"05",539,0.064,51.2,69.3,Americas
Bolivia,2003,"05",547,0.069,51.2,69.3,Americas
Bolivia,2003,"05",493,0.069,51.2,69.3,Americas
Bolivia,2003,"05",560,0.069,51.2,69.3,Americas
Bolivia,2003,"05",539,0.069,51.2,69.3,Americas
Bolivia,2003,"05",547,0.053,51.2,69.3,Americas
Bolivia,2003,"05",493,0.053,51.2,69.3,Americas
Bolivia,2003,"05",560,0.053,51.2,69.3,Americas
Bolivia,2003,"05",539,0.053,51.2,69.3,Americas
Bolivia,2003,"05",547,0.064,51.2,69.3,Americas
Bolivia,2003,"05",493,0.064,51.2,69.3,Americas
Bolivia,2003,"05",560,0.064,51.2,69.3,Americas
Bolivia,2003,"05",539,0.064,51.2,69.3,Americas
Bolivia,2003,"06",526,0.058,51.2,69.3,Americas
Bolivia,2003,"06",521,0.058,51.2,69.3,Americas
Bolivia,2003,"06",506,0.058,51.2,69.3,Americas
Bolivia,2003,"06",567,0.058,51.2,69.3,Americas
Bolivia,2003,"06",529,0.058,51.2,69.3,Americas
Bolivia,2003,"06",526,0.042,51.2,69.3,Americas
Bolivia,2003,"06",521,0.042,51.2,69.3,Americas
Bolivia,2003,"06",506,0.042,51.2,69.3,Americas
Bolivia,2003,"06",567,0.042,51.2,69.3,Americas
Bolivia,2003,"06",529,0.042,51.2,69.3,Americas
Bolivia,2003,"06",526,0.039,51.2,69.3,Americas
Bolivia,2003,"06",521,0.039,51.2,69.3,Americas
Bolivia,2003,"06",506,0.039,51.2,69.3,Americas
Bolivia,2003,"06",567,0.039,51.2,69.3,Americas
Bolivia,2003,"06",529,0.039,51.2,69.3,Americas
Bolivia,2003,"06",526,0.047,51.2,69.3,Americas
Bolivia,2003,"06",521,0.047,51.2,69.3,Americas
Bolivia,2003,"06",506,0.047,51.2,69.3,Americas
Bolivia,2003,"06",567,0.047,51.2,69.3,Americas
Bolivia,2003,"06",529,0.047,51.2,69.3,Americas
Bolivia,2003,"06",526,0.038,51.2,69.3,Americas
Bolivia,2003,"06",521,0.038,51.2,69.3,Americas
Bolivia,2003,"06",506,0.038,51.2,69.3,Americas
Bolivia,2003,"06",567,0.038,51.2,69.3,Americas
Bolivia,2003,"06",529,0.038,51.2,69.3,Americas
Bolivia,2003,"07",475,0.029,51.2,69.3,Americas
Bolivia,2003,"07",520,0.029,51.2,69.3,Americas
Bolivia,2003,"07",480,0.029,51.2,69.3,Americas
Bolivia,2003,"07",523,0.029,51.2,69.3,Americas
Bolivia,2003,"07",475,0.023,51.2,69.3,Americas
Bolivia,2003,"07",520,0.023,51.2,69.3,Americas
Bolivia,2003,"07",480,0.023,51.2,69.3,Americas
Bolivia,2003,"07",523,0.023,51.2,69.3,Americas
Bolivia,2003,"07",475,0.021,51.2,69.3,Americas
Bolivia,2003,"07",520,0.021,51.2,69.3,Americas
Bolivia,2003,"07",480,0.021,51.2,69.3,Americas
Bolivia,2003,"07",523,0.021,51.2,69.3,Americas
Bolivia,2003,"07",475,0.018,51.2,69.3,Americas
Bolivia,2003,"07",520,0.018,51.2,69.3,Americas
Bolivia,2003,"07",480,0.018,51.2,69.3,Americas
Bolivia,2003,"07",523,0.018,51.2,69.3,Americas
Bolivia,2003,"08",595,0.019,51.2,69.3,Americas
Bolivia,2003,"08",578,0.019,51.2,69.3,Americas
Bolivia,2003,"08",566,0.019,51.2,69.3,Americas
Bolivia,2003,"08",641,0.019,51.2,69.3,Americas
Bolivia,2003,"08",557,0.019,51.2,69.3,Americas
Bolivia,2003,"08",595,0.016,51.2,69.3,Americas
Bolivia,2003,"08",578,0.016,51.2,69.3,Americas
Bolivia,2003,"08",566,0.016,51.2,69.3,Americas
Bolivia,2003,"08",641,0.016,51.2,69.3,Americas
Bolivia,2003,"08",557,0.016,51.2,69.3,Americas
Bolivia,2003,"08",595,0.022,51.2,69.3,Americas
Bolivia,2003,"08",578,0.022,51.2,69.3,Americas
Bolivia,2003,"08",566,0.022,51.2,69.3,Americas
Bolivia,2003,"08",641,0.022,51.2,69.3,Americas
Bolivia,2003,"08",557,0.022,51.2,69.3,Americas
Bolivia,2003,"08",595,0.018,51.2,69.3,Americas
Bolivia,2003,"08",578,0.018,51.2,69.3,Americas
Bolivia,2003,"08",566,0.018,51.2,69.3,Americas
Bolivia,2003,"08",641,0.018,51.2,69.3,Americas
Bolivia,2003,"08",557,0.018,51.2,69.3,Americas
Bolivia,2003,"08",595,0.018,51.2,69.3,Americas
Bolivia,2003,"08",578,0.018,51.2,69.3,Americas
Bolivia,2003,"08",566,0.018,51.2,69.3,Americas
Bolivia,2003,"08",641,0.018,51.2,69.3,Americas
Bolivia,2003,"08",557,0.018,51.2,69.3,Americas
Bolivia,2003,"09",625,0.049,51.2,69.3,Americas
Bolivia,2003,"09",553,0.049,51.2,69.3,Americas
Bolivia,2003,"09",607,0.049,51.2,69.3,Americas
Bolivia,2003,"09",613,0.049,51.2,69.3,Americas
Bolivia,2003,"09",625,0.019,51.2,69.3,Americas
Bolivia,2003,"09",553,0.019,51.2,69.3,Americas
Bolivia,2003,"09",607,0.019,51.2,69.3,Americas
Bolivia,2003,"09",613,0.019,51.2,69.3,Americas
Bolivia,2003,"09",625,0.041,51.2,69.3,Americas
Bolivia,2003,"09",553,0.041,51.2,69.3,Americas
Bolivia,2003,"09",607,0.041,51.2,69.3,Americas
Bolivia,2003,"09",613,0.041,51.2,69.3,Americas
Bolivia,2003,"09",625,0.031,51.2,69.3,Americas
Bolivia,2003,"09",553,0.031,51.2,69.3,Americas
Bolivia,2003,"09",607,0.031,51.2,69.3,Americas
Bolivia,2003,"09",613,0.031,51.2,69.3,Americas
Bolivia,2003,"10",475,0.054,51.2,69.3,Americas
Bolivia,2003,"10",366,0.054,51.2,69.3,Americas
Bolivia,2003,"10",448,0.054,51.2,69.3,Americas
Bolivia,2003,"10",405,0.054,51.2,69.3,Americas
Bolivia,2003,"10",475,0.035,51.2,69.3,Americas
Bolivia,2003,"10",366,0.035,51.2,69.3,Americas
Bolivia,2003,"10",448,0.035,51.2,69.3,Americas
Bolivia,2003,"10",405,0.035,51.2,69.3,Americas
Bolivia,2003,"10",475,0.035,51.2,69.3,Americas
Bolivia,2003,"10",366,0.035,51.2,69.3,Americas
Bolivia,2003,"10",448,0.035,51.2,69.3,Americas
Bolivia,2003,"10",405,0.035,51.2,69.3,Americas
Bolivia,2003,"10",475,0.044,51.2,69.3,Americas
Bolivia,2003,"10",366,0.044,51.2,69.3,Americas
Bolivia,2003,"10",448,0.044,51.2,69.3,Americas
Bolivia,2003,"10",405,0.044,51.2,69.3,Americas
Bolivia,2003,"11",388,0.024,51.2,69.3,Americas
Bolivia,2003,"11",424,0.024,51.2,69.3,Americas
Bolivia,2003,"11",400,0.024,51.2,69.3,Americas
Bolivia,2003,"11",408,0.024,51.2,69.3,Americas
Bolivia,2003,"11",427,0.024,51.2,69.3,Americas
Bolivia,2003,"11",388,0.03,51.2,69.3,Americas
Bolivia,2003,"11",424,0.03,51.2,69.3,Americas
Bolivia,2003,"11",400,0.03,51.2,69.3,Americas
Bolivia,2003,"11",408,0.03,51.2,69.3,Americas
Bolivia,2003,"11",427,0.03,51.2,69.3,Americas
Bolivia,2003,"11",388,0.031,51.2,69.3,Americas
Bolivia,2003,"11",424,0.031,51.2,69.3,Americas
Bolivia,2003,"11",400,0.031,51.2,69.3,Americas
Bolivia,2003,"11",408,0.031,51.2,69.3,Americas
Bolivia,2003,"11",427,0.031,51.2,69.3,Americas
Bolivia,2003,"11",388,0.032,51.2,69.3,Americas
Bolivia,2003,"11",424,0.032,51.2,69.3,Americas
Bolivia,2003,"11",400,0.032,51.2,69.3,Americas
Bolivia,2003,"11",408,0.032,51.2,69.3,Americas
Bolivia,2003,"11",427,0.032,51.2,69.3,Americas
Bolivia,2003,"11",388,0.044,51.2,69.3,Americas
Bolivia,2003,"11",424,0.044,51.2,69.3,Americas
Bolivia,2003,"11",400,0.044,51.2,69.3,Americas
Bolivia,2003,"11",408,0.044,51.2,69.3,Americas
Bolivia,2003,"11",427,0.044,51.2,69.3,Americas
Bolivia,2003,"12",342,0.01,51.2,69.3,Americas
Bolivia,2003,"12",344,0.01,51.2,69.3,Americas
Bolivia,2003,"12",319,0.01,51.2,69.3,Americas
Bolivia,2003,"12",368,0.01,51.2,69.3,Americas
Bolivia,2003,"12",342,0.011,51.2,69.3,Americas
Bolivia,2003,"12",344,0.011,51.2,69.3,Americas
Bolivia,2003,"12",319,0.011,51.2,69.3,Americas
Bolivia,2003,"12",368,0.011,51.2,69.3,Americas
Bolivia,2003,"12",342,0.012,51.2,69.3,Americas
Bolivia,2003,"12",344,0.012,51.2,69.3,Americas
Bolivia,2003,"12",319,0.012,51.2,69.3,Americas
Bolivia,2003,"12",368,0.012,51.2,69.3,Americas
Bolivia,2003,"12",342,0.016,51.2,69.3,Americas
Bolivia,2003,"12",344,0.016,51.2,69.3,Americas
Bolivia,2003,"12",319,0.016,51.2,69.3,Americas
Bolivia,2003,"12",368,0.016,51.2,69.3,Americas
Bolivia,2004,"01",348,0.07,48.8,69.8,Americas
Bolivia,2004,"01",311,0.07,48.8,69.8,Americas
Bolivia,2004,"01",343,0.07,48.8,69.8,Americas
Bolivia,2004,"01",322,0.07,48.8,69.8,Americas
Bolivia,2004,"01",348,0.091,48.8,69.8,Americas
Bolivia,2004,"01",311,0.091,48.8,69.8,Americas
Bolivia,2004,"01",343,0.091,48.8,69.8,Americas
Bolivia,2004,"01",322,0.091,48.8,69.8,Americas
Bolivia,2004,"01",348,0.018,48.8,69.8,Americas
Bolivia,2004,"01",311,0.018,48.8,69.8,Americas
Bolivia,2004,"01",343,0.018,48.8,69.8,Americas
Bolivia,2004,"01",322,0.018,48.8,69.8,Americas
Bolivia,2004,"01",348,0.01,48.8,69.8,Americas
Bolivia,2004,"01",311,0.01,48.8,69.8,Americas
Bolivia,2004,"01",343,0.01,48.8,69.8,Americas
Bolivia,2004,"01",322,0.01,48.8,69.8,Americas
Bolivia,2004,"02",329,0.034,48.8,69.8,Americas
Bolivia,2004,"02",330,0.034,48.8,69.8,Americas
Bolivia,2004,"02",321,0.034,48.8,69.8,Americas
Bolivia,2004,"02",314,0.034,48.8,69.8,Americas
Bolivia,2004,"02",336,0.034,48.8,69.8,Americas
Bolivia,2004,"02",329,0.03,48.8,69.8,Americas
Bolivia,2004,"02",330,0.03,48.8,69.8,Americas
Bolivia,2004,"02",321,0.03,48.8,69.8,Americas
Bolivia,2004,"02",314,0.03,48.8,69.8,Americas
Bolivia,2004,"02",336,0.03,48.8,69.8,Americas
Bolivia,2004,"02",329,0.068,48.8,69.8,Americas
Bolivia,2004,"02",330,0.068,48.8,69.8,Americas
Bolivia,2004,"02",321,0.068,48.8,69.8,Americas
Bolivia,2004,"02",314,0.068,48.8,69.8,Americas
Bolivia,2004,"02",336,0.068,48.8,69.8,Americas
Bolivia,2004,"02",329,0.034,48.8,69.8,Americas
Bolivia,2004,"02",330,0.034,48.8,69.8,Americas
Bolivia,2004,"02",321,0.034,48.8,69.8,Americas
Bolivia,2004,"02",314,0.034,48.8,69.8,Americas
Bolivia,2004,"02",336,0.034,48.8,69.8,Americas
Bolivia,2004,"02",329,0.046,48.8,69.8,Americas
Bolivia,2004,"02",330,0.046,48.8,69.8,Americas
Bolivia,2004,"02",321,0.046,48.8,69.8,Americas
Bolivia,2004,"02",314,0.046,48.8,69.8,Americas
Bolivia,2004,"02",336,0.046,48.8,69.8,Americas
Bolivia,2004,"03",446,0.056,48.8,69.8,Americas
Bolivia,2004,"03",450,0.056,48.8,69.8,Americas
Bolivia,2004,"03",421,0.056,48.8,69.8,Americas
Bolivia,2004,"03",370,0.056,48.8,69.8,Americas
Bolivia,2004,"03",446,0.037,48.8,69.8,Americas
Bolivia,2004,"03",450,0.037,48.8,69.8,Americas
Bolivia,2004,"03",421,0.037,48.8,69.8,Americas
Bolivia,2004,"03",370,0.037,48.8,69.8,Americas
Bolivia,2004,"03",446,0.023,48.8,69.8,Americas
Bolivia,2004,"03",450,0.023,48.8,69.8,Americas
Bolivia,2004,"03",421,0.023,48.8,69.8,Americas
Bolivia,2004,"03",370,0.023,48.8,69.8,Americas
Bolivia,2004,"03",446,0.028,48.8,69.8,Americas
Bolivia,2004,"03",450,0.028,48.8,69.8,Americas
Bolivia,2004,"03",421,0.028,48.8,69.8,Americas
Bolivia,2004,"03",370,0.028,48.8,69.8,Americas
Bolivia,2004,"04",451,0.04,48.8,69.8,Americas
Bolivia,2004,"04",464,0.04,48.8,69.8,Americas
Bolivia,2004,"04",415,0.04,48.8,69.8,Americas
Bolivia,2004,"04",430,0.04,48.8,69.8,Americas
Bolivia,2004,"04",451,0.042,48.8,69.8,Americas
Bolivia,2004,"04",464,0.042,48.8,69.8,Americas
Bolivia,2004,"04",415,0.042,48.8,69.8,Americas
Bolivia,2004,"04",430,0.042,48.8,69.8,Americas
Bolivia,2004,"04",451,0.045,48.8,69.8,Americas
Bolivia,2004,"04",464,0.045,48.8,69.8,Americas
Bolivia,2004,"04",415,0.045,48.8,69.8,Americas
Bolivia,2004,"04",430,0.045,48.8,69.8,Americas
Bolivia,2004,"04",451,0.035,48.8,69.8,Americas
Bolivia,2004,"04",464,0.035,48.8,69.8,Americas
Bolivia,2004,"04",415,0.035,48.8,69.8,Americas
Bolivia,2004,"04",430,0.035,48.8,69.8,Americas
Bolivia,2004,"05",583,0.032,48.8,69.8,Americas
Bolivia,2004,"05",587,0.032,48.8,69.8,Americas
Bolivia,2004,"05",532,0.032,48.8,69.8,Americas
Bolivia,2004,"05",449,0.032,48.8,69.8,Americas
Bolivia,2004,"05",563,0.032,48.8,69.8,Americas
Bolivia,2004,"05",583,0.051,48.8,69.8,Americas
Bolivia,2004,"05",587,0.051,48.8,69.8,Americas
Bolivia,2004,"05",532,0.051,48.8,69.8,Americas
Bolivia,2004,"05",449,0.051,48.8,69.8,Americas
Bolivia,2004,"05",563,0.051,48.8,69.8,Americas
Bolivia,2004,"05",583,0.026,48.8,69.8,Americas
Bolivia,2004,"05",587,0.026,48.8,69.8,Americas
Bolivia,2004,"05",532,0.026,48.8,69.8,Americas
Bolivia,2004,"05",449,0.026,48.8,69.8,Americas
Bolivia,2004,"05",563,0.026,48.8,69.8,Americas
Bolivia,2004,"05",583,0.032,48.8,69.8,Americas
Bolivia,2004,"05",587,0.032,48.8,69.8,Americas
Bolivia,2004,"05",532,0.032,48.8,69.8,Americas
Bolivia,2004,"05",449,0.032,48.8,69.8,Americas
Bolivia,2004,"05",563,0.032,48.8,69.8,Americas
Bolivia,2004,"05",583,0.049,48.8,69.8,Americas
Bolivia,2004,"05",587,0.049,48.8,69.8,Americas
Bolivia,2004,"05",532,0.049,48.8,69.8,Americas
Bolivia,2004,"05",449,0.049,48.8,69.8,Americas
Bolivia,2004,"05",563,0.049,48.8,69.8,Americas
Bolivia,2004,"06",499,0.028,48.8,69.8,Americas
Bolivia,2004,"06",405,0.028,48.8,69.8,Americas
Bolivia,2004,"06",438,0.028,48.8,69.8,Americas
Bolivia,2004,"06",459,0.028,48.8,69.8,Americas
Bolivia,2004,"06",499,0.039,48.8,69.8,Americas
Bolivia,2004,"06",405,0.039,48.8,69.8,Americas
Bolivia,2004,"06",438,0.039,48.8,69.8,Americas
Bolivia,2004,"06",459,0.039,48.8,69.8,Americas
Bolivia,2004,"06",499,0.024,48.8,69.8,Americas
Bolivia,2004,"06",405,0.024,48.8,69.8,Americas
Bolivia,2004,"06",438,0.024,48.8,69.8,Americas
Bolivia,2004,"06",459,0.024,48.8,69.8,Americas
Bolivia,2004,"06",499,0.015,48.8,69.8,Americas
Bolivia,2004,"06",405,0.015,48.8,69.8,Americas
Bolivia,2004,"06",438,0.015,48.8,69.8,Americas
Bolivia,2004,"06",459,0.015,48.8,69.8,Americas
Bolivia,2004,"07",397,0.021,48.8,69.8,Americas
Bolivia,2004,"07",383,0.021,48.8,69.8,Americas
Bolivia,2004,"07",365,0.021,48.8,69.8,Americas
Bolivia,2004,"07",349,0.021,48.8,69.8,Americas
Bolivia,2004,"07",397,0.015,48.8,69.8,Americas
Bolivia,2004,"07",383,0.015,48.8,69.8,Americas
Bolivia,2004,"07",365,0.015,48.8,69.8,Americas
Bolivia,2004,"07",349,0.015,48.8,69.8,Americas
Bolivia,2004,"07",397,0.015,48.8,69.8,Americas
Bolivia,2004,"07",383,0.015,48.8,69.8,Americas
Bolivia,2004,"07",365,0.015,48.8,69.8,Americas
Bolivia,2004,"07",349,0.015,48.8,69.8,Americas
Bolivia,2004,"07",397,0.026,48.8,69.8,Americas
Bolivia,2004,"07",383,0.026,48.8,69.8,Americas
Bolivia,2004,"07",365,0.026,48.8,69.8,Americas
Bolivia,2004,"07",349,0.026,48.8,69.8,Americas
Bolivia,2004,"08",481,0.025,48.8,69.8,Americas
Bolivia,2004,"08",409,0.025,48.8,69.8,Americas
Bolivia,2004,"08",394,0.025,48.8,69.8,Americas
Bolivia,2004,"08",442,0.025,48.8,69.8,Americas
Bolivia,2004,"08",418,0.025,48.8,69.8,Americas
Bolivia,2004,"08",481,0.02,48.8,69.8,Americas
Bolivia,2004,"08",409,0.02,48.8,69.8,Americas
Bolivia,2004,"08",394,0.02,48.8,69.8,Americas
Bolivia,2004,"08",442,0.02,48.8,69.8,Americas
Bolivia,2004,"08",418,0.02,48.8,69.8,Americas
Bolivia,2004,"08",481,0.018,48.8,69.8,Americas
Bolivia,2004,"08",409,0.018,48.8,69.8,Americas
Bolivia,2004,"08",394,0.018,48.8,69.8,Americas
Bolivia,2004,"08",442,0.018,48.8,69.8,Americas
Bolivia,2004,"08",418,0.018,48.8,69.8,Americas
Bolivia,2004,"08",481,0.029,48.8,69.8,Americas
Bolivia,2004,"08",409,0.029,48.8,69.8,Americas
Bolivia,2004,"08",394,0.029,48.8,69.8,Americas
Bolivia,2004,"08",442,0.029,48.8,69.8,Americas
Bolivia,2004,"08",418,0.029,48.8,69.8,Americas
Bolivia,2004,"08",481,0.017,48.8,69.8,Americas
Bolivia,2004,"08",409,0.017,48.8,69.8,Americas
Bolivia,2004,"08",394,0.017,48.8,69.8,Americas
Bolivia,2004,"08",442,0.017,48.8,69.8,Americas
Bolivia,2004,"08",418,0.017,48.8,69.8,Americas
Bolivia,2004,"09",512,0.011,48.8,69.8,Americas
Bolivia,2004,"09",563,0.011,48.8,69.8,Americas
Bolivia,2004,"09",461,0.011,48.8,69.8,Americas
Bolivia,2004,"09",605,0.011,48.8,69.8,Americas
Bolivia,2004,"09",512,0.014,48.8,69.8,Americas
Bolivia,2004,"09",563,0.014,48.8,69.8,Americas
Bolivia,2004,"09",461,0.014,48.8,69.8,Americas
Bolivia,2004,"09",605,0.014,48.8,69.8,Americas
Bolivia,2004,"09",512,0.016,48.8,69.8,Americas
Bolivia,2004,"09",563,0.016,48.8,69.8,Americas
Bolivia,2004,"09",461,0.016,48.8,69.8,Americas
Bolivia,2004,"09",605,0.016,48.8,69.8,Americas
Bolivia,2004,"09",512,0.011,48.8,69.8,Americas
Bolivia,2004,"09",563,0.011,48.8,69.8,Americas
Bolivia,2004,"09",461,0.011,48.8,69.8,Americas
Bolivia,2004,"09",605,0.011,48.8,69.8,Americas
Bolivia,2004,"10",409,0.02,48.8,69.8,Americas
Bolivia,2004,"10",459,0.02,48.8,69.8,Americas
Bolivia,2004,"10",478,0.02,48.8,69.8,Americas
Bolivia,2004,"10",393,0.02,48.8,69.8,Americas
Bolivia,2004,"10",413,0.02,48.8,69.8,Americas
Bolivia,2004,"10",409,0.018,48.8,69.8,Americas
Bolivia,2004,"10",459,0.018,48.8,69.8,Americas
Bolivia,2004,"10",478,0.018,48.8,69.8,Americas
Bolivia,2004,"10",393,0.018,48.8,69.8,Americas
Bolivia,2004,"10",413,0.018,48.8,69.8,Americas
Bolivia,2004,"10",409,0.021,48.8,69.8,Americas
Bolivia,2004,"10",459,0.021,48.8,69.8,Americas
Bolivia,2004,"10",478,0.021,48.8,69.8,Americas
Bolivia,2004,"10",393,0.021,48.8,69.8,Americas
Bolivia,2004,"10",413,0.021,48.8,69.8,Americas
Bolivia,2004,"10",409,0.012,48.8,69.8,Americas
Bolivia,2004,"10",459,0.012,48.8,69.8,Americas
Bolivia,2004,"10",478,0.012,48.8,69.8,Americas
Bolivia,2004,"10",393,0.012,48.8,69.8,Americas
Bolivia,2004,"10",413,0.012,48.8,69.8,Americas
Bolivia,2004,"10",409,0.015,48.8,69.8,Americas
Bolivia,2004,"10",459,0.015,48.8,69.8,Americas
Bolivia,2004,"10",478,0.015,48.8,69.8,Americas
Bolivia,2004,"10",393,0.015,48.8,69.8,Americas
Bolivia,2004,"10",413,0.015,48.8,69.8,Americas
Bolivia,2004,"11",478,0.016,48.8,69.8,Americas
Bolivia,2004,"11",433,0.016,48.8,69.8,Americas
Bolivia,2004,"11",459,0.016,48.8,69.8,Americas
Bolivia,2004,"11",428,0.016,48.8,69.8,Americas
Bolivia,2004,"11",478,0.017,48.8,69.8,Americas
Bolivia,2004,"11",433,0.017,48.8,69.8,Americas
Bolivia,2004,"11",459,0.017,48.8,69.8,Americas
Bolivia,2004,"11",428,0.017,48.8,69.8,Americas
Bolivia,2004,"11",478,0.022,48.8,69.8,Americas
Bolivia,2004,"11",433,0.022,48.8,69.8,Americas
Bolivia,2004,"11",459,0.022,48.8,69.8,Americas
Bolivia,2004,"11",428,0.022,48.8,69.8,Americas
Bolivia,2004,"11",478,0.017,48.8,69.8,Americas
Bolivia,2004,"11",433,0.017,48.8,69.8,Americas
Bolivia,2004,"11",459,0.017,48.8,69.8,Americas
Bolivia,2004,"11",428,0.017,48.8,69.8,Americas
Bolivia,2004,"12",407,0.016,48.8,69.8,Americas
Bolivia,2004,"12",355,0.016,48.8,69.8,Americas
Bolivia,2004,"12",314,0.016,48.8,69.8,Americas
Bolivia,2004,"12",389,0.016,48.8,69.8,Americas
Bolivia,2004,"12",407,0.015,48.8,69.8,Americas
Bolivia,2004,"12",355,0.015,48.8,69.8,Americas
Bolivia,2004,"12",314,0.015,48.8,69.8,Americas
Bolivia,2004,"12",389,0.015,48.8,69.8,Americas
Bolivia,2004,"12",407,0.019,48.8,69.8,Americas
Bolivia,2004,"12",355,0.019,48.8,69.8,Americas
Bolivia,2004,"12",314,0.019,48.8,69.8,Americas
Bolivia,2004,"12",389,0.019,48.8,69.8,Americas
Bolivia,2004,"12",407,0.016,48.8,69.8,Americas
Bolivia,2004,"12",355,0.016,48.8,69.8,Americas
Bolivia,2004,"12",314,0.016,48.8,69.8,Americas
Bolivia,2004,"12",389,0.016,48.8,69.8,Americas
Bolivia,2005,"01",273,0.02,46.6,70.2,Americas
Bolivia,2005,"01",281,0.02,46.6,70.2,Americas
Bolivia,2005,"01",275,0.02,46.6,70.2,Americas
Bolivia,2005,"01",294,0.02,46.6,70.2,Americas
Bolivia,2005,"01",272,0.02,46.6,70.2,Americas
Bolivia,2005,"01",273,0.015,46.6,70.2,Americas
Bolivia,2005,"01",281,0.015,46.6,70.2,Americas
Bolivia,2005,"01",275,0.015,46.6,70.2,Americas
Bolivia,2005,"01",294,0.015,46.6,70.2,Americas
Bolivia,2005,"01",272,0.015,46.6,70.2,Americas
Bolivia,2005,"01",273,0.041,46.6,70.2,Americas
Bolivia,2005,"01",281,0.041,46.6,70.2,Americas
Bolivia,2005,"01",275,0.041,46.6,70.2,Americas
Bolivia,2005,"01",294,0.041,46.6,70.2,Americas
Bolivia,2005,"01",272,0.041,46.6,70.2,Americas
Bolivia,2005,"01",273,0.029,46.6,70.2,Americas
Bolivia,2005,"01",281,0.029,46.6,70.2,Americas
Bolivia,2005,"01",275,0.029,46.6,70.2,Americas
Bolivia,2005,"01",294,0.029,46.6,70.2,Americas
Bolivia,2005,"01",272,0.029,46.6,70.2,Americas
Bolivia,2005,"01",273,0.015,46.6,70.2,Americas
Bolivia,2005,"01",281,0.015,46.6,70.2,Americas
Bolivia,2005,"01",275,0.015,46.6,70.2,Americas
Bolivia,2005,"01",294,0.015,46.6,70.2,Americas
Bolivia,2005,"01",272,0.015,46.6,70.2,Americas
Bolivia,2005,"02",269,0.032,46.6,70.2,Americas
Bolivia,2005,"02",282,0.032,46.6,70.2,Americas
Bolivia,2005,"02",263,0.032,46.6,70.2,Americas
Bolivia,2005,"02",255,0.032,46.6,70.2,Americas
Bolivia,2005,"02",269,0.038,46.6,70.2,Americas
Bolivia,2005,"02",282,0.038,46.6,70.2,Americas
Bolivia,2005,"02",263,0.038,46.6,70.2,Americas
Bolivia,2005,"02",255,0.038,46.6,70.2,Americas
Bolivia,2005,"02",269,0.029,46.6,70.2,Americas
Bolivia,2005,"02",282,0.029,46.6,70.2,Americas
Bolivia,2005,"02",263,0.029,46.6,70.2,Americas
Bolivia,2005,"02",255,0.029,46.6,70.2,Americas
Bolivia,2005,"02",269,0.018,46.6,70.2,Americas
Bolivia,2005,"02",282,0.018,46.6,70.2,Americas
Bolivia,2005,"02",263,0.018,46.6,70.2,Americas
Bolivia,2005,"02",255,0.018,46.6,70.2,Americas
Bolivia,2005,"03",355,0.028,46.6,70.2,Americas
Bolivia,2005,"03",378,0.028,46.6,70.2,Americas
Bolivia,2005,"03",363,0.028,46.6,70.2,Americas
Bolivia,2005,"03",412,0.028,46.6,70.2,Americas
Bolivia,2005,"03",355,0.03,46.6,70.2,Americas
Bolivia,2005,"03",378,0.03,46.6,70.2,Americas
Bolivia,2005,"03",363,0.03,46.6,70.2,Americas
Bolivia,2005,"03",412,0.03,46.6,70.2,Americas
Bolivia,2005,"03",355,0.024,46.6,70.2,Americas
Bolivia,2005,"03",378,0.024,46.6,70.2,Americas
Bolivia,2005,"03",363,0.024,46.6,70.2,Americas
Bolivia,2005,"03",412,0.024,46.6,70.2,Americas
Bolivia,2005,"03",355,0.028,46.6,70.2,Americas
Bolivia,2005,"03",378,0.028,46.6,70.2,Americas
Bolivia,2005,"03",363,0.028,46.6,70.2,Americas
Bolivia,2005,"03",412,0.028,46.6,70.2,Americas
Bolivia,2005,"04",430,0.051,46.6,70.2,Americas
Bolivia,2005,"04",441,0.051,46.6,70.2,Americas
Bolivia,2005,"04",396,0.051,46.6,70.2,Americas
Bolivia,2005,"04",509,0.051,46.6,70.2,Americas
Bolivia,2005,"04",430,0.028,46.6,70.2,Americas
Bolivia,2005,"04",441,0.028,46.6,70.2,Americas
Bolivia,2005,"04",396,0.028,46.6,70.2,Americas
Bolivia,2005,"04",509,0.028,46.6,70.2,Americas
Bolivia,2005,"04",430,0.068,46.6,70.2,Americas
Bolivia,2005,"04",441,0.068,46.6,70.2,Americas
Bolivia,2005,"04",396,0.068,46.6,70.2,Americas
Bolivia,2005,"04",509,0.068,46.6,70.2,Americas
Bolivia,2005,"04",430,0.051,46.6,70.2,Americas
Bolivia,2005,"04",441,0.051,46.6,70.2,Americas
Bolivia,2005,"04",396,0.051,46.6,70.2,Americas
Bolivia,2005,"04",509,0.051,46.6,70.2,Americas
Bolivia,2005,"05",373,0.045,46.6,70.2,Americas
Bolivia,2005,"05",358,0.045,46.6,70.2,Americas
Bolivia,2005,"05",427,0.045,46.6,70.2,Americas
Bolivia,2005,"05",421,0.045,46.6,70.2,Americas
Bolivia,2005,"05",401,0.045,46.6,70.2,Americas
Bolivia,2005,"05",373,0.045,46.6,70.2,Americas
Bolivia,2005,"05",358,0.045,46.6,70.2,Americas
Bolivia,2005,"05",427,0.045,46.6,70.2,Americas
Bolivia,2005,"05",421,0.045,46.6,70.2,Americas
Bolivia,2005,"05",401,0.045,46.6,70.2,Americas
Bolivia,2005,"05",373,0.044,46.6,70.2,Americas
Bolivia,2005,"05",358,0.044,46.6,70.2,Americas
Bolivia,2005,"05",427,0.044,46.6,70.2,Americas
Bolivia,2005,"05",421,0.044,46.6,70.2,Americas
Bolivia,2005,"05",401,0.044,46.6,70.2,Americas
Bolivia,2005,"05",373,0.045,46.6,70.2,Americas
Bolivia,2005,"05",358,0.045,46.6,70.2,Americas
Bolivia,2005,"05",427,0.045,46.6,70.2,Americas
Bolivia,2005,"05",421,0.045,46.6,70.2,Americas
Bolivia,2005,"05",401,0.045,46.6,70.2,Americas
Bolivia,2005,"05",373,0.041,46.6,70.2,Americas
Bolivia,2005,"05",358,0.041,46.6,70.2,Americas
Bolivia,2005,"05",427,0.041,46.6,70.2,Americas
Bolivia,2005,"05",421,0.041,46.6,70.2,Americas
Bolivia,2005,"05",401,0.041,46.6,70.2,Americas
Bolivia,2005,"06",428,0.03,46.6,70.2,Americas
Bolivia,2005,"06",559,0.03,46.6,70.2,Americas
Bolivia,2005,"06",503,0.03,46.6,70.2,Americas
Bolivia,2005,"06",401,0.03,46.6,70.2,Americas
Bolivia,2005,"06",428,0.024,46.6,70.2,Americas
Bolivia,2005,"06",559,0.024,46.6,70.2,Americas
Bolivia,2005,"06",503,0.024,46.6,70.2,Americas
Bolivia,2005,"06",401,0.024,46.6,70.2,Americas
Bolivia,2005,"06",428,0.034,46.6,70.2,Americas
Bolivia,2005,"06",559,0.034,46.6,70.2,Americas
Bolivia,2005,"06",503,0.034,46.6,70.2,Americas
Bolivia,2005,"06",401,0.034,46.6,70.2,Americas
Bolivia,2005,"06",428,0.022,46.6,70.2,Americas
Bolivia,2005,"06",559,0.022,46.6,70.2,Americas
Bolivia,2005,"06",503,0.022,46.6,70.2,Americas
Bolivia,2005,"06",401,0.022,46.6,70.2,Americas
Bolivia,2005,"07",349,0.011,46.6,70.2,Americas
Bolivia,2005,"07",307,0.011,46.6,70.2,Americas
Bolivia,2005,"07",346,0.011,46.6,70.2,Americas
Bolivia,2005,"07",433,0.011,46.6,70.2,Americas
Bolivia,2005,"07",350,0.011,46.6,70.2,Americas
Bolivia,2005,"07",349,0.007,46.6,70.2,Americas
Bolivia,2005,"07",307,0.007,46.6,70.2,Americas
Bolivia,2005,"07",346,0.007,46.6,70.2,Americas
Bolivia,2005,"07",433,0.007,46.6,70.2,Americas
Bolivia,2005,"07",350,0.007,46.6,70.2,Americas
Bolivia,2005,"07",349,0.008,46.6,70.2,Americas
Bolivia,2005,"07",307,0.008,46.6,70.2,Americas
Bolivia,2005,"07",346,0.008,46.6,70.2,Americas
Bolivia,2005,"07",433,0.008,46.6,70.2,Americas
Bolivia,2005,"07",350,0.008,46.6,70.2,Americas
Bolivia,2005,"07",349,0.014,46.6,70.2,Americas
Bolivia,2005,"07",307,0.014,46.6,70.2,Americas
Bolivia,2005,"07",346,0.014,46.6,70.2,Americas
Bolivia,2005,"07",433,0.014,46.6,70.2,Americas
Bolivia,2005,"07",350,0.014,46.6,70.2,Americas
Bolivia,2005,"07",349,0.011,46.6,70.2,Americas
Bolivia,2005,"07",307,0.011,46.6,70.2,Americas
Bolivia,2005,"07",346,0.011,46.6,70.2,Americas
Bolivia,2005,"07",433,0.011,46.6,70.2,Americas
Bolivia,2005,"07",350,0.011,46.6,70.2,Americas
Bolivia,2005,"08",566,0.009,46.6,70.2,Americas
Bolivia,2005,"08",337,0.009,46.6,70.2,Americas
Bolivia,2005,"08",492,0.009,46.6,70.2,Americas
Bolivia,2005,"08",381,0.009,46.6,70.2,Americas
Bolivia,2005,"08",566,0.007,46.6,70.2,Americas
Bolivia,2005,"08",337,0.007,46.6,70.2,Americas
Bolivia,2005,"08",492,0.007,46.6,70.2,Americas
Bolivia,2005,"08",381,0.007,46.6,70.2,Americas
Bolivia,2005,"08",566,0.023,46.6,70.2,Americas
Bolivia,2005,"08",337,0.023,46.6,70.2,Americas
Bolivia,2005,"08",492,0.023,46.6,70.2,Americas
Bolivia,2005,"08",381,0.023,46.6,70.2,Americas
Bolivia,2005,"08",566,0.02,46.6,70.2,Americas
Bolivia,2005,"08",337,0.02,46.6,70.2,Americas
Bolivia,2005,"08",492,0.02,46.6,70.2,Americas
Bolivia,2005,"08",381,0.02,46.6,70.2,Americas
Bolivia,2005,"09",387,0.03,46.6,70.2,Americas
Bolivia,2005,"09",509,0.03,46.6,70.2,Americas
Bolivia,2005,"09",385,0.03,46.6,70.2,Americas
Bolivia,2005,"09",420,0.03,46.6,70.2,Americas
Bolivia,2005,"09",387,0.024,46.6,70.2,Americas
Bolivia,2005,"09",509,0.024,46.6,70.2,Americas
Bolivia,2005,"09",385,0.024,46.6,70.2,Americas
Bolivia,2005,"09",420,0.024,46.6,70.2,Americas
Bolivia,2005,"09",387,0.02,46.6,70.2,Americas
Bolivia,2005,"09",509,0.02,46.6,70.2,Americas
Bolivia,2005,"09",385,0.02,46.6,70.2,Americas
Bolivia,2005,"09",420,0.02,46.6,70.2,Americas
Bolivia,2005,"09",387,0.033,46.6,70.2,Americas
Bolivia,2005,"09",509,0.033,46.6,70.2,Americas
Bolivia,2005,"09",385,0.033,46.6,70.2,Americas
Bolivia,2005,"09",420,0.033,46.6,70.2,Americas
Bolivia,2005,"10",422,0.023,46.6,70.2,Americas
Bolivia,2005,"10",533,0.023,46.6,70.2,Americas
Bolivia,2005,"10",422,0.023,46.6,70.2,Americas
Bolivia,2005,"10",413,0.023,46.6,70.2,Americas
Bolivia,2005,"10",517,0.023,46.6,70.2,Americas
Bolivia,2005,"10",422,0.036,46.6,70.2,Americas
Bolivia,2005,"10",533,0.036,46.6,70.2,Americas
Bolivia,2005,"10",422,0.036,46.6,70.2,Americas
Bolivia,2005,"10",413,0.036,46.6,70.2,Americas
Bolivia,2005,"10",517,0.036,46.6,70.2,Americas
Bolivia,2005,"10",422,0.03,46.6,70.2,Americas
Bolivia,2005,"10",533,0.03,46.6,70.2,Americas
Bolivia,2005,"10",422,0.03,46.6,70.2,Americas
Bolivia,2005,"10",413,0.03,46.6,70.2,Americas
Bolivia,2005,"10",517,0.03,46.6,70.2,Americas
Bolivia,2005,"10",422,0.022,46.6,70.2,Americas
Bolivia,2005,"10",533,0.022,46.6,70.2,Americas
Bolivia,2005,"10",422,0.022,46.6,70.2,Americas
Bolivia,2005,"10",413,0.022,46.6,70.2,Americas
Bolivia,2005,"10",517,0.022,46.6,70.2,Americas
Bolivia,2005,"10",422,0.026,46.6,70.2,Americas
Bolivia,2005,"10",533,0.026,46.6,70.2,Americas
Bolivia,2005,"10",422,0.026,46.6,70.2,Americas
Bolivia,2005,"10",413,0.026,46.6,70.2,Americas
Bolivia,2005,"10",517,0.026,46.6,70.2,Americas
Bolivia,2005,"11",426,0.061,46.6,70.2,Americas
Bolivia,2005,"11",385,0.061,46.6,70.2,Americas
Bolivia,2005,"11",452,0.061,46.6,70.2,Americas
Bolivia,2005,"11",387,0.061,46.6,70.2,Americas
Bolivia,2005,"11",426,0.049,46.6,70.2,Americas
Bolivia,2005,"11",385,0.049,46.6,70.2,Americas
Bolivia,2005,"11",452,0.049,46.6,70.2,Americas
Bolivia,2005,"11",387,0.049,46.6,70.2,Americas
Bolivia,2005,"11",426,0.052,46.6,70.2,Americas
Bolivia,2005,"11",385,0.052,46.6,70.2,Americas
Bolivia,2005,"11",452,0.052,46.6,70.2,Americas
Bolivia,2005,"11",387,0.052,46.6,70.2,Americas
Bolivia,2005,"11",426,0.024,46.6,70.2,Americas
Bolivia,2005,"11",385,0.024,46.6,70.2,Americas
Bolivia,2005,"11",452,0.024,46.6,70.2,Americas
Bolivia,2005,"11",387,0.024,46.6,70.2,Americas
Bolivia,2005,"12",458,0.025,46.6,70.2,Americas
Bolivia,2005,"12",305,0.025,46.6,70.2,Americas
Bolivia,2005,"12",294,0.025,46.6,70.2,Americas
Bolivia,2005,"12",365,0.025,46.6,70.2,Americas
Bolivia,2005,"12",458,0.013,46.6,70.2,Americas
Bolivia,2005,"12",305,0.013,46.6,70.2,Americas
Bolivia,2005,"12",294,0.013,46.6,70.2,Americas
Bolivia,2005,"12",365,0.013,46.6,70.2,Americas
Bolivia,2005,"12",458,0.017,46.6,70.2,Americas
Bolivia,2005,"12",305,0.017,46.6,70.2,Americas
Bolivia,2005,"12",294,0.017,46.6,70.2,Americas
Bolivia,2005,"12",365,0.017,46.6,70.2,Americas
Bolivia,2005,"12",458,0.015,46.6,70.2,Americas
Bolivia,2005,"12",305,0.015,46.6,70.2,Americas
Bolivia,2005,"12",294,0.015,46.6,70.2,Americas
Bolivia,2005,"12",365,0.015,46.6,70.2,Americas
Bolivia,2006,"01",234,0.011,44.4,70.6,Americas
Bolivia,2006,"01",250,0.011,44.4,70.6,Americas
Bolivia,2006,"01",247,0.011,44.4,70.6,Americas
Bolivia,2006,"01",247,0.011,44.4,70.6,Americas
Bolivia,2006,"01",228,0.011,44.4,70.6,Americas
Bolivia,2006,"01",234,0.017,44.4,70.6,Americas
Bolivia,2006,"01",250,0.017,44.4,70.6,Americas
Bolivia,2006,"01",247,0.017,44.4,70.6,Americas
Bolivia,2006,"01",247,0.017,44.4,70.6,Americas
Bolivia,2006,"01",228,0.017,44.4,70.6,Americas
Bolivia,2006,"01",234,0.013,44.4,70.6,Americas
Bolivia,2006,"01",250,0.013,44.4,70.6,Americas
Bolivia,2006,"01",247,0.013,44.4,70.6,Americas
Bolivia,2006,"01",247,0.013,44.4,70.6,Americas
Bolivia,2006,"01",228,0.013,44.4,70.6,Americas
Bolivia,2006,"01",234,0.01,44.4,70.6,Americas
Bolivia,2006,"01",250,0.01,44.4,70.6,Americas
Bolivia,2006,"01",247,0.01,44.4,70.6,Americas
Bolivia,2006,"01",247,0.01,44.4,70.6,Americas
Bolivia,2006,"01",228,0.01,44.4,70.6,Americas
Bolivia,2006,"01",234,0.009,44.4,70.6,Americas
Bolivia,2006,"01",250,0.009,44.4,70.6,Americas
Bolivia,2006,"01",247,0.009,44.4,70.6,Americas
Bolivia,2006,"01",247,0.009,44.4,70.6,Americas
Bolivia,2006,"01",228,0.009,44.4,70.6,Americas
Bolivia,2006,"02",197,0.016,44.4,70.6,Americas
Bolivia,2006,"02",308,0.016,44.4,70.6,Americas
Bolivia,2006,"02",202,0.016,44.4,70.6,Americas
Bolivia,2006,"02",250,0.016,44.4,70.6,Americas
Bolivia,2006,"02",197,0.014,44.4,70.6,Americas
Bolivia,2006,"02",308,0.014,44.4,70.6,Americas
Bolivia,2006,"02",202,0.014,44.4,70.6,Americas
Bolivia,2006,"02",250,0.014,44.4,70.6,Americas
Bolivia,2006,"02",197,0.02,44.4,70.6,Americas
Bolivia,2006,"02",308,0.02,44.4,70.6,Americas
Bolivia,2006,"02",202,0.02,44.4,70.6,Americas
Bolivia,2006,"02",250,0.02,44.4,70.6,Americas
Bolivia,2006,"02",197,0.009,44.4,70.6,Americas
Bolivia,2006,"02",308,0.009,44.4,70.6,Americas
Bolivia,2006,"02",202,0.009,44.4,70.6,Americas
Bolivia,2006,"02",250,0.009,44.4,70.6,Americas
Bolivia,2006,"03",373,0.029,44.4,70.6,Americas
Bolivia,2006,"03",431,0.029,44.4,70.6,Americas
Bolivia,2006,"03",428,0.029,44.4,70.6,Americas
Bolivia,2006,"03",443,0.029,44.4,70.6,Americas
Bolivia,2006,"03",373,0.012,44.4,70.6,Americas
Bolivia,2006,"03",431,0.012,44.4,70.6,Americas
Bolivia,2006,"03",428,0.012,44.4,70.6,Americas
Bolivia,2006,"03",443,0.012,44.4,70.6,Americas
Bolivia,2006,"03",373,0.015,44.4,70.6,Americas
Bolivia,2006,"03",431,0.015,44.4,70.6,Americas
Bolivia,2006,"03",428,0.015,44.4,70.6,Americas
Bolivia,2006,"03",443,0.015,44.4,70.6,Americas
Bolivia,2006,"03",373,0.016,44.4,70.6,Americas
Bolivia,2006,"03",431,0.016,44.4,70.6,Americas
Bolivia,2006,"03",428,0.016,44.4,70.6,Americas
Bolivia,2006,"03",443,0.016,44.4,70.6,Americas
Bolivia,2006,"04",454,0.054,44.4,70.6,Americas
Bolivia,2006,"04",402,0.054,44.4,70.6,Americas
Bolivia,2006,"04",509,0.054,44.4,70.6,Americas
Bolivia,2006,"04",431,0.054,44.4,70.6,Americas
Bolivia,2006,"04",499,0.054,44.4,70.6,Americas
Bolivia,2006,"04",454,0.021,44.4,70.6,Americas
Bolivia,2006,"04",402,0.021,44.4,70.6,Americas
Bolivia,2006,"04",509,0.021,44.4,70.6,Americas
Bolivia,2006,"04",431,0.021,44.4,70.6,Americas
Bolivia,2006,"04",499,0.021,44.4,70.6,Americas
Bolivia,2006,"04",454,0.069,44.4,70.6,Americas
Bolivia,2006,"04",402,0.069,44.4,70.6,Americas
Bolivia,2006,"04",509,0.069,44.4,70.6,Americas
Bolivia,2006,"04",431,0.069,44.4,70.6,Americas
Bolivia,2006,"04",499,0.069,44.4,70.6,Americas
Bolivia,2006,"04",454,0.039,44.4,70.6,Americas
Bolivia,2006,"04",402,0.039,44.4,70.6,Americas
Bolivia,2006,"04",509,0.039,44.4,70.6,Americas
Bolivia,2006,"04",431,0.039,44.4,70.6,Americas
Bolivia,2006,"04",499,0.039,44.4,70.6,Americas
Bolivia,2006,"04",454,0.045,44.4,70.6,Americas
Bolivia,2006,"04",402,0.045,44.4,70.6,Americas
Bolivia,2006,"04",509,0.045,44.4,70.6,Americas
Bolivia,2006,"04",431,0.045,44.4,70.6,Americas
Bolivia,2006,"04",499,0.045,44.4,70.6,Americas
Bolivia,2006,"05",513,0.041,44.4,70.6,Americas
Bolivia,2006,"05",561,0.041,44.4,70.6,Americas
Bolivia,2006,"05",491,0.041,44.4,70.6,Americas
Bolivia,2006,"05",513,0.041,44.4,70.6,Americas
Bolivia,2006,"05",513,0.041,44.4,70.6,Americas
Bolivia,2006,"05",561,0.041,44.4,70.6,Americas
Bolivia,2006,"05",491,0.041,44.4,70.6,Americas
Bolivia,2006,"05",513,0.041,44.4,70.6,Americas
Bolivia,2006,"05",513,0.027,44.4,70.6,Americas
Bolivia,2006,"05",561,0.027,44.4,70.6,Americas
Bolivia,2006,"05",491,0.027,44.4,70.6,Americas
Bolivia,2006,"05",513,0.027,44.4,70.6,Americas
Bolivia,2006,"05",513,0.051,44.4,70.6,Americas
Bolivia,2006,"05",561,0.051,44.4,70.6,Americas
Bolivia,2006,"05",491,0.051,44.4,70.6,Americas
Bolivia,2006,"05",513,0.051,44.4,70.6,Americas
Bolivia,2006,"06",335,0.028,44.4,70.6,Americas
Bolivia,2006,"06",625,0.028,44.4,70.6,Americas
Bolivia,2006,"06",501,0.028,44.4,70.6,Americas
Bolivia,2006,"06",419,0.028,44.4,70.6,Americas
Bolivia,2006,"06",335,0.02,44.4,70.6,Americas
Bolivia,2006,"06",625,0.02,44.4,70.6,Americas
Bolivia,2006,"06",501,0.02,44.4,70.6,Americas
Bolivia,2006,"06",419,0.02,44.4,70.6,Americas
Bolivia,2006,"06",335,0.024,44.4,70.6,Americas
Bolivia,2006,"06",625,0.024,44.4,70.6,Americas
Bolivia,2006,"06",501,0.024,44.4,70.6,Americas
Bolivia,2006,"06",419,0.024,44.4,70.6,Americas
Bolivia,2006,"06",335,0.022,44.4,70.6,Americas
Bolivia,2006,"06",625,0.022,44.4,70.6,Americas
Bolivia,2006,"06",501,0.022,44.4,70.6,Americas
Bolivia,2006,"06",419,0.022,44.4,70.6,Americas
Bolivia,2006,"07",281,0.024,44.4,70.6,Americas
Bolivia,2006,"07",286,0.024,44.4,70.6,Americas
Bolivia,2006,"07",381,0.024,44.4,70.6,Americas
Bolivia,2006,"07",343,0.024,44.4,70.6,Americas
Bolivia,2006,"07",303,0.024,44.4,70.6,Americas
Bolivia,2006,"07",281,0.015,44.4,70.6,Americas
Bolivia,2006,"07",286,0.015,44.4,70.6,Americas
Bolivia,2006,"07",381,0.015,44.4,70.6,Americas
Bolivia,2006,"07",343,0.015,44.4,70.6,Americas
Bolivia,2006,"07",303,0.015,44.4,70.6,Americas
Bolivia,2006,"07",281,0.023,44.4,70.6,Americas
Bolivia,2006,"07",286,0.023,44.4,70.6,Americas
Bolivia,2006,"07",381,0.023,44.4,70.6,Americas
Bolivia,2006,"07",343,0.023,44.4,70.6,Americas
Bolivia,2006,"07",303,0.023,44.4,70.6,Americas
Bolivia,2006,"07",281,0.011,44.4,70.6,Americas
Bolivia,2006,"07",286,0.011,44.4,70.6,Americas
Bolivia,2006,"07",381,0.011,44.4,70.6,Americas
Bolivia,2006,"07",343,0.011,44.4,70.6,Americas
Bolivia,2006,"07",303,0.011,44.4,70.6,Americas
Bolivia,2006,"07",281,0.005,44.4,70.6,Americas
Bolivia,2006,"07",286,0.005,44.4,70.6,Americas
Bolivia,2006,"07",381,0.005,44.4,70.6,Americas
Bolivia,2006,"07",343,0.005,44.4,70.6,Americas
Bolivia,2006,"07",303,0.005,44.4,70.6,Americas
Bolivia,2006,"08",347,0.006,44.4,70.6,Americas
Bolivia,2006,"08",359,0.006,44.4,70.6,Americas
Bolivia,2006,"08",477,0.006,44.4,70.6,Americas
Bolivia,2006,"08",425,0.006,44.4,70.6,Americas
Bolivia,2006,"08",347,0.008,44.4,70.6,Americas
Bolivia,2006,"08",359,0.008,44.4,70.6,Americas
Bolivia,2006,"08",477,0.008,44.4,70.6,Americas
Bolivia,2006,"08",425,0.008,44.4,70.6,Americas
Bolivia,2006,"08",347,0.016,44.4,70.6,Americas
Bolivia,2006,"08",359,0.016,44.4,70.6,Americas
Bolivia,2006,"08",477,0.016,44.4,70.6,Americas
Bolivia,2006,"08",425,0.016,44.4,70.6,Americas
Bolivia,2006,"08",347,0.005,44.4,70.6,Americas
Bolivia,2006,"08",359,0.005,44.4,70.6,Americas
Bolivia,2006,"08",477,0.005,44.4,70.6,Americas
Bolivia,2006,"08",425,0.005,44.4,70.6,Americas
Bolivia,2006,"09",393,0.015,44.4,70.6,Americas
Bolivia,2006,"09",342,0.015,44.4,70.6,Americas
Bolivia,2006,"09",350,0.015,44.4,70.6,Americas
Bolivia,2006,"09",346,0.015,44.4,70.6,Americas
Bolivia,2006,"09",393,0.007,44.4,70.6,Americas
Bolivia,2006,"09",342,0.007,44.4,70.6,Americas
Bolivia,2006,"09",350,0.007,44.4,70.6,Americas
Bolivia,2006,"09",346,0.007,44.4,70.6,Americas
Bolivia,2006,"09",393,0.007,44.4,70.6,Americas
Bolivia,2006,"09",342,0.007,44.4,70.6,Americas
Bolivia,2006,"09",350,0.007,44.4,70.6,Americas
Bolivia,2006,"09",346,0.007,44.4,70.6,Americas
Bolivia,2006,"09",393,0.008,44.4,70.6,Americas
Bolivia,2006,"09",342,0.008,44.4,70.6,Americas
Bolivia,2006,"09",350,0.008,44.4,70.6,Americas
Bolivia,2006,"09",346,0.008,44.4,70.6,Americas
Bolivia,2006,"10",410,0.018,44.4,70.6,Americas
Bolivia,2006,"10",431,0.018,44.4,70.6,Americas
Bolivia,2006,"10",405,0.018,44.4,70.6,Americas
Bolivia,2006,"10",419,0.018,44.4,70.6,Americas
Bolivia,2006,"10",391,0.018,44.4,70.6,Americas
Bolivia,2006,"10",410,0.017,44.4,70.6,Americas
Bolivia,2006,"10",431,0.017,44.4,70.6,Americas
Bolivia,2006,"10",405,0.017,44.4,70.6,Americas
Bolivia,2006,"10",419,0.017,44.4,70.6,Americas
Bolivia,2006,"10",391,0.017,44.4,70.6,Americas
Bolivia,2006,"10",410,0.043,44.4,70.6,Americas
Bolivia,2006,"10",431,0.043,44.4,70.6,Americas
Bolivia,2006,"10",405,0.043,44.4,70.6,Americas
Bolivia,2006,"10",419,0.043,44.4,70.6,Americas
Bolivia,2006,"10",391,0.043,44.4,70.6,Americas
Bolivia,2006,"10",410,0.029,44.4,70.6,Americas
Bolivia,2006,"10",431,0.029,44.4,70.6,Americas
Bolivia,2006,"10",405,0.029,44.4,70.6,Americas
Bolivia,2006,"10",419,0.029,44.4,70.6,Americas
Bolivia,2006,"10",391,0.029,44.4,70.6,Americas
Bolivia,2006,"10",410,0.023,44.4,70.6,Americas
Bolivia,2006,"10",431,0.023,44.4,70.6,Americas
Bolivia,2006,"10",405,0.023,44.4,70.6,Americas
Bolivia,2006,"10",419,0.023,44.4,70.6,Americas
Bolivia,2006,"10",391,0.023,44.4,70.6,Americas
Bolivia,2006,"11",367,0.016,44.4,70.6,Americas
Bolivia,2006,"11",389,0.016,44.4,70.6,Americas
Bolivia,2006,"11",417,0.016,44.4,70.6,Americas
Bolivia,2006,"11",361,0.016,44.4,70.6,Americas
Bolivia,2006,"11",367,0.014,44.4,70.6,Americas
Bolivia,2006,"11",389,0.014,44.4,70.6,Americas
Bolivia,2006,"11",417,0.014,44.4,70.6,Americas
Bolivia,2006,"11",361,0.014,44.4,70.6,Americas
Bolivia,2006,"11",367,0.022,44.4,70.6,Americas
Bolivia,2006,"11",389,0.022,44.4,70.6,Americas
Bolivia,2006,"11",417,0.022,44.4,70.6,Americas
Bolivia,2006,"11",361,0.022,44.4,70.6,Americas
Bolivia,2006,"11",367,0.02,44.4,70.6,Americas
Bolivia,2006,"11",389,0.02,44.4,70.6,Americas
Bolivia,2006,"11",417,0.02,44.4,70.6,Americas
Bolivia,2006,"11",361,0.02,44.4,70.6,Americas
Bolivia,2006,"12",235,0.008,44.4,70.6,Americas
Bolivia,2006,"12",267,0.008,44.4,70.6,Americas
Bolivia,2006,"12",312,0.008,44.4,70.6,Americas
Bolivia,2006,"12",208,0.008,44.4,70.6,Americas
Bolivia,2006,"12",332,0.008,44.4,70.6,Americas
Bolivia,2006,"12",235,0.005,44.4,70.6,Americas
Bolivia,2006,"12",267,0.005,44.4,70.6,Americas
Bolivia,2006,"12",312,0.005,44.4,70.6,Americas
Bolivia,2006,"12",208,0.005,44.4,70.6,Americas
Bolivia,2006,"12",332,0.005,44.4,70.6,Americas
Bolivia,2006,"12",235,0.014,44.4,70.6,Americas
Bolivia,2006,"12",267,0.014,44.4,70.6,Americas
Bolivia,2006,"12",312,0.014,44.4,70.6,Americas
Bolivia,2006,"12",208,0.014,44.4,70.6,Americas
Bolivia,2006,"12",332,0.014,44.4,70.6,Americas
Bolivia,2006,"12",235,0.012,44.4,70.6,Americas
Bolivia,2006,"12",267,0.012,44.4,70.6,Americas
Bolivia,2006,"12",312,0.012,44.4,70.6,Americas
Bolivia,2006,"12",208,0.012,44.4,70.6,Americas
Bolivia,2006,"12",332,0.012,44.4,70.6,Americas
Bolivia,2006,"12",235,0.004,44.4,70.6,Americas
Bolivia,2006,"12",267,0.004,44.4,70.6,Americas
Bolivia,2006,"12",312,0.004,44.4,70.6,Americas
Bolivia,2006,"12",208,0.004,44.4,70.6,Americas
Bolivia,2006,"12",332,0.004,44.4,70.6,Americas
Bolivia,2007,"01",248,0.006,42.2,70.9,Americas
Bolivia,2007,"01",224,0.006,42.2,70.9,Americas
Bolivia,2007,"01",186,0.006,42.2,70.9,Americas
Bolivia,2007,"01",197,0.006,42.2,70.9,Americas
Bolivia,2007,"01",248,0.08,42.2,70.9,Americas
Bolivia,2007,"01",224,0.08,42.2,70.9,Americas
Bolivia,2007,"01",186,0.08,42.2,70.9,Americas
Bolivia,2007,"01",197,0.08,42.2,70.9,Americas
Bolivia,2007,"01",248,0.037,42.2,70.9,Americas
Bolivia,2007,"01",224,0.037,42.2,70.9,Americas
Bolivia,2007,"01",186,0.037,42.2,70.9,Americas
Bolivia,2007,"01",197,0.037,42.2,70.9,Americas
Bolivia,2007,"01",248,0.027,42.2,70.9,Americas
Bolivia,2007,"01",224,0.027,42.2,70.9,Americas
Bolivia,2007,"01",186,0.027,42.2,70.9,Americas
Bolivia,2007,"01",197,0.027,42.2,70.9,Americas
Bolivia,2007,"02",232,0.145,42.2,70.9,Americas
Bolivia,2007,"02",225,0.145,42.2,70.9,Americas
Bolivia,2007,"02",208,0.145,42.2,70.9,Americas
Bolivia,2007,"02",245,0.145,42.2,70.9,Americas
Bolivia,2007,"02",232,0.172,42.2,70.9,Americas
Bolivia,2007,"02",225,0.172,42.2,70.9,Americas
Bolivia,2007,"02",208,0.172,42.2,70.9,Americas
Bolivia,2007,"02",245,0.172,42.2,70.9,Americas
Bolivia,2007,"02",232,0.135,42.2,70.9,Americas
Bolivia,2007,"02",225,0.135,42.2,70.9,Americas
Bolivia,2007,"02",208,0.135,42.2,70.9,Americas
Bolivia,2007,"02",245,0.135,42.2,70.9,Americas
Bolivia,2007,"02",232,0.158,42.2,70.9,Americas
Bolivia,2007,"02",225,0.158,42.2,70.9,Americas
Bolivia,2007,"02",208,0.158,42.2,70.9,Americas
Bolivia,2007,"02",245,0.158,42.2,70.9,Americas
Bolivia,2007,"03",444,0.202,42.2,70.9,Americas
Bolivia,2007,"03",300,0.202,42.2,70.9,Americas
Bolivia,2007,"03",369,0.202,42.2,70.9,Americas
Bolivia,2007,"03",425,0.202,42.2,70.9,Americas
Bolivia,2007,"03",444,0.107,42.2,70.9,Americas
Bolivia,2007,"03",300,0.107,42.2,70.9,Americas
Bolivia,2007,"03",369,0.107,42.2,70.9,Americas
Bolivia,2007,"03",425,0.107,42.2,70.9,Americas
Bolivia,2007,"03",444,0.127,42.2,70.9,Americas
Bolivia,2007,"03",300,0.127,42.2,70.9,Americas
Bolivia,2007,"03",369,0.127,42.2,70.9,Americas
Bolivia,2007,"03",425,0.127,42.2,70.9,Americas
Bolivia,2007,"03",444,0.199,42.2,70.9,Americas
Bolivia,2007,"03",300,0.199,42.2,70.9,Americas
Bolivia,2007,"03",369,0.199,42.2,70.9,Americas
Bolivia,2007,"03",425,0.199,42.2,70.9,Americas
Bolivia,2007,"04",418,0.089,42.2,70.9,Americas
Bolivia,2007,"04",513,0.089,42.2,70.9,Americas
Bolivia,2007,"04",517,0.089,42.2,70.9,Americas
Bolivia,2007,"04",521,0.089,42.2,70.9,Americas
Bolivia,2007,"04",411,0.089,42.2,70.9,Americas
Bolivia,2007,"04",418,0.081,42.2,70.9,Americas
Bolivia,2007,"04",513,0.081,42.2,70.9,Americas
Bolivia,2007,"04",517,0.081,42.2,70.9,Americas
Bolivia,2007,"04",521,0.081,42.2,70.9,Americas
Bolivia,2007,"04",411,0.081,42.2,70.9,Americas
Bolivia,2007,"04",418,0.082,42.2,70.9,Americas
Bolivia,2007,"04",513,0.082,42.2,70.9,Americas
Bolivia,2007,"04",517,0.082,42.2,70.9,Americas
Bolivia,2007,"04",521,0.082,42.2,70.9,Americas
Bolivia,2007,"04",411,0.082,42.2,70.9,Americas
Bolivia,2007,"04",418,0.093,42.2,70.9,Americas
Bolivia,2007,"04",513,0.093,42.2,70.9,Americas
Bolivia,2007,"04",517,0.093,42.2,70.9,Americas
Bolivia,2007,"04",521,0.093,42.2,70.9,Americas
Bolivia,2007,"04",411,0.093,42.2,70.9,Americas
Bolivia,2007,"04",418,0.109,42.2,70.9,Americas
Bolivia,2007,"04",513,0.109,42.2,70.9,Americas
Bolivia,2007,"04",517,0.109,42.2,70.9,Americas
Bolivia,2007,"04",521,0.109,42.2,70.9,Americas
Bolivia,2007,"04",411,0.109,42.2,70.9,Americas
Bolivia,2007,"05",421,0.064,42.2,70.9,Americas
Bolivia,2007,"05",477,0.064,42.2,70.9,Americas
Bolivia,2007,"05",423,0.064,42.2,70.9,Americas
Bolivia,2007,"05",401,0.064,42.2,70.9,Americas
Bolivia,2007,"05",421,0.046,42.2,70.9,Americas
Bolivia,2007,"05",477,0.046,42.2,70.9,Americas
Bolivia,2007,"05",423,0.046,42.2,70.9,Americas
Bolivia,2007,"05",401,0.046,42.2,70.9,Americas
Bolivia,2007,"05",421,0.049,42.2,70.9,Americas
Bolivia,2007,"05",477,0.049,42.2,70.9,Americas
Bolivia,2007,"05",423,0.049,42.2,70.9,Americas
Bolivia,2007,"05",401,0.049,42.2,70.9,Americas
Bolivia,2007,"05",421,0.059,42.2,70.9,Americas
Bolivia,2007,"05",477,0.059,42.2,70.9,Americas
Bolivia,2007,"05",423,0.059,42.2,70.9,Americas
Bolivia,2007,"05",401,0.059,42.2,70.9,Americas
Bolivia,2007,"06",524,0.037,42.2,70.9,Americas
Bolivia,2007,"06",437,0.037,42.2,70.9,Americas
Bolivia,2007,"06",510,0.037,42.2,70.9,Americas
Bolivia,2007,"06",438,0.037,42.2,70.9,Americas
Bolivia,2007,"06",524,0.022,42.2,70.9,Americas
Bolivia,2007,"06",437,0.022,42.2,70.9,Americas
Bolivia,2007,"06",510,0.022,42.2,70.9,Americas
Bolivia,2007,"06",438,0.022,42.2,70.9,Americas
Bolivia,2007,"06",524,0.024,42.2,70.9,Americas
Bolivia,2007,"06",437,0.024,42.2,70.9,Americas
Bolivia,2007,"06",510,0.024,42.2,70.9,Americas
Bolivia,2007,"06",438,0.024,42.2,70.9,Americas
Bolivia,2007,"06",524,0.029,42.2,70.9,Americas
Bolivia,2007,"06",437,0.029,42.2,70.9,Americas
Bolivia,2007,"06",510,0.029,42.2,70.9,Americas
Bolivia,2007,"06",438,0.029,42.2,70.9,Americas
Bolivia,2007,"07",352,0.024,42.2,70.9,Americas
Bolivia,2007,"07",368,0.024,42.2,70.9,Americas
Bolivia,2007,"07",355,0.024,42.2,70.9,Americas
Bolivia,2007,"07",319,0.024,42.2,70.9,Americas
Bolivia,2007,"07",345,0.024,42.2,70.9,Americas
Bolivia,2007,"07",352,0.017,42.2,70.9,Americas
Bolivia,2007,"07",368,0.017,42.2,70.9,Americas
Bolivia,2007,"07",355,0.017,42.2,70.9,Americas
Bolivia,2007,"07",319,0.017,42.2,70.9,Americas
Bolivia,2007,"07",345,0.017,42.2,70.9,Americas
Bolivia,2007,"07",352,0.018,42.2,70.9,Americas
Bolivia,2007,"07",368,0.018,42.2,70.9,Americas
Bolivia,2007,"07",355,0.018,42.2,70.9,Americas
Bolivia,2007,"07",319,0.018,42.2,70.9,Americas
Bolivia,2007,"07",345,0.018,42.2,70.9,Americas
Bolivia,2007,"07",352,0.017,42.2,70.9,Americas
Bolivia,2007,"07",368,0.017,42.2,70.9,Americas
Bolivia,2007,"07",355,0.017,42.2,70.9,Americas
Bolivia,2007,"07",319,0.017,42.2,70.9,Americas
Bolivia,2007,"07",345,0.017,42.2,70.9,Americas
Bolivia,2007,"07",352,0.019,42.2,70.9,Americas
Bolivia,2007,"07",368,0.019,42.2,70.9,Americas
Bolivia,2007,"07",355,0.019,42.2,70.9,Americas
Bolivia,2007,"07",319,0.019,42.2,70.9,Americas
Bolivia,2007,"07",345,0.019,42.2,70.9,Americas
Bolivia,2007,"08",585,0.019,42.2,70.9,Americas
Bolivia,2007,"08",588,0.019,42.2,70.9,Americas
Bolivia,2007,"08",393,0.019,42.2,70.9,Americas
Bolivia,2007,"08",441,0.019,42.2,70.9,Americas
Bolivia,2007,"08",585,0.022,42.2,70.9,Americas
Bolivia,2007,"08",588,0.022,42.2,70.9,Americas
Bolivia,2007,"08",393,0.022,42.2,70.9,Americas
Bolivia,2007,"08",441,0.022,42.2,70.9,Americas
Bolivia,2007,"08",585,0.019,42.2,70.9,Americas
Bolivia,2007,"08",588,0.019,42.2,70.9,Americas
Bolivia,2007,"08",393,0.019,42.2,70.9,Americas
Bolivia,2007,"08",441,0.019,42.2,70.9,Americas
Bolivia,2007,"08",585,0.014,42.2,70.9,Americas
Bolivia,2007,"08",588,0.014,42.2,70.9,Americas
Bolivia,2007,"08",393,0.014,42.2,70.9,Americas
Bolivia,2007,"08",441,0.014,42.2,70.9,Americas
Bolivia,2007,"09",420,0.01,42.2,70.9,Americas
Bolivia,2007,"09",384,0.01,42.2,70.9,Americas
Bolivia,2007,"09",355,0.01,42.2,70.9,Americas
Bolivia,2007,"09",401,0.01,42.2,70.9,Americas
Bolivia,2007,"09",388,0.01,42.2,70.9,Americas
Bolivia,2007,"09",420,0.01,42.2,70.9,Americas
Bolivia,2007,"09",384,0.01,42.2,70.9,Americas
Bolivia,2007,"09",355,0.01,42.2,70.9,Americas
Bolivia,2007,"09",401,0.01,42.2,70.9,Americas
Bolivia,2007,"09",388,0.01,42.2,70.9,Americas
Bolivia,2007,"09",420,0.012,42.2,70.9,Americas
Bolivia,2007,"09",384,0.012,42.2,70.9,Americas
Bolivia,2007,"09",355,0.012,42.2,70.9,Americas
Bolivia,2007,"09",401,0.012,42.2,70.9,Americas
Bolivia,2007,"09",388,0.012,42.2,70.9,Americas
Bolivia,2007,"09",420,0.009,42.2,70.9,Americas
Bolivia,2007,"09",384,0.009,42.2,70.9,Americas
Bolivia,2007,"09",355,0.009,42.2,70.9,Americas
Bolivia,2007,"09",401,0.009,42.2,70.9,Americas
Bolivia,2007,"09",388,0.009,42.2,70.9,Americas
Bolivia,2007,"09",420,0.013,42.2,70.9,Americas
Bolivia,2007,"09",384,0.013,42.2,70.9,Americas
Bolivia,2007,"09",355,0.013,42.2,70.9,Americas
Bolivia,2007,"09",401,0.013,42.2,70.9,Americas
Bolivia,2007,"09",388,0.013,42.2,70.9,Americas
Bolivia,2007,"10",439,0.03,42.2,70.9,Americas
Bolivia,2007,"10",345,0.03,42.2,70.9,Americas
Bolivia,2007,"10",414,0.03,42.2,70.9,Americas
Bolivia,2007,"10",467,0.03,42.2,70.9,Americas
Bolivia,2007,"10",439,0.02,42.2,70.9,Americas
Bolivia,2007,"10",345,0.02,42.2,70.9,Americas
Bolivia,2007,"10",414,0.02,42.2,70.9,Americas
Bolivia,2007,"10",467,0.02,42.2,70.9,Americas
Bolivia,2007,"10",439,0.021,42.2,70.9,Americas
Bolivia,2007,"10",345,0.021,42.2,70.9,Americas
Bolivia,2007,"10",414,0.021,42.2,70.9,Americas
Bolivia,2007,"10",467,0.021,42.2,70.9,Americas
Bolivia,2007,"10",439,0.017,42.2,70.9,Americas
Bolivia,2007,"10",345,0.017,42.2,70.9,Americas
Bolivia,2007,"10",414,0.017,42.2,70.9,Americas
Bolivia,2007,"10",467,0.017,42.2,70.9,Americas
Bolivia,2007,"11",319,0.014,42.2,70.9,Americas
Bolivia,2007,"11",318,0.014,42.2,70.9,Americas
Bolivia,2007,"11",337,0.014,42.2,70.9,Americas
Bolivia,2007,"11",329,0.014,42.2,70.9,Americas
Bolivia,2007,"11",319,0.015,42.2,70.9,Americas
Bolivia,2007,"11",318,0.015,42.2,70.9,Americas
Bolivia,2007,"11",337,0.015,42.2,70.9,Americas
Bolivia,2007,"11",329,0.015,42.2,70.9,Americas
Bolivia,2007,"11",319,0.016,42.2,70.9,Americas
Bolivia,2007,"11",318,0.016,42.2,70.9,Americas
Bolivia,2007,"11",337,0.016,42.2,70.9,Americas
Bolivia,2007,"11",329,0.016,42.2,70.9,Americas
Bolivia,2007,"11",319,0.014,42.2,70.9,Americas
Bolivia,2007,"11",318,0.014,42.2,70.9,Americas
Bolivia,2007,"11",337,0.014,42.2,70.9,Americas
Bolivia,2007,"11",329,0.014,42.2,70.9,Americas
Bolivia,2007,"12",229,0.008,42.2,70.9,Americas
Bolivia,2007,"12",286,0.008,42.2,70.9,Americas
Bolivia,2007,"12",261,0.008,42.2,70.9,Americas
Bolivia,2007,"12",242,0.008,42.2,70.9,Americas
Bolivia,2007,"12",318,0.008,42.2,70.9,Americas
Bolivia,2007,"12",229,0.011,42.2,70.9,Americas
Bolivia,2007,"12",286,0.011,42.2,70.9,Americas
Bolivia,2007,"12",261,0.011,42.2,70.9,Americas
Bolivia,2007,"12",242,0.011,42.2,70.9,Americas
Bolivia,2007,"12",318,0.011,42.2,70.9,Americas
Bolivia,2007,"12",229,0.016,42.2,70.9,Americas
Bolivia,2007,"12",286,0.016,42.2,70.9,Americas
Bolivia,2007,"12",261,0.016,42.2,70.9,Americas
Bolivia,2007,"12",242,0.016,42.2,70.9,Americas
Bolivia,2007,"12",318,0.016,42.2,70.9,Americas
Bolivia,2007,"12",229,0.015,42.2,70.9,Americas
Bolivia,2007,"12",286,0.015,42.2,70.9,Americas
Bolivia,2007,"12",261,0.015,42.2,70.9,Americas
Bolivia,2007,"12",242,0.015,42.2,70.9,Americas
Bolivia,2007,"12",318,0.015,42.2,70.9,Americas
Bolivia,2007,"12",229,0.01,42.2,70.9,Americas
Bolivia,2007,"12",286,0.01,42.2,70.9,Americas
Bolivia,2007,"12",261,0.01,42.2,70.9,Americas
Bolivia,2007,"12",242,0.01,42.2,70.9,Americas
Bolivia,2007,"12",318,0.01,42.2,70.9,Americas
Bolivia,2008,"01",248,0.028,40.2,71.2,Americas
Bolivia,2008,"01",232,0.028,40.2,71.2,Americas
Bolivia,2008,"01",225,0.028,40.2,71.2,Americas
Bolivia,2008,"01",239,0.028,40.2,71.2,Americas
Bolivia,2008,"01",248,0.03,40.2,71.2,Americas
Bolivia,2008,"01",232,0.03,40.2,71.2,Americas
Bolivia,2008,"01",225,0.03,40.2,71.2,Americas
Bolivia,2008,"01",239,0.03,40.2,71.2,Americas
Bolivia,2008,"01",248,0.009,40.2,71.2,Americas
Bolivia,2008,"01",232,0.009,40.2,71.2,Americas
Bolivia,2008,"01",225,0.009,40.2,71.2,Americas
Bolivia,2008,"01",239,0.009,40.2,71.2,Americas
Bolivia,2008,"01",248,0.022,40.2,71.2,Americas
Bolivia,2008,"01",232,0.022,40.2,71.2,Americas
Bolivia,2008,"01",225,0.022,40.2,71.2,Americas
Bolivia,2008,"01",239,0.022,40.2,71.2,Americas
Bolivia,2008,"02",236,0.052,40.2,71.2,Americas
Bolivia,2008,"02",207,0.052,40.2,71.2,Americas
Bolivia,2008,"02",299,0.052,40.2,71.2,Americas
Bolivia,2008,"02",213,0.052,40.2,71.2,Americas
Bolivia,2008,"02",236,0.027,40.2,71.2,Americas
Bolivia,2008,"02",207,0.027,40.2,71.2,Americas
Bolivia,2008,"02",299,0.027,40.2,71.2,Americas
Bolivia,2008,"02",213,0.027,40.2,71.2,Americas
Bolivia,2008,"02",236,0.033,40.2,71.2,Americas
Bolivia,2008,"02",207,0.033,40.2,71.2,Americas
Bolivia,2008,"02",299,0.033,40.2,71.2,Americas
Bolivia,2008,"02",213,0.033,40.2,71.2,Americas
Bolivia,2008,"02",236,0.028,40.2,71.2,Americas
Bolivia,2008,"02",207,0.028,40.2,71.2,Americas
Bolivia,2008,"02",299,0.028,40.2,71.2,Americas
Bolivia,2008,"02",213,0.028,40.2,71.2,Americas
Bolivia,2008,"03",383,0.04,40.2,71.2,Americas
Bolivia,2008,"03",340,0.04,40.2,71.2,Americas
Bolivia,2008,"03",341,0.04,40.2,71.2,Americas
Bolivia,2008,"03",490,0.04,40.2,71.2,Americas
Bolivia,2008,"03",412,0.04,40.2,71.2,Americas
Bolivia,2008,"03",383,0.028,40.2,71.2,Americas
Bolivia,2008,"03",340,0.028,40.2,71.2,Americas
Bolivia,2008,"03",341,0.028,40.2,71.2,Americas
Bolivia,2008,"03",490,0.028,40.2,71.2,Americas
Bolivia,2008,"03",412,0.028,40.2,71.2,Americas
Bolivia,2008,"03",383,0.043,40.2,71.2,Americas
Bolivia,2008,"03",340,0.043,40.2,71.2,Americas
Bolivia,2008,"03",341,0.043,40.2,71.2,Americas
Bolivia,2008,"03",490,0.043,40.2,71.2,Americas
Bolivia,2008,"03",412,0.043,40.2,71.2,Americas
Bolivia,2008,"03",383,0.041,40.2,71.2,Americas
Bolivia,2008,"03",340,0.041,40.2,71.2,Americas
Bolivia,2008,"03",341,0.041,40.2,71.2,Americas
Bolivia,2008,"03",490,0.041,40.2,71.2,Americas
Bolivia,2008,"03",412,0.041,40.2,71.2,Americas
Bolivia,2008,"03",383,0.033,40.2,71.2,Americas
Bolivia,2008,"03",340,0.033,40.2,71.2,Americas
Bolivia,2008,"03",341,0.033,40.2,71.2,Americas
Bolivia,2008,"03",490,0.033,40.2,71.2,Americas
Bolivia,2008,"03",412,0.033,40.2,71.2,Americas
Bolivia,2008,"04",409,0.064,40.2,71.2,Americas
Bolivia,2008,"04",387,0.064,40.2,71.2,Americas
Bolivia,2008,"04",406,0.064,40.2,71.2,Americas
Bolivia,2008,"04",429,0.064,40.2,71.2,Americas
Bolivia,2008,"04",409,0.044,40.2,71.2,Americas
Bolivia,2008,"04",387,0.044,40.2,71.2,Americas
Bolivia,2008,"04",406,0.044,40.2,71.2,Americas
Bolivia,2008,"04",429,0.044,40.2,71.2,Americas
Bolivia,2008,"04",409,0.059,40.2,71.2,Americas
Bolivia,2008,"04",387,0.059,40.2,71.2,Americas
Bolivia,2008,"04",406,0.059,40.2,71.2,Americas
Bolivia,2008,"04",429,0.059,40.2,71.2,Americas
Bolivia,2008,"04",409,0.046,40.2,71.2,Americas
Bolivia,2008,"04",387,0.046,40.2,71.2,Americas
Bolivia,2008,"04",406,0.046,40.2,71.2,Americas
Bolivia,2008,"04",429,0.046,40.2,71.2,Americas
Bolivia,2008,"05",396,0.027,40.2,71.2,Americas
Bolivia,2008,"05",349,0.027,40.2,71.2,Americas
Bolivia,2008,"05",376,0.027,40.2,71.2,Americas
Bolivia,2008,"05",430,0.027,40.2,71.2,Americas
Bolivia,2008,"05",396,0.054,40.2,71.2,Americas
Bolivia,2008,"05",349,0.054,40.2,71.2,Americas
Bolivia,2008,"05",376,0.054,40.2,71.2,Americas
Bolivia,2008,"05",430,0.054,40.2,71.2,Americas
Bolivia,2008,"05",396,0.031,40.2,71.2,Americas
Bolivia,2008,"05",349,0.031,40.2,71.2,Americas
Bolivia,2008,"05",376,0.031,40.2,71.2,Americas
Bolivia,2008,"05",430,0.031,40.2,71.2,Americas
Bolivia,2008,"05",396,0.028,40.2,71.2,Americas
Bolivia,2008,"05",349,0.028,40.2,71.2,Americas
Bolivia,2008,"05",376,0.028,40.2,71.2,Americas
Bolivia,2008,"05",430,0.028,40.2,71.2,Americas
Bolivia,2008,"06",370,0.036,40.2,71.2,Americas
Bolivia,2008,"06",370,0.036,40.2,71.2,Americas
Bolivia,2008,"06",375,0.036,40.2,71.2,Americas
Bolivia,2008,"06",365,0.036,40.2,71.2,Americas
Bolivia,2008,"06",360,0.036,40.2,71.2,Americas
Bolivia,2008,"06",370,0.018,40.2,71.2,Americas
Bolivia,2008,"06",370,0.018,40.2,71.2,Americas
Bolivia,2008,"06",375,0.018,40.2,71.2,Americas
Bolivia,2008,"06",365,0.018,40.2,71.2,Americas
Bolivia,2008,"06",360,0.018,40.2,71.2,Americas
Bolivia,2008,"06",370,0.027,40.2,71.2,Americas
Bolivia,2008,"06",370,0.027,40.2,71.2,Americas
Bolivia,2008,"06",375,0.027,40.2,71.2,Americas
Bolivia,2008,"06",365,0.027,40.2,71.2,Americas
Bolivia,2008,"06",360,0.027,40.2,71.2,Americas
Bolivia,2008,"06",370,0.037,40.2,71.2,Americas
Bolivia,2008,"06",370,0.037,40.2,71.2,Americas
Bolivia,2008,"06",375,0.037,40.2,71.2,Americas
Bolivia,2008,"06",365,0.037,40.2,71.2,Americas
Bolivia,2008,"06",360,0.037,40.2,71.2,Americas
Bolivia,2008,"06",370,0.06,40.2,71.2,Americas
Bolivia,2008,"06",370,0.06,40.2,71.2,Americas
Bolivia,2008,"06",375,0.06,40.2,71.2,Americas
Bolivia,2008,"06",365,0.06,40.2,71.2,Americas
Bolivia,2008,"06",360,0.06,40.2,71.2,Americas
Bolivia,2008,"07",290,0.01,40.2,71.2,Americas
Bolivia,2008,"07",291,0.01,40.2,71.2,Americas
Bolivia,2008,"07",321,0.01,40.2,71.2,Americas
Bolivia,2008,"07",271,0.01,40.2,71.2,Americas
Bolivia,2008,"07",290,0.018,40.2,71.2,Americas
Bolivia,2008,"07",291,0.018,40.2,71.2,Americas
Bolivia,2008,"07",321,0.018,40.2,71.2,Americas
Bolivia,2008,"07",271,0.018,40.2,71.2,Americas
Bolivia,2008,"07",290,0.021,40.2,71.2,Americas
Bolivia,2008,"07",291,0.021,40.2,71.2,Americas
Bolivia,2008,"07",321,0.021,40.2,71.2,Americas
Bolivia,2008,"07",271,0.021,40.2,71.2,Americas
Bolivia,2008,"07",290,0.014,40.2,71.2,Americas
Bolivia,2008,"07",291,0.014,40.2,71.2,Americas
Bolivia,2008,"07",321,0.014,40.2,71.2,Americas
Bolivia,2008,"07",271,0.014,40.2,71.2,Americas
Bolivia,2008,"08",309,0.007,40.2,71.2,Americas
Bolivia,2008,"08",296,0.007,40.2,71.2,Americas
Bolivia,2008,"08",322,0.007,40.2,71.2,Americas
Bolivia,2008,"08",316,0.007,40.2,71.2,Americas
Bolivia,2008,"08",306,0.007,40.2,71.2,Americas
Bolivia,2008,"08",309,0.005,40.2,71.2,Americas
Bolivia,2008,"08",296,0.005,40.2,71.2,Americas
Bolivia,2008,"08",322,0.005,40.2,71.2,Americas
Bolivia,2008,"08",316,0.005,40.2,71.2,Americas
Bolivia,2008,"08",306,0.005,40.2,71.2,Americas
Bolivia,2008,"08",309,0.007,40.2,71.2,Americas
Bolivia,2008,"08",296,0.007,40.2,71.2,Americas
Bolivia,2008,"08",322,0.007,40.2,71.2,Americas
Bolivia,2008,"08",316,0.007,40.2,71.2,Americas
Bolivia,2008,"08",306,0.007,40.2,71.2,Americas
Bolivia,2008,"08",309,0.01,40.2,71.2,Americas
Bolivia,2008,"08",296,0.01,40.2,71.2,Americas
Bolivia,2008,"08",322,0.01,40.2,71.2,Americas
Bolivia,2008,"08",316,0.01,40.2,71.2,Americas
Bolivia,2008,"08",306,0.01,40.2,71.2,Americas
Bolivia,2008,"08",309,0.017,40.2,71.2,Americas
Bolivia,2008,"08",296,0.017,40.2,71.2,Americas
Bolivia,2008,"08",322,0.017,40.2,71.2,Americas
Bolivia,2008,"08",316,0.017,40.2,71.2,Americas
Bolivia,2008,"08",306,0.017,40.2,71.2,Americas
Bolivia,2008,"09",298,0.008,40.2,71.2,Americas
Bolivia,2008,"09",331,0.008,40.2,71.2,Americas
Bolivia,2008,"09",300,0.008,40.2,71.2,Americas
Bolivia,2008,"09",324,0.008,40.2,71.2,Americas
Bolivia,2008,"09",298,0.01,40.2,71.2,Americas
Bolivia,2008,"09",331,0.01,40.2,71.2,Americas
Bolivia,2008,"09",300,0.01,40.2,71.2,Americas
Bolivia,2008,"09",324,0.01,40.2,71.2,Americas
Bolivia,2008,"09",298,0.011,40.2,71.2,Americas
Bolivia,2008,"09",331,0.011,40.2,71.2,Americas
Bolivia,2008,"09",300,0.011,40.2,71.2,Americas
Bolivia,2008,"09",324,0.011,40.2,71.2,Americas
Bolivia,2008,"09",298,0.017,40.2,71.2,Americas
Bolivia,2008,"09",331,0.017,40.2,71.2,Americas
Bolivia,2008,"09",300,0.017,40.2,71.2,Americas
Bolivia,2008,"09",324,0.017,40.2,71.2,Americas
Bolivia,2008,"10",347,0.014,40.2,71.2,Americas
Bolivia,2008,"10",359,0.014,40.2,71.2,Americas
Bolivia,2008,"10",311,0.014,40.2,71.2,Americas
Bolivia,2008,"10",300,0.014,40.2,71.2,Americas
Bolivia,2008,"10",347,0.012,40.2,71.2,Americas
Bolivia,2008,"10",359,0.012,40.2,71.2,Americas
Bolivia,2008,"10",311,0.012,40.2,71.2,Americas
Bolivia,2008,"10",300,0.012,40.2,71.2,Americas
Bolivia,2008,"10",347,0.016,40.2,71.2,Americas
Bolivia,2008,"10",359,0.016,40.2,71.2,Americas
Bolivia,2008,"10",311,0.016,40.2,71.2,Americas
Bolivia,2008,"10",300,0.016,40.2,71.2,Americas
Bolivia,2008,"10",347,0.03,40.2,71.2,Americas
Bolivia,2008,"10",359,0.03,40.2,71.2,Americas
Bolivia,2008,"10",311,0.03,40.2,71.2,Americas
Bolivia,2008,"10",300,0.03,40.2,71.2,Americas
Bolivia,2008,"11",324,0.021,40.2,71.2,Americas
Bolivia,2008,"11",293,0.021,40.2,71.2,Americas
Bolivia,2008,"11",247,0.021,40.2,71.2,Americas
Bolivia,2008,"11",392,0.021,40.2,71.2,Americas
Bolivia,2008,"11",252,0.021,40.2,71.2,Americas
Bolivia,2008,"11",324,0.031,40.2,71.2,Americas
Bolivia,2008,"11",293,0.031,40.2,71.2,Americas
Bolivia,2008,"11",247,0.031,40.2,71.2,Americas
Bolivia,2008,"11",392,0.031,40.2,71.2,Americas
Bolivia,2008,"11",252,0.031,40.2,71.2,Americas
Bolivia,2008,"11",324,0.032,40.2,71.2,Americas
Bolivia,2008,"11",293,0.032,40.2,71.2,Americas
Bolivia,2008,"11",247,0.032,40.2,71.2,Americas
Bolivia,2008,"11",392,0.032,40.2,71.2,Americas
Bolivia,2008,"11",252,0.032,40.2,71.2,Americas
Bolivia,2008,"11",324,0.036,40.2,71.2,Americas
Bolivia,2008,"11",293,0.036,40.2,71.2,Americas
Bolivia,2008,"11",247,0.036,40.2,71.2,Americas
Bolivia,2008,"11",392,0.036,40.2,71.2,Americas
Bolivia,2008,"11",252,0.036,40.2,71.2,Americas
Bolivia,2008,"11",324,0.025,40.2,71.2,Americas
Bolivia,2008,"11",293,0.025,40.2,71.2,Americas
Bolivia,2008,"11",247,0.025,40.2,71.2,Americas
Bolivia,2008,"11",392,0.025,40.2,71.2,Americas
Bolivia,2008,"11",252,0.025,40.2,71.2,Americas
Bolivia,2008,"12",179,0.035,40.2,71.2,Americas
Bolivia,2008,"12",249,0.035,40.2,71.2,Americas
Bolivia,2008,"12",187,0.035,40.2,71.2,Americas
Bolivia,2008,"12",224,0.035,40.2,71.2,Americas
Bolivia,2008,"12",179,0.065,40.2,71.2,Americas
Bolivia,2008,"12",249,0.065,40.2,71.2,Americas
Bolivia,2008,"12",187,0.065,40.2,71.2,Americas
Bolivia,2008,"12",224,0.065,40.2,71.2,Americas
Bolivia,2008,"12",179,0.039,40.2,71.2,Americas
Bolivia,2008,"12",249,0.039,40.2,71.2,Americas
Bolivia,2008,"12",187,0.039,40.2,71.2,Americas
Bolivia,2008,"12",224,0.039,40.2,71.2,Americas
Bolivia,2008,"12",179,0.037,40.2,71.2,Americas
Bolivia,2008,"12",249,0.037,40.2,71.2,Americas
Bolivia,2008,"12",187,0.037,40.2,71.2,Americas
Bolivia,2008,"12",224,0.037,40.2,71.2,Americas
Bolivia,2009,"01",168,0.548,38.4,71.6,Americas
Bolivia,2009,"01",222,0.548,38.4,71.6,Americas
Bolivia,2009,"01",226,0.548,38.4,71.6,Americas
Bolivia,2009,"01",192,0.548,38.4,71.6,Americas
Bolivia,2009,"01",168,0.37,38.4,71.6,Americas
Bolivia,2009,"01",222,0.37,38.4,71.6,Americas
Bolivia,2009,"01",226,0.37,38.4,71.6,Americas
Bolivia,2009,"01",192,0.37,38.4,71.6,Americas
Bolivia,2009,"01",168,0.231,38.4,71.6,Americas
Bolivia,2009,"01",222,0.231,38.4,71.6,Americas
Bolivia,2009,"01",226,0.231,38.4,71.6,Americas
Bolivia,2009,"01",192,0.231,38.4,71.6,Americas
Bolivia,2009,"01",168,0.123,38.4,71.6,Americas
Bolivia,2009,"01",222,0.123,38.4,71.6,Americas
Bolivia,2009,"01",226,0.123,38.4,71.6,Americas
Bolivia,2009,"01",192,0.123,38.4,71.6,Americas
Bolivia,2009,"02",199,0.852,38.4,71.6,Americas
Bolivia,2009,"02",218,0.852,38.4,71.6,Americas
Bolivia,2009,"02",215,0.852,38.4,71.6,Americas
Bolivia,2009,"02",204,0.852,38.4,71.6,Americas
Bolivia,2009,"02",199,0.803,38.4,71.6,Americas
Bolivia,2009,"02",218,0.803,38.4,71.6,Americas
Bolivia,2009,"02",215,0.803,38.4,71.6,Americas
Bolivia,2009,"02",204,0.803,38.4,71.6,Americas
Bolivia,2009,"02",199,1,38.4,71.6,Americas
Bolivia,2009,"02",218,1,38.4,71.6,Americas
Bolivia,2009,"02",215,1,38.4,71.6,Americas
Bolivia,2009,"02",204,1,38.4,71.6,Americas
Bolivia,2009,"02",199,0.723,38.4,71.6,Americas
Bolivia,2009,"02",218,0.723,38.4,71.6,Americas
Bolivia,2009,"02",215,0.723,38.4,71.6,Americas
Bolivia,2009,"02",204,0.723,38.4,71.6,Americas
Bolivia,2009,"03",307,0.399,38.4,71.6,Americas
Bolivia,2009,"03",310,0.399,38.4,71.6,Americas
Bolivia,2009,"03",256,0.399,38.4,71.6,Americas
Bolivia,2009,"03",383,0.399,38.4,71.6,Americas
Bolivia,2009,"03",301,0.399,38.4,71.6,Americas
Bolivia,2009,"03",307,0.753,38.4,71.6,Americas
Bolivia,2009,"03",310,0.753,38.4,71.6,Americas
Bolivia,2009,"03",256,0.753,38.4,71.6,Americas
Bolivia,2009,"03",383,0.753,38.4,71.6,Americas
Bolivia,2009,"03",301,0.753,38.4,71.6,Americas
Bolivia,2009,"03",307,0.509,38.4,71.6,Americas
Bolivia,2009,"03",310,0.509,38.4,71.6,Americas
Bolivia,2009,"03",256,0.509,38.4,71.6,Americas
Bolivia,2009,"03",383,0.509,38.4,71.6,Americas
Bolivia,2009,"03",301,0.509,38.4,71.6,Americas
Bolivia,2009,"03",307,0.301,38.4,71.6,Americas
Bolivia,2009,"03",310,0.301,38.4,71.6,Americas
Bolivia,2009,"03",256,0.301,38.4,71.6,Americas
Bolivia,2009,"03",383,0.301,38.4,71.6,Americas
Bolivia,2009,"03",301,0.301,38.4,71.6,Americas
Bolivia,2009,"03",307,0.929,38.4,71.6,Americas
Bolivia,2009,"03",310,0.929,38.4,71.6,Americas
Bolivia,2009,"03",256,0.929,38.4,71.6,Americas
Bolivia,2009,"03",383,0.929,38.4,71.6,Americas
Bolivia,2009,"03",301,0.929,38.4,71.6,Americas
Bolivia,2009,"04",438,0.156,38.4,71.6,Americas
Bolivia,2009,"04",413,0.156,38.4,71.6,Americas
Bolivia,2009,"04",352,0.156,38.4,71.6,Americas
Bolivia,2009,"04",402,0.156,38.4,71.6,Americas
Bolivia,2009,"04",438,0.173,38.4,71.6,Americas
Bolivia,2009,"04",413,0.173,38.4,71.6,Americas
Bolivia,2009,"04",352,0.173,38.4,71.6,Americas
Bolivia,2009,"04",402,0.173,38.4,71.6,Americas
Bolivia,2009,"04",438,0.179,38.4,71.6,Americas
Bolivia,2009,"04",413,0.179,38.4,71.6,Americas
Bolivia,2009,"04",352,0.179,38.4,71.6,Americas
Bolivia,2009,"04",402,0.179,38.4,71.6,Americas
Bolivia,2009,"04",438,0.142,38.4,71.6,Americas
Bolivia,2009,"04",413,0.142,38.4,71.6,Americas
Bolivia,2009,"04",352,0.142,38.4,71.6,Americas
Bolivia,2009,"04",402,0.142,38.4,71.6,Americas
Bolivia,2009,"05",372,0.111,38.4,71.6,Americas
Bolivia,2009,"05",376,0.111,38.4,71.6,Americas
Bolivia,2009,"05",342,0.111,38.4,71.6,Americas
Bolivia,2009,"05",398,0.111,38.4,71.6,Americas
Bolivia,2009,"05",387,0.111,38.4,71.6,Americas
Bolivia,2009,"05",372,0.084,38.4,71.6,Americas
Bolivia,2009,"05",376,0.084,38.4,71.6,Americas
Bolivia,2009,"05",342,0.084,38.4,71.6,Americas
Bolivia,2009,"05",398,0.084,38.4,71.6,Americas
Bolivia,2009,"05",387,0.084,38.4,71.6,Americas
Bolivia,2009,"05",372,0.143,38.4,71.6,Americas
Bolivia,2009,"05",376,0.143,38.4,71.6,Americas
Bolivia,2009,"05",342,0.143,38.4,71.6,Americas
Bolivia,2009,"05",398,0.143,38.4,71.6,Americas
Bolivia,2009,"05",387,0.143,38.4,71.6,Americas
Bolivia,2009,"05",372,0.1,38.4,71.6,Americas
Bolivia,2009,"05",376,0.1,38.4,71.6,Americas
Bolivia,2009,"05",342,0.1,38.4,71.6,Americas
Bolivia,2009,"05",398,0.1,38.4,71.6,Americas
Bolivia,2009,"05",387,0.1,38.4,71.6,Americas
Bolivia,2009,"05",372,0.164,38.4,71.6,Americas
Bolivia,2009,"05",376,0.164,38.4,71.6,Americas
Bolivia,2009,"05",342,0.164,38.4,71.6,Americas
Bolivia,2009,"05",398,0.164,38.4,71.6,Americas
Bolivia,2009,"05",387,0.164,38.4,71.6,Americas
Bolivia,2009,"06",327,0.096,38.4,71.6,Americas
Bolivia,2009,"06",353,0.096,38.4,71.6,Americas
Bolivia,2009,"06",289,0.096,38.4,71.6,Americas
Bolivia,2009,"06",398,0.096,38.4,71.6,Americas
Bolivia,2009,"06",327,0.099,38.4,71.6,Americas
Bolivia,2009,"06",353,0.099,38.4,71.6,Americas
Bolivia,2009,"06",289,0.099,38.4,71.6,Americas
Bolivia,2009,"06",398,0.099,38.4,71.6,Americas
Bolivia,2009,"06",327,0.074,38.4,71.6,Americas
Bolivia,2009,"06",353,0.074,38.4,71.6,Americas
Bolivia,2009,"06",289,0.074,38.4,71.6,Americas
Bolivia,2009,"06",398,0.074,38.4,71.6,Americas
Bolivia,2009,"06",327,0.064,38.4,71.6,Americas
Bolivia,2009,"06",353,0.064,38.4,71.6,Americas
Bolivia,2009,"06",289,0.064,38.4,71.6,Americas
Bolivia,2009,"06",398,0.064,38.4,71.6,Americas
Bolivia,2009,"07",284,0.069,38.4,71.6,Americas
Bolivia,2009,"07",247,0.069,38.4,71.6,Americas
Bolivia,2009,"07",266,0.069,38.4,71.6,Americas
Bolivia,2009,"07",325,0.069,38.4,71.6,Americas
Bolivia,2009,"07",284,0.077,38.4,71.6,Americas
Bolivia,2009,"07",247,0.077,38.4,71.6,Americas
Bolivia,2009,"07",266,0.077,38.4,71.6,Americas
Bolivia,2009,"07",325,0.077,38.4,71.6,Americas
Bolivia,2009,"07",284,0.055,38.4,71.6,Americas
Bolivia,2009,"07",247,0.055,38.4,71.6,Americas
Bolivia,2009,"07",266,0.055,38.4,71.6,Americas
Bolivia,2009,"07",325,0.055,38.4,71.6,Americas
Bolivia,2009,"07",284,0.048,38.4,71.6,Americas
Bolivia,2009,"07",247,0.048,38.4,71.6,Americas
Bolivia,2009,"07",266,0.048,38.4,71.6,Americas
Bolivia,2009,"07",325,0.048,38.4,71.6,Americas
Bolivia,2009,"08",281,0.055,38.4,71.6,Americas
Bolivia,2009,"08",303,0.055,38.4,71.6,Americas
Bolivia,2009,"08",302,0.055,38.4,71.6,Americas
Bolivia,2009,"08",284,0.055,38.4,71.6,Americas
Bolivia,2009,"08",317,0.055,38.4,71.6,Americas
Bolivia,2009,"08",281,0.049,38.4,71.6,Americas
Bolivia,2009,"08",303,0.049,38.4,71.6,Americas
Bolivia,2009,"08",302,0.049,38.4,71.6,Americas
Bolivia,2009,"08",284,0.049,38.4,71.6,Americas
Bolivia,2009,"08",317,0.049,38.4,71.6,Americas
Bolivia,2009,"08",281,0.066,38.4,71.6,Americas
Bolivia,2009,"08",303,0.066,38.4,71.6,Americas
Bolivia,2009,"08",302,0.066,38.4,71.6,Americas
Bolivia,2009,"08",284,0.066,38.4,71.6,Americas
Bolivia,2009,"08",317,0.066,38.4,71.6,Americas
Bolivia,2009,"08",281,0.058,38.4,71.6,Americas
Bolivia,2009,"08",303,0.058,38.4,71.6,Americas
Bolivia,2009,"08",302,0.058,38.4,71.6,Americas
Bolivia,2009,"08",284,0.058,38.4,71.6,Americas
Bolivia,2009,"08",317,0.058,38.4,71.6,Americas
Bolivia,2009,"08",281,0.066,38.4,71.6,Americas
Bolivia,2009,"08",303,0.066,38.4,71.6,Americas
Bolivia,2009,"08",302,0.066,38.4,71.6,Americas
Bolivia,2009,"08",284,0.066,38.4,71.6,Americas
Bolivia,2009,"08",317,0.066,38.4,71.6,Americas
Bolivia,2009,"09",291,0.034,38.4,71.6,Americas
Bolivia,2009,"09",289,0.034,38.4,71.6,Americas
Bolivia,2009,"09",257,0.034,38.4,71.6,Americas
Bolivia,2009,"09",257,0.034,38.4,71.6,Americas
Bolivia,2009,"09",291,0.056,38.4,71.6,Americas
Bolivia,2009,"09",289,0.056,38.4,71.6,Americas
Bolivia,2009,"09",257,0.056,38.4,71.6,Americas
Bolivia,2009,"09",257,0.056,38.4,71.6,Americas
Bolivia,2009,"09",291,0.044,38.4,71.6,Americas
Bolivia,2009,"09",289,0.044,38.4,71.6,Americas
Bolivia,2009,"09",257,0.044,38.4,71.6,Americas
Bolivia,2009,"09",257,0.044,38.4,71.6,Americas
Bolivia,2009,"09",291,0.07,38.4,71.6,Americas
Bolivia,2009,"09",289,0.07,38.4,71.6,Americas
Bolivia,2009,"09",257,0.07,38.4,71.6,Americas
Bolivia,2009,"09",257,0.07,38.4,71.6,Americas
Bolivia,2009,"10",223,0.057,38.4,71.6,Americas
Bolivia,2009,"10",271,0.057,38.4,71.6,Americas
Bolivia,2009,"10",271,0.057,38.4,71.6,Americas
Bolivia,2009,"10",241,0.057,38.4,71.6,Americas
Bolivia,2009,"10",223,0.049,38.4,71.6,Americas
Bolivia,2009,"10",271,0.049,38.4,71.6,Americas
Bolivia,2009,"10",271,0.049,38.4,71.6,Americas
Bolivia,2009,"10",241,0.049,38.4,71.6,Americas
Bolivia,2009,"10",223,0.043,38.4,71.6,Americas
Bolivia,2009,"10",271,0.043,38.4,71.6,Americas
Bolivia,2009,"10",271,0.043,38.4,71.6,Americas
Bolivia,2009,"10",241,0.043,38.4,71.6,Americas
Bolivia,2009,"10",223,0.048,38.4,71.6,Americas
Bolivia,2009,"10",271,0.048,38.4,71.6,Americas
Bolivia,2009,"10",271,0.048,38.4,71.6,Americas
Bolivia,2009,"10",241,0.048,38.4,71.6,Americas
Bolivia,2009,"11",191,0.043,38.4,71.6,Americas
Bolivia,2009,"11",238,0.043,38.4,71.6,Americas
Bolivia,2009,"11",209,0.043,38.4,71.6,Americas
Bolivia,2009,"11",256,0.043,38.4,71.6,Americas
Bolivia,2009,"11",246,0.043,38.4,71.6,Americas
Bolivia,2009,"11",191,0.038,38.4,71.6,Americas
Bolivia,2009,"11",238,0.038,38.4,71.6,Americas
Bolivia,2009,"11",209,0.038,38.4,71.6,Americas
Bolivia,2009,"11",256,0.038,38.4,71.6,Americas
Bolivia,2009,"11",246,0.038,38.4,71.6,Americas
Bolivia,2009,"11",191,0.037,38.4,71.6,Americas
Bolivia,2009,"11",238,0.037,38.4,71.6,Americas
Bolivia,2009,"11",209,0.037,38.4,71.6,Americas
Bolivia,2009,"11",256,0.037,38.4,71.6,Americas
Bolivia,2009,"11",246,0.037,38.4,71.6,Americas
Bolivia,2009,"11",191,0.044,38.4,71.6,Americas
Bolivia,2009,"11",238,0.044,38.4,71.6,Americas
Bolivia,2009,"11",209,0.044,38.4,71.6,Americas
Bolivia,2009,"11",256,0.044,38.4,71.6,Americas
Bolivia,2009,"11",246,0.044,38.4,71.6,Americas
Bolivia,2009,"11",191,0.035,38.4,71.6,Americas
Bolivia,2009,"11",238,0.035,38.4,71.6,Americas
Bolivia,2009,"11",209,0.035,38.4,71.6,Americas
Bolivia,2009,"11",256,0.035,38.4,71.6,Americas
Bolivia,2009,"11",246,0.035,38.4,71.6,Americas
Bolivia,2009,"12",168,0.027,38.4,71.6,Americas
Bolivia,2009,"12",131,0.027,38.4,71.6,Americas
Bolivia,2009,"12",176,0.027,38.4,71.6,Americas
Bolivia,2009,"12",144,0.027,38.4,71.6,Americas
Bolivia,2009,"12",168,0.037,38.4,71.6,Americas
Bolivia,2009,"12",131,0.037,38.4,71.6,Americas
Bolivia,2009,"12",176,0.037,38.4,71.6,Americas
Bolivia,2009,"12",144,0.037,38.4,71.6,Americas
Bolivia,2009,"12",168,0.018,38.4,71.6,Americas
Bolivia,2009,"12",131,0.018,38.4,71.6,Americas
Bolivia,2009,"12",176,0.018,38.4,71.6,Americas
Bolivia,2009,"12",144,0.018,38.4,71.6,Americas
Bolivia,2009,"12",168,0.013,38.4,71.6,Americas
Bolivia,2009,"12",131,0.013,38.4,71.6,Americas
Bolivia,2009,"12",176,0.013,38.4,71.6,Americas
Bolivia,2009,"12",144,0.013,38.4,71.6,Americas
Bolivia,2010,"01",136,0.024,36.8,71.8,Americas
Bolivia,2010,"01",129,0.024,36.8,71.8,Americas
Bolivia,2010,"01",123,0.024,36.8,71.8,Americas
Bolivia,2010,"01",126,0.024,36.8,71.8,Americas
Bolivia,2010,"01",134,0.024,36.8,71.8,Americas
Bolivia,2010,"01",136,0.014,36.8,71.8,Americas
Bolivia,2010,"01",129,0.014,36.8,71.8,Americas
Bolivia,2010,"01",123,0.014,36.8,71.8,Americas
Bolivia,2010,"01",126,0.014,36.8,71.8,Americas
Bolivia,2010,"01",134,0.014,36.8,71.8,Americas
Bolivia,2010,"01",136,0.019,36.8,71.8,Americas
Bolivia,2010,"01",129,0.019,36.8,71.8,Americas
Bolivia,2010,"01",123,0.019,36.8,71.8,Americas
Bolivia,2010,"01",126,0.019,36.8,71.8,Americas
Bolivia,2010,"01",134,0.019,36.8,71.8,Americas
Bolivia,2010,"01",136,0.022,36.8,71.8,Americas
Bolivia,2010,"01",129,0.022,36.8,71.8,Americas
Bolivia,2010,"01",123,0.022,36.8,71.8,Americas
Bolivia,2010,"01",126,0.022,36.8,71.8,Americas
Bolivia,2010,"01",134,0.022,36.8,71.8,Americas
Bolivia,2010,"01",136,0.011,36.8,71.8,Americas
Bolivia,2010,"01",129,0.011,36.8,71.8,Americas
Bolivia,2010,"01",123,0.011,36.8,71.8,Americas
Bolivia,2010,"01",126,0.011,36.8,71.8,Americas
Bolivia,2010,"01",134,0.011,36.8,71.8,Americas
Bolivia,2010,"02",141,0.031,36.8,71.8,Americas
Bolivia,2010,"02",156,0.031,36.8,71.8,Americas
Bolivia,2010,"02",145,0.031,36.8,71.8,Americas
Bolivia,2010,"02",164,0.031,36.8,71.8,Americas
Bolivia,2010,"02",141,0.062,36.8,71.8,Americas
Bolivia,2010,"02",156,0.062,36.8,71.8,Americas
Bolivia,2010,"02",145,0.062,36.8,71.8,Americas
Bolivia,2010,"02",164,0.062,36.8,71.8,Americas
Bolivia,2010,"02",141,0.028,36.8,71.8,Americas
Bolivia,2010,"02",156,0.028,36.8,71.8,Americas
Bolivia,2010,"02",145,0.028,36.8,71.8,Americas
Bolivia,2010,"02",164,0.028,36.8,71.8,Americas
Bolivia,2010,"02",141,0.092,36.8,71.8,Americas
Bolivia,2010,"02",156,0.092,36.8,71.8,Americas
Bolivia,2010,"02",145,0.092,36.8,71.8,Americas
Bolivia,2010,"02",164,0.092,36.8,71.8,Americas
Bolivia,2010,"03",250,0.065,36.8,71.8,Americas
Bolivia,2010,"03",186,0.065,36.8,71.8,Americas
Bolivia,2010,"03",258,0.065,36.8,71.8,Americas
Bolivia,2010,"03",210,0.065,36.8,71.8,Americas
Bolivia,2010,"03",250,0.065,36.8,71.8,Americas
Bolivia,2010,"03",186,0.065,36.8,71.8,Americas
Bolivia,2010,"03",258,0.065,36.8,71.8,Americas
Bolivia,2010,"03",210,0.065,36.8,71.8,Americas
Bolivia,2010,"03",250,0.047,36.8,71.8,Americas
Bolivia,2010,"03",186,0.047,36.8,71.8,Americas
Bolivia,2010,"03",258,0.047,36.8,71.8,Americas
Bolivia,2010,"03",210,0.047,36.8,71.8,Americas
Bolivia,2010,"03",250,0.081,36.8,71.8,Americas
Bolivia,2010,"03",186,0.081,36.8,71.8,Americas
Bolivia,2010,"03",258,0.081,36.8,71.8,Americas
Bolivia,2010,"03",210,0.081,36.8,71.8,Americas
Bolivia,2010,"04",250,0.036,36.8,71.8,Americas
Bolivia,2010,"04",299,0.036,36.8,71.8,Americas
Bolivia,2010,"04",262,0.036,36.8,71.8,Americas
Bolivia,2010,"04",285,0.036,36.8,71.8,Americas
Bolivia,2010,"04",250,0.049,36.8,71.8,Americas
Bolivia,2010,"04",299,0.049,36.8,71.8,Americas
Bolivia,2010,"04",262,0.049,36.8,71.8,Americas
Bolivia,2010,"04",285,0.049,36.8,71.8,Americas
Bolivia,2010,"04",250,0.046,36.8,71.8,Americas
Bolivia,2010,"04",299,0.046,36.8,71.8,Americas
Bolivia,2010,"04",262,0.046,36.8,71.8,Americas
Bolivia,2010,"04",285,0.046,36.8,71.8,Americas
Bolivia,2010,"04",250,0.032,36.8,71.8,Americas
Bolivia,2010,"04",299,0.032,36.8,71.8,Americas
Bolivia,2010,"04",262,0.032,36.8,71.8,Americas
Bolivia,2010,"04",285,0.032,36.8,71.8,Americas
Bolivia,2010,"05",271,0.028,36.8,71.8,Americas
Bolivia,2010,"05",246,0.028,36.8,71.8,Americas
Bolivia,2010,"05",255,0.028,36.8,71.8,Americas
Bolivia,2010,"05",260,0.028,36.8,71.8,Americas
Bolivia,2010,"05",239,0.028,36.8,71.8,Americas
Bolivia,2010,"05",271,0.026,36.8,71.8,Americas
Bolivia,2010,"05",246,0.026,36.8,71.8,Americas
Bolivia,2010,"05",255,0.026,36.8,71.8,Americas
Bolivia,2010,"05",260,0.026,36.8,71.8,Americas
Bolivia,2010,"05",239,0.026,36.8,71.8,Americas
Bolivia,2010,"05",271,0.032,36.8,71.8,Americas
Bolivia,2010,"05",246,0.032,36.8,71.8,Americas
Bolivia,2010,"05",255,0.032,36.8,71.8,Americas
Bolivia,2010,"05",260,0.032,36.8,71.8,Americas
Bolivia,2010,"05",239,0.032,36.8,71.8,Americas
Bolivia,2010,"05",271,0.025,36.8,71.8,Americas
Bolivia,2010,"05",246,0.025,36.8,71.8,Americas
Bolivia,2010,"05",255,0.025,36.8,71.8,Americas
Bolivia,2010,"05",260,0.025,36.8,71.8,Americas
Bolivia,2010,"05",239,0.025,36.8,71.8,Americas
Bolivia,2010,"05",271,0.024,36.8,71.8,Americas
Bolivia,2010,"05",246,0.024,36.8,71.8,Americas
Bolivia,2010,"05",255,0.024,36.8,71.8,Americas
Bolivia,2010,"05",260,0.024,36.8,71.8,Americas
Bolivia,2010,"05",239,0.024,36.8,71.8,Americas
Bolivia,2010,"06",286,0.019,36.8,71.8,Americas
Bolivia,2010,"06",268,0.019,36.8,71.8,Americas
Bolivia,2010,"06",314,0.019,36.8,71.8,Americas
Bolivia,2010,"06",229,0.019,36.8,71.8,Americas
Bolivia,2010,"06",286,0.025,36.8,71.8,Americas
Bolivia,2010,"06",268,0.025,36.8,71.8,Americas
Bolivia,2010,"06",314,0.025,36.8,71.8,Americas
Bolivia,2010,"06",229,0.025,36.8,71.8,Americas
Bolivia,2010,"06",286,0.018,36.8,71.8,Americas
Bolivia,2010,"06",268,0.018,36.8,71.8,Americas
Bolivia,2010,"06",314,0.018,36.8,71.8,Americas
Bolivia,2010,"06",229,0.018,36.8,71.8,Americas
Bolivia,2010,"06",286,0.023,36.8,71.8,Americas
Bolivia,2010,"06",268,0.023,36.8,71.8,Americas
Bolivia,2010,"06",314,0.023,36.8,71.8,Americas
Bolivia,2010,"06",229,0.023,36.8,71.8,Americas
Bolivia,2010,"07",197,0.015,36.8,71.8,Americas
Bolivia,2010,"07",210,0.015,36.8,71.8,Americas
Bolivia,2010,"07",203,0.015,36.8,71.8,Americas
Bolivia,2010,"07",208,0.015,36.8,71.8,Americas
Bolivia,2010,"07",197,0.012,36.8,71.8,Americas
Bolivia,2010,"07",210,0.012,36.8,71.8,Americas
Bolivia,2010,"07",203,0.012,36.8,71.8,Americas
Bolivia,2010,"07",208,0.012,36.8,71.8,Americas
Bolivia,2010,"07",197,0.021,36.8,71.8,Americas
Bolivia,2010,"07",210,0.021,36.8,71.8,Americas
Bolivia,2010,"07",203,0.021,36.8,71.8,Americas
Bolivia,2010,"07",208,0.021,36.8,71.8,Americas
Bolivia,2010,"07",197,0.012,36.8,71.8,Americas
Bolivia,2010,"07",210,0.012,36.8,71.8,Americas
Bolivia,2010,"07",203,0.012,36.8,71.8,Americas
Bolivia,2010,"07",208,0.012,36.8,71.8,Americas
Bolivia,2010,"08",280,0.016,36.8,71.8,Americas
Bolivia,2010,"08",275,0.016,36.8,71.8,Americas
Bolivia,2010,"08",237,0.016,36.8,71.8,Americas
Bolivia,2010,"08",208,0.016,36.8,71.8,Americas
Bolivia,2010,"08",290,0.016,36.8,71.8,Americas
Bolivia,2010,"08",280,0.016,36.8,71.8,Americas
Bolivia,2010,"08",275,0.016,36.8,71.8,Americas
Bolivia,2010,"08",237,0.016,36.8,71.8,Americas
Bolivia,2010,"08",208,0.016,36.8,71.8,Americas
Bolivia,2010,"08",290,0.016,36.8,71.8,Americas
Bolivia,2010,"08",280,0.011,36.8,71.8,Americas
Bolivia,2010,"08",275,0.011,36.8,71.8,Americas
Bolivia,2010,"08",237,0.011,36.8,71.8,Americas
Bolivia,2010,"08",208,0.011,36.8,71.8,Americas
Bolivia,2010,"08",290,0.011,36.8,71.8,Americas
Bolivia,2010,"08",280,0.011,36.8,71.8,Americas
Bolivia,2010,"08",275,0.011,36.8,71.8,Americas
Bolivia,2010,"08",237,0.011,36.8,71.8,Americas
Bolivia,2010,"08",208,0.011,36.8,71.8,Americas
Bolivia,2010,"08",290,0.011,36.8,71.8,Americas
Bolivia,2010,"08",280,0.015,36.8,71.8,Americas
Bolivia,2010,"08",275,0.015,36.8,71.8,Americas
Bolivia,2010,"08",237,0.015,36.8,71.8,Americas
Bolivia,2010,"08",208,0.015,36.8,71.8,Americas
Bolivia,2010,"08",290,0.015,36.8,71.8,Americas
Bolivia,2010,"09",293,0.011,36.8,71.8,Americas
Bolivia,2010,"09",278,0.011,36.8,71.8,Americas
Bolivia,2010,"09",275,0.011,36.8,71.8,Americas
Bolivia,2010,"09",259,0.011,36.8,71.8,Americas
Bolivia,2010,"09",293,0.016,36.8,71.8,Americas
Bolivia,2010,"09",278,0.016,36.8,71.8,Americas
Bolivia,2010,"09",275,0.016,36.8,71.8,Americas
Bolivia,2010,"09",259,0.016,36.8,71.8,Americas
Bolivia,2010,"09",293,0.011,36.8,71.8,Americas
Bolivia,2010,"09",278,0.011,36.8,71.8,Americas
Bolivia,2010,"09",275,0.011,36.8,71.8,Americas
Bolivia,2010,"09",259,0.011,36.8,71.8,Americas
Bolivia,2010,"09",293,0.016,36.8,71.8,Americas
Bolivia,2010,"09",278,0.016,36.8,71.8,Americas
Bolivia,2010,"09",275,0.016,36.8,71.8,Americas
Bolivia,2010,"09",259,0.016,36.8,71.8,Americas
Bolivia,2010,"10",301,0.015,36.8,71.8,Americas
Bolivia,2010,"10",336,0.015,36.8,71.8,Americas
Bolivia,2010,"10",312,0.015,36.8,71.8,Americas
Bolivia,2010,"10",288,0.015,36.8,71.8,Americas
Bolivia,2010,"10",239,0.015,36.8,71.8,Americas
Bolivia,2010,"10",301,0.021,36.8,71.8,Americas
Bolivia,2010,"10",336,0.021,36.8,71.8,Americas
Bolivia,2010,"10",312,0.021,36.8,71.8,Americas
Bolivia,2010,"10",288,0.021,36.8,71.8,Americas
Bolivia,2010,"10",239,0.021,36.8,71.8,Americas
Bolivia,2010,"10",301,0.02,36.8,71.8,Americas
Bolivia,2010,"10",336,0.02,36.8,71.8,Americas
Bolivia,2010,"10",312,0.02,36.8,71.8,Americas
Bolivia,2010,"10",288,0.02,36.8,71.8,Americas
Bolivia,2010,"10",239,0.02,36.8,71.8,Americas
Bolivia,2010,"10",301,0.017,36.8,71.8,Americas
Bolivia,2010,"10",336,0.017,36.8,71.8,Americas
Bolivia,2010,"10",312,0.017,36.8,71.8,Americas
Bolivia,2010,"10",288,0.017,36.8,71.8,Americas
Bolivia,2010,"10",239,0.017,36.8,71.8,Americas
Bolivia,2010,"10",301,0.02,36.8,71.8,Americas
Bolivia,2010,"10",336,0.02,36.8,71.8,Americas
Bolivia,2010,"10",312,0.02,36.8,71.8,Americas
Bolivia,2010,"10",288,0.02,36.8,71.8,Americas
Bolivia,2010,"10",239,0.02,36.8,71.8,Americas
Bolivia,2010,"11",217,0.018,36.8,71.8,Americas
Bolivia,2010,"11",205,0.018,36.8,71.8,Americas
Bolivia,2010,"11",222,0.018,36.8,71.8,Americas
Bolivia,2010,"11",220,0.018,36.8,71.8,Americas
Bolivia,2010,"11",217,0.014,36.8,71.8,Americas
Bolivia,2010,"11",205,0.014,36.8,71.8,Americas
Bolivia,2010,"11",222,0.014,36.8,71.8,Americas
Bolivia,2010,"11",220,0.014,36.8,71.8,Americas
Bolivia,2010,"11",217,0.017,36.8,71.8,Americas
Bolivia,2010,"11",205,0.017,36.8,71.8,Americas
Bolivia,2010,"11",222,0.017,36.8,71.8,Americas
Bolivia,2010,"11",220,0.017,36.8,71.8,Americas
Bolivia,2010,"11",217,0.02,36.8,71.8,Americas
Bolivia,2010,"11",205,0.02,36.8,71.8,Americas
Bolivia,2010,"11",222,0.02,36.8,71.8,Americas
Bolivia,2010,"11",220,0.02,36.8,71.8,Americas
Bolivia,2010,"12",122,0.012,36.8,71.8,Americas
Bolivia,2010,"12",168,0.012,36.8,71.8,Americas
Bolivia,2010,"12",137,0.012,36.8,71.8,Americas
Bolivia,2010,"12",150,0.012,36.8,71.8,Americas
Bolivia,2010,"12",122,0.01,36.8,71.8,Americas
Bolivia,2010,"12",168,0.01,36.8,71.8,Americas
Bolivia,2010,"12",137,0.01,36.8,71.8,Americas
Bolivia,2010,"12",150,0.01,36.8,71.8,Americas
Bolivia,2010,"12",122,0.012,36.8,71.8,Americas
Bolivia,2010,"12",168,0.012,36.8,71.8,Americas
Bolivia,2010,"12",137,0.012,36.8,71.8,Americas
Bolivia,2010,"12",150,0.012,36.8,71.8,Americas
Bolivia,2010,"12",122,0.012,36.8,71.8,Americas
Bolivia,2010,"12",168,0.012,36.8,71.8,Americas
Bolivia,2010,"12",137,0.012,36.8,71.8,Americas
Bolivia,2010,"12",150,0.012,36.8,71.8,Americas
Bolivia,2011,"01",112,0.068,35.3,72.1,Americas
Bolivia,2011,"01",119,0.068,35.3,72.1,Americas
Bolivia,2011,"01",112,0.068,35.3,72.1,Americas
Bolivia,2011,"01",123,0.068,35.3,72.1,Americas
Bolivia,2011,"01",118,0.068,35.3,72.1,Americas
Bolivia,2011,"01",112,0.085,35.3,72.1,Americas
Bolivia,2011,"01",119,0.085,35.3,72.1,Americas
Bolivia,2011,"01",112,0.085,35.3,72.1,Americas
Bolivia,2011,"01",123,0.085,35.3,72.1,Americas
Bolivia,2011,"01",118,0.085,35.3,72.1,Americas
Bolivia,2011,"01",112,0.051,35.3,72.1,Americas
Bolivia,2011,"01",119,0.051,35.3,72.1,Americas
Bolivia,2011,"01",112,0.051,35.3,72.1,Americas
Bolivia,2011,"01",123,0.051,35.3,72.1,Americas
Bolivia,2011,"01",118,0.051,35.3,72.1,Americas
Bolivia,2011,"01",112,0.014,35.3,72.1,Americas
Bolivia,2011,"01",119,0.014,35.3,72.1,Americas
Bolivia,2011,"01",112,0.014,35.3,72.1,Americas
Bolivia,2011,"01",123,0.014,35.3,72.1,Americas
Bolivia,2011,"01",118,0.014,35.3,72.1,Americas
Bolivia,2011,"01",112,0.058,35.3,72.1,Americas
Bolivia,2011,"01",119,0.058,35.3,72.1,Americas
Bolivia,2011,"01",112,0.058,35.3,72.1,Americas
Bolivia,2011,"01",123,0.058,35.3,72.1,Americas
Bolivia,2011,"01",118,0.058,35.3,72.1,Americas
Bolivia,2011,"02",186,0.101,35.3,72.1,Americas
Bolivia,2011,"02",123,0.101,35.3,72.1,Americas
Bolivia,2011,"02",128,0.101,35.3,72.1,Americas
Bolivia,2011,"02",153,0.101,35.3,72.1,Americas
Bolivia,2011,"02",186,0.08,35.3,72.1,Americas
Bolivia,2011,"02",123,0.08,35.3,72.1,Americas
Bolivia,2011,"02",128,0.08,35.3,72.1,Americas
Bolivia,2011,"02",153,0.08,35.3,72.1,Americas
Bolivia,2011,"02",186,0.115,35.3,72.1,Americas
Bolivia,2011,"02",123,0.115,35.3,72.1,Americas
Bolivia,2011,"02",128,0.115,35.3,72.1,Americas
Bolivia,2011,"02",153,0.115,35.3,72.1,Americas
Bolivia,2011,"02",186,0.104,35.3,72.1,Americas
Bolivia,2011,"02",123,0.104,35.3,72.1,Americas
Bolivia,2011,"02",128,0.104,35.3,72.1,Americas
Bolivia,2011,"02",153,0.104,35.3,72.1,Americas
Bolivia,2011,"03",249,0.096,35.3,72.1,Americas
Bolivia,2011,"03",251,0.096,35.3,72.1,Americas
Bolivia,2011,"03",196,0.096,35.3,72.1,Americas
Bolivia,2011,"03",247,0.096,35.3,72.1,Americas
Bolivia,2011,"03",249,0.092,35.3,72.1,Americas
Bolivia,2011,"03",251,0.092,35.3,72.1,Americas
Bolivia,2011,"03",196,0.092,35.3,72.1,Americas
Bolivia,2011,"03",247,0.092,35.3,72.1,Americas
Bolivia,2011,"03",249,0.08,35.3,72.1,Americas
Bolivia,2011,"03",251,0.08,35.3,72.1,Americas
Bolivia,2011,"03",196,0.08,35.3,72.1,Americas
Bolivia,2011,"03",247,0.08,35.3,72.1,Americas
Bolivia,2011,"03",249,0.084,35.3,72.1,Americas
Bolivia,2011,"03",251,0.084,35.3,72.1,Americas
Bolivia,2011,"03",196,0.084,35.3,72.1,Americas
Bolivia,2011,"03",247,0.084,35.3,72.1,Americas
Bolivia,2011,"04",233,0.109,35.3,72.1,Americas
Bolivia,2011,"04",243,0.109,35.3,72.1,Americas
Bolivia,2011,"04",253,0.109,35.3,72.1,Americas
Bolivia,2011,"04",242,0.109,35.3,72.1,Americas
Bolivia,2011,"04",233,0.094,35.3,72.1,Americas
Bolivia,2011,"04",243,0.094,35.3,72.1,Americas
Bolivia,2011,"04",253,0.094,35.3,72.1,Americas
Bolivia,2011,"04",242,0.094,35.3,72.1,Americas
Bolivia,2011,"04",233,0.089,35.3,72.1,Americas
Bolivia,2011,"04",243,0.089,35.3,72.1,Americas
Bolivia,2011,"04",253,0.089,35.3,72.1,Americas
Bolivia,2011,"04",242,0.089,35.3,72.1,Americas
Bolivia,2011,"04",233,0.1,35.3,72.1,Americas
Bolivia,2011,"04",243,0.1,35.3,72.1,Americas
Bolivia,2011,"04",253,0.1,35.3,72.1,Americas
Bolivia,2011,"04",242,0.1,35.3,72.1,Americas
Bolivia,2011,"05",291,0.04,35.3,72.1,Americas
Bolivia,2011,"05",314,0.04,35.3,72.1,Americas
Bolivia,2011,"05",272,0.04,35.3,72.1,Americas
Bolivia,2011,"05",279,0.04,35.3,72.1,Americas
Bolivia,2011,"05",297,0.04,35.3,72.1,Americas
Bolivia,2011,"05",291,0.076,35.3,72.1,Americas
Bolivia,2011,"05",314,0.076,35.3,72.1,Americas
Bolivia,2011,"05",272,0.076,35.3,72.1,Americas
Bolivia,2011,"05",279,0.076,35.3,72.1,Americas
Bolivia,2011,"05",297,0.076,35.3,72.1,Americas
Bolivia,2011,"05",291,0.046,35.3,72.1,Americas
Bolivia,2011,"05",314,0.046,35.3,72.1,Americas
Bolivia,2011,"05",272,0.046,35.3,72.1,Americas
Bolivia,2011,"05",279,0.046,35.3,72.1,Americas
Bolivia,2011,"05",297,0.046,35.3,72.1,Americas
Bolivia,2011,"05",291,0.058,35.3,72.1,Americas
Bolivia,2011,"05",314,0.058,35.3,72.1,Americas
Bolivia,2011,"05",272,0.058,35.3,72.1,Americas
Bolivia,2011,"05",279,0.058,35.3,72.1,Americas
Bolivia,2011,"05",297,0.058,35.3,72.1,Americas
Bolivia,2011,"05",291,0.05,35.3,72.1,Americas
Bolivia,2011,"05",314,0.05,35.3,72.1,Americas
Bolivia,2011,"05",272,0.05,35.3,72.1,Americas
Bolivia,2011,"05",279,0.05,35.3,72.1,Americas
Bolivia,2011,"05",297,0.05,35.3,72.1,Americas
Bolivia,2011,"06",291,0.034,35.3,72.1,Americas
Bolivia,2011,"06",291,0.034,35.3,72.1,Americas
Bolivia,2011,"06",249,0.034,35.3,72.1,Americas
Bolivia,2011,"06",262,0.034,35.3,72.1,Americas
Bolivia,2011,"06",291,0.027,35.3,72.1,Americas
Bolivia,2011,"06",291,0.027,35.3,72.1,Americas
Bolivia,2011,"06",249,0.027,35.3,72.1,Americas
Bolivia,2011,"06",262,0.027,35.3,72.1,Americas
Bolivia,2011,"06",291,0.021,35.3,72.1,Americas
Bolivia,2011,"06",291,0.021,35.3,72.1,Americas
Bolivia,2011,"06",249,0.021,35.3,72.1,Americas
Bolivia,2011,"06",262,0.021,35.3,72.1,Americas
Bolivia,2011,"06",291,0.046,35.3,72.1,Americas
Bolivia,2011,"06",291,0.046,35.3,72.1,Americas
Bolivia,2011,"06",249,0.046,35.3,72.1,Americas
Bolivia,2011,"06",262,0.046,35.3,72.1,Americas
Bolivia,2011,"07",231,0.011,35.3,72.1,Americas
Bolivia,2011,"07",185,0.011,35.3,72.1,Americas
Bolivia,2011,"07",209,0.011,35.3,72.1,Americas
Bolivia,2011,"07",191,0.011,35.3,72.1,Americas
Bolivia,2011,"07",223,0.011,35.3,72.1,Americas
Bolivia,2011,"07",231,0.012,35.3,72.1,Americas
Bolivia,2011,"07",185,0.012,35.3,72.1,Americas
Bolivia,2011,"07",209,0.012,35.3,72.1,Americas
Bolivia,2011,"07",191,0.012,35.3,72.1,Americas
Bolivia,2011,"07",223,0.012,35.3,72.1,Americas
Bolivia,2011,"07",231,0.009,35.3,72.1,Americas
Bolivia,2011,"07",185,0.009,35.3,72.1,Americas
Bolivia,2011,"07",209,0.009,35.3,72.1,Americas
Bolivia,2011,"07",191,0.009,35.3,72.1,Americas
Bolivia,2011,"07",223,0.009,35.3,72.1,Americas
Bolivia,2011,"07",231,0.016,35.3,72.1,Americas
Bolivia,2011,"07",185,0.016,35.3,72.1,Americas
Bolivia,2011,"07",209,0.016,35.3,72.1,Americas
Bolivia,2011,"07",191,0.016,35.3,72.1,Americas
Bolivia,2011,"07",223,0.016,35.3,72.1,Americas
Bolivia,2011,"07",231,0.012,35.3,72.1,Americas
Bolivia,2011,"07",185,0.012,35.3,72.1,Americas
Bolivia,2011,"07",209,0.012,35.3,72.1,Americas
Bolivia,2011,"07",191,0.012,35.3,72.1,Americas
Bolivia,2011,"07",223,0.012,35.3,72.1,Americas
Bolivia,2011,"08",223,0.012,35.3,72.1,Americas
Bolivia,2011,"08",244,0.012,35.3,72.1,Americas
Bolivia,2011,"08",259,0.012,35.3,72.1,Americas
Bolivia,2011,"08",271,0.012,35.3,72.1,Americas
Bolivia,2011,"08",223,0.007,35.3,72.1,Americas
Bolivia,2011,"08",244,0.007,35.3,72.1,Americas
Bolivia,2011,"08",259,0.007,35.3,72.1,Americas
Bolivia,2011,"08",271,0.007,35.3,72.1,Americas
Bolivia,2011,"08",223,0.01,35.3,72.1,Americas
Bolivia,2011,"08",244,0.01,35.3,72.1,Americas
Bolivia,2011,"08",259,0.01,35.3,72.1,Americas
Bolivia,2011,"08",271,0.01,35.3,72.1,Americas
Bolivia,2011,"08",223,0.013,35.3,72.1,Americas
Bolivia,2011,"08",244,0.013,35.3,72.1,Americas
Bolivia,2011,"08",259,0.013,35.3,72.1,Americas
Bolivia,2011,"08",271,0.013,35.3,72.1,Americas
Bolivia,2011,"09",202,0.01,35.3,72.1,Americas
Bolivia,2011,"09",224,0.01,35.3,72.1,Americas
Bolivia,2011,"09",253,0.01,35.3,72.1,Americas
Bolivia,2011,"09",252,0.01,35.3,72.1,Americas
Bolivia,2011,"09",202,0.011,35.3,72.1,Americas
Bolivia,2011,"09",224,0.011,35.3,72.1,Americas
Bolivia,2011,"09",253,0.011,35.3,72.1,Americas
Bolivia,2011,"09",252,0.011,35.3,72.1,Americas
Bolivia,2011,"09",202,0.012,35.3,72.1,Americas
Bolivia,2011,"09",224,0.012,35.3,72.1,Americas
Bolivia,2011,"09",253,0.012,35.3,72.1,Americas
Bolivia,2011,"09",252,0.012,35.3,72.1,Americas
Bolivia,2011,"09",202,0.01,35.3,72.1,Americas
Bolivia,2011,"09",224,0.01,35.3,72.1,Americas
Bolivia,2011,"09",253,0.01,35.3,72.1,Americas
Bolivia,2011,"09",252,0.01,35.3,72.1,Americas
Bolivia,2011,"10",204,0.019,35.3,72.1,Americas
Bolivia,2011,"10",206,0.019,35.3,72.1,Americas
Bolivia,2011,"10",192,0.019,35.3,72.1,Americas
Bolivia,2011,"10",193,0.019,35.3,72.1,Americas
Bolivia,2011,"10",200,0.019,35.3,72.1,Americas
Bolivia,2011,"10",204,0.018,35.3,72.1,Americas
Bolivia,2011,"10",206,0.018,35.3,72.1,Americas
Bolivia,2011,"10",192,0.018,35.3,72.1,Americas
Bolivia,2011,"10",193,0.018,35.3,72.1,Americas
Bolivia,2011,"10",200,0.018,35.3,72.1,Americas
Bolivia,2011,"10",204,0.018,35.3,72.1,Americas
Bolivia,2011,"10",206,0.018,35.3,72.1,Americas
Bolivia,2011,"10",192,0.018,35.3,72.1,Americas
Bolivia,2011,"10",193,0.018,35.3,72.1,Americas
Bolivia,2011,"10",200,0.018,35.3,72.1,Americas
Bolivia,2011,"10",204,0.012,35.3,72.1,Americas
Bolivia,2011,"10",206,0.012,35.3,72.1,Americas
Bolivia,2011,"10",192,0.012,35.3,72.1,Americas
Bolivia,2011,"10",193,0.012,35.3,72.1,Americas
Bolivia,2011,"10",200,0.012,35.3,72.1,Americas
Bolivia,2011,"10",204,0.01,35.3,72.1,Americas
Bolivia,2011,"10",206,0.01,35.3,72.1,Americas
Bolivia,2011,"10",192,0.01,35.3,72.1,Americas
Bolivia,2011,"10",193,0.01,35.3,72.1,Americas
Bolivia,2011,"10",200,0.01,35.3,72.1,Americas
Bolivia,2011,"11",186,0.019,35.3,72.1,Americas
Bolivia,2011,"11",157,0.019,35.3,72.1,Americas
Bolivia,2011,"11",201,0.019,35.3,72.1,Americas
Bolivia,2011,"11",191,0.019,35.3,72.1,Americas
Bolivia,2011,"11",186,0.017,35.3,72.1,Americas
Bolivia,2011,"11",157,0.017,35.3,72.1,Americas
Bolivia,2011,"11",201,0.017,35.3,72.1,Americas
Bolivia,2011,"11",191,0.017,35.3,72.1,Americas
Bolivia,2011,"11",186,0.022,35.3,72.1,Americas
Bolivia,2011,"11",157,0.022,35.3,72.1,Americas
Bolivia,2011,"11",201,0.022,35.3,72.1,Americas
Bolivia,2011,"11",191,0.022,35.3,72.1,Americas
Bolivia,2011,"11",186,0.015,35.3,72.1,Americas
Bolivia,2011,"11",157,0.015,35.3,72.1,Americas
Bolivia,2011,"11",201,0.015,35.3,72.1,Americas
Bolivia,2011,"11",191,0.015,35.3,72.1,Americas
Bolivia,2011,"12",150,0.016,35.3,72.1,Americas
Bolivia,2011,"12",117,0.016,35.3,72.1,Americas
Bolivia,2011,"12",122,0.016,35.3,72.1,Americas
Bolivia,2011,"12",139,0.016,35.3,72.1,Americas
Bolivia,2011,"12",150,0.019,35.3,72.1,Americas
Bolivia,2011,"12",117,0.019,35.3,72.1,Americas
Bolivia,2011,"12",122,0.019,35.3,72.1,Americas
Bolivia,2011,"12",139,0.019,35.3,72.1,Americas
Bolivia,2011,"12",150,0.011,35.3,72.1,Americas
Bolivia,2011,"12",117,0.011,35.3,72.1,Americas
Bolivia,2011,"12",122,0.011,35.3,72.1,Americas
Bolivia,2011,"12",139,0.011,35.3,72.1,Americas
Bolivia,2011,"12",150,0.014,35.3,72.1,Americas
Bolivia,2011,"12",117,0.014,35.3,72.1,Americas
Bolivia,2011,"12",122,0.014,35.3,72.1,Americas
Bolivia,2011,"12",139,0.014,35.3,72.1,Americas
Bolivia,2012,"01",120,0.049,34,72.4,Americas
Bolivia,2012,"01",105,0.049,34,72.4,Americas
Bolivia,2012,"01",101,0.049,34,72.4,Americas
Bolivia,2012,"01",117,0.049,34,72.4,Americas
Bolivia,2012,"01",114,0.049,34,72.4,Americas
Bolivia,2012,"01",120,0.061,34,72.4,Americas
Bolivia,2012,"01",105,0.061,34,72.4,Americas
Bolivia,2012,"01",101,0.061,34,72.4,Americas
Bolivia,2012,"01",117,0.061,34,72.4,Americas
Bolivia,2012,"01",114,0.061,34,72.4,Americas
Bolivia,2012,"01",120,0.06,34,72.4,Americas
Bolivia,2012,"01",105,0.06,34,72.4,Americas
Bolivia,2012,"01",101,0.06,34,72.4,Americas
Bolivia,2012,"01",117,0.06,34,72.4,Americas
Bolivia,2012,"01",114,0.06,34,72.4,Americas
Bolivia,2012,"01",120,0.058,34,72.4,Americas
Bolivia,2012,"01",105,0.058,34,72.4,Americas
Bolivia,2012,"01",101,0.058,34,72.4,Americas
Bolivia,2012,"01",117,0.058,34,72.4,Americas
Bolivia,2012,"01",114,0.058,34,72.4,Americas
Bolivia,2012,"01",120,0.063,34,72.4,Americas
Bolivia,2012,"01",105,0.063,34,72.4,Americas
Bolivia,2012,"01",101,0.063,34,72.4,Americas
Bolivia,2012,"01",117,0.063,34,72.4,Americas
Bolivia,2012,"01",114,0.063,34,72.4,Americas
Bolivia,2012,"02",156,0.087,34,72.4,Americas
Bolivia,2012,"02",119,0.087,34,72.4,Americas
Bolivia,2012,"02",134,0.087,34,72.4,Americas
Bolivia,2012,"02",119,0.087,34,72.4,Americas
Bolivia,2012,"02",156,0.087,34,72.4,Americas
Bolivia,2012,"02",119,0.087,34,72.4,Americas
Bolivia,2012,"02",134,0.087,34,72.4,Americas
Bolivia,2012,"02",119,0.087,34,72.4,Americas
Bolivia,2012,"02",156,0.077,34,72.4,Americas
Bolivia,2012,"02",119,0.077,34,72.4,Americas
Bolivia,2012,"02",134,0.077,34,72.4,Americas
Bolivia,2012,"02",119,0.077,34,72.4,Americas
Bolivia,2012,"02",156,0.075,34,72.4,Americas
Bolivia,2012,"02",119,0.075,34,72.4,Americas
Bolivia,2012,"02",134,0.075,34,72.4,Americas
Bolivia,2012,"02",119,0.075,34,72.4,Americas
Bolivia,2012,"03",191,0.061,34,72.4,Americas
Bolivia,2012,"03",235,0.061,34,72.4,Americas
Bolivia,2012,"03",244,0.061,34,72.4,Americas
Bolivia,2012,"03",170,0.061,34,72.4,Americas
Bolivia,2012,"03",191,0.07,34,72.4,Americas
Bolivia,2012,"03",235,0.07,34,72.4,Americas
Bolivia,2012,"03",244,0.07,34,72.4,Americas
Bolivia,2012,"03",170,0.07,34,72.4,Americas
Bolivia,2012,"03",191,0.061,34,72.4,Americas
Bolivia,2012,"03",235,0.061,34,72.4,Americas
Bolivia,2012,"03",244,0.061,34,72.4,Americas
Bolivia,2012,"03",170,0.061,34,72.4,Americas
Bolivia,2012,"03",191,0.055,34,72.4,Americas
Bolivia,2012,"03",235,0.055,34,72.4,Americas
Bolivia,2012,"03",244,0.055,34,72.4,Americas
Bolivia,2012,"03",170,0.055,34,72.4,Americas
Bolivia,2012,"04",208,0.047,34,72.4,Americas
Bolivia,2012,"04",215,0.047,34,72.4,Americas
Bolivia,2012,"04",220,0.047,34,72.4,Americas
Bolivia,2012,"04",242,0.047,34,72.4,Americas
Bolivia,2012,"04",225,0.047,34,72.4,Americas
Bolivia,2012,"04",208,0.044,34,72.4,Americas
Bolivia,2012,"04",215,0.044,34,72.4,Americas
Bolivia,2012,"04",220,0.044,34,72.4,Americas
Bolivia,2012,"04",242,0.044,34,72.4,Americas
Bolivia,2012,"04",225,0.044,34,72.4,Americas
Bolivia,2012,"04",208,0.034,34,72.4,Americas
Bolivia,2012,"04",215,0.034,34,72.4,Americas
Bolivia,2012,"04",220,0.034,34,72.4,Americas
Bolivia,2012,"04",242,0.034,34,72.4,Americas
Bolivia,2012,"04",225,0.034,34,72.4,Americas
Bolivia,2012,"04",208,0.038,34,72.4,Americas
Bolivia,2012,"04",215,0.038,34,72.4,Americas
Bolivia,2012,"04",220,0.038,34,72.4,Americas
Bolivia,2012,"04",242,0.038,34,72.4,Americas
Bolivia,2012,"04",225,0.038,34,72.4,Americas
Bolivia,2012,"04",208,0.045,34,72.4,Americas
Bolivia,2012,"04",215,0.045,34,72.4,Americas
Bolivia,2012,"04",220,0.045,34,72.4,Americas
Bolivia,2012,"04",242,0.045,34,72.4,Americas
Bolivia,2012,"04",225,0.045,34,72.4,Americas
Bolivia,2012,"05",254,0.024,34,72.4,Americas
Bolivia,2012,"05",232,0.024,34,72.4,Americas
Bolivia,2012,"05",227,0.024,34,72.4,Americas
Bolivia,2012,"05",265,0.024,34,72.4,Americas
Bolivia,2012,"05",254,0.037,34,72.4,Americas
Bolivia,2012,"05",232,0.037,34,72.4,Americas
Bolivia,2012,"05",227,0.037,34,72.4,Americas
Bolivia,2012,"05",265,0.037,34,72.4,Americas
Bolivia,2012,"05",254,0.02,34,72.4,Americas
Bolivia,2012,"05",232,0.02,34,72.4,Americas
Bolivia,2012,"05",227,0.02,34,72.4,Americas
Bolivia,2012,"05",265,0.02,34,72.4,Americas
Bolivia,2012,"05",254,0.023,34,72.4,Americas
Bolivia,2012,"05",232,0.023,34,72.4,Americas
Bolivia,2012,"05",227,0.023,34,72.4,Americas
Bolivia,2012,"05",265,0.023,34,72.4,Americas
Bolivia,2012,"06",250,0.016,34,72.4,Americas
Bolivia,2012,"06",228,0.016,34,72.4,Americas
Bolivia,2012,"06",276,0.016,34,72.4,Americas
Bolivia,2012,"06",235,0.016,34,72.4,Americas
Bolivia,2012,"06",250,0.011,34,72.4,Americas
Bolivia,2012,"06",228,0.011,34,72.4,Americas
Bolivia,2012,"06",276,0.011,34,72.4,Americas
Bolivia,2012,"06",235,0.011,34,72.4,Americas
Bolivia,2012,"06",250,0.016,34,72.4,Americas
Bolivia,2012,"06",228,0.016,34,72.4,Americas
Bolivia,2012,"06",276,0.016,34,72.4,Americas
Bolivia,2012,"06",235,0.016,34,72.4,Americas
Bolivia,2012,"06",250,0.015,34,72.4,Americas
Bolivia,2012,"06",228,0.015,34,72.4,Americas
Bolivia,2012,"06",276,0.015,34,72.4,Americas
Bolivia,2012,"06",235,0.015,34,72.4,Americas
Bolivia,2012,"07",186,0.009,34,72.4,Americas
Bolivia,2012,"07",207,0.009,34,72.4,Americas
Bolivia,2012,"07",195,0.009,34,72.4,Americas
Bolivia,2012,"07",203,0.009,34,72.4,Americas
Bolivia,2012,"07",203,0.009,34,72.4,Americas
Bolivia,2012,"07",186,0.008,34,72.4,Americas
Bolivia,2012,"07",207,0.008,34,72.4,Americas
Bolivia,2012,"07",195,0.008,34,72.4,Americas
Bolivia,2012,"07",203,0.008,34,72.4,Americas
Bolivia,2012,"07",203,0.008,34,72.4,Americas
Bolivia,2012,"07",186,0.005,34,72.4,Americas
Bolivia,2012,"07",207,0.005,34,72.4,Americas
Bolivia,2012,"07",195,0.005,34,72.4,Americas
Bolivia,2012,"07",203,0.005,34,72.4,Americas
Bolivia,2012,"07",203,0.005,34,72.4,Americas
Bolivia,2012,"07",186,0.008,34,72.4,Americas
Bolivia,2012,"07",207,0.008,34,72.4,Americas
Bolivia,2012,"07",195,0.008,34,72.4,Americas
Bolivia,2012,"07",203,0.008,34,72.4,Americas
Bolivia,2012,"07",203,0.008,34,72.4,Americas
Bolivia,2012,"07",186,0.008,34,72.4,Americas
Bolivia,2012,"07",207,0.008,34,72.4,Americas
Bolivia,2012,"07",195,0.008,34,72.4,Americas
Bolivia,2012,"07",203,0.008,34,72.4,Americas
Bolivia,2012,"07",203,0.008,34,72.4,Americas
Bolivia,2012,"08",225,0.005,34,72.4,Americas
Bolivia,2012,"08",232,0.005,34,72.4,Americas
Bolivia,2012,"08",178,0.005,34,72.4,Americas
Bolivia,2012,"08",245,0.005,34,72.4,Americas
Bolivia,2012,"08",225,0.01,34,72.4,Americas
Bolivia,2012,"08",232,0.01,34,72.4,Americas
Bolivia,2012,"08",178,0.01,34,72.4,Americas
Bolivia,2012,"08",245,0.01,34,72.4,Americas
Bolivia,2012,"08",225,0.012,34,72.4,Americas
Bolivia,2012,"08",232,0.012,34,72.4,Americas
Bolivia,2012,"08",178,0.012,34,72.4,Americas
Bolivia,2012,"08",245,0.012,34,72.4,Americas
Bolivia,2012,"08",225,0.014,34,72.4,Americas
Bolivia,2012,"08",232,0.014,34,72.4,Americas
Bolivia,2012,"08",178,0.014,34,72.4,Americas
Bolivia,2012,"08",245,0.014,34,72.4,Americas
Bolivia,2012,"09",267,0.012,34,72.4,Americas
Bolivia,2012,"09",193,0.012,34,72.4,Americas
Bolivia,2012,"09",175,0.012,34,72.4,Americas
Bolivia,2012,"09",221,0.012,34,72.4,Americas
Bolivia,2012,"09",202,0.012,34,72.4,Americas
Bolivia,2012,"09",267,0.009,34,72.4,Americas
Bolivia,2012,"09",193,0.009,34,72.4,Americas
Bolivia,2012,"09",175,0.009,34,72.4,Americas
Bolivia,2012,"09",221,0.009,34,72.4,Americas
Bolivia,2012,"09",202,0.009,34,72.4,Americas
Bolivia,2012,"09",267,0.009,34,72.4,Americas
Bolivia,2012,"09",193,0.009,34,72.4,Americas
Bolivia,2012,"09",175,0.009,34,72.4,Americas
Bolivia,2012,"09",221,0.009,34,72.4,Americas
Bolivia,2012,"09",202,0.009,34,72.4,Americas
Bolivia,2012,"09",267,0.012,34,72.4,Americas
Bolivia,2012,"09",193,0.012,34,72.4,Americas
Bolivia,2012,"09",175,0.012,34,72.4,Americas
Bolivia,2012,"09",221,0.012,34,72.4,Americas
Bolivia,2012,"09",202,0.012,34,72.4,Americas
Bolivia,2012,"09",267,0.006,34,72.4,Americas
Bolivia,2012,"09",193,0.006,34,72.4,Americas
Bolivia,2012,"09",175,0.006,34,72.4,Americas
Bolivia,2012,"09",221,0.006,34,72.4,Americas
Bolivia,2012,"09",202,0.006,34,72.4,Americas
Bolivia,2012,"10",183,0.015,34,72.4,Americas
Bolivia,2012,"10",177,0.015,34,72.4,Americas
Bolivia,2012,"10",204,0.015,34,72.4,Americas
Bolivia,2012,"10",177,0.015,34,72.4,Americas
Bolivia,2012,"10",183,0.014,34,72.4,Americas
Bolivia,2012,"10",177,0.014,34,72.4,Americas
Bolivia,2012,"10",204,0.014,34,72.4,Americas
Bolivia,2012,"10",177,0.014,34,72.4,Americas
Bolivia,2012,"10",183,0.014,34,72.4,Americas
Bolivia,2012,"10",177,0.014,34,72.4,Americas
Bolivia,2012,"10",204,0.014,34,72.4,Americas
Bolivia,2012,"10",177,0.014,34,72.4,Americas
Bolivia,2012,"10",183,0.012,34,72.4,Americas
Bolivia,2012,"10",177,0.012,34,72.4,Americas
Bolivia,2012,"10",204,0.012,34,72.4,Americas
Bolivia,2012,"10",177,0.012,34,72.4,Americas
Bolivia,2012,"11",172,0.009,34,72.4,Americas
Bolivia,2012,"11",172,0.009,34,72.4,Americas
Bolivia,2012,"11",178,0.009,34,72.4,Americas
Bolivia,2012,"11",177,0.009,34,72.4,Americas
Bolivia,2012,"11",172,0.013,34,72.4,Americas
Bolivia,2012,"11",172,0.013,34,72.4,Americas
Bolivia,2012,"11",178,0.013,34,72.4,Americas
Bolivia,2012,"11",177,0.013,34,72.4,Americas
Bolivia,2012,"11",172,0.01,34,72.4,Americas
Bolivia,2012,"11",172,0.01,34,72.4,Americas
Bolivia,2012,"11",178,0.01,34,72.4,Americas
Bolivia,2012,"11",177,0.01,34,72.4,Americas
Bolivia,2012,"11",172,0.013,34,72.4,Americas
Bolivia,2012,"11",172,0.013,34,72.4,Americas
Bolivia,2012,"11",178,0.013,34,72.4,Americas
Bolivia,2012,"11",177,0.013,34,72.4,Americas
Bolivia,2012,"12",162,0.014,34,72.4,Americas
Bolivia,2012,"12",126,0.014,34,72.4,Americas
Bolivia,2012,"12",120,0.014,34,72.4,Americas
Bolivia,2012,"12",116,0.014,34,72.4,Americas
Bolivia,2012,"12",137,0.014,34,72.4,Americas
Bolivia,2012,"12",162,0.015,34,72.4,Americas
Bolivia,2012,"12",126,0.015,34,72.4,Americas
Bolivia,2012,"12",120,0.015,34,72.4,Americas
Bolivia,2012,"12",116,0.015,34,72.4,Americas
Bolivia,2012,"12",137,0.015,34,72.4,Americas
Bolivia,2012,"12",162,0.008,34,72.4,Americas
Bolivia,2012,"12",126,0.008,34,72.4,Americas
Bolivia,2012,"12",120,0.008,34,72.4,Americas
Bolivia,2012,"12",116,0.008,34,72.4,Americas
Bolivia,2012,"12",137,0.008,34,72.4,Americas
Bolivia,2012,"12",162,0.009,34,72.4,Americas
Bolivia,2012,"12",126,0.009,34,72.4,Americas
Bolivia,2012,"12",120,0.009,34,72.4,Americas
Bolivia,2012,"12",116,0.009,34,72.4,Americas
Bolivia,2012,"12",137,0.009,34,72.4,Americas
Bolivia,2012,"12",162,0.006,34,72.4,Americas
Bolivia,2012,"12",126,0.006,34,72.4,Americas
Bolivia,2012,"12",120,0.006,34,72.4,Americas
Bolivia,2012,"12",116,0.006,34,72.4,Americas
Bolivia,2012,"12",137,0.006,34,72.4,Americas
Bolivia,2013,"01",110,0.011,32.8,72.7,Americas
Bolivia,2013,"01",119,0.011,32.8,72.7,Americas
Bolivia,2013,"01",119,0.011,32.8,72.7,Americas
Bolivia,2013,"01",111,0.011,32.8,72.7,Americas
Bolivia,2013,"01",110,0.012,32.8,72.7,Americas
Bolivia,2013,"01",119,0.012,32.8,72.7,Americas
Bolivia,2013,"01",119,0.012,32.8,72.7,Americas
Bolivia,2013,"01",111,0.012,32.8,72.7,Americas
Bolivia,2013,"01",110,0.015,32.8,72.7,Americas
Bolivia,2013,"01",119,0.015,32.8,72.7,Americas
Bolivia,2013,"01",119,0.015,32.8,72.7,Americas
Bolivia,2013,"01",111,0.015,32.8,72.7,Americas
Bolivia,2013,"01",110,0.021,32.8,72.7,Americas
Bolivia,2013,"01",119,0.021,32.8,72.7,Americas
Bolivia,2013,"01",119,0.021,32.8,72.7,Americas
Bolivia,2013,"01",111,0.021,32.8,72.7,Americas
Bolivia,2013,"02",148,0.022,32.8,72.7,Americas
Bolivia,2013,"02",103,0.022,32.8,72.7,Americas
Bolivia,2013,"02",106,0.022,32.8,72.7,Americas
Bolivia,2013,"02",124,0.022,32.8,72.7,Americas
Bolivia,2013,"02",148,0.015,32.8,72.7,Americas
Bolivia,2013,"02",103,0.015,32.8,72.7,Americas
Bolivia,2013,"02",106,0.015,32.8,72.7,Americas
Bolivia,2013,"02",124,0.015,32.8,72.7,Americas
Bolivia,2013,"02",148,0.025,32.8,72.7,Americas
Bolivia,2013,"02",103,0.025,32.8,72.7,Americas
Bolivia,2013,"02",106,0.025,32.8,72.7,Americas
Bolivia,2013,"02",124,0.025,32.8,72.7,Americas
Bolivia,2013,"02",148,0.013,32.8,72.7,Americas
Bolivia,2013,"02",103,0.013,32.8,72.7,Americas
Bolivia,2013,"02",106,0.013,32.8,72.7,Americas
Bolivia,2013,"02",124,0.013,32.8,72.7,Americas
Bolivia,2013,"03",247,0.019,32.8,72.7,Americas
Bolivia,2013,"03",167,0.019,32.8,72.7,Americas
Bolivia,2013,"03",187,0.019,32.8,72.7,Americas
Bolivia,2013,"03",195,0.019,32.8,72.7,Americas
Bolivia,2013,"03",214,0.019,32.8,72.7,Americas
Bolivia,2013,"03",247,0.018,32.8,72.7,Americas
Bolivia,2013,"03",167,0.018,32.8,72.7,Americas
Bolivia,2013,"03",187,0.018,32.8,72.7,Americas
Bolivia,2013,"03",195,0.018,32.8,72.7,Americas
Bolivia,2013,"03",214,0.018,32.8,72.7,Americas
Bolivia,2013,"03",247,0.014,32.8,72.7,Americas
Bolivia,2013,"03",167,0.014,32.8,72.7,Americas
Bolivia,2013,"03",187,0.014,32.8,72.7,Americas
Bolivia,2013,"03",195,0.014,32.8,72.7,Americas
Bolivia,2013,"03",214,0.014,32.8,72.7,Americas
Bolivia,2013,"03",247,0.023,32.8,72.7,Americas
Bolivia,2013,"03",167,0.023,32.8,72.7,Americas
Bolivia,2013,"03",187,0.023,32.8,72.7,Americas
Bolivia,2013,"03",195,0.023,32.8,72.7,Americas
Bolivia,2013,"03",214,0.023,32.8,72.7,Americas
Bolivia,2013,"03",247,0.022,32.8,72.7,Americas
Bolivia,2013,"03",167,0.022,32.8,72.7,Americas
Bolivia,2013,"03",187,0.022,32.8,72.7,Americas
Bolivia,2013,"03",195,0.022,32.8,72.7,Americas
Bolivia,2013,"03",214,0.022,32.8,72.7,Americas
Bolivia,2013,"04",211,0.018,32.8,72.7,Americas
Bolivia,2013,"04",242,0.018,32.8,72.7,Americas
Bolivia,2013,"04",195,0.018,32.8,72.7,Americas
Bolivia,2013,"04",250,0.018,32.8,72.7,Americas
Bolivia,2013,"04",211,0.015,32.8,72.7,Americas
Bolivia,2013,"04",242,0.015,32.8,72.7,Americas
Bolivia,2013,"04",195,0.015,32.8,72.7,Americas
Bolivia,2013,"04",250,0.015,32.8,72.7,Americas
Bolivia,2013,"04",211,0.023,32.8,72.7,Americas
Bolivia,2013,"04",242,0.023,32.8,72.7,Americas
Bolivia,2013,"04",195,0.023,32.8,72.7,Americas
Bolivia,2013,"04",250,0.023,32.8,72.7,Americas
Bolivia,2013,"04",211,0.016,32.8,72.7,Americas
Bolivia,2013,"04",242,0.016,32.8,72.7,Americas
Bolivia,2013,"04",195,0.016,32.8,72.7,Americas
Bolivia,2013,"04",250,0.016,32.8,72.7,Americas
Bolivia,2013,"05",219,0.008,32.8,72.7,Americas
Bolivia,2013,"05",221,0.008,32.8,72.7,Americas
Bolivia,2013,"05",215,0.008,32.8,72.7,Americas
Bolivia,2013,"05",166,0.008,32.8,72.7,Americas
Bolivia,2013,"05",219,0.018,32.8,72.7,Americas
Bolivia,2013,"05",221,0.018,32.8,72.7,Americas
Bolivia,2013,"05",215,0.018,32.8,72.7,Americas
Bolivia,2013,"05",166,0.018,32.8,72.7,Americas
Bolivia,2013,"05",219,0.019,32.8,72.7,Americas
Bolivia,2013,"05",221,0.019,32.8,72.7,Americas
Bolivia,2013,"05",215,0.019,32.8,72.7,Americas
Bolivia,2013,"05",166,0.019,32.8,72.7,Americas
Bolivia,2013,"05",219,0.012,32.8,72.7,Americas
Bolivia,2013,"05",221,0.012,32.8,72.7,Americas
Bolivia,2013,"05",215,0.012,32.8,72.7,Americas
Bolivia,2013,"05",166,0.012,32.8,72.7,Americas
Bolivia,2013,"06",182,0.004,32.8,72.7,Americas
Bolivia,2013,"06",207,0.004,32.8,72.7,Americas
Bolivia,2013,"06",173,0.004,32.8,72.7,Americas
Bolivia,2013,"06",178,0.004,32.8,72.7,Americas
Bolivia,2013,"06",198,0.004,32.8,72.7,Americas
Bolivia,2013,"06",182,0.005,32.8,72.7,Americas
Bolivia,2013,"06",207,0.005,32.8,72.7,Americas
Bolivia,2013,"06",173,0.005,32.8,72.7,Americas
Bolivia,2013,"06",178,0.005,32.8,72.7,Americas
Bolivia,2013,"06",198,0.005,32.8,72.7,Americas
Bolivia,2013,"06",182,0.008,32.8,72.7,Americas
Bolivia,2013,"06",207,0.008,32.8,72.7,Americas
Bolivia,2013,"06",173,0.008,32.8,72.7,Americas
Bolivia,2013,"06",178,0.008,32.8,72.7,Americas
Bolivia,2013,"06",198,0.008,32.8,72.7,Americas
Bolivia,2013,"06",182,0.006,32.8,72.7,Americas
Bolivia,2013,"06",207,0.006,32.8,72.7,Americas
Bolivia,2013,"06",173,0.006,32.8,72.7,Americas
Bolivia,2013,"06",178,0.006,32.8,72.7,Americas
Bolivia,2013,"06",198,0.006,32.8,72.7,Americas
Bolivia,2013,"06",182,0.009,32.8,72.7,Americas
Bolivia,2013,"06",207,0.009,32.8,72.7,Americas
Bolivia,2013,"06",173,0.009,32.8,72.7,Americas
Bolivia,2013,"06",178,0.009,32.8,72.7,Americas
Bolivia,2013,"06",198,0.009,32.8,72.7,Americas
Bolivia,2013,"07",166,0.003,32.8,72.7,Americas
Bolivia,2013,"07",157,0.003,32.8,72.7,Americas
Bolivia,2013,"07",175,0.003,32.8,72.7,Americas
Bolivia,2013,"07",188,0.003,32.8,72.7,Americas
Bolivia,2013,"07",166,0.002,32.8,72.7,Americas
Bolivia,2013,"07",157,0.002,32.8,72.7,Americas
Bolivia,2013,"07",175,0.002,32.8,72.7,Americas
Bolivia,2013,"07",188,0.002,32.8,72.7,Americas
Bolivia,2013,"07",166,0.002,32.8,72.7,Americas
Bolivia,2013,"07",157,0.002,32.8,72.7,Americas
Bolivia,2013,"07",175,0.002,32.8,72.7,Americas
Bolivia,2013,"07",188,0.002,32.8,72.7,Americas
Bolivia,2013,"07",166,0.003,32.8,72.7,Americas
Bolivia,2013,"07",157,0.003,32.8,72.7,Americas
Bolivia,2013,"07",175,0.003,32.8,72.7,Americas
Bolivia,2013,"07",188,0.003,32.8,72.7,Americas
Bolivia,2013,"08",169,0.005,32.8,72.7,Americas
Bolivia,2013,"08",195,0.005,32.8,72.7,Americas
Bolivia,2013,"08",206,0.005,32.8,72.7,Americas
Bolivia,2013,"08",227,0.005,32.8,72.7,Americas
Bolivia,2013,"08",169,0.004,32.8,72.7,Americas
Bolivia,2013,"08",195,0.004,32.8,72.7,Americas
Bolivia,2013,"08",206,0.004,32.8,72.7,Americas
Bolivia,2013,"08",227,0.004,32.8,72.7,Americas
Bolivia,2013,"08",169,0.006,32.8,72.7,Americas
Bolivia,2013,"08",195,0.006,32.8,72.7,Americas
Bolivia,2013,"08",206,0.006,32.8,72.7,Americas
Bolivia,2013,"08",227,0.006,32.8,72.7,Americas
Bolivia,2013,"08",169,0.004,32.8,72.7,Americas
Bolivia,2013,"08",195,0.004,32.8,72.7,Americas
Bolivia,2013,"08",206,0.004,32.8,72.7,Americas
Bolivia,2013,"08",227,0.004,32.8,72.7,Americas
Bolivia,2013,"09",219,0.007,32.8,72.7,Americas
Bolivia,2013,"09",203,0.007,32.8,72.7,Americas
Bolivia,2013,"09",195,0.007,32.8,72.7,Americas
Bolivia,2013,"09",218,0.007,32.8,72.7,Americas
Bolivia,2013,"09",188,0.007,32.8,72.7,Americas
Bolivia,2013,"09",219,0.007,32.8,72.7,Americas
Bolivia,2013,"09",203,0.007,32.8,72.7,Americas
Bolivia,2013,"09",195,0.007,32.8,72.7,Americas
Bolivia,2013,"09",218,0.007,32.8,72.7,Americas
Bolivia,2013,"09",188,0.007,32.8,72.7,Americas
Bolivia,2013,"09",219,0.006,32.8,72.7,Americas
Bolivia,2013,"09",203,0.006,32.8,72.7,Americas
Bolivia,2013,"09",195,0.006,32.8,72.7,Americas
Bolivia,2013,"09",218,0.006,32.8,72.7,Americas
Bolivia,2013,"09",188,0.006,32.8,72.7,Americas
Bolivia,2013,"09",219,0.008,32.8,72.7,Americas
Bolivia,2013,"09",203,0.008,32.8,72.7,Americas
Bolivia,2013,"09",195,0.008,32.8,72.7,Americas
Bolivia,2013,"09",218,0.008,32.8,72.7,Americas
Bolivia,2013,"09",188,0.008,32.8,72.7,Americas
Bolivia,2013,"09",219,0.007,32.8,72.7,Americas
Bolivia,2013,"09",203,0.007,32.8,72.7,Americas
Bolivia,2013,"09",195,0.007,32.8,72.7,Americas
Bolivia,2013,"09",218,0.007,32.8,72.7,Americas
Bolivia,2013,"09",188,0.007,32.8,72.7,Americas
Bolivia,2013,"10",196,0.014,32.8,72.7,Americas
Bolivia,2013,"10",198,0.014,32.8,72.7,Americas
Bolivia,2013,"10",183,0.014,32.8,72.7,Americas
Bolivia,2013,"10",216,0.014,32.8,72.7,Americas
Bolivia,2013,"10",196,0.008,32.8,72.7,Americas
Bolivia,2013,"10",198,0.008,32.8,72.7,Americas
Bolivia,2013,"10",183,0.008,32.8,72.7,Americas
Bolivia,2013,"10",216,0.008,32.8,72.7,Americas
Bolivia,2013,"10",196,0.012,32.8,72.7,Americas
Bolivia,2013,"10",198,0.012,32.8,72.7,Americas
Bolivia,2013,"10",183,0.012,32.8,72.7,Americas
Bolivia,2013,"10",216,0.012,32.8,72.7,Americas
Bolivia,2013,"10",196,0.014,32.8,72.7,Americas
Bolivia,2013,"10",198,0.014,32.8,72.7,Americas
Bolivia,2013,"10",183,0.014,32.8,72.7,Americas
Bolivia,2013,"10",216,0.014,32.8,72.7,Americas
Bolivia,2013,"11",150,0.012,32.8,72.7,Americas
Bolivia,2013,"11",153,0.012,32.8,72.7,Americas
Bolivia,2013,"11",164,0.012,32.8,72.7,Americas
Bolivia,2013,"11",178,0.012,32.8,72.7,Americas
Bolivia,2013,"11",150,0.009,32.8,72.7,Americas
Bolivia,2013,"11",153,0.009,32.8,72.7,Americas
Bolivia,2013,"11",164,0.009,32.8,72.7,Americas
Bolivia,2013,"11",178,0.009,32.8,72.7,Americas
Bolivia,2013,"11",150,0.008,32.8,72.7,Americas
Bolivia,2013,"11",153,0.008,32.8,72.7,Americas
Bolivia,2013,"11",164,0.008,32.8,72.7,Americas
Bolivia,2013,"11",178,0.008,32.8,72.7,Americas
Bolivia,2013,"11",150,0.009,32.8,72.7,Americas
Bolivia,2013,"11",153,0.009,32.8,72.7,Americas
Bolivia,2013,"11",164,0.009,32.8,72.7,Americas
Bolivia,2013,"11",178,0.009,32.8,72.7,Americas
Bolivia,2013,"12",109,0.003,32.8,72.7,Americas
Bolivia,2013,"12",96,0.003,32.8,72.7,Americas
Bolivia,2013,"12",101,0.003,32.8,72.7,Americas
Bolivia,2013,"12",143,0.003,32.8,72.7,Americas
Bolivia,2013,"12",129,0.003,32.8,72.7,Americas
Bolivia,2013,"12",109,0.005,32.8,72.7,Americas
Bolivia,2013,"12",96,0.005,32.8,72.7,Americas
Bolivia,2013,"12",101,0.005,32.8,72.7,Americas
Bolivia,2013,"12",143,0.005,32.8,72.7,Americas
Bolivia,2013,"12",129,0.005,32.8,72.7,Americas
Bolivia,2013,"12",109,0.003,32.8,72.7,Americas
Bolivia,2013,"12",96,0.003,32.8,72.7,Americas
Bolivia,2013,"12",101,0.003,32.8,72.7,Americas
Bolivia,2013,"12",143,0.003,32.8,72.7,Americas
Bolivia,2013,"12",129,0.003,32.8,72.7,Americas
Bolivia,2013,"12",109,0.005,32.8,72.7,Americas
Bolivia,2013,"12",96,0.005,32.8,72.7,Americas
Bolivia,2013,"12",101,0.005,32.8,72.7,Americas
Bolivia,2013,"12",143,0.005,32.8,72.7,Americas
Bolivia,2013,"12",129,0.005,32.8,72.7,Americas
Bolivia,2013,"12",109,0.007,32.8,72.7,Americas
Bolivia,2013,"12",96,0.007,32.8,72.7,Americas
Bolivia,2013,"12",101,0.007,32.8,72.7,Americas
Bolivia,2013,"12",143,0.007,32.8,72.7,Americas
Bolivia,2013,"12",129,0.007,32.8,72.7,Americas
Bolivia,2014,"01",124,0.025,31.7,72.9,Americas
Bolivia,2014,"01",123,0.025,31.7,72.9,Americas
Bolivia,2014,"01",132,0.025,31.7,72.9,Americas
Bolivia,2014,"01",127,0.025,31.7,72.9,Americas
Bolivia,2014,"01",124,0.01,31.7,72.9,Americas
Bolivia,2014,"01",123,0.01,31.7,72.9,Americas
Bolivia,2014,"01",132,0.01,31.7,72.9,Americas
Bolivia,2014,"01",127,0.01,31.7,72.9,Americas
Bolivia,2014,"01",124,0.008,31.7,72.9,Americas
Bolivia,2014,"01",123,0.008,31.7,72.9,Americas
Bolivia,2014,"01",132,0.008,31.7,72.9,Americas
Bolivia,2014,"01",127,0.008,31.7,72.9,Americas
Bolivia,2014,"01",124,0.026,31.7,72.9,Americas
Bolivia,2014,"01",123,0.026,31.7,72.9,Americas
Bolivia,2014,"01",132,0.026,31.7,72.9,Americas
Bolivia,2014,"01",127,0.026,31.7,72.9,Americas
Bolivia,2014,"02",130,0.043,31.7,72.9,Americas
Bolivia,2014,"02",152,0.043,31.7,72.9,Americas
Bolivia,2014,"02",150,0.043,31.7,72.9,Americas
Bolivia,2014,"02",143,0.043,31.7,72.9,Americas
Bolivia,2014,"02",130,0.039,31.7,72.9,Americas
Bolivia,2014,"02",152,0.039,31.7,72.9,Americas
Bolivia,2014,"02",150,0.039,31.7,72.9,Americas
Bolivia,2014,"02",143,0.039,31.7,72.9,Americas
Bolivia,2014,"02",130,0.034,31.7,72.9,Americas
Bolivia,2014,"02",152,0.034,31.7,72.9,Americas
Bolivia,2014,"02",150,0.034,31.7,72.9,Americas
Bolivia,2014,"02",143,0.034,31.7,72.9,Americas
Bolivia,2014,"02",130,0.039,31.7,72.9,Americas
Bolivia,2014,"02",152,0.039,31.7,72.9,Americas
Bolivia,2014,"02",150,0.039,31.7,72.9,Americas
Bolivia,2014,"02",143,0.039,31.7,72.9,Americas
Bolivia,2014,"03",204,0.047,31.7,72.9,Americas
Bolivia,2014,"03",203,0.047,31.7,72.9,Americas
Bolivia,2014,"03",190,0.047,31.7,72.9,Americas
Bolivia,2014,"03",217,0.047,31.7,72.9,Americas
Bolivia,2014,"03",154,0.047,31.7,72.9,Americas
Bolivia,2014,"03",204,0.044,31.7,72.9,Americas
Bolivia,2014,"03",203,0.044,31.7,72.9,Americas
Bolivia,2014,"03",190,0.044,31.7,72.9,Americas
Bolivia,2014,"03",217,0.044,31.7,72.9,Americas
Bolivia,2014,"03",154,0.044,31.7,72.9,Americas
Bolivia,2014,"03",204,0.035,31.7,72.9,Americas
Bolivia,2014,"03",203,0.035,31.7,72.9,Americas
Bolivia,2014,"03",190,0.035,31.7,72.9,Americas
Bolivia,2014,"03",217,0.035,31.7,72.9,Americas
Bolivia,2014,"03",154,0.035,31.7,72.9,Americas
Bolivia,2014,"03",204,0.042,31.7,72.9,Americas
Bolivia,2014,"03",203,0.042,31.7,72.9,Americas
Bolivia,2014,"03",190,0.042,31.7,72.9,Americas
Bolivia,2014,"03",217,0.042,31.7,72.9,Americas
Bolivia,2014,"03",154,0.042,31.7,72.9,Americas
Bolivia,2014,"03",204,0.041,31.7,72.9,Americas
Bolivia,2014,"03",203,0.041,31.7,72.9,Americas
Bolivia,2014,"03",190,0.041,31.7,72.9,Americas
Bolivia,2014,"03",217,0.041,31.7,72.9,Americas
Bolivia,2014,"03",154,0.041,31.7,72.9,Americas
Bolivia,2014,"04",236,0.025,31.7,72.9,Americas
Bolivia,2014,"04",208,0.025,31.7,72.9,Americas
Bolivia,2014,"04",190,0.025,31.7,72.9,Americas
Bolivia,2014,"04",231,0.025,31.7,72.9,Americas
Bolivia,2014,"04",236,0.03,31.7,72.9,Americas
Bolivia,2014,"04",208,0.03,31.7,72.9,Americas
Bolivia,2014,"04",190,0.03,31.7,72.9,Americas
Bolivia,2014,"04",231,0.03,31.7,72.9,Americas
Bolivia,2014,"04",236,0.045,31.7,72.9,Americas
Bolivia,2014,"04",208,0.045,31.7,72.9,Americas
Bolivia,2014,"04",190,0.045,31.7,72.9,Americas
Bolivia,2014,"04",231,0.045,31.7,72.9,Americas
Bolivia,2014,"04",236,0.028,31.7,72.9,Americas
Bolivia,2014,"04",208,0.028,31.7,72.9,Americas
Bolivia,2014,"04",190,0.028,31.7,72.9,Americas
Bolivia,2014,"04",231,0.028,31.7,72.9,Americas
Bolivia,2014,"05",234,0.015,31.7,72.9,Americas
Bolivia,2014,"05",227,0.015,31.7,72.9,Americas
Bolivia,2014,"05",223,0.015,31.7,72.9,Americas
Bolivia,2014,"05",256,0.015,31.7,72.9,Americas
Bolivia,2014,"05",234,0.026,31.7,72.9,Americas
Bolivia,2014,"05",227,0.026,31.7,72.9,Americas
Bolivia,2014,"05",223,0.026,31.7,72.9,Americas
Bolivia,2014,"05",256,0.026,31.7,72.9,Americas
Bolivia,2014,"05",234,0.024,31.7,72.9,Americas
Bolivia,2014,"05",227,0.024,31.7,72.9,Americas
Bolivia,2014,"05",223,0.024,31.7,72.9,Americas
Bolivia,2014,"05",256,0.024,31.7,72.9,Americas
Bolivia,2014,"05",234,0.023,31.7,72.9,Americas
Bolivia,2014,"05",227,0.023,31.7,72.9,Americas
Bolivia,2014,"05",223,0.023,31.7,72.9,Americas
Bolivia,2014,"05",256,0.023,31.7,72.9,Americas
Bolivia,2014,"06",214,0.014,31.7,72.9,Americas
Bolivia,2014,"06",211,0.014,31.7,72.9,Americas
Bolivia,2014,"06",215,0.014,31.7,72.9,Americas
Bolivia,2014,"06",194,0.014,31.7,72.9,Americas
Bolivia,2014,"06",200,0.014,31.7,72.9,Americas
Bolivia,2014,"06",214,0.008,31.7,72.9,Americas
Bolivia,2014,"06",211,0.008,31.7,72.9,Americas
Bolivia,2014,"06",215,0.008,31.7,72.9,Americas
Bolivia,2014,"06",194,0.008,31.7,72.9,Americas
Bolivia,2014,"06",200,0.008,31.7,72.9,Americas
Bolivia,2014,"06",214,0.011,31.7,72.9,Americas
Bolivia,2014,"06",211,0.011,31.7,72.9,Americas
Bolivia,2014,"06",215,0.011,31.7,72.9,Americas
Bolivia,2014,"06",194,0.011,31.7,72.9,Americas
Bolivia,2014,"06",200,0.011,31.7,72.9,Americas
Bolivia,2014,"06",214,0.009,31.7,72.9,Americas
Bolivia,2014,"06",211,0.009,31.7,72.9,Americas
Bolivia,2014,"06",215,0.009,31.7,72.9,Americas
Bolivia,2014,"06",194,0.009,31.7,72.9,Americas
Bolivia,2014,"06",200,0.009,31.7,72.9,Americas
Bolivia,2014,"06",214,0.007,31.7,72.9,Americas
Bolivia,2014,"06",211,0.007,31.7,72.9,Americas
Bolivia,2014,"06",215,0.007,31.7,72.9,Americas
Bolivia,2014,"06",194,0.007,31.7,72.9,Americas
Bolivia,2014,"06",200,0.007,31.7,72.9,Americas
Bolivia,2014,"07",94,0,31.7,72.9,Americas
Bolivia,2014,"07",44,0,31.7,72.9,Americas
Bolivia,2014,"07",44,0,31.7,72.9,Americas
Bolivia,2014,"07",42,0,31.7,72.9,Americas
Bolivia,2014,"07",94,0,31.7,72.9,Americas
Bolivia,2014,"07",44,0,31.7,72.9,Americas
Bolivia,2014,"07",44,0,31.7,72.9,Americas
Bolivia,2014,"07",42,0,31.7,72.9,Americas
Bolivia,2014,"07",94,0,31.7,72.9,Americas
Bolivia,2014,"07",44,0,31.7,72.9,Americas
Bolivia,2014,"07",44,0,31.7,72.9,Americas
Bolivia,2014,"07",42,0,31.7,72.9,Americas
Bolivia,2014,"07",94,0.006,31.7,72.9,Americas
Bolivia,2014,"07",44,0.006,31.7,72.9,Americas
Bolivia,2014,"07",44,0.006,31.7,72.9,Americas
Bolivia,2014,"07",42,0.006,31.7,72.9,Americas
Bolivia,2014,"08",203,0.015,31.7,72.9,Americas
Bolivia,2014,"08",244,0.015,31.7,72.9,Americas
Bolivia,2014,"08",222,0.015,31.7,72.9,Americas
Bolivia,2014,"08",197,0.015,31.7,72.9,Americas
Bolivia,2014,"08",213,0.015,31.7,72.9,Americas
Bolivia,2014,"08",203,0.001,31.7,72.9,Americas
Bolivia,2014,"08",244,0.001,31.7,72.9,Americas
Bolivia,2014,"08",222,0.001,31.7,72.9,Americas
Bolivia,2014,"08",197,0.001,31.7,72.9,Americas
Bolivia,2014,"08",213,0.001,31.7,72.9,Americas
Bolivia,2014,"08",203,0.012,31.7,72.9,Americas
Bolivia,2014,"08",244,0.012,31.7,72.9,Americas
Bolivia,2014,"08",222,0.012,31.7,72.9,Americas
Bolivia,2014,"08",197,0.012,31.7,72.9,Americas
Bolivia,2014,"08",213,0.012,31.7,72.9,Americas
Bolivia,2014,"08",203,0.009,31.7,72.9,Americas
Bolivia,2014,"08",244,0.009,31.7,72.9,Americas
Bolivia,2014,"08",222,0.009,31.7,72.9,Americas
Bolivia,2014,"08",197,0.009,31.7,72.9,Americas
Bolivia,2014,"08",213,0.009,31.7,72.9,Americas
Bolivia,2014,"08",203,0.011,31.7,72.9,Americas
Bolivia,2014,"08",244,0.011,31.7,72.9,Americas
Bolivia,2014,"08",222,0.011,31.7,72.9,Americas
Bolivia,2014,"08",197,0.011,31.7,72.9,Americas
Bolivia,2014,"08",213,0.011,31.7,72.9,Americas
Bolivia,2014,"09",199,0.008,31.7,72.9,Americas
Bolivia,2014,"09",223,0.008,31.7,72.9,Americas
Bolivia,2014,"09",202,0.008,31.7,72.9,Americas
Bolivia,2014,"09",186,0.008,31.7,72.9,Americas
Bolivia,2014,"09",199,0.009,31.7,72.9,Americas
Bolivia,2014,"09",223,0.009,31.7,72.9,Americas
Bolivia,2014,"09",202,0.009,31.7,72.9,Americas
Bolivia,2014,"09",186,0.009,31.7,72.9,Americas
Bolivia,2014,"09",199,0.01,31.7,72.9,Americas
Bolivia,2014,"09",223,0.01,31.7,72.9,Americas
Bolivia,2014,"09",202,0.01,31.7,72.9,Americas
Bolivia,2014,"09",186,0.01,31.7,72.9,Americas
Bolivia,2014,"09",199,0.011,31.7,72.9,Americas
Bolivia,2014,"09",223,0.011,31.7,72.9,Americas
Bolivia,2014,"09",202,0.011,31.7,72.9,Americas
Bolivia,2014,"09",186,0.011,31.7,72.9,Americas
Bolivia,2014,"10",210,0.017,31.7,72.9,Americas
Bolivia,2014,"10",205,0.017,31.7,72.9,Americas
Bolivia,2014,"10",190,0.017,31.7,72.9,Americas
Bolivia,2014,"10",193,0.017,31.7,72.9,Americas
Bolivia,2014,"10",210,0.017,31.7,72.9,Americas
Bolivia,2014,"10",205,0.017,31.7,72.9,Americas
Bolivia,2014,"10",190,0.017,31.7,72.9,Americas
Bolivia,2014,"10",193,0.017,31.7,72.9,Americas
Bolivia,2014,"10",210,0.019,31.7,72.9,Americas
Bolivia,2014,"10",205,0.019,31.7,72.9,Americas
Bolivia,2014,"10",190,0.019,31.7,72.9,Americas
Bolivia,2014,"10",193,0.019,31.7,72.9,Americas
Bolivia,2014,"10",210,0.009,31.7,72.9,Americas
Bolivia,2014,"10",205,0.009,31.7,72.9,Americas
Bolivia,2014,"10",190,0.009,31.7,72.9,Americas
Bolivia,2014,"10",193,0.009,31.7,72.9,Americas
Bolivia,2014,"11",170,0.011,31.7,72.9,Americas
Bolivia,2014,"11",167,0.011,31.7,72.9,Americas
Bolivia,2014,"11",176,0.011,31.7,72.9,Americas
Bolivia,2014,"11",146,0.011,31.7,72.9,Americas
Bolivia,2014,"11",145,0.011,31.7,72.9,Americas
Bolivia,2014,"11",170,0.005,31.7,72.9,Americas
Bolivia,2014,"11",167,0.005,31.7,72.9,Americas
Bolivia,2014,"11",176,0.005,31.7,72.9,Americas
Bolivia,2014,"11",146,0.005,31.7,72.9,Americas
Bolivia,2014,"11",145,0.005,31.7,72.9,Americas
Bolivia,2014,"11",170,0.009,31.7,72.9,Americas
Bolivia,2014,"11",167,0.009,31.7,72.9,Americas
Bolivia,2014,"11",176,0.009,31.7,72.9,Americas
Bolivia,2014,"11",146,0.009,31.7,72.9,Americas
Bolivia,2014,"11",145,0.009,31.7,72.9,Americas
Bolivia,2014,"11",170,0.014,31.7,72.9,Americas
Bolivia,2014,"11",167,0.014,31.7,72.9,Americas
Bolivia,2014,"11",176,0.014,31.7,72.9,Americas
Bolivia,2014,"11",146,0.014,31.7,72.9,Americas
Bolivia,2014,"11",145,0.014,31.7,72.9,Americas
Bolivia,2014,"11",170,0.018,31.7,72.9,Americas
Bolivia,2014,"11",167,0.018,31.7,72.9,Americas
Bolivia,2014,"11",176,0.018,31.7,72.9,Americas
Bolivia,2014,"11",146,0.018,31.7,72.9,Americas
Bolivia,2014,"11",145,0.018,31.7,72.9,Americas
Bolivia,2014,"12",113,0,31.7,72.9,Americas
Bolivia,2014,"12",109,0,31.7,72.9,Americas
Bolivia,2014,"12",109,0,31.7,72.9,Americas
Bolivia,2014,"12",131,0,31.7,72.9,Americas
Bolivia,2014,"12",113,0,31.7,72.9,Americas
Bolivia,2014,"12",109,0,31.7,72.9,Americas
Bolivia,2014,"12",109,0,31.7,72.9,Americas
Bolivia,2014,"12",131,0,31.7,72.9,Americas
Bolivia,2014,"12",113,0,31.7,72.9,Americas
Bolivia,2014,"12",109,0,31.7,72.9,Americas
Bolivia,2014,"12",109,0,31.7,72.9,Americas
Bolivia,2014,"12",131,0,31.7,72.9,Americas
Bolivia,2014,"12",113,0.001,31.7,72.9,Americas
Bolivia,2014,"12",109,0.001,31.7,72.9,Americas
Bolivia,2014,"12",109,0.001,31.7,72.9,Americas
Bolivia,2014,"12",131,0.001,31.7,72.9,Americas
Bolivia,2015,"01",144,0.003,30.6,73.2,Americas
Bolivia,2015,"01",124,0.003,30.6,73.2,Americas
Bolivia,2015,"01",130,0.003,30.6,73.2,Americas
Bolivia,2015,"01",141,0.003,30.6,73.2,Americas
Bolivia,2015,"01",144,0,30.6,73.2,Americas
Bolivia,2015,"01",124,0,30.6,73.2,Americas
Bolivia,2015,"01",130,0,30.6,73.2,Americas
Bolivia,2015,"01",141,0,30.6,73.2,Americas
Bolivia,2015,"01",144,0.004,30.6,73.2,Americas
Bolivia,2015,"01",124,0.004,30.6,73.2,Americas
Bolivia,2015,"01",130,0.004,30.6,73.2,Americas
Bolivia,2015,"01",141,0.004,30.6,73.2,Americas
Bolivia,2015,"01",144,0,30.6,73.2,Americas
Bolivia,2015,"01",124,0,30.6,73.2,Americas
Bolivia,2015,"01",130,0,30.6,73.2,Americas
Bolivia,2015,"01",141,0,30.6,73.2,Americas
Bolivia,2015,"02",157,0.01,30.6,73.2,Americas
Bolivia,2015,"02",135,0.01,30.6,73.2,Americas
Bolivia,2015,"02",133,0.01,30.6,73.2,Americas
Bolivia,2015,"02",136,0.01,30.6,73.2,Americas
Bolivia,2015,"02",157,0.019,30.6,73.2,Americas
Bolivia,2015,"02",135,0.019,30.6,73.2,Americas
Bolivia,2015,"02",133,0.019,30.6,73.2,Americas
Bolivia,2015,"02",136,0.019,30.6,73.2,Americas
Bolivia,2015,"02",157,0.009,30.6,73.2,Americas
Bolivia,2015,"02",135,0.009,30.6,73.2,Americas
Bolivia,2015,"02",133,0.009,30.6,73.2,Americas
Bolivia,2015,"02",136,0.009,30.6,73.2,Americas
Bolivia,2015,"02",157,0.008,30.6,73.2,Americas
Bolivia,2015,"02",135,0.008,30.6,73.2,Americas
Bolivia,2015,"02",133,0.008,30.6,73.2,Americas
Bolivia,2015,"02",136,0.008,30.6,73.2,Americas
Bolivia,2015,"03",211,0.023,30.6,73.2,Americas
Bolivia,2015,"03",168,0.023,30.6,73.2,Americas
Bolivia,2015,"03",196,0.023,30.6,73.2,Americas
Bolivia,2015,"03",222,0.023,30.6,73.2,Americas
Bolivia,2015,"03",213,0.023,30.6,73.2,Americas
Bolivia,2015,"03",211,0.019,30.6,73.2,Americas
Bolivia,2015,"03",168,0.019,30.6,73.2,Americas
Bolivia,2015,"03",196,0.019,30.6,73.2,Americas
Bolivia,2015,"03",222,0.019,30.6,73.2,Americas
Bolivia,2015,"03",213,0.019,30.6,73.2,Americas
Bolivia,2015,"03",211,0.025,30.6,73.2,Americas
Bolivia,2015,"03",168,0.025,30.6,73.2,Americas
Bolivia,2015,"03",196,0.025,30.6,73.2,Americas
Bolivia,2015,"03",222,0.025,30.6,73.2,Americas
Bolivia,2015,"03",213,0.025,30.6,73.2,Americas
Bolivia,2015,"03",211,0.022,30.6,73.2,Americas
Bolivia,2015,"03",168,0.022,30.6,73.2,Americas
Bolivia,2015,"03",196,0.022,30.6,73.2,Americas
Bolivia,2015,"03",222,0.022,30.6,73.2,Americas
Bolivia,2015,"03",213,0.022,30.6,73.2,Americas
Bolivia,2015,"03",211,0.02,30.6,73.2,Americas
Bolivia,2015,"03",168,0.02,30.6,73.2,Americas
Bolivia,2015,"03",196,0.02,30.6,73.2,Americas
Bolivia,2015,"03",222,0.02,30.6,73.2,Americas
Bolivia,2015,"03",213,0.02,30.6,73.2,Americas
Bolivia,2015,"04",223,0.026,30.6,73.2,Americas
Bolivia,2015,"04",218,0.026,30.6,73.2,Americas
Bolivia,2015,"04",231,0.026,30.6,73.2,Americas
Bolivia,2015,"04",237,0.026,30.6,73.2,Americas
Bolivia,2015,"04",223,0.032,30.6,73.2,Americas
Bolivia,2015,"04",218,0.032,30.6,73.2,Americas
Bolivia,2015,"04",231,0.032,30.6,73.2,Americas
Bolivia,2015,"04",237,0.032,30.6,73.2,Americas
Bolivia,2015,"04",223,0.026,30.6,73.2,Americas
Bolivia,2015,"04",218,0.026,30.6,73.2,Americas
Bolivia,2015,"04",231,0.026,30.6,73.2,Americas
Bolivia,2015,"04",237,0.026,30.6,73.2,Americas
Bolivia,2015,"04",223,0.031,30.6,73.2,Americas
Bolivia,2015,"04",218,0.031,30.6,73.2,Americas
Bolivia,2015,"04",231,0.031,30.6,73.2,Americas
Bolivia,2015,"04",237,0.031,30.6,73.2,Americas
Bolivia,2015,"05",234,0.022,30.6,73.2,Americas
Bolivia,2015,"05",248,0.022,30.6,73.2,Americas
Bolivia,2015,"05",223,0.022,30.6,73.2,Americas
Bolivia,2015,"05",230,0.022,30.6,73.2,Americas
Bolivia,2015,"05",276,0.022,30.6,73.2,Americas
Bolivia,2015,"05",234,0.012,30.6,73.2,Americas
Bolivia,2015,"05",248,0.012,30.6,73.2,Americas
Bolivia,2015,"05",223,0.012,30.6,73.2,Americas
Bolivia,2015,"05",230,0.012,30.6,73.2,Americas
Bolivia,2015,"05",276,0.012,30.6,73.2,Americas
Bolivia,2015,"05",234,0.015,30.6,73.2,Americas
Bolivia,2015,"05",248,0.015,30.6,73.2,Americas
Bolivia,2015,"05",223,0.015,30.6,73.2,Americas
Bolivia,2015,"05",230,0.015,30.6,73.2,Americas
Bolivia,2015,"05",276,0.015,30.6,73.2,Americas
Bolivia,2015,"05",234,0.02,30.6,73.2,Americas
Bolivia,2015,"05",248,0.02,30.6,73.2,Americas
Bolivia,2015,"05",223,0.02,30.6,73.2,Americas
Bolivia,2015,"05",230,0.02,30.6,73.2,Americas
Bolivia,2015,"05",276,0.02,30.6,73.2,Americas
Bolivia,2015,"05",234,0.02,30.6,73.2,Americas
Bolivia,2015,"05",248,0.02,30.6,73.2,Americas
Bolivia,2015,"05",223,0.02,30.6,73.2,Americas
Bolivia,2015,"05",230,0.02,30.6,73.2,Americas
Bolivia,2015,"05",276,0.02,30.6,73.2,Americas
Bolivia,2015,"06",225,0.01,30.6,73.2,Americas
Bolivia,2015,"06",230,0.01,30.6,73.2,Americas
Bolivia,2015,"06",230,0.01,30.6,73.2,Americas
Bolivia,2015,"06",230,0.01,30.6,73.2,Americas
Bolivia,2015,"06",225,0.013,30.6,73.2,Americas
Bolivia,2015,"06",230,0.013,30.6,73.2,Americas
Bolivia,2015,"06",230,0.013,30.6,73.2,Americas
Bolivia,2015,"06",230,0.013,30.6,73.2,Americas
Bolivia,2015,"06",225,0.007,30.6,73.2,Americas
Bolivia,2015,"06",230,0.007,30.6,73.2,Americas
Bolivia,2015,"06",230,0.007,30.6,73.2,Americas
Bolivia,2015,"06",230,0.007,30.6,73.2,Americas
Bolivia,2015,"06",225,0.007,30.6,73.2,Americas
Bolivia,2015,"06",230,0.007,30.6,73.2,Americas
Bolivia,2015,"06",230,0.007,30.6,73.2,Americas
Bolivia,2015,"06",230,0.007,30.6,73.2,Americas
Bolivia,2015,"07",218,0.004,30.6,73.2,Americas
Bolivia,2015,"07",195,0.004,30.6,73.2,Americas
Bolivia,2015,"07",217,0.004,30.6,73.2,Americas
Bolivia,2015,"07",223,0.004,30.6,73.2,Americas
Bolivia,2015,"07",218,0.005,30.6,73.2,Americas
Bolivia,2015,"07",195,0.005,30.6,73.2,Americas
Bolivia,2015,"07",217,0.005,30.6,73.2,Americas
Bolivia,2015,"07",223,0.005,30.6,73.2,Americas
Bolivia,2015,"07",218,0.001,30.6,73.2,Americas
Bolivia,2015,"07",195,0.001,30.6,73.2,Americas
Bolivia,2015,"07",217,0.001,30.6,73.2,Americas
Bolivia,2015,"07",223,0.001,30.6,73.2,Americas
Bolivia,2015,"07",218,0.001,30.6,73.2,Americas
Bolivia,2015,"07",195,0.001,30.6,73.2,Americas
Bolivia,2015,"07",217,0.001,30.6,73.2,Americas
Bolivia,2015,"07",223,0.001,30.6,73.2,Americas
Bolivia,2015,"08",209,0.008,30.6,73.2,Americas
Bolivia,2015,"08",200,0.008,30.6,73.2,Americas
Bolivia,2015,"08",209,0.005,30.6,73.2,Americas
Bolivia,2015,"08",200,0.005,30.6,73.2,Americas
Brazil,2002,"12",174,0.073,24.3,71.4,Americas
Brazil,2003,"01",131,0.119,22.5,71.7,Americas
Brazil,2003,"01",162,0.119,22.5,71.7,Americas
Brazil,2003,"01",162,0.119,22.5,71.7,Americas
Brazil,2003,"01",174,0.119,22.5,71.7,Americas
Brazil,2003,"01",131,0.098,22.5,71.7,Americas
Brazil,2003,"01",162,0.098,22.5,71.7,Americas
Brazil,2003,"01",162,0.098,22.5,71.7,Americas
Brazil,2003,"01",174,0.098,22.5,71.7,Americas
Brazil,2003,"01",131,0.138,22.5,71.7,Americas
Brazil,2003,"01",162,0.138,22.5,71.7,Americas
Brazil,2003,"01",162,0.138,22.5,71.7,Americas
Brazil,2003,"01",174,0.138,22.5,71.7,Americas
Brazil,2003,"01",131,0.17,22.5,71.7,Americas
Brazil,2003,"01",162,0.17,22.5,71.7,Americas
Brazil,2003,"01",162,0.17,22.5,71.7,Americas
Brazil,2003,"01",174,0.17,22.5,71.7,Americas
Brazil,2003,"02",162,0.179,22.5,71.7,Americas
Brazil,2003,"02",151,0.179,22.5,71.7,Americas
Brazil,2003,"02",184,0.179,22.5,71.7,Americas
Brazil,2003,"02",194,0.179,22.5,71.7,Americas
Brazil,2003,"02",162,0.205,22.5,71.7,Americas
Brazil,2003,"02",151,0.205,22.5,71.7,Americas
Brazil,2003,"02",184,0.205,22.5,71.7,Americas
Brazil,2003,"02",194,0.205,22.5,71.7,Americas
Brazil,2003,"02",162,0.239,22.5,71.7,Americas
Brazil,2003,"02",151,0.239,22.5,71.7,Americas
Brazil,2003,"02",184,0.239,22.5,71.7,Americas
Brazil,2003,"02",194,0.239,22.5,71.7,Americas
Brazil,2003,"02",162,0.202,22.5,71.7,Americas
Brazil,2003,"02",151,0.202,22.5,71.7,Americas
Brazil,2003,"02",184,0.202,22.5,71.7,Americas
Brazil,2003,"02",194,0.202,22.5,71.7,Americas
Brazil,2003,"03",213,0.142,22.5,71.7,Americas
Brazil,2003,"03",262,0.142,22.5,71.7,Americas
Brazil,2003,"03",228,0.142,22.5,71.7,Americas
Brazil,2003,"03",223,0.142,22.5,71.7,Americas
Brazil,2003,"03",177,0.142,22.5,71.7,Americas
Brazil,2003,"03",213,0.176,22.5,71.7,Americas
Brazil,2003,"03",262,0.176,22.5,71.7,Americas
Brazil,2003,"03",228,0.176,22.5,71.7,Americas
Brazil,2003,"03",223,0.176,22.5,71.7,Americas
Brazil,2003,"03",177,0.176,22.5,71.7,Americas
Brazil,2003,"03",213,0.17,22.5,71.7,Americas
Brazil,2003,"03",262,0.17,22.5,71.7,Americas
Brazil,2003,"03",228,0.17,22.5,71.7,Americas
Brazil,2003,"03",223,0.17,22.5,71.7,Americas
Brazil,2003,"03",177,0.17,22.5,71.7,Americas
Brazil,2003,"03",213,0.162,22.5,71.7,Americas
Brazil,2003,"03",262,0.162,22.5,71.7,Americas
Brazil,2003,"03",228,0.162,22.5,71.7,Americas
Brazil,2003,"03",223,0.162,22.5,71.7,Americas
Brazil,2003,"03",177,0.162,22.5,71.7,Americas
Brazil,2003,"03",213,0.28,22.5,71.7,Americas
Brazil,2003,"03",262,0.28,22.5,71.7,Americas
Brazil,2003,"03",228,0.28,22.5,71.7,Americas
Brazil,2003,"03",223,0.28,22.5,71.7,Americas
Brazil,2003,"03",177,0.28,22.5,71.7,Americas
Brazil,2003,"04",287,0.104,22.5,71.7,Americas
Brazil,2003,"04",259,0.104,22.5,71.7,Americas
Brazil,2003,"04",299,0.104,22.5,71.7,Americas
Brazil,2003,"04",308,0.104,22.5,71.7,Americas
Brazil,2003,"04",287,0.15,22.5,71.7,Americas
Brazil,2003,"04",259,0.15,22.5,71.7,Americas
Brazil,2003,"04",299,0.15,22.5,71.7,Americas
Brazil,2003,"04",308,0.15,22.5,71.7,Americas
Brazil,2003,"04",287,0.134,22.5,71.7,Americas
Brazil,2003,"04",259,0.134,22.5,71.7,Americas
Brazil,2003,"04",299,0.134,22.5,71.7,Americas
Brazil,2003,"04",308,0.134,22.5,71.7,Americas
Brazil,2003,"04",287,0.104,22.5,71.7,Americas
Brazil,2003,"04",259,0.104,22.5,71.7,Americas
Brazil,2003,"04",299,0.104,22.5,71.7,Americas
Brazil,2003,"04",308,0.104,22.5,71.7,Americas
Brazil,2003,"05",361,0.071,22.5,71.7,Americas
Brazil,2003,"05",385,0.071,22.5,71.7,Americas
Brazil,2003,"05",319,0.071,22.5,71.7,Americas
Brazil,2003,"05",336,0.071,22.5,71.7,Americas
Brazil,2003,"05",361,0.109,22.5,71.7,Americas
Brazil,2003,"05",385,0.109,22.5,71.7,Americas
Brazil,2003,"05",319,0.109,22.5,71.7,Americas
Brazil,2003,"05",336,0.109,22.5,71.7,Americas
Brazil,2003,"05",361,0.089,22.5,71.7,Americas
Brazil,2003,"05",385,0.089,22.5,71.7,Americas
Brazil,2003,"05",319,0.089,22.5,71.7,Americas
Brazil,2003,"05",336,0.089,22.5,71.7,Americas
Brazil,2003,"05",361,0.067,22.5,71.7,Americas
Brazil,2003,"05",385,0.067,22.5,71.7,Americas
Brazil,2003,"05",319,0.067,22.5,71.7,Americas
Brazil,2003,"05",336,0.067,22.5,71.7,Americas
Brazil,2003,"06",334,0.036,22.5,71.7,Americas
Brazil,2003,"06",371,0.036,22.5,71.7,Americas
Brazil,2003,"06",403,0.036,22.5,71.7,Americas
Brazil,2003,"06",266,0.036,22.5,71.7,Americas
Brazil,2003,"06",279,0.036,22.5,71.7,Americas
Brazil,2003,"06",334,0.062,22.5,71.7,Americas
Brazil,2003,"06",371,0.062,22.5,71.7,Americas
Brazil,2003,"06",403,0.062,22.5,71.7,Americas
Brazil,2003,"06",266,0.062,22.5,71.7,Americas
Brazil,2003,"06",279,0.062,22.5,71.7,Americas
Brazil,2003,"06",334,0.08,22.5,71.7,Americas
Brazil,2003,"06",371,0.08,22.5,71.7,Americas
Brazil,2003,"06",403,0.08,22.5,71.7,Americas
Brazil,2003,"06",266,0.08,22.5,71.7,Americas
Brazil,2003,"06",279,0.08,22.5,71.7,Americas
Brazil,2003,"06",334,0.073,22.5,71.7,Americas
Brazil,2003,"06",371,0.073,22.5,71.7,Americas
Brazil,2003,"06",403,0.073,22.5,71.7,Americas
Brazil,2003,"06",266,0.073,22.5,71.7,Americas
Brazil,2003,"06",279,0.073,22.5,71.7,Americas
Brazil,2003,"06",334,0.056,22.5,71.7,Americas
Brazil,2003,"06",371,0.056,22.5,71.7,Americas
Brazil,2003,"06",403,0.056,22.5,71.7,Americas
Brazil,2003,"06",266,0.056,22.5,71.7,Americas
Brazil,2003,"06",279,0.056,22.5,71.7,Americas
Brazil,2003,"07",272,0.018,22.5,71.7,Americas
Brazil,2003,"07",225,0.018,22.5,71.7,Americas
Brazil,2003,"07",260,0.018,22.5,71.7,Americas
Brazil,2003,"07",256,0.018,22.5,71.7,Americas
Brazil,2003,"07",272,0.052,22.5,71.7,Americas
Brazil,2003,"07",225,0.052,22.5,71.7,Americas
Brazil,2003,"07",260,0.052,22.5,71.7,Americas
Brazil,2003,"07",256,0.052,22.5,71.7,Americas
Brazil,2003,"07",272,0.013,22.5,71.7,Americas
Brazil,2003,"07",225,0.013,22.5,71.7,Americas
Brazil,2003,"07",260,0.013,22.5,71.7,Americas
Brazil,2003,"07",256,0.013,22.5,71.7,Americas
Brazil,2003,"07",272,0.015,22.5,71.7,Americas
Brazil,2003,"07",225,0.015,22.5,71.7,Americas
Brazil,2003,"07",260,0.015,22.5,71.7,Americas
Brazil,2003,"07",256,0.015,22.5,71.7,Americas
Brazil,2003,"08",223,0.034,22.5,71.7,Americas
Brazil,2003,"08",264,0.034,22.5,71.7,Americas
Brazil,2003,"08",234,0.034,22.5,71.7,Americas
Brazil,2003,"08",247,0.034,22.5,71.7,Americas
Brazil,2003,"08",262,0.034,22.5,71.7,Americas
Brazil,2003,"08",223,0.036,22.5,71.7,Americas
Brazil,2003,"08",264,0.036,22.5,71.7,Americas
Brazil,2003,"08",234,0.036,22.5,71.7,Americas
Brazil,2003,"08",247,0.036,22.5,71.7,Americas
Brazil,2003,"08",262,0.036,22.5,71.7,Americas
Brazil,2003,"08",223,0.032,22.5,71.7,Americas
Brazil,2003,"08",264,0.032,22.5,71.7,Americas
Brazil,2003,"08",234,0.032,22.5,71.7,Americas
Brazil,2003,"08",247,0.032,22.5,71.7,Americas
Brazil,2003,"08",262,0.032,22.5,71.7,Americas
Brazil,2003,"08",223,0.011,22.5,71.7,Americas
Brazil,2003,"08",264,0.011,22.5,71.7,Americas
Brazil,2003,"08",234,0.011,22.5,71.7,Americas
Brazil,2003,"08",247,0.011,22.5,71.7,Americas
Brazil,2003,"08",262,0.011,22.5,71.7,Americas
Brazil,2003,"08",223,0.044,22.5,71.7,Americas
Brazil,2003,"08",264,0.044,22.5,71.7,Americas
Brazil,2003,"08",234,0.044,22.5,71.7,Americas
Brazil,2003,"08",247,0.044,22.5,71.7,Americas
Brazil,2003,"08",262,0.044,22.5,71.7,Americas
Brazil,2003,"09",243,0.016,22.5,71.7,Americas
Brazil,2003,"09",246,0.016,22.5,71.7,Americas
Brazil,2003,"09",230,0.016,22.5,71.7,Americas
Brazil,2003,"09",228,0.016,22.5,71.7,Americas
Brazil,2003,"09",243,0.018,22.5,71.7,Americas
Brazil,2003,"09",246,0.018,22.5,71.7,Americas
Brazil,2003,"09",230,0.018,22.5,71.7,Americas
Brazil,2003,"09",228,0.018,22.5,71.7,Americas
Brazil,2003,"09",243,0.034,22.5,71.7,Americas
Brazil,2003,"09",246,0.034,22.5,71.7,Americas
Brazil,2003,"09",230,0.034,22.5,71.7,Americas
Brazil,2003,"09",228,0.034,22.5,71.7,Americas
Brazil,2003,"09",243,0.015,22.5,71.7,Americas
Brazil,2003,"09",246,0.015,22.5,71.7,Americas
Brazil,2003,"09",230,0.015,22.5,71.7,Americas
Brazil,2003,"09",228,0.015,22.5,71.7,Americas
Brazil,2003,"10",216,0.02,22.5,71.7,Americas
Brazil,2003,"10",233,0.02,22.5,71.7,Americas
Brazil,2003,"10",252,0.02,22.5,71.7,Americas
Brazil,2003,"10",206,0.02,22.5,71.7,Americas
Brazil,2003,"10",216,0.034,22.5,71.7,Americas
Brazil,2003,"10",233,0.034,22.5,71.7,Americas
Brazil,2003,"10",252,0.034,22.5,71.7,Americas
Brazil,2003,"10",206,0.034,22.5,71.7,Americas
Brazil,2003,"10",216,0.041,22.5,71.7,Americas
Brazil,2003,"10",233,0.041,22.5,71.7,Americas
Brazil,2003,"10",252,0.041,22.5,71.7,Americas
Brazil,2003,"10",206,0.041,22.5,71.7,Americas
Brazil,2003,"10",216,0.026,22.5,71.7,Americas
Brazil,2003,"10",233,0.026,22.5,71.7,Americas
Brazil,2003,"10",252,0.026,22.5,71.7,Americas
Brazil,2003,"10",206,0.026,22.5,71.7,Americas
Brazil,2003,"11",218,0.063,22.5,71.7,Americas
Brazil,2003,"11",230,0.063,22.5,71.7,Americas
Brazil,2003,"11",177,0.063,22.5,71.7,Americas
Brazil,2003,"11",201,0.063,22.5,71.7,Americas
Brazil,2003,"11",239,0.063,22.5,71.7,Americas
Brazil,2003,"11",218,0.038,22.5,71.7,Americas
Brazil,2003,"11",230,0.038,22.5,71.7,Americas
Brazil,2003,"11",177,0.038,22.5,71.7,Americas
Brazil,2003,"11",201,0.038,22.5,71.7,Americas
Brazil,2003,"11",239,0.038,22.5,71.7,Americas
Brazil,2003,"11",218,0.068,22.5,71.7,Americas
Brazil,2003,"11",230,0.068,22.5,71.7,Americas
Brazil,2003,"11",177,0.068,22.5,71.7,Americas
Brazil,2003,"11",201,0.068,22.5,71.7,Americas
Brazil,2003,"11",239,0.068,22.5,71.7,Americas
Brazil,2003,"11",218,0.046,22.5,71.7,Americas
Brazil,2003,"11",230,0.046,22.5,71.7,Americas
Brazil,2003,"11",177,0.046,22.5,71.7,Americas
Brazil,2003,"11",201,0.046,22.5,71.7,Americas
Brazil,2003,"11",239,0.046,22.5,71.7,Americas
Brazil,2003,"11",218,0.038,22.5,71.7,Americas
Brazil,2003,"11",230,0.038,22.5,71.7,Americas
Brazil,2003,"11",177,0.038,22.5,71.7,Americas
Brazil,2003,"11",201,0.038,22.5,71.7,Americas
Brazil,2003,"11",239,0.038,22.5,71.7,Americas
Brazil,2003,"12",148,0.053,22.5,71.7,Americas
Brazil,2003,"12",137,0.053,22.5,71.7,Americas
Brazil,2003,"12",155,0.053,22.5,71.7,Americas
Brazil,2003,"12",154,0.053,22.5,71.7,Americas
Brazil,2003,"12",148,0.055,22.5,71.7,Americas
Brazil,2003,"12",137,0.055,22.5,71.7,Americas
Brazil,2003,"12",155,0.055,22.5,71.7,Americas
Brazil,2003,"12",154,0.055,22.5,71.7,Americas
Brazil,2003,"12",148,0.06,22.5,71.7,Americas
Brazil,2003,"12",137,0.06,22.5,71.7,Americas
Brazil,2003,"12",155,0.06,22.5,71.7,Americas
Brazil,2003,"12",154,0.06,22.5,71.7,Americas
Brazil,2003,"12",148,0.049,22.5,71.7,Americas
Brazil,2003,"12",137,0.049,22.5,71.7,Americas
Brazil,2003,"12",155,0.049,22.5,71.7,Americas
Brazil,2003,"12",154,0.049,22.5,71.7,Americas
Brazil,2004,"01",154,0.085,21,72,Americas
Brazil,2004,"01",153,0.085,21,72,Americas
Brazil,2004,"01",145,0.085,21,72,Americas
Brazil,2004,"01",152,0.085,21,72,Americas
Brazil,2004,"01",154,0.057,21,72,Americas
Brazil,2004,"01",153,0.057,21,72,Americas
Brazil,2004,"01",145,0.057,21,72,Americas
Brazil,2004,"01",152,0.057,21,72,Americas
Brazil,2004,"01",154,0.095,21,72,Americas
Brazil,2004,"01",153,0.095,21,72,Americas
Brazil,2004,"01",145,0.095,21,72,Americas
Brazil,2004,"01",152,0.095,21,72,Americas
Brazil,2004,"01",154,0.072,21,72,Americas
Brazil,2004,"01",153,0.072,21,72,Americas
Brazil,2004,"01",145,0.072,21,72,Americas
Brazil,2004,"01",152,0.072,21,72,Americas
Brazil,2004,"02",146,0.069,21,72,Americas
Brazil,2004,"02",228,0.069,21,72,Americas
Brazil,2004,"02",185,0.069,21,72,Americas
Brazil,2004,"02",206,0.069,21,72,Americas
Brazil,2004,"02",187,0.069,21,72,Americas
Brazil,2004,"02",146,0.085,21,72,Americas
Brazil,2004,"02",228,0.085,21,72,Americas
Brazil,2004,"02",185,0.085,21,72,Americas
Brazil,2004,"02",206,0.085,21,72,Americas
Brazil,2004,"02",187,0.085,21,72,Americas
Brazil,2004,"02",146,0.067,21,72,Americas
Brazil,2004,"02",228,0.067,21,72,Americas
Brazil,2004,"02",185,0.067,21,72,Americas
Brazil,2004,"02",206,0.067,21,72,Americas
Brazil,2004,"02",187,0.067,21,72,Americas
Brazil,2004,"02",146,0.088,21,72,Americas
Brazil,2004,"02",228,0.088,21,72,Americas
Brazil,2004,"02",185,0.088,21,72,Americas
Brazil,2004,"02",206,0.088,21,72,Americas
Brazil,2004,"02",187,0.088,21,72,Americas
Brazil,2004,"02",146,0.077,21,72,Americas
Brazil,2004,"02",228,0.077,21,72,Americas
Brazil,2004,"02",185,0.077,21,72,Americas
Brazil,2004,"02",206,0.077,21,72,Americas
Brazil,2004,"02",187,0.077,21,72,Americas
Brazil,2004,"03",244,0.096,21,72,Americas
Brazil,2004,"03",240,0.096,21,72,Americas
Brazil,2004,"03",213,0.096,21,72,Americas
Brazil,2004,"03",243,0.096,21,72,Americas
Brazil,2004,"03",244,0.085,21,72,Americas
Brazil,2004,"03",240,0.085,21,72,Americas
Brazil,2004,"03",213,0.085,21,72,Americas
Brazil,2004,"03",243,0.085,21,72,Americas
Brazil,2004,"03",244,0.096,21,72,Americas
Brazil,2004,"03",240,0.096,21,72,Americas
Brazil,2004,"03",213,0.096,21,72,Americas
Brazil,2004,"03",243,0.096,21,72,Americas
Brazil,2004,"03",244,0.071,21,72,Americas
Brazil,2004,"03",240,0.071,21,72,Americas
Brazil,2004,"03",213,0.071,21,72,Americas
Brazil,2004,"03",243,0.071,21,72,Americas
Brazil,2004,"04",251,0.071,21,72,Americas
Brazil,2004,"04",272,0.071,21,72,Americas
Brazil,2004,"04",243,0.071,21,72,Americas
Brazil,2004,"04",239,0.071,21,72,Americas
Brazil,2004,"04",251,0.054,21,72,Americas
Brazil,2004,"04",272,0.054,21,72,Americas
Brazil,2004,"04",243,0.054,21,72,Americas
Brazil,2004,"04",239,0.054,21,72,Americas
Brazil,2004,"04",251,0.067,21,72,Americas
Brazil,2004,"04",272,0.067,21,72,Americas
Brazil,2004,"04",243,0.067,21,72,Americas
Brazil,2004,"04",239,0.067,21,72,Americas
Brazil,2004,"04",251,0.027,21,72,Americas
Brazil,2004,"04",272,0.027,21,72,Americas
Brazil,2004,"04",243,0.027,21,72,Americas
Brazil,2004,"04",239,0.027,21,72,Americas
Brazil,2004,"05",275,0.04,21,72,Americas
Brazil,2004,"05",353,0.04,21,72,Americas
Brazil,2004,"05",293,0.04,21,72,Americas
Brazil,2004,"05",346,0.04,21,72,Americas
Brazil,2004,"05",309,0.04,21,72,Americas
Brazil,2004,"05",275,0.039,21,72,Americas
Brazil,2004,"05",353,0.039,21,72,Americas
Brazil,2004,"05",293,0.039,21,72,Americas
Brazil,2004,"05",346,0.039,21,72,Americas
Brazil,2004,"05",309,0.039,21,72,Americas
Brazil,2004,"05",275,0.03,21,72,Americas
Brazil,2004,"05",353,0.03,21,72,Americas
Brazil,2004,"05",293,0.03,21,72,Americas
Brazil,2004,"05",346,0.03,21,72,Americas
Brazil,2004,"05",309,0.03,21,72,Americas
Brazil,2004,"05",275,0.031,21,72,Americas
Brazil,2004,"05",353,0.031,21,72,Americas
Brazil,2004,"05",293,0.031,21,72,Americas
Brazil,2004,"05",346,0.031,21,72,Americas
Brazil,2004,"05",309,0.031,21,72,Americas
Brazil,2004,"05",275,0.043,21,72,Americas
Brazil,2004,"05",353,0.043,21,72,Americas
Brazil,2004,"05",293,0.043,21,72,Americas
Brazil,2004,"05",346,0.043,21,72,Americas
Brazil,2004,"05",309,0.043,21,72,Americas
Brazil,2004,"06",360,0.032,21,72,Americas
Brazil,2004,"06",336,0.032,21,72,Americas
Brazil,2004,"06",319,0.032,21,72,Americas
Brazil,2004,"06",316,0.032,21,72,Americas
Brazil,2004,"06",360,0.022,21,72,Americas
Brazil,2004,"06",336,0.022,21,72,Americas
Brazil,2004,"06",319,0.022,21,72,Americas
Brazil,2004,"06",316,0.022,21,72,Americas
Brazil,2004,"06",360,0.032,21,72,Americas
Brazil,2004,"06",336,0.032,21,72,Americas
Brazil,2004,"06",319,0.032,21,72,Americas
Brazil,2004,"06",316,0.032,21,72,Americas
Brazil,2004,"06",360,0.024,21,72,Americas
Brazil,2004,"06",336,0.024,21,72,Americas
Brazil,2004,"06",319,0.024,21,72,Americas
Brazil,2004,"06",316,0.024,21,72,Americas
Brazil,2004,"07",287,0.01,21,72,Americas
Brazil,2004,"07",257,0.01,21,72,Americas
Brazil,2004,"07",282,0.01,21,72,Americas
Brazil,2004,"07",249,0.01,21,72,Americas
Brazil,2004,"07",287,0.028,21,72,Americas
Brazil,2004,"07",257,0.028,21,72,Americas
Brazil,2004,"07",282,0.028,21,72,Americas
Brazil,2004,"07",249,0.028,21,72,Americas
Brazil,2004,"07",287,0.017,21,72,Americas
Brazil,2004,"07",257,0.017,21,72,Americas
Brazil,2004,"07",282,0.017,21,72,Americas
Brazil,2004,"07",249,0.017,21,72,Americas
Brazil,2004,"07",287,0.017,21,72,Americas
Brazil,2004,"07",257,0.017,21,72,Americas
Brazil,2004,"07",282,0.017,21,72,Americas
Brazil,2004,"07",249,0.017,21,72,Americas
Brazil,2004,"08",274,0.02,21,72,Americas
Brazil,2004,"08",304,0.02,21,72,Americas
Brazil,2004,"08",273,0.02,21,72,Americas
Brazil,2004,"08",298,0.02,21,72,Americas
Brazil,2004,"08",263,0.02,21,72,Americas
Brazil,2004,"08",274,0.026,21,72,Americas
Brazil,2004,"08",304,0.026,21,72,Americas
Brazil,2004,"08",273,0.026,21,72,Americas
Brazil,2004,"08",298,0.026,21,72,Americas
Brazil,2004,"08",263,0.026,21,72,Americas
Brazil,2004,"08",274,0.019,21,72,Americas
Brazil,2004,"08",304,0.019,21,72,Americas
Brazil,2004,"08",273,0.019,21,72,Americas
Brazil,2004,"08",298,0.019,21,72,Americas
Brazil,2004,"08",263,0.019,21,72,Americas
Brazil,2004,"08",274,0.018,21,72,Americas
Brazil,2004,"08",304,0.018,21,72,Americas
Brazil,2004,"08",273,0.018,21,72,Americas
Brazil,2004,"08",298,0.018,21,72,Americas
Brazil,2004,"08",263,0.018,21,72,Americas
Brazil,2004,"08",274,0.013,21,72,Americas
Brazil,2004,"08",304,0.013,21,72,Americas
Brazil,2004,"08",273,0.013,21,72,Americas
Brazil,2004,"08",298,0.013,21,72,Americas
Brazil,2004,"08",263,0.013,21,72,Americas
Brazil,2004,"09",293,0.019,21,72,Americas
Brazil,2004,"09",261,0.019,21,72,Americas
Brazil,2004,"09",267,0.019,21,72,Americas
Brazil,2004,"09",285,0.019,21,72,Americas
Brazil,2004,"09",293,0.026,21,72,Americas
Brazil,2004,"09",261,0.026,21,72,Americas
Brazil,2004,"09",267,0.026,21,72,Americas
Brazil,2004,"09",285,0.026,21,72,Americas
Brazil,2004,"09",293,0.022,21,72,Americas
Brazil,2004,"09",261,0.022,21,72,Americas
Brazil,2004,"09",267,0.022,21,72,Americas
Brazil,2004,"09",285,0.022,21,72,Americas
Brazil,2004,"09",293,0.031,21,72,Americas
Brazil,2004,"09",261,0.031,21,72,Americas
Brazil,2004,"09",267,0.031,21,72,Americas
Brazil,2004,"09",285,0.031,21,72,Americas
Brazil,2004,"10",247,0.047,21,72,Americas
Brazil,2004,"10",281,0.047,21,72,Americas
Brazil,2004,"10",249,0.047,21,72,Americas
Brazil,2004,"10",249,0.047,21,72,Americas
Brazil,2004,"10",250,0.047,21,72,Americas
Brazil,2004,"10",247,0.015,21,72,Americas
Brazil,2004,"10",281,0.015,21,72,Americas
Brazil,2004,"10",249,0.015,21,72,Americas
Brazil,2004,"10",249,0.015,21,72,Americas
Brazil,2004,"10",250,0.015,21,72,Americas
Brazil,2004,"10",247,0.045,21,72,Americas
Brazil,2004,"10",281,0.045,21,72,Americas
Brazil,2004,"10",249,0.045,21,72,Americas
Brazil,2004,"10",249,0.045,21,72,Americas
Brazil,2004,"10",250,0.045,21,72,Americas
Brazil,2004,"10",247,0.021,21,72,Americas
Brazil,2004,"10",281,0.021,21,72,Americas
Brazil,2004,"10",249,0.021,21,72,Americas
Brazil,2004,"10",249,0.021,21,72,Americas
Brazil,2004,"10",250,0.021,21,72,Americas
Brazil,2004,"10",247,0.041,21,72,Americas
Brazil,2004,"10",281,0.041,21,72,Americas
Brazil,2004,"10",249,0.041,21,72,Americas
Brazil,2004,"10",249,0.041,21,72,Americas
Brazil,2004,"10",250,0.041,21,72,Americas
Brazil,2004,"11",204,0.057,21,72,Americas
Brazil,2004,"11",270,0.057,21,72,Americas
Brazil,2004,"11",262,0.057,21,72,Americas
Brazil,2004,"11",259,0.057,21,72,Americas
Brazil,2004,"11",204,0.078,21,72,Americas
Brazil,2004,"11",270,0.078,21,72,Americas
Brazil,2004,"11",262,0.078,21,72,Americas
Brazil,2004,"11",259,0.078,21,72,Americas
Brazil,2004,"11",204,0.046,21,72,Americas
Brazil,2004,"11",270,0.046,21,72,Americas
Brazil,2004,"11",262,0.046,21,72,Americas
Brazil,2004,"11",259,0.046,21,72,Americas
Brazil,2004,"11",204,0.059,21,72,Americas
Brazil,2004,"11",270,0.059,21,72,Americas
Brazil,2004,"11",262,0.059,21,72,Americas
Brazil,2004,"11",259,0.059,21,72,Americas
Brazil,2004,"12",168,0.032,21,72,Americas
Brazil,2004,"12",172,0.032,21,72,Americas
Brazil,2004,"12",164,0.032,21,72,Americas
Brazil,2004,"12",188,0.032,21,72,Americas
Brazil,2004,"12",168,0.04,21,72,Americas
Brazil,2004,"12",172,0.04,21,72,Americas
Brazil,2004,"12",164,0.04,21,72,Americas
Brazil,2004,"12",188,0.04,21,72,Americas
Brazil,2004,"12",168,0.033,21,72,Americas
Brazil,2004,"12",172,0.033,21,72,Americas
Brazil,2004,"12",164,0.033,21,72,Americas
Brazil,2004,"12",188,0.033,21,72,Americas
Brazil,2004,"12",168,0.045,21,72,Americas
Brazil,2004,"12",172,0.045,21,72,Americas
Brazil,2004,"12",164,0.045,21,72,Americas
Brazil,2004,"12",188,0.045,21,72,Americas
Brazil,2005,"01",160,0.057,19.5,72.4,Americas
Brazil,2005,"01",157,0.057,19.5,72.4,Americas
Brazil,2005,"01",163,0.057,19.5,72.4,Americas
Brazil,2005,"01",174,0.057,19.5,72.4,Americas
Brazil,2005,"01",170,0.057,19.5,72.4,Americas
Brazil,2005,"01",160,0.062,19.5,72.4,Americas
Brazil,2005,"01",157,0.062,19.5,72.4,Americas
Brazil,2005,"01",163,0.062,19.5,72.4,Americas
Brazil,2005,"01",174,0.062,19.5,72.4,Americas
Brazil,2005,"01",170,0.062,19.5,72.4,Americas
Brazil,2005,"01",160,0.07,19.5,72.4,Americas
Brazil,2005,"01",157,0.07,19.5,72.4,Americas
Brazil,2005,"01",163,0.07,19.5,72.4,Americas
Brazil,2005,"01",174,0.07,19.5,72.4,Americas
Brazil,2005,"01",170,0.07,19.5,72.4,Americas
Brazil,2005,"01",160,0.062,19.5,72.4,Americas
Brazil,2005,"01",157,0.062,19.5,72.4,Americas
Brazil,2005,"01",163,0.062,19.5,72.4,Americas
Brazil,2005,"01",174,0.062,19.5,72.4,Americas
Brazil,2005,"01",170,0.062,19.5,72.4,Americas
Brazil,2005,"01",160,0.063,19.5,72.4,Americas
Brazil,2005,"01",157,0.063,19.5,72.4,Americas
Brazil,2005,"01",163,0.063,19.5,72.4,Americas
Brazil,2005,"01",174,0.063,19.5,72.4,Americas
Brazil,2005,"01",170,0.063,19.5,72.4,Americas
Brazil,2005,"02",204,0.072,19.5,72.4,Americas
Brazil,2005,"02",191,0.072,19.5,72.4,Americas
Brazil,2005,"02",197,0.072,19.5,72.4,Americas
Brazil,2005,"02",204,0.072,19.5,72.4,Americas
Brazil,2005,"02",204,0.086,19.5,72.4,Americas
Brazil,2005,"02",191,0.086,19.5,72.4,Americas
Brazil,2005,"02",197,0.086,19.5,72.4,Americas
Brazil,2005,"02",204,0.086,19.5,72.4,Americas
Brazil,2005,"02",204,0.074,19.5,72.4,Americas
Brazil,2005,"02",191,0.074,19.5,72.4,Americas
Brazil,2005,"02",197,0.074,19.5,72.4,Americas
Brazil,2005,"02",204,0.074,19.5,72.4,Americas
Brazil,2005,"02",204,0.04,19.5,72.4,Americas
Brazil,2005,"02",191,0.04,19.5,72.4,Americas
Brazil,2005,"02",197,0.04,19.5,72.4,Americas
Brazil,2005,"02",204,0.04,19.5,72.4,Americas
Brazil,2005,"03",213,0.091,19.5,72.4,Americas
Brazil,2005,"03",263,0.091,19.5,72.4,Americas
Brazil,2005,"03",232,0.091,19.5,72.4,Americas
Brazil,2005,"03",204,0.091,19.5,72.4,Americas
Brazil,2005,"03",213,0.068,19.5,72.4,Americas
Brazil,2005,"03",263,0.068,19.5,72.4,Americas
Brazil,2005,"03",232,0.068,19.5,72.4,Americas
Brazil,2005,"03",204,0.068,19.5,72.4,Americas
Brazil,2005,"03",213,0.079,19.5,72.4,Americas
Brazil,2005,"03",263,0.079,19.5,72.4,Americas
Brazil,2005,"03",232,0.079,19.5,72.4,Americas
Brazil,2005,"03",204,0.079,19.5,72.4,Americas
Brazil,2005,"03",213,0.074,19.5,72.4,Americas
Brazil,2005,"03",263,0.074,19.5,72.4,Americas
Brazil,2005,"03",232,0.074,19.5,72.4,Americas
Brazil,2005,"03",204,0.074,19.5,72.4,Americas
Brazil,2005,"04",286,0.062,19.5,72.4,Americas
Brazil,2005,"04",276,0.062,19.5,72.4,Americas
Brazil,2005,"04",300,0.062,19.5,72.4,Americas
Brazil,2005,"04",259,0.062,19.5,72.4,Americas
Brazil,2005,"04",286,0.067,19.5,72.4,Americas
Brazil,2005,"04",276,0.067,19.5,72.4,Americas
Brazil,2005,"04",300,0.067,19.5,72.4,Americas
Brazil,2005,"04",259,0.067,19.5,72.4,Americas
Brazil,2005,"04",286,0.057,19.5,72.4,Americas
Brazil,2005,"04",276,0.057,19.5,72.4,Americas
Brazil,2005,"04",300,0.057,19.5,72.4,Americas
Brazil,2005,"04",259,0.057,19.5,72.4,Americas
Brazil,2005,"04",286,0.062,19.5,72.4,Americas
Brazil,2005,"04",276,0.062,19.5,72.4,Americas
Brazil,2005,"04",300,0.062,19.5,72.4,Americas
Brazil,2005,"04",259,0.062,19.5,72.4,Americas
Brazil,2005,"05",310,0.067,19.5,72.4,Americas
Brazil,2005,"05",350,0.067,19.5,72.4,Americas
Brazil,2005,"05",330,0.067,19.5,72.4,Americas
Brazil,2005,"05",320,0.067,19.5,72.4,Americas
Brazil,2005,"05",355,0.067,19.5,72.4,Americas
Brazil,2005,"05",310,0.05,19.5,72.4,Americas
Brazil,2005,"05",350,0.05,19.5,72.4,Americas
Brazil,2005,"05",330,0.05,19.5,72.4,Americas
Brazil,2005,"05",320,0.05,19.5,72.4,Americas
Brazil,2005,"05",355,0.05,19.5,72.4,Americas
Brazil,2005,"05",310,0.063,19.5,72.4,Americas
Brazil,2005,"05",350,0.063,19.5,72.4,Americas
Brazil,2005,"05",330,0.063,19.5,72.4,Americas
Brazil,2005,"05",320,0.063,19.5,72.4,Americas
Brazil,2005,"05",355,0.063,19.5,72.4,Americas
Brazil,2005,"05",310,0.058,19.5,72.4,Americas
Brazil,2005,"05",350,0.058,19.5,72.4,Americas
Brazil,2005,"05",330,0.058,19.5,72.4,Americas
Brazil,2005,"05",320,0.058,19.5,72.4,Americas
Brazil,2005,"05",355,0.058,19.5,72.4,Americas
Brazil,2005,"05",310,0.059,19.5,72.4,Americas
Brazil,2005,"05",350,0.059,19.5,72.4,Americas
Brazil,2005,"05",330,0.059,19.5,72.4,Americas
Brazil,2005,"05",320,0.059,19.5,72.4,Americas
Brazil,2005,"05",355,0.059,19.5,72.4,Americas
Brazil,2005,"06",324,0.056,19.5,72.4,Americas
Brazil,2005,"06",288,0.056,19.5,72.4,Americas
Brazil,2005,"06",289,0.056,19.5,72.4,Americas
Brazil,2005,"06",333,0.056,19.5,72.4,Americas
Brazil,2005,"06",324,0.056,19.5,72.4,Americas
Brazil,2005,"06",288,0.056,19.5,72.4,Americas
Brazil,2005,"06",289,0.056,19.5,72.4,Americas
Brazil,2005,"06",333,0.056,19.5,72.4,Americas
Brazil,2005,"06",324,0.041,19.5,72.4,Americas
Brazil,2005,"06",288,0.041,19.5,72.4,Americas
Brazil,2005,"06",289,0.041,19.5,72.4,Americas
Brazil,2005,"06",333,0.041,19.5,72.4,Americas
Brazil,2005,"06",324,0.05,19.5,72.4,Americas
Brazil,2005,"06",288,0.05,19.5,72.4,Americas
Brazil,2005,"06",289,0.05,19.5,72.4,Americas
Brazil,2005,"06",333,0.05,19.5,72.4,Americas
Brazil,2005,"07",245,0.049,19.5,72.4,Americas
Brazil,2005,"07",259,0.049,19.5,72.4,Americas
Brazil,2005,"07",259,0.049,19.5,72.4,Americas
Brazil,2005,"07",277,0.049,19.5,72.4,Americas
Brazil,2005,"07",289,0.049,19.5,72.4,Americas
Brazil,2005,"07",245,0.042,19.5,72.4,Americas
Brazil,2005,"07",259,0.042,19.5,72.4,Americas
Brazil,2005,"07",259,0.042,19.5,72.4,Americas
Brazil,2005,"07",277,0.042,19.5,72.4,Americas
Brazil,2005,"07",289,0.042,19.5,72.4,Americas
Brazil,2005,"07",245,0.034,19.5,72.4,Americas
Brazil,2005,"07",259,0.034,19.5,72.4,Americas
Brazil,2005,"07",259,0.034,19.5,72.4,Americas
Brazil,2005,"07",277,0.034,19.5,72.4,Americas
Brazil,2005,"07",289,0.034,19.5,72.4,Americas
Brazil,2005,"07",245,0.035,19.5,72.4,Americas
Brazil,2005,"07",259,0.035,19.5,72.4,Americas
Brazil,2005,"07",259,0.035,19.5,72.4,Americas
Brazil,2005,"07",277,0.035,19.5,72.4,Americas
Brazil,2005,"07",289,0.035,19.5,72.4,Americas
Brazil,2005,"07",245,0.051,19.5,72.4,Americas
Brazil,2005,"07",259,0.051,19.5,72.4,Americas
Brazil,2005,"07",259,0.051,19.5,72.4,Americas
Brazil,2005,"07",277,0.051,19.5,72.4,Americas
Brazil,2005,"07",289,0.051,19.5,72.4,Americas
Brazil,2005,"08",292,0.052,19.5,72.4,Americas
Brazil,2005,"08",281,0.052,19.5,72.4,Americas
Brazil,2005,"08",289,0.052,19.5,72.4,Americas
Brazil,2005,"08",286,0.052,19.5,72.4,Americas
Brazil,2005,"08",292,0.026,19.5,72.4,Americas
Brazil,2005,"08",281,0.026,19.5,72.4,Americas
Brazil,2005,"08",289,0.026,19.5,72.4,Americas
Brazil,2005,"08",286,0.026,19.5,72.4,Americas
Brazil,2005,"08",292,0.035,19.5,72.4,Americas
Brazil,2005,"08",281,0.035,19.5,72.4,Americas
Brazil,2005,"08",289,0.035,19.5,72.4,Americas
Brazil,2005,"08",286,0.035,19.5,72.4,Americas
Brazil,2005,"08",292,0.052,19.5,72.4,Americas
Brazil,2005,"08",281,0.052,19.5,72.4,Americas
Brazil,2005,"08",289,0.052,19.5,72.4,Americas
Brazil,2005,"08",286,0.052,19.5,72.4,Americas
Brazil,2005,"09",261,0.026,19.5,72.4,Americas
Brazil,2005,"09",258,0.026,19.5,72.4,Americas
Brazil,2005,"09",254,0.026,19.5,72.4,Americas
Brazil,2005,"09",271,0.026,19.5,72.4,Americas
Brazil,2005,"09",261,0.029,19.5,72.4,Americas
Brazil,2005,"09",258,0.029,19.5,72.4,Americas
Brazil,2005,"09",254,0.029,19.5,72.4,Americas
Brazil,2005,"09",271,0.029,19.5,72.4,Americas
Brazil,2005,"09",261,0.029,19.5,72.4,Americas
Brazil,2005,"09",258,0.029,19.5,72.4,Americas
Brazil,2005,"09",254,0.029,19.5,72.4,Americas
Brazil,2005,"09",271,0.029,19.5,72.4,Americas
Brazil,2005,"09",261,0.025,19.5,72.4,Americas
Brazil,2005,"09",258,0.025,19.5,72.4,Americas
Brazil,2005,"09",254,0.025,19.5,72.4,Americas
Brazil,2005,"09",271,0.025,19.5,72.4,Americas
Brazil,2005,"10",280,0.028,19.5,72.4,Americas
Brazil,2005,"10",276,0.028,19.5,72.4,Americas
Brazil,2005,"10",271,0.028,19.5,72.4,Americas
Brazil,2005,"10",278,0.028,19.5,72.4,Americas
Brazil,2005,"10",266,0.028,19.5,72.4,Americas
Brazil,2005,"10",280,0.03,19.5,72.4,Americas
Brazil,2005,"10",276,0.03,19.5,72.4,Americas
Brazil,2005,"10",271,0.03,19.5,72.4,Americas
Brazil,2005,"10",278,0.03,19.5,72.4,Americas
Brazil,2005,"10",266,0.03,19.5,72.4,Americas
Brazil,2005,"10",280,0.048,19.5,72.4,Americas
Brazil,2005,"10",276,0.048,19.5,72.4,Americas
Brazil,2005,"10",271,0.048,19.5,72.4,Americas
Brazil,2005,"10",278,0.048,19.5,72.4,Americas
Brazil,2005,"10",266,0.048,19.5,72.4,Americas
Brazil,2005,"10",280,0.041,19.5,72.4,Americas
Brazil,2005,"10",276,0.041,19.5,72.4,Americas
Brazil,2005,"10",271,0.041,19.5,72.4,Americas
Brazil,2005,"10",278,0.041,19.5,72.4,Americas
Brazil,2005,"10",266,0.041,19.5,72.4,Americas
Brazil,2005,"10",280,0.043,19.5,72.4,Americas
Brazil,2005,"10",276,0.043,19.5,72.4,Americas
Brazil,2005,"10",271,0.043,19.5,72.4,Americas
Brazil,2005,"10",278,0.043,19.5,72.4,Americas
Brazil,2005,"10",266,0.043,19.5,72.4,Americas
Brazil,2005,"11",272,0.032,19.5,72.4,Americas
Brazil,2005,"11",228,0.032,19.5,72.4,Americas
Brazil,2005,"11",295,0.032,19.5,72.4,Americas
Brazil,2005,"11",278,0.032,19.5,72.4,Americas
Brazil,2005,"11",272,0.046,19.5,72.4,Americas
Brazil,2005,"11",228,0.046,19.5,72.4,Americas
Brazil,2005,"11",295,0.046,19.5,72.4,Americas
Brazil,2005,"11",278,0.046,19.5,72.4,Americas
Brazil,2005,"11",272,0.067,19.5,72.4,Americas
Brazil,2005,"11",228,0.067,19.5,72.4,Americas
Brazil,2005,"11",295,0.067,19.5,72.4,Americas
Brazil,2005,"11",278,0.067,19.5,72.4,Americas
Brazil,2005,"11",272,0.069,19.5,72.4,Americas
Brazil,2005,"11",228,0.069,19.5,72.4,Americas
Brazil,2005,"11",295,0.069,19.5,72.4,Americas
Brazil,2005,"11",278,0.069,19.5,72.4,Americas
Brazil,2005,"12",188,0.027,19.5,72.4,Americas
Brazil,2005,"12",194,0.027,19.5,72.4,Americas
Brazil,2005,"12",175,0.027,19.5,72.4,Americas
Brazil,2005,"12",172,0.027,19.5,72.4,Americas
Brazil,2005,"12",188,0.046,19.5,72.4,Americas
Brazil,2005,"12",194,0.046,19.5,72.4,Americas
Brazil,2005,"12",175,0.046,19.5,72.4,Americas
Brazil,2005,"12",172,0.046,19.5,72.4,Americas
Brazil,2005,"12",188,0.037,19.5,72.4,Americas
Brazil,2005,"12",194,0.037,19.5,72.4,Americas
Brazil,2005,"12",175,0.037,19.5,72.4,Americas
Brazil,2005,"12",172,0.037,19.5,72.4,Americas
Brazil,2005,"12",188,0.043,19.5,72.4,Americas
Brazil,2005,"12",194,0.043,19.5,72.4,Americas
Brazil,2005,"12",175,0.043,19.5,72.4,Americas
Brazil,2005,"12",172,0.043,19.5,72.4,Americas
Brazil,2006,"01",166,0.133,18.2,72.7,Americas
Brazil,2006,"01",182,0.133,18.2,72.7,Americas
Brazil,2006,"01",176,0.133,18.2,72.7,Americas
Brazil,2006,"01",159,0.133,18.2,72.7,Americas
Brazil,2006,"01",192,0.133,18.2,72.7,Americas
Brazil,2006,"01",166,0.088,18.2,72.7,Americas
Brazil,2006,"01",182,0.088,18.2,72.7,Americas
Brazil,2006,"01",176,0.088,18.2,72.7,Americas
Brazil,2006,"01",159,0.088,18.2,72.7,Americas
Brazil,2006,"01",192,0.088,18.2,72.7,Americas
Brazil,2006,"01",166,0.127,18.2,72.7,Americas
Brazil,2006,"01",182,0.127,18.2,72.7,Americas
Brazil,2006,"01",176,0.127,18.2,72.7,Americas
Brazil,2006,"01",159,0.127,18.2,72.7,Americas
Brazil,2006,"01",192,0.127,18.2,72.7,Americas
Brazil,2006,"01",166,0.067,18.2,72.7,Americas
Brazil,2006,"01",182,0.067,18.2,72.7,Americas
Brazil,2006,"01",176,0.067,18.2,72.7,Americas
Brazil,2006,"01",159,0.067,18.2,72.7,Americas
Brazil,2006,"01",192,0.067,18.2,72.7,Americas
Brazil,2006,"01",166,0.055,18.2,72.7,Americas
Brazil,2006,"01",182,0.055,18.2,72.7,Americas
Brazil,2006,"01",176,0.055,18.2,72.7,Americas
Brazil,2006,"01",159,0.055,18.2,72.7,Americas
Brazil,2006,"01",192,0.055,18.2,72.7,Americas
Brazil,2006,"02",171,0.137,18.2,72.7,Americas
Brazil,2006,"02",165,0.137,18.2,72.7,Americas
Brazil,2006,"02",196,0.137,18.2,72.7,Americas
Brazil,2006,"02",208,0.137,18.2,72.7,Americas
Brazil,2006,"02",171,0.145,18.2,72.7,Americas
Brazil,2006,"02",165,0.145,18.2,72.7,Americas
Brazil,2006,"02",196,0.145,18.2,72.7,Americas
Brazil,2006,"02",208,0.145,18.2,72.7,Americas
Brazil,2006,"02",171,0.136,18.2,72.7,Americas
Brazil,2006,"02",165,0.136,18.2,72.7,Americas
Brazil,2006,"02",196,0.136,18.2,72.7,Americas
Brazil,2006,"02",208,0.136,18.2,72.7,Americas
Brazil,2006,"02",171,0.162,18.2,72.7,Americas
Brazil,2006,"02",165,0.162,18.2,72.7,Americas
Brazil,2006,"02",196,0.162,18.2,72.7,Americas
Brazil,2006,"02",208,0.162,18.2,72.7,Americas
Brazil,2006,"03",245,0.161,18.2,72.7,Americas
Brazil,2006,"03",223,0.161,18.2,72.7,Americas
Brazil,2006,"03",246,0.161,18.2,72.7,Americas
Brazil,2006,"03",262,0.161,18.2,72.7,Americas
Brazil,2006,"03",245,0.167,18.2,72.7,Americas
Brazil,2006,"03",223,0.167,18.2,72.7,Americas
Brazil,2006,"03",246,0.167,18.2,72.7,Americas
Brazil,2006,"03",262,0.167,18.2,72.7,Americas
Brazil,2006,"03",245,0.175,18.2,72.7,Americas
Brazil,2006,"03",223,0.175,18.2,72.7,Americas
Brazil,2006,"03",246,0.175,18.2,72.7,Americas
Brazil,2006,"03",262,0.175,18.2,72.7,Americas
Brazil,2006,"03",245,0.156,18.2,72.7,Americas
Brazil,2006,"03",223,0.156,18.2,72.7,Americas
Brazil,2006,"03",246,0.156,18.2,72.7,Americas
Brazil,2006,"03",262,0.156,18.2,72.7,Americas
Brazil,2006,"04",325,0.211,18.2,72.7,Americas
Brazil,2006,"04",275,0.211,18.2,72.7,Americas
Brazil,2006,"04",253,0.211,18.2,72.7,Americas
Brazil,2006,"04",289,0.211,18.2,72.7,Americas
Brazil,2006,"04",311,0.211,18.2,72.7,Americas
Brazil,2006,"04",325,0.187,18.2,72.7,Americas
Brazil,2006,"04",275,0.187,18.2,72.7,Americas
Brazil,2006,"04",253,0.187,18.2,72.7,Americas
Brazil,2006,"04",289,0.187,18.2,72.7,Americas
Brazil,2006,"04",311,0.187,18.2,72.7,Americas
Brazil,2006,"04",325,0.197,18.2,72.7,Americas
Brazil,2006,"04",275,0.197,18.2,72.7,Americas
Brazil,2006,"04",253,0.197,18.2,72.7,Americas
Brazil,2006,"04",289,0.197,18.2,72.7,Americas
Brazil,2006,"04",311,0.197,18.2,72.7,Americas
Brazil,2006,"04",325,0.217,18.2,72.7,Americas
Brazil,2006,"04",275,0.217,18.2,72.7,Americas
Brazil,2006,"04",253,0.217,18.2,72.7,Americas
Brazil,2006,"04",289,0.217,18.2,72.7,Americas
Brazil,2006,"04",311,0.217,18.2,72.7,Americas
Brazil,2006,"04",325,0.155,18.2,72.7,Americas
Brazil,2006,"04",275,0.155,18.2,72.7,Americas
Brazil,2006,"04",253,0.155,18.2,72.7,Americas
Brazil,2006,"04",289,0.155,18.2,72.7,Americas
Brazil,2006,"04",311,0.155,18.2,72.7,Americas
Brazil,2006,"05",406,0.158,18.2,72.7,Americas
Brazil,2006,"05",432,0.158,18.2,72.7,Americas
Brazil,2006,"05",339,0.158,18.2,72.7,Americas
Brazil,2006,"05",376,0.158,18.2,72.7,Americas
Brazil,2006,"05",406,0.132,18.2,72.7,Americas
Brazil,2006,"05",432,0.132,18.2,72.7,Americas
Brazil,2006,"05",339,0.132,18.2,72.7,Americas
Brazil,2006,"05",376,0.132,18.2,72.7,Americas
Brazil,2006,"05",406,0.118,18.2,72.7,Americas
Brazil,2006,"05",432,0.118,18.2,72.7,Americas
Brazil,2006,"05",339,0.118,18.2,72.7,Americas
Brazil,2006,"05",376,0.118,18.2,72.7,Americas
Brazil,2006,"05",406,0.119,18.2,72.7,Americas
Brazil,2006,"05",432,0.119,18.2,72.7,Americas
Brazil,2006,"05",339,0.119,18.2,72.7,Americas
Brazil,2006,"05",376,0.119,18.2,72.7,Americas
Brazil,2006,"06",378,0.083,18.2,72.7,Americas
Brazil,2006,"06",409,0.083,18.2,72.7,Americas
Brazil,2006,"06",370,0.083,18.2,72.7,Americas
Brazil,2006,"06",390,0.083,18.2,72.7,Americas
Brazil,2006,"06",378,0.09,18.2,72.7,Americas
Brazil,2006,"06",409,0.09,18.2,72.7,Americas
Brazil,2006,"06",370,0.09,18.2,72.7,Americas
Brazil,2006,"06",390,0.09,18.2,72.7,Americas
Brazil,2006,"06",378,0.063,18.2,72.7,Americas
Brazil,2006,"06",409,0.063,18.2,72.7,Americas
Brazil,2006,"06",370,0.063,18.2,72.7,Americas
Brazil,2006,"06",390,0.063,18.2,72.7,Americas
Brazil,2006,"06",378,0.066,18.2,72.7,Americas
Brazil,2006,"06",409,0.066,18.2,72.7,Americas
Brazil,2006,"06",370,0.066,18.2,72.7,Americas
Brazil,2006,"06",390,0.066,18.2,72.7,Americas
Brazil,2006,"07",302,0.045,18.2,72.7,Americas
Brazil,2006,"07",284,0.045,18.2,72.7,Americas
Brazil,2006,"07",344,0.045,18.2,72.7,Americas
Brazil,2006,"07",317,0.045,18.2,72.7,Americas
Brazil,2006,"07",288,0.045,18.2,72.7,Americas
Brazil,2006,"07",302,0.045,18.2,72.7,Americas
Brazil,2006,"07",284,0.045,18.2,72.7,Americas
Brazil,2006,"07",344,0.045,18.2,72.7,Americas
Brazil,2006,"07",317,0.045,18.2,72.7,Americas
Brazil,2006,"07",288,0.045,18.2,72.7,Americas
Brazil,2006,"07",302,0.044,18.2,72.7,Americas
Brazil,2006,"07",284,0.044,18.2,72.7,Americas
Brazil,2006,"07",344,0.044,18.2,72.7,Americas
Brazil,2006,"07",317,0.044,18.2,72.7,Americas
Brazil,2006,"07",288,0.044,18.2,72.7,Americas
Brazil,2006,"07",302,0.046,18.2,72.7,Americas
Brazil,2006,"07",284,0.046,18.2,72.7,Americas
Brazil,2006,"07",344,0.046,18.2,72.7,Americas
Brazil,2006,"07",317,0.046,18.2,72.7,Americas
Brazil,2006,"07",288,0.046,18.2,72.7,Americas
Brazil,2006,"07",302,0.023,18.2,72.7,Americas
Brazil,2006,"07",284,0.023,18.2,72.7,Americas
Brazil,2006,"07",344,0.023,18.2,72.7,Americas
Brazil,2006,"07",317,0.023,18.2,72.7,Americas
Brazil,2006,"07",288,0.023,18.2,72.7,Americas
Brazil,2006,"08",281,0.039,18.2,72.7,Americas
Brazil,2006,"08",312,0.039,18.2,72.7,Americas
Brazil,2006,"08",298,0.039,18.2,72.7,Americas
Brazil,2006,"08",291,0.039,18.2,72.7,Americas
Brazil,2006,"08",281,0.043,18.2,72.7,Americas
Brazil,2006,"08",312,0.043,18.2,72.7,Americas
Brazil,2006,"08",298,0.043,18.2,72.7,Americas
Brazil,2006,"08",291,0.043,18.2,72.7,Americas
Brazil,2006,"08",281,0.034,18.2,72.7,Americas
Brazil,2006,"08",312,0.034,18.2,72.7,Americas
Brazil,2006,"08",298,0.034,18.2,72.7,Americas
Brazil,2006,"08",291,0.034,18.2,72.7,Americas
Brazil,2006,"08",281,0.041,18.2,72.7,Americas
Brazil,2006,"08",312,0.041,18.2,72.7,Americas
Brazil,2006,"08",298,0.041,18.2,72.7,Americas
Brazil,2006,"08",291,0.041,18.2,72.7,Americas
Brazil,2006,"09",271,0.036,18.2,72.7,Americas
Brazil,2006,"09",267,0.036,18.2,72.7,Americas
Brazil,2006,"09",300,0.036,18.2,72.7,Americas
Brazil,2006,"09",245,0.036,18.2,72.7,Americas
Brazil,2006,"09",271,0.031,18.2,72.7,Americas
Brazil,2006,"09",267,0.031,18.2,72.7,Americas
Brazil,2006,"09",300,0.031,18.2,72.7,Americas
Brazil,2006,"09",245,0.031,18.2,72.7,Americas
Brazil,2006,"09",271,0.026,18.2,72.7,Americas
Brazil,2006,"09",267,0.026,18.2,72.7,Americas
Brazil,2006,"09",300,0.026,18.2,72.7,Americas
Brazil,2006,"09",245,0.026,18.2,72.7,Americas
Brazil,2006,"09",271,0.043,18.2,72.7,Americas
Brazil,2006,"09",267,0.043,18.2,72.7,Americas
Brazil,2006,"09",300,0.043,18.2,72.7,Americas
Brazil,2006,"09",245,0.043,18.2,72.7,Americas
Brazil,2006,"10",226,0.032,18.2,72.7,Americas
Brazil,2006,"10",260,0.032,18.2,72.7,Americas
Brazil,2006,"10",250,0.032,18.2,72.7,Americas
Brazil,2006,"10",228,0.032,18.2,72.7,Americas
Brazil,2006,"10",247,0.032,18.2,72.7,Americas
Brazil,2006,"10",226,0.036,18.2,72.7,Americas
Brazil,2006,"10",260,0.036,18.2,72.7,Americas
Brazil,2006,"10",250,0.036,18.2,72.7,Americas
Brazil,2006,"10",228,0.036,18.2,72.7,Americas
Brazil,2006,"10",247,0.036,18.2,72.7,Americas
Brazil,2006,"10",226,0.043,18.2,72.7,Americas
Brazil,2006,"10",260,0.043,18.2,72.7,Americas
Brazil,2006,"10",250,0.043,18.2,72.7,Americas
Brazil,2006,"10",228,0.043,18.2,72.7,Americas
Brazil,2006,"10",247,0.043,18.2,72.7,Americas
Brazil,2006,"10",226,0.022,18.2,72.7,Americas
Brazil,2006,"10",260,0.022,18.2,72.7,Americas
Brazil,2006,"10",250,0.022,18.2,72.7,Americas
Brazil,2006,"10",228,0.022,18.2,72.7,Americas
Brazil,2006,"10",247,0.022,18.2,72.7,Americas
Brazil,2006,"10",226,0.026,18.2,72.7,Americas
Brazil,2006,"10",260,0.026,18.2,72.7,Americas
Brazil,2006,"10",250,0.026,18.2,72.7,Americas
Brazil,2006,"10",228,0.026,18.2,72.7,Americas
Brazil,2006,"10",247,0.026,18.2,72.7,Americas
Brazil,2006,"11",257,0.054,18.2,72.7,Americas
Brazil,2006,"11",264,0.054,18.2,72.7,Americas
Brazil,2006,"11",251,0.054,18.2,72.7,Americas
Brazil,2006,"11",221,0.054,18.2,72.7,Americas
Brazil,2006,"11",257,0.052,18.2,72.7,Americas
Brazil,2006,"11",264,0.052,18.2,72.7,Americas
Brazil,2006,"11",251,0.052,18.2,72.7,Americas
Brazil,2006,"11",221,0.052,18.2,72.7,Americas
Brazil,2006,"11",257,0.069,18.2,72.7,Americas
Brazil,2006,"11",264,0.069,18.2,72.7,Americas
Brazil,2006,"11",251,0.069,18.2,72.7,Americas
Brazil,2006,"11",221,0.069,18.2,72.7,Americas
Brazil,2006,"11",257,0.041,18.2,72.7,Americas
Brazil,2006,"11",264,0.041,18.2,72.7,Americas
Brazil,2006,"11",251,0.041,18.2,72.7,Americas
Brazil,2006,"11",221,0.041,18.2,72.7,Americas
Brazil,2006,"12",156,0.054,18.2,72.7,Americas
Brazil,2006,"12",167,0.054,18.2,72.7,Americas
Brazil,2006,"12",158,0.054,18.2,72.7,Americas
Brazil,2006,"12",151,0.054,18.2,72.7,Americas
Brazil,2006,"12",184,0.054,18.2,72.7,Americas
Brazil,2006,"12",156,0.042,18.2,72.7,Americas
Brazil,2006,"12",167,0.042,18.2,72.7,Americas
Brazil,2006,"12",158,0.042,18.2,72.7,Americas
Brazil,2006,"12",151,0.042,18.2,72.7,Americas
Brazil,2006,"12",184,0.042,18.2,72.7,Americas
Brazil,2006,"12",156,0.05,18.2,72.7,Americas
Brazil,2006,"12",167,0.05,18.2,72.7,Americas
Brazil,2006,"12",158,0.05,18.2,72.7,Americas
Brazil,2006,"12",151,0.05,18.2,72.7,Americas
Brazil,2006,"12",184,0.05,18.2,72.7,Americas
Brazil,2006,"12",156,0.059,18.2,72.7,Americas
Brazil,2006,"12",167,0.059,18.2,72.7,Americas
Brazil,2006,"12",158,0.059,18.2,72.7,Americas
Brazil,2006,"12",151,0.059,18.2,72.7,Americas
Brazil,2006,"12",184,0.059,18.2,72.7,Americas
Brazil,2006,"12",156,0.067,18.2,72.7,Americas
Brazil,2006,"12",167,0.067,18.2,72.7,Americas
Brazil,2006,"12",158,0.067,18.2,72.7,Americas
Brazil,2006,"12",151,0.067,18.2,72.7,Americas
Brazil,2006,"12",184,0.067,18.2,72.7,Americas
Brazil,2007,"01",168,0.145,17.1,73,Americas
Brazil,2007,"01",159,0.145,17.1,73,Americas
Brazil,2007,"01",157,0.145,17.1,73,Americas
Brazil,2007,"01",167,0.145,17.1,73,Americas
Brazil,2007,"01",168,0.097,17.1,73,Americas
Brazil,2007,"01",159,0.097,17.1,73,Americas
Brazil,2007,"01",157,0.097,17.1,73,Americas
Brazil,2007,"01",167,0.097,17.1,73,Americas
Brazil,2007,"01",168,0.063,17.1,73,Americas
Brazil,2007,"01",159,0.063,17.1,73,Americas
Brazil,2007,"01",157,0.063,17.1,73,Americas
Brazil,2007,"01",167,0.063,17.1,73,Americas
Brazil,2007,"01",168,0.068,17.1,73,Americas
Brazil,2007,"01",159,0.068,17.1,73,Americas
Brazil,2007,"01",157,0.068,17.1,73,Americas
Brazil,2007,"01",167,0.068,17.1,73,Americas
Brazil,2007,"02",165,0.143,17.1,73,Americas
Brazil,2007,"02",197,0.143,17.1,73,Americas
Brazil,2007,"02",237,0.143,17.1,73,Americas
Brazil,2007,"02",224,0.143,17.1,73,Americas
Brazil,2007,"02",165,0.13,17.1,73,Americas
Brazil,2007,"02",197,0.13,17.1,73,Americas
Brazil,2007,"02",237,0.13,17.1,73,Americas
Brazil,2007,"02",224,0.13,17.1,73,Americas
Brazil,2007,"02",165,0.164,17.1,73,Americas
Brazil,2007,"02",197,0.164,17.1,73,Americas
Brazil,2007,"02",237,0.164,17.1,73,Americas
Brazil,2007,"02",224,0.164,17.1,73,Americas
Brazil,2007,"02",165,0.18,17.1,73,Americas
Brazil,2007,"02",197,0.18,17.1,73,Americas
Brazil,2007,"02",237,0.18,17.1,73,Americas
Brazil,2007,"02",224,0.18,17.1,73,Americas
Brazil,2007,"03",230,0.306,17.1,73,Americas
Brazil,2007,"03",231,0.306,17.1,73,Americas
Brazil,2007,"03",252,0.306,17.1,73,Americas
Brazil,2007,"03",240,0.306,17.1,73,Americas
Brazil,2007,"03",230,0.317,17.1,73,Americas
Brazil,2007,"03",231,0.317,17.1,73,Americas
Brazil,2007,"03",252,0.317,17.1,73,Americas
Brazil,2007,"03",240,0.317,17.1,73,Americas
Brazil,2007,"03",230,0.277,17.1,73,Americas
Brazil,2007,"03",231,0.277,17.1,73,Americas
Brazil,2007,"03",252,0.277,17.1,73,Americas
Brazil,2007,"03",240,0.277,17.1,73,Americas
Brazil,2007,"03",230,0.213,17.1,73,Americas
Brazil,2007,"03",231,0.213,17.1,73,Americas
Brazil,2007,"03",252,0.213,17.1,73,Americas
Brazil,2007,"03",240,0.213,17.1,73,Americas
Brazil,2007,"04",261,0.384,17.1,73,Americas
Brazil,2007,"04",306,0.384,17.1,73,Americas
Brazil,2007,"04",268,0.384,17.1,73,Americas
Brazil,2007,"04",241,0.384,17.1,73,Americas
Brazil,2007,"04",267,0.384,17.1,73,Americas
Brazil,2007,"04",261,0.393,17.1,73,Americas
Brazil,2007,"04",306,0.393,17.1,73,Americas
Brazil,2007,"04",268,0.393,17.1,73,Americas
Brazil,2007,"04",241,0.393,17.1,73,Americas
Brazil,2007,"04",267,0.393,17.1,73,Americas
Brazil,2007,"04",261,0.364,17.1,73,Americas
Brazil,2007,"04",306,0.364,17.1,73,Americas
Brazil,2007,"04",268,0.364,17.1,73,Americas
Brazil,2007,"04",241,0.364,17.1,73,Americas
Brazil,2007,"04",267,0.364,17.1,73,Americas
Brazil,2007,"04",261,0.342,17.1,73,Americas
Brazil,2007,"04",306,0.342,17.1,73,Americas
Brazil,2007,"04",268,0.342,17.1,73,Americas
Brazil,2007,"04",241,0.342,17.1,73,Americas
Brazil,2007,"04",267,0.342,17.1,73,Americas
Brazil,2007,"04",261,0.333,17.1,73,Americas
Brazil,2007,"04",306,0.333,17.1,73,Americas
Brazil,2007,"04",268,0.333,17.1,73,Americas
Brazil,2007,"04",241,0.333,17.1,73,Americas
Brazil,2007,"04",267,0.333,17.1,73,Americas
Brazil,2007,"05",377,0.173,17.1,73,Americas
Brazil,2007,"05",365,0.173,17.1,73,Americas
Brazil,2007,"05",362,0.173,17.1,73,Americas
Brazil,2007,"05",332,0.173,17.1,73,Americas
Brazil,2007,"05",377,0.253,17.1,73,Americas
Brazil,2007,"05",365,0.253,17.1,73,Americas
Brazil,2007,"05",362,0.253,17.1,73,Americas
Brazil,2007,"05",332,0.253,17.1,73,Americas
Brazil,2007,"05",377,0.269,17.1,73,Americas
Brazil,2007,"05",365,0.269,17.1,73,Americas
Brazil,2007,"05",362,0.269,17.1,73,Americas
Brazil,2007,"05",332,0.269,17.1,73,Americas
Brazil,2007,"05",377,0.221,17.1,73,Americas
Brazil,2007,"05",365,0.221,17.1,73,Americas
Brazil,2007,"05",362,0.221,17.1,73,Americas
Brazil,2007,"05",332,0.221,17.1,73,Americas
Brazil,2007,"06",362,0.13,17.1,73,Americas
Brazil,2007,"06",349,0.13,17.1,73,Americas
Brazil,2007,"06",406,0.13,17.1,73,Americas
Brazil,2007,"06",387,0.13,17.1,73,Americas
Brazil,2007,"06",362,0.101,17.1,73,Americas
Brazil,2007,"06",349,0.101,17.1,73,Americas
Brazil,2007,"06",406,0.101,17.1,73,Americas
Brazil,2007,"06",387,0.101,17.1,73,Americas
Brazil,2007,"06",362,0.18,17.1,73,Americas
Brazil,2007,"06",349,0.18,17.1,73,Americas
Brazil,2007,"06",406,0.18,17.1,73,Americas
Brazil,2007,"06",387,0.18,17.1,73,Americas
Brazil,2007,"06",362,0.146,17.1,73,Americas
Brazil,2007,"06",349,0.146,17.1,73,Americas
Brazil,2007,"06",406,0.146,17.1,73,Americas
Brazil,2007,"06",387,0.146,17.1,73,Americas
Brazil,2007,"07",288,0.1,17.1,73,Americas
Brazil,2007,"07",251,0.1,17.1,73,Americas
Brazil,2007,"07",315,0.1,17.1,73,Americas
Brazil,2007,"07",265,0.1,17.1,73,Americas
Brazil,2007,"07",256,0.1,17.1,73,Americas
Brazil,2007,"07",288,0.088,17.1,73,Americas
Brazil,2007,"07",251,0.088,17.1,73,Americas
Brazil,2007,"07",315,0.088,17.1,73,Americas
Brazil,2007,"07",265,0.088,17.1,73,Americas
Brazil,2007,"07",256,0.088,17.1,73,Americas
Brazil,2007,"07",288,0.074,17.1,73,Americas
Brazil,2007,"07",251,0.074,17.1,73,Americas
Brazil,2007,"07",315,0.074,17.1,73,Americas
Brazil,2007,"07",265,0.074,17.1,73,Americas
Brazil,2007,"07",256,0.074,17.1,73,Americas
Brazil,2007,"07",288,0.087,17.1,73,Americas
Brazil,2007,"07",251,0.087,17.1,73,Americas
Brazil,2007,"07",315,0.087,17.1,73,Americas
Brazil,2007,"07",265,0.087,17.1,73,Americas
Brazil,2007,"07",256,0.087,17.1,73,Americas
Brazil,2007,"07",288,0.075,17.1,73,Americas
Brazil,2007,"07",251,0.075,17.1,73,Americas
Brazil,2007,"07",315,0.075,17.1,73,Americas
Brazil,2007,"07",265,0.075,17.1,73,Americas
Brazil,2007,"07",256,0.075,17.1,73,Americas
Brazil,2007,"08",278,0.045,17.1,73,Americas
Brazil,2007,"08",285,0.045,17.1,73,Americas
Brazil,2007,"08",254,0.045,17.1,73,Americas
Brazil,2007,"08",287,0.045,17.1,73,Americas
Brazil,2007,"08",278,0.05,17.1,73,Americas
Brazil,2007,"08",285,0.05,17.1,73,Americas
Brazil,2007,"08",254,0.05,17.1,73,Americas
Brazil,2007,"08",287,0.05,17.1,73,Americas
Brazil,2007,"08",278,0.051,17.1,73,Americas
Brazil,2007,"08",285,0.051,17.1,73,Americas
Brazil,2007,"08",254,0.051,17.1,73,Americas
Brazil,2007,"08",287,0.051,17.1,73,Americas
Brazil,2007,"08",278,0.054,17.1,73,Americas
Brazil,2007,"08",285,0.054,17.1,73,Americas
Brazil,2007,"08",254,0.054,17.1,73,Americas
Brazil,2007,"08",287,0.054,17.1,73,Americas
Brazil,2007,"09",288,0.062,17.1,73,Americas
Brazil,2007,"09",256,0.062,17.1,73,Americas
Brazil,2007,"09",250,0.062,17.1,73,Americas
Brazil,2007,"09",283,0.062,17.1,73,Americas
Brazil,2007,"09",262,0.062,17.1,73,Americas
Brazil,2007,"09",288,0.068,17.1,73,Americas
Brazil,2007,"09",256,0.068,17.1,73,Americas
Brazil,2007,"09",250,0.068,17.1,73,Americas
Brazil,2007,"09",283,0.068,17.1,73,Americas
Brazil,2007,"09",262,0.068,17.1,73,Americas
Brazil,2007,"09",288,0.065,17.1,73,Americas
Brazil,2007,"09",256,0.065,17.1,73,Americas
Brazil,2007,"09",250,0.065,17.1,73,Americas
Brazil,2007,"09",283,0.065,17.1,73,Americas
Brazil,2007,"09",262,0.065,17.1,73,Americas
Brazil,2007,"09",288,0.055,17.1,73,Americas
Brazil,2007,"09",256,0.055,17.1,73,Americas
Brazil,2007,"09",250,0.055,17.1,73,Americas
Brazil,2007,"09",283,0.055,17.1,73,Americas
Brazil,2007,"09",262,0.055,17.1,73,Americas
Brazil,2007,"09",288,0.059,17.1,73,Americas
Brazil,2007,"09",256,0.059,17.1,73,Americas
Brazil,2007,"09",250,0.059,17.1,73,Americas
Brazil,2007,"09",283,0.059,17.1,73,Americas
Brazil,2007,"09",262,0.059,17.1,73,Americas
Brazil,2007,"10",252,0.079,17.1,73,Americas
Brazil,2007,"10",236,0.079,17.1,73,Americas
Brazil,2007,"10",239,0.079,17.1,73,Americas
Brazil,2007,"10",244,0.079,17.1,73,Americas
Brazil,2007,"10",252,0.122,17.1,73,Americas
Brazil,2007,"10",236,0.122,17.1,73,Americas
Brazil,2007,"10",239,0.122,17.1,73,Americas
Brazil,2007,"10",244,0.122,17.1,73,Americas
Brazil,2007,"10",252,0.119,17.1,73,Americas
Brazil,2007,"10",236,0.119,17.1,73,Americas
Brazil,2007,"10",239,0.119,17.1,73,Americas
Brazil,2007,"10",244,0.119,17.1,73,Americas
Brazil,2007,"10",252,0.121,17.1,73,Americas
Brazil,2007,"10",236,0.121,17.1,73,Americas
Brazil,2007,"10",239,0.121,17.1,73,Americas
Brazil,2007,"10",244,0.121,17.1,73,Americas
Brazil,2007,"11",222,0.125,17.1,73,Americas
Brazil,2007,"11",241,0.125,17.1,73,Americas
Brazil,2007,"11",219,0.125,17.1,73,Americas
Brazil,2007,"11",238,0.125,17.1,73,Americas
Brazil,2007,"11",222,0.134,17.1,73,Americas
Brazil,2007,"11",241,0.134,17.1,73,Americas
Brazil,2007,"11",219,0.134,17.1,73,Americas
Brazil,2007,"11",238,0.134,17.1,73,Americas
Brazil,2007,"11",222,0.099,17.1,73,Americas
Brazil,2007,"11",241,0.099,17.1,73,Americas
Brazil,2007,"11",219,0.099,17.1,73,Americas
Brazil,2007,"11",238,0.099,17.1,73,Americas
Brazil,2007,"11",222,0.131,17.1,73,Americas
Brazil,2007,"11",241,0.131,17.1,73,Americas
Brazil,2007,"11",219,0.131,17.1,73,Americas
Brazil,2007,"11",238,0.131,17.1,73,Americas
Brazil,2007,"12",173,0.116,17.1,73,Americas
Brazil,2007,"12",196,0.116,17.1,73,Americas
Brazil,2007,"12",178,0.116,17.1,73,Americas
Brazil,2007,"12",186,0.116,17.1,73,Americas
Brazil,2007,"12",184,0.116,17.1,73,Americas
Brazil,2007,"12",173,0.123,17.1,73,Americas
Brazil,2007,"12",196,0.123,17.1,73,Americas
Brazil,2007,"12",178,0.123,17.1,73,Americas
Brazil,2007,"12",186,0.123,17.1,73,Americas
Brazil,2007,"12",184,0.123,17.1,73,Americas
Brazil,2007,"12",173,0.105,17.1,73,Americas
Brazil,2007,"12",196,0.105,17.1,73,Americas
Brazil,2007,"12",178,0.105,17.1,73,Americas
Brazil,2007,"12",186,0.105,17.1,73,Americas
Brazil,2007,"12",184,0.105,17.1,73,Americas
Brazil,2007,"12",173,0.15,17.1,73,Americas
Brazil,2007,"12",196,0.15,17.1,73,Americas
Brazil,2007,"12",178,0.15,17.1,73,Americas
Brazil,2007,"12",186,0.15,17.1,73,Americas
Brazil,2007,"12",184,0.15,17.1,73,Americas
Brazil,2007,"12",173,0.194,17.1,73,Americas
Brazil,2007,"12",196,0.194,17.1,73,Americas
Brazil,2007,"12",178,0.194,17.1,73,Americas
Brazil,2007,"12",186,0.194,17.1,73,Americas
Brazil,2007,"12",184,0.194,17.1,73,Americas
Brazil,2008,"01",173,0.165,16.2,73.2,Americas
Brazil,2008,"01",172,0.165,16.2,73.2,Americas
Brazil,2008,"01",168,0.165,16.2,73.2,Americas
Brazil,2008,"01",182,0.165,16.2,73.2,Americas
Brazil,2008,"01",173,0.204,16.2,73.2,Americas
Brazil,2008,"01",172,0.204,16.2,73.2,Americas
Brazil,2008,"01",168,0.204,16.2,73.2,Americas
Brazil,2008,"01",182,0.204,16.2,73.2,Americas
Brazil,2008,"01",173,0.164,16.2,73.2,Americas
Brazil,2008,"01",172,0.164,16.2,73.2,Americas
Brazil,2008,"01",168,0.164,16.2,73.2,Americas
Brazil,2008,"01",182,0.164,16.2,73.2,Americas
Brazil,2008,"01",173,0.175,16.2,73.2,Americas
Brazil,2008,"01",172,0.175,16.2,73.2,Americas
Brazil,2008,"01",168,0.175,16.2,73.2,Americas
Brazil,2008,"01",182,0.175,16.2,73.2,Americas
Brazil,2008,"02",177,0.18,16.2,73.2,Americas
Brazil,2008,"02",193,0.18,16.2,73.2,Americas
Brazil,2008,"02",192,0.18,16.2,73.2,Americas
Brazil,2008,"02",221,0.18,16.2,73.2,Americas
Brazil,2008,"02",177,0.156,16.2,73.2,Americas
Brazil,2008,"02",193,0.156,16.2,73.2,Americas
Brazil,2008,"02",192,0.156,16.2,73.2,Americas
Brazil,2008,"02",221,0.156,16.2,73.2,Americas
Brazil,2008,"02",177,0.191,16.2,73.2,Americas
Brazil,2008,"02",193,0.191,16.2,73.2,Americas
Brazil,2008,"02",192,0.191,16.2,73.2,Americas
Brazil,2008,"02",221,0.191,16.2,73.2,Americas
Brazil,2008,"02",177,0.233,16.2,73.2,Americas
Brazil,2008,"02",193,0.233,16.2,73.2,Americas
Brazil,2008,"02",192,0.233,16.2,73.2,Americas
Brazil,2008,"02",221,0.233,16.2,73.2,Americas
Brazil,2008,"03",234,0.957,16.2,73.2,Americas
Brazil,2008,"03",237,0.957,16.2,73.2,Americas
Brazil,2008,"03",272,0.957,16.2,73.2,Americas
Brazil,2008,"03",247,0.957,16.2,73.2,Americas
Brazil,2008,"03",288,0.957,16.2,73.2,Americas
Brazil,2008,"03",234,0.27,16.2,73.2,Americas
Brazil,2008,"03",237,0.27,16.2,73.2,Americas
Brazil,2008,"03",272,0.27,16.2,73.2,Americas
Brazil,2008,"03",247,0.27,16.2,73.2,Americas
Brazil,2008,"03",288,0.27,16.2,73.2,Americas
Brazil,2008,"03",234,0.335,16.2,73.2,Americas
Brazil,2008,"03",237,0.335,16.2,73.2,Americas
Brazil,2008,"03",272,0.335,16.2,73.2,Americas
Brazil,2008,"03",247,0.335,16.2,73.2,Americas
Brazil,2008,"03",288,0.335,16.2,73.2,Americas
Brazil,2008,"03",234,0.447,16.2,73.2,Americas
Brazil,2008,"03",237,0.447,16.2,73.2,Americas
Brazil,2008,"03",272,0.447,16.2,73.2,Americas
Brazil,2008,"03",247,0.447,16.2,73.2,Americas
Brazil,2008,"03",288,0.447,16.2,73.2,Americas
Brazil,2008,"03",234,0.702,16.2,73.2,Americas
Brazil,2008,"03",237,0.702,16.2,73.2,Americas
Brazil,2008,"03",272,0.702,16.2,73.2,Americas
Brazil,2008,"03",247,0.702,16.2,73.2,Americas
Brazil,2008,"03",288,0.702,16.2,73.2,Americas
Brazil,2008,"04",296,0.662,16.2,73.2,Americas
Brazil,2008,"04",291,0.662,16.2,73.2,Americas
Brazil,2008,"04",284,0.662,16.2,73.2,Americas
Brazil,2008,"04",287,0.662,16.2,73.2,Americas
Brazil,2008,"04",296,0.451,16.2,73.2,Americas
Brazil,2008,"04",291,0.451,16.2,73.2,Americas
Brazil,2008,"04",284,0.451,16.2,73.2,Americas
Brazil,2008,"04",287,0.451,16.2,73.2,Americas
Brazil,2008,"04",296,0.758,16.2,73.2,Americas
Brazil,2008,"04",291,0.758,16.2,73.2,Americas
Brazil,2008,"04",284,0.758,16.2,73.2,Americas
Brazil,2008,"04",287,0.758,16.2,73.2,Americas
Brazil,2008,"04",296,1,16.2,73.2,Americas
Brazil,2008,"04",291,1,16.2,73.2,Americas
Brazil,2008,"04",284,1,16.2,73.2,Americas
Brazil,2008,"04",287,1,16.2,73.2,Americas
Brazil,2008,"05",318,0.309,16.2,73.2,Americas
Brazil,2008,"05",334,0.309,16.2,73.2,Americas
Brazil,2008,"05",337,0.309,16.2,73.2,Americas
Brazil,2008,"05",361,0.309,16.2,73.2,Americas
Brazil,2008,"05",318,0.249,16.2,73.2,Americas
Brazil,2008,"05",334,0.249,16.2,73.2,Americas
Brazil,2008,"05",337,0.249,16.2,73.2,Americas
Brazil,2008,"05",361,0.249,16.2,73.2,Americas
Brazil,2008,"05",318,0.229,16.2,73.2,Americas
Brazil,2008,"05",334,0.229,16.2,73.2,Americas
Brazil,2008,"05",337,0.229,16.2,73.2,Americas
Brazil,2008,"05",361,0.229,16.2,73.2,Americas
Brazil,2008,"05",318,0.197,16.2,73.2,Americas
Brazil,2008,"05",334,0.197,16.2,73.2,Americas
Brazil,2008,"05",337,0.197,16.2,73.2,Americas
Brazil,2008,"05",361,0.197,16.2,73.2,Americas
Brazil,2008,"06",317,0.124,16.2,73.2,Americas
Brazil,2008,"06",305,0.124,16.2,73.2,Americas
Brazil,2008,"06",315,0.124,16.2,73.2,Americas
Brazil,2008,"06",300,0.124,16.2,73.2,Americas
Brazil,2008,"06",317,0.124,16.2,73.2,Americas
Brazil,2008,"06",317,0.065,16.2,73.2,Americas
Brazil,2008,"06",305,0.065,16.2,73.2,Americas
Brazil,2008,"06",315,0.065,16.2,73.2,Americas
Brazil,2008,"06",300,0.065,16.2,73.2,Americas
Brazil,2008,"06",317,0.065,16.2,73.2,Americas
Brazil,2008,"06",317,0.105,16.2,73.2,Americas
Brazil,2008,"06",305,0.105,16.2,73.2,Americas
Brazil,2008,"06",315,0.105,16.2,73.2,Americas
Brazil,2008,"06",300,0.105,16.2,73.2,Americas
Brazil,2008,"06",317,0.105,16.2,73.2,Americas
Brazil,2008,"06",317,0.1,16.2,73.2,Americas
Brazil,2008,"06",305,0.1,16.2,73.2,Americas
Brazil,2008,"06",315,0.1,16.2,73.2,Americas
Brazil,2008,"06",300,0.1,16.2,73.2,Americas
Brazil,2008,"06",317,0.1,16.2,73.2,Americas
Brazil,2008,"06",317,0.048,16.2,73.2,Americas
Brazil,2008,"06",305,0.048,16.2,73.2,Americas
Brazil,2008,"06",315,0.048,16.2,73.2,Americas
Brazil,2008,"06",300,0.048,16.2,73.2,Americas
Brazil,2008,"06",317,0.048,16.2,73.2,Americas
Brazil,2008,"07",252,0.03,16.2,73.2,Americas
Brazil,2008,"07",273,0.03,16.2,73.2,Americas
Brazil,2008,"07",269,0.03,16.2,73.2,Americas
Brazil,2008,"07",278,0.03,16.2,73.2,Americas
Brazil,2008,"07",252,0.028,16.2,73.2,Americas
Brazil,2008,"07",273,0.028,16.2,73.2,Americas
Brazil,2008,"07",269,0.028,16.2,73.2,Americas
Brazil,2008,"07",278,0.028,16.2,73.2,Americas
Brazil,2008,"07",252,0.045,16.2,73.2,Americas
Brazil,2008,"07",273,0.045,16.2,73.2,Americas
Brazil,2008,"07",269,0.045,16.2,73.2,Americas
Brazil,2008,"07",278,0.045,16.2,73.2,Americas
Brazil,2008,"07",252,0.032,16.2,73.2,Americas
Brazil,2008,"07",273,0.032,16.2,73.2,Americas
Brazil,2008,"07",269,0.032,16.2,73.2,Americas
Brazil,2008,"07",278,0.032,16.2,73.2,Americas
Brazil,2008,"08",199,0.035,16.2,73.2,Americas
Brazil,2008,"08",255,0.035,16.2,73.2,Americas
Brazil,2008,"08",256,0.035,16.2,73.2,Americas
Brazil,2008,"08",240,0.035,16.2,73.2,Americas
Brazil,2008,"08",229,0.035,16.2,73.2,Americas
Brazil,2008,"08",199,0.031,16.2,73.2,Americas
Brazil,2008,"08",255,0.031,16.2,73.2,Americas
Brazil,2008,"08",256,0.031,16.2,73.2,Americas
Brazil,2008,"08",240,0.031,16.2,73.2,Americas
Brazil,2008,"08",229,0.031,16.2,73.2,Americas
Brazil,2008,"08",199,0.029,16.2,73.2,Americas
Brazil,2008,"08",255,0.029,16.2,73.2,Americas
Brazil,2008,"08",256,0.029,16.2,73.2,Americas
Brazil,2008,"08",240,0.029,16.2,73.2,Americas
Brazil,2008,"08",229,0.029,16.2,73.2,Americas
Brazil,2008,"08",199,0.027,16.2,73.2,Americas
Brazil,2008,"08",255,0.027,16.2,73.2,Americas
Brazil,2008,"08",256,0.027,16.2,73.2,Americas
Brazil,2008,"08",240,0.027,16.2,73.2,Americas
Brazil,2008,"08",229,0.027,16.2,73.2,Americas
Brazil,2008,"08",199,0.024,16.2,73.2,Americas
Brazil,2008,"08",255,0.024,16.2,73.2,Americas
Brazil,2008,"08",256,0.024,16.2,73.2,Americas
Brazil,2008,"08",240,0.024,16.2,73.2,Americas
Brazil,2008,"08",229,0.024,16.2,73.2,Americas
Brazil,2008,"09",241,0.026,16.2,73.2,Americas
Brazil,2008,"09",253,0.026,16.2,73.2,Americas
Brazil,2008,"09",255,0.026,16.2,73.2,Americas
Brazil,2008,"09",243,0.026,16.2,73.2,Americas
Brazil,2008,"09",241,0.033,16.2,73.2,Americas
Brazil,2008,"09",253,0.033,16.2,73.2,Americas
Brazil,2008,"09",255,0.033,16.2,73.2,Americas
Brazil,2008,"09",243,0.033,16.2,73.2,Americas
Brazil,2008,"09",241,0.025,16.2,73.2,Americas
Brazil,2008,"09",253,0.025,16.2,73.2,Americas
Brazil,2008,"09",255,0.025,16.2,73.2,Americas
Brazil,2008,"09",243,0.025,16.2,73.2,Americas
Brazil,2008,"09",241,0.025,16.2,73.2,Americas
Brazil,2008,"09",253,0.025,16.2,73.2,Americas
Brazil,2008,"09",255,0.025,16.2,73.2,Americas
Brazil,2008,"09",243,0.025,16.2,73.2,Americas
Brazil,2008,"10",236,0.044,16.2,73.2,Americas
Brazil,2008,"10",211,0.044,16.2,73.2,Americas
Brazil,2008,"10",226,0.044,16.2,73.2,Americas
Brazil,2008,"10",233,0.044,16.2,73.2,Americas
Brazil,2008,"10",236,0.046,16.2,73.2,Americas
Brazil,2008,"10",211,0.046,16.2,73.2,Americas
Brazil,2008,"10",226,0.046,16.2,73.2,Americas
Brazil,2008,"10",233,0.046,16.2,73.2,Americas
Brazil,2008,"10",236,0.028,16.2,73.2,Americas
Brazil,2008,"10",211,0.028,16.2,73.2,Americas
Brazil,2008,"10",226,0.028,16.2,73.2,Americas
Brazil,2008,"10",233,0.028,16.2,73.2,Americas
Brazil,2008,"10",236,0.025,16.2,73.2,Americas
Brazil,2008,"10",211,0.025,16.2,73.2,Americas
Brazil,2008,"10",226,0.025,16.2,73.2,Americas
Brazil,2008,"10",233,0.025,16.2,73.2,Americas
Brazil,2008,"11",220,0.041,16.2,73.2,Americas
Brazil,2008,"11",213,0.041,16.2,73.2,Americas
Brazil,2008,"11",193,0.041,16.2,73.2,Americas
Brazil,2008,"11",209,0.041,16.2,73.2,Americas
Brazil,2008,"11",222,0.041,16.2,73.2,Americas
Brazil,2008,"11",220,0.049,16.2,73.2,Americas
Brazil,2008,"11",213,0.049,16.2,73.2,Americas
Brazil,2008,"11",193,0.049,16.2,73.2,Americas
Brazil,2008,"11",209,0.049,16.2,73.2,Americas
Brazil,2008,"11",222,0.049,16.2,73.2,Americas
Brazil,2008,"11",220,0.061,16.2,73.2,Americas
Brazil,2008,"11",213,0.061,16.2,73.2,Americas
Brazil,2008,"11",193,0.061,16.2,73.2,Americas
Brazil,2008,"11",209,0.061,16.2,73.2,Americas
Brazil,2008,"11",222,0.061,16.2,73.2,Americas
Brazil,2008,"11",220,0.059,16.2,73.2,Americas
Brazil,2008,"11",213,0.059,16.2,73.2,Americas
Brazil,2008,"11",193,0.059,16.2,73.2,Americas
Brazil,2008,"11",209,0.059,16.2,73.2,Americas
Brazil,2008,"11",222,0.059,16.2,73.2,Americas
Brazil,2008,"11",220,0.059,16.2,73.2,Americas
Brazil,2008,"11",213,0.059,16.2,73.2,Americas
Brazil,2008,"11",193,0.059,16.2,73.2,Americas
Brazil,2008,"11",209,0.059,16.2,73.2,Americas
Brazil,2008,"11",222,0.059,16.2,73.2,Americas
Brazil,2008,"12",145,0.098,16.2,73.2,Americas
Brazil,2008,"12",153,0.098,16.2,73.2,Americas
Brazil,2008,"12",140,0.098,16.2,73.2,Americas
Brazil,2008,"12",175,0.098,16.2,73.2,Americas
Brazil,2008,"12",145,0.07,16.2,73.2,Americas
Brazil,2008,"12",153,0.07,16.2,73.2,Americas
Brazil,2008,"12",140,0.07,16.2,73.2,Americas
Brazil,2008,"12",175,0.07,16.2,73.2,Americas
Brazil,2008,"12",145,0.108,16.2,73.2,Americas
Brazil,2008,"12",153,0.108,16.2,73.2,Americas
Brazil,2008,"12",140,0.108,16.2,73.2,Americas
Brazil,2008,"12",175,0.108,16.2,73.2,Americas
Brazil,2008,"12",145,0.099,16.2,73.2,Americas
Brazil,2008,"12",153,0.099,16.2,73.2,Americas
Brazil,2008,"12",140,0.099,16.2,73.2,Americas
Brazil,2008,"12",175,0.099,16.2,73.2,Americas
Brazil,2009,"01",143,0.127,15.4,73.4,Americas
Brazil,2009,"01",137,0.127,15.4,73.4,Americas
Brazil,2009,"01",148,0.127,15.4,73.4,Americas
Brazil,2009,"01",140,0.127,15.4,73.4,Americas
Brazil,2009,"01",143,0.117,15.4,73.4,Americas
Brazil,2009,"01",137,0.117,15.4,73.4,Americas
Brazil,2009,"01",148,0.117,15.4,73.4,Americas
Brazil,2009,"01",140,0.117,15.4,73.4,Americas
Brazil,2009,"01",143,0.117,15.4,73.4,Americas
Brazil,2009,"01",137,0.117,15.4,73.4,Americas
Brazil,2009,"01",148,0.117,15.4,73.4,Americas
Brazil,2009,"01",140,0.117,15.4,73.4,Americas
Brazil,2009,"01",143,0.145,15.4,73.4,Americas
Brazil,2009,"01",137,0.145,15.4,73.4,Americas
Brazil,2009,"01",148,0.145,15.4,73.4,Americas
Brazil,2009,"01",140,0.145,15.4,73.4,Americas
Brazil,2009,"02",142,0.209,15.4,73.4,Americas
Brazil,2009,"02",164,0.209,15.4,73.4,Americas
Brazil,2009,"02",176,0.209,15.4,73.4,Americas
Brazil,2009,"02",149,0.209,15.4,73.4,Americas
Brazil,2009,"02",142,0.262,15.4,73.4,Americas
Brazil,2009,"02",164,0.262,15.4,73.4,Americas
Brazil,2009,"02",176,0.262,15.4,73.4,Americas
Brazil,2009,"02",149,0.262,15.4,73.4,Americas
Brazil,2009,"02",142,0.252,15.4,73.4,Americas
Brazil,2009,"02",164,0.252,15.4,73.4,Americas
Brazil,2009,"02",176,0.252,15.4,73.4,Americas
Brazil,2009,"02",149,0.252,15.4,73.4,Americas
Brazil,2009,"02",142,0.172,15.4,73.4,Americas
Brazil,2009,"02",164,0.172,15.4,73.4,Americas
Brazil,2009,"02",176,0.172,15.4,73.4,Americas
Brazil,2009,"02",149,0.172,15.4,73.4,Americas
Brazil,2009,"03",213,0.403,15.4,73.4,Americas
Brazil,2009,"03",192,0.403,15.4,73.4,Americas
Brazil,2009,"03",193,0.403,15.4,73.4,Americas
Brazil,2009,"03",215,0.403,15.4,73.4,Americas
Brazil,2009,"03",202,0.403,15.4,73.4,Americas
Brazil,2009,"03",213,0.439,15.4,73.4,Americas
Brazil,2009,"03",192,0.439,15.4,73.4,Americas
Brazil,2009,"03",193,0.439,15.4,73.4,Americas
Brazil,2009,"03",215,0.439,15.4,73.4,Americas
Brazil,2009,"03",202,0.439,15.4,73.4,Americas
Brazil,2009,"03",213,0.377,15.4,73.4,Americas
Brazil,2009,"03",192,0.377,15.4,73.4,Americas
Brazil,2009,"03",193,0.377,15.4,73.4,Americas
Brazil,2009,"03",215,0.377,15.4,73.4,Americas
Brazil,2009,"03",202,0.377,15.4,73.4,Americas
Brazil,2009,"03",213,0.42,15.4,73.4,Americas
Brazil,2009,"03",192,0.42,15.4,73.4,Americas
Brazil,2009,"03",193,0.42,15.4,73.4,Americas
Brazil,2009,"03",215,0.42,15.4,73.4,Americas
Brazil,2009,"03",202,0.42,15.4,73.4,Americas
Brazil,2009,"03",213,0.435,15.4,73.4,Americas
Brazil,2009,"03",192,0.435,15.4,73.4,Americas
Brazil,2009,"03",193,0.435,15.4,73.4,Americas
Brazil,2009,"03",215,0.435,15.4,73.4,Americas
Brazil,2009,"03",202,0.435,15.4,73.4,Americas
Brazil,2009,"04",237,0.255,15.4,73.4,Americas
Brazil,2009,"04",258,0.255,15.4,73.4,Americas
Brazil,2009,"04",202,0.255,15.4,73.4,Americas
Brazil,2009,"04",224,0.255,15.4,73.4,Americas
Brazil,2009,"04",237,0.344,15.4,73.4,Americas
Brazil,2009,"04",258,0.344,15.4,73.4,Americas
Brazil,2009,"04",202,0.344,15.4,73.4,Americas
Brazil,2009,"04",224,0.344,15.4,73.4,Americas
Brazil,2009,"04",237,0.235,15.4,73.4,Americas
Brazil,2009,"04",258,0.235,15.4,73.4,Americas
Brazil,2009,"04",202,0.235,15.4,73.4,Americas
Brazil,2009,"04",224,0.235,15.4,73.4,Americas
Brazil,2009,"04",237,0.31,15.4,73.4,Americas
Brazil,2009,"04",258,0.31,15.4,73.4,Americas
Brazil,2009,"04",202,0.31,15.4,73.4,Americas
Brazil,2009,"04",224,0.31,15.4,73.4,Americas
Brazil,2009,"05",244,0.166,15.4,73.4,Americas
Brazil,2009,"05",270,0.166,15.4,73.4,Americas
Brazil,2009,"05",279,0.166,15.4,73.4,Americas
Brazil,2009,"05",275,0.166,15.4,73.4,Americas
Brazil,2009,"05",268,0.166,15.4,73.4,Americas
Brazil,2009,"05",244,0.214,15.4,73.4,Americas
Brazil,2009,"05",270,0.214,15.4,73.4,Americas
Brazil,2009,"05",279,0.214,15.4,73.4,Americas
Brazil,2009,"05",275,0.214,15.4,73.4,Americas
Brazil,2009,"05",268,0.214,15.4,73.4,Americas
Brazil,2009,"05",244,0.23,15.4,73.4,Americas
Brazil,2009,"05",270,0.23,15.4,73.4,Americas
Brazil,2009,"05",279,0.23,15.4,73.4,Americas
Brazil,2009,"05",275,0.23,15.4,73.4,Americas
Brazil,2009,"05",268,0.23,15.4,73.4,Americas
Brazil,2009,"05",244,0.206,15.4,73.4,Americas
Brazil,2009,"05",270,0.206,15.4,73.4,Americas
Brazil,2009,"05",279,0.206,15.4,73.4,Americas
Brazil,2009,"05",275,0.206,15.4,73.4,Americas
Brazil,2009,"05",268,0.206,15.4,73.4,Americas
Brazil,2009,"05",244,0.23,15.4,73.4,Americas
Brazil,2009,"05",270,0.23,15.4,73.4,Americas
Brazil,2009,"05",279,0.23,15.4,73.4,Americas
Brazil,2009,"05",275,0.23,15.4,73.4,Americas
Brazil,2009,"05",268,0.23,15.4,73.4,Americas
Brazil,2009,"06",261,0.111,15.4,73.4,Americas
Brazil,2009,"06",256,0.111,15.4,73.4,Americas
Brazil,2009,"06",231,0.111,15.4,73.4,Americas
Brazil,2009,"06",258,0.111,15.4,73.4,Americas
Brazil,2009,"06",261,0.088,15.4,73.4,Americas
Brazil,2009,"06",256,0.088,15.4,73.4,Americas
Brazil,2009,"06",231,0.088,15.4,73.4,Americas
Brazil,2009,"06",258,0.088,15.4,73.4,Americas
Brazil,2009,"06",261,0.069,15.4,73.4,Americas
Brazil,2009,"06",256,0.069,15.4,73.4,Americas
Brazil,2009,"06",231,0.069,15.4,73.4,Americas
Brazil,2009,"06",258,0.069,15.4,73.4,Americas
Brazil,2009,"06",261,0.108,15.4,73.4,Americas
Brazil,2009,"06",256,0.108,15.4,73.4,Americas
Brazil,2009,"06",231,0.108,15.4,73.4,Americas
Brazil,2009,"06",258,0.108,15.4,73.4,Americas
Brazil,2009,"07",305,0.07,15.4,73.4,Americas
Brazil,2009,"07",250,0.07,15.4,73.4,Americas
Brazil,2009,"07",331,0.07,15.4,73.4,Americas
Brazil,2009,"07",277,0.07,15.4,73.4,Americas
Brazil,2009,"07",305,0.052,15.4,73.4,Americas
Brazil,2009,"07",250,0.052,15.4,73.4,Americas
Brazil,2009,"07",331,0.052,15.4,73.4,Americas
Brazil,2009,"07",277,0.052,15.4,73.4,Americas
Brazil,2009,"07",305,0.049,15.4,73.4,Americas
Brazil,2009,"07",250,0.049,15.4,73.4,Americas
Brazil,2009,"07",331,0.049,15.4,73.4,Americas
Brazil,2009,"07",277,0.049,15.4,73.4,Americas
Brazil,2009,"07",305,0.064,15.4,73.4,Americas
Brazil,2009,"07",250,0.064,15.4,73.4,Americas
Brazil,2009,"07",331,0.064,15.4,73.4,Americas
Brazil,2009,"07",277,0.064,15.4,73.4,Americas
Brazil,2009,"08",273,0.076,15.4,73.4,Americas
Brazil,2009,"08",360,0.076,15.4,73.4,Americas
Brazil,2009,"08",328,0.076,15.4,73.4,Americas
Brazil,2009,"08",284,0.076,15.4,73.4,Americas
Brazil,2009,"08",373,0.076,15.4,73.4,Americas
Brazil,2009,"08",273,0.055,15.4,73.4,Americas
Brazil,2009,"08",360,0.055,15.4,73.4,Americas
Brazil,2009,"08",328,0.055,15.4,73.4,Americas
Brazil,2009,"08",284,0.055,15.4,73.4,Americas
Brazil,2009,"08",373,0.055,15.4,73.4,Americas
Brazil,2009,"08",273,0.058,15.4,73.4,Americas
Brazil,2009,"08",360,0.058,15.4,73.4,Americas
Brazil,2009,"08",328,0.058,15.4,73.4,Americas
Brazil,2009,"08",284,0.058,15.4,73.4,Americas
Brazil,2009,"08",373,0.058,15.4,73.4,Americas
Brazil,2009,"08",273,0.078,15.4,73.4,Americas
Brazil,2009,"08",360,0.078,15.4,73.4,Americas
Brazil,2009,"08",328,0.078,15.4,73.4,Americas
Brazil,2009,"08",284,0.078,15.4,73.4,Americas
Brazil,2009,"08",373,0.078,15.4,73.4,Americas
Brazil,2009,"08",273,0.079,15.4,73.4,Americas
Brazil,2009,"08",360,0.079,15.4,73.4,Americas
Brazil,2009,"08",328,0.079,15.4,73.4,Americas
Brazil,2009,"08",284,0.079,15.4,73.4,Americas
Brazil,2009,"08",373,0.079,15.4,73.4,Americas
Brazil,2009,"09",217,0.065,15.4,73.4,Americas
Brazil,2009,"09",234,0.065,15.4,73.4,Americas
Brazil,2009,"09",186,0.065,15.4,73.4,Americas
Brazil,2009,"09",199,0.065,15.4,73.4,Americas
Brazil,2009,"09",217,0.08,15.4,73.4,Americas
Brazil,2009,"09",234,0.08,15.4,73.4,Americas
Brazil,2009,"09",186,0.08,15.4,73.4,Americas
Brazil,2009,"09",199,0.08,15.4,73.4,Americas
Brazil,2009,"09",217,0.064,15.4,73.4,Americas
Brazil,2009,"09",234,0.064,15.4,73.4,Americas
Brazil,2009,"09",186,0.064,15.4,73.4,Americas
Brazil,2009,"09",199,0.064,15.4,73.4,Americas
Brazil,2009,"09",217,0.063,15.4,73.4,Americas
Brazil,2009,"09",234,0.063,15.4,73.4,Americas
Brazil,2009,"09",186,0.063,15.4,73.4,Americas
Brazil,2009,"09",199,0.063,15.4,73.4,Americas
Brazil,2009,"10",167,0.053,15.4,73.4,Americas
Brazil,2009,"10",177,0.053,15.4,73.4,Americas
Brazil,2009,"10",167,0.053,15.4,73.4,Americas
Brazil,2009,"10",175,0.053,15.4,73.4,Americas
Brazil,2009,"10",167,0.074,15.4,73.4,Americas
Brazil,2009,"10",177,0.074,15.4,73.4,Americas
Brazil,2009,"10",167,0.074,15.4,73.4,Americas
Brazil,2009,"10",175,0.074,15.4,73.4,Americas
Brazil,2009,"10",167,0.044,15.4,73.4,Americas
Brazil,2009,"10",177,0.044,15.4,73.4,Americas
Brazil,2009,"10",167,0.044,15.4,73.4,Americas
Brazil,2009,"10",175,0.044,15.4,73.4,Americas
Brazil,2009,"10",167,0.086,15.4,73.4,Americas
Brazil,2009,"10",177,0.086,15.4,73.4,Americas
Brazil,2009,"10",167,0.086,15.4,73.4,Americas
Brazil,2009,"10",175,0.086,15.4,73.4,Americas
Brazil,2009,"11",146,0.109,15.4,73.4,Americas
Brazil,2009,"11",158,0.109,15.4,73.4,Americas
Brazil,2009,"11",154,0.109,15.4,73.4,Americas
Brazil,2009,"11",132,0.109,15.4,73.4,Americas
Brazil,2009,"11",144,0.109,15.4,73.4,Americas
Brazil,2009,"11",146,0.122,15.4,73.4,Americas
Brazil,2009,"11",158,0.122,15.4,73.4,Americas
Brazil,2009,"11",154,0.122,15.4,73.4,Americas
Brazil,2009,"11",132,0.122,15.4,73.4,Americas
Brazil,2009,"11",144,0.122,15.4,73.4,Americas
Brazil,2009,"11",146,0.142,15.4,73.4,Americas
Brazil,2009,"11",158,0.142,15.4,73.4,Americas
Brazil,2009,"11",154,0.142,15.4,73.4,Americas
Brazil,2009,"11",132,0.142,15.4,73.4,Americas
Brazil,2009,"11",144,0.142,15.4,73.4,Americas
Brazil,2009,"11",146,0.118,15.4,73.4,Americas
Brazil,2009,"11",158,0.118,15.4,73.4,Americas
Brazil,2009,"11",154,0.118,15.4,73.4,Americas
Brazil,2009,"11",132,0.118,15.4,73.4,Americas
Brazil,2009,"11",144,0.118,15.4,73.4,Americas
Brazil,2009,"11",146,0.121,15.4,73.4,Americas
Brazil,2009,"11",158,0.121,15.4,73.4,Americas
Brazil,2009,"11",154,0.121,15.4,73.4,Americas
Brazil,2009,"11",132,0.121,15.4,73.4,Americas
Brazil,2009,"11",144,0.121,15.4,73.4,Americas
Brazil,2009,"12",110,0.103,15.4,73.4,Americas
Brazil,2009,"12",121,0.103,15.4,73.4,Americas
Brazil,2009,"12",122,0.103,15.4,73.4,Americas
Brazil,2009,"12",117,0.103,15.4,73.4,Americas
Brazil,2009,"12",110,0.127,15.4,73.4,Americas
Brazil,2009,"12",121,0.127,15.4,73.4,Americas
Brazil,2009,"12",122,0.127,15.4,73.4,Americas
Brazil,2009,"12",117,0.127,15.4,73.4,Americas
Brazil,2009,"12",110,0.108,15.4,73.4,Americas
Brazil,2009,"12",121,0.108,15.4,73.4,Americas
Brazil,2009,"12",122,0.108,15.4,73.4,Americas
Brazil,2009,"12",117,0.108,15.4,73.4,Americas
Brazil,2009,"12",110,0.11,15.4,73.4,Americas
Brazil,2009,"12",121,0.11,15.4,73.4,Americas
Brazil,2009,"12",122,0.11,15.4,73.4,Americas
Brazil,2009,"12",117,0.11,15.4,73.4,Americas
Brazil,2010,"01",120,0.185,14.8,73.6,Americas
Brazil,2010,"01",109,0.185,14.8,73.6,Americas
Brazil,2010,"01",114,0.185,14.8,73.6,Americas
Brazil,2010,"01",114,0.185,14.8,73.6,Americas
Brazil,2010,"01",109,0.185,14.8,73.6,Americas
Brazil,2010,"01",120,0.257,14.8,73.6,Americas
Brazil,2010,"01",109,0.257,14.8,73.6,Americas
Brazil,2010,"01",114,0.257,14.8,73.6,Americas
Brazil,2010,"01",114,0.257,14.8,73.6,Americas
Brazil,2010,"01",109,0.257,14.8,73.6,Americas
Brazil,2010,"01",120,0.212,14.8,73.6,Americas
Brazil,2010,"01",109,0.212,14.8,73.6,Americas
Brazil,2010,"01",114,0.212,14.8,73.6,Americas
Brazil,2010,"01",114,0.212,14.8,73.6,Americas
Brazil,2010,"01",109,0.212,14.8,73.6,Americas
Brazil,2010,"01",120,0.199,14.8,73.6,Americas
Brazil,2010,"01",109,0.199,14.8,73.6,Americas
Brazil,2010,"01",114,0.199,14.8,73.6,Americas
Brazil,2010,"01",114,0.199,14.8,73.6,Americas
Brazil,2010,"01",109,0.199,14.8,73.6,Americas
Brazil,2010,"01",120,0.161,14.8,73.6,Americas
Brazil,2010,"01",109,0.161,14.8,73.6,Americas
Brazil,2010,"01",114,0.161,14.8,73.6,Americas
Brazil,2010,"01",114,0.161,14.8,73.6,Americas
Brazil,2010,"01",109,0.161,14.8,73.6,Americas
Brazil,2010,"02",130,0.583,14.8,73.6,Americas
Brazil,2010,"02",152,0.583,14.8,73.6,Americas
Brazil,2010,"02",145,0.583,14.8,73.6,Americas
Brazil,2010,"02",120,0.583,14.8,73.6,Americas
Brazil,2010,"02",130,0.318,14.8,73.6,Americas
Brazil,2010,"02",152,0.318,14.8,73.6,Americas
Brazil,2010,"02",145,0.318,14.8,73.6,Americas
Brazil,2010,"02",120,0.318,14.8,73.6,Americas
Brazil,2010,"02",130,0.596,14.8,73.6,Americas
Brazil,2010,"02",152,0.596,14.8,73.6,Americas
Brazil,2010,"02",145,0.596,14.8,73.6,Americas
Brazil,2010,"02",120,0.596,14.8,73.6,Americas
Brazil,2010,"02",130,0.37,14.8,73.6,Americas
Brazil,2010,"02",152,0.37,14.8,73.6,Americas
Brazil,2010,"02",145,0.37,14.8,73.6,Americas
Brazil,2010,"02",120,0.37,14.8,73.6,Americas
Brazil,2010,"03",172,0.586,14.8,73.6,Americas
Brazil,2010,"03",171,0.586,14.8,73.6,Americas
Brazil,2010,"03",175,0.586,14.8,73.6,Americas
Brazil,2010,"03",166,0.586,14.8,73.6,Americas
Brazil,2010,"03",172,0.626,14.8,73.6,Americas
Brazil,2010,"03",171,0.626,14.8,73.6,Americas
Brazil,2010,"03",175,0.626,14.8,73.6,Americas
Brazil,2010,"03",166,0.626,14.8,73.6,Americas
Brazil,2010,"03",172,0.652,14.8,73.6,Americas
Brazil,2010,"03",171,0.652,14.8,73.6,Americas
Brazil,2010,"03",175,0.652,14.8,73.6,Americas
Brazil,2010,"03",166,0.652,14.8,73.6,Americas
Brazil,2010,"03",172,0.623,14.8,73.6,Americas
Brazil,2010,"03",171,0.623,14.8,73.6,Americas
Brazil,2010,"03",175,0.623,14.8,73.6,Americas
Brazil,2010,"03",166,0.623,14.8,73.6,Americas
Brazil,2010,"04",209,0.623,14.8,73.6,Americas
Brazil,2010,"04",200,0.623,14.8,73.6,Americas
Brazil,2010,"04",210,0.623,14.8,73.6,Americas
Brazil,2010,"04",193,0.623,14.8,73.6,Americas
Brazil,2010,"04",209,0.62,14.8,73.6,Americas
Brazil,2010,"04",200,0.62,14.8,73.6,Americas
Brazil,2010,"04",210,0.62,14.8,73.6,Americas
Brazil,2010,"04",193,0.62,14.8,73.6,Americas
Brazil,2010,"04",209,0.499,14.8,73.6,Americas
Brazil,2010,"04",200,0.499,14.8,73.6,Americas
Brazil,2010,"04",210,0.499,14.8,73.6,Americas
Brazil,2010,"04",193,0.499,14.8,73.6,Americas
Brazil,2010,"04",209,0.465,14.8,73.6,Americas
Brazil,2010,"04",200,0.465,14.8,73.6,Americas
Brazil,2010,"04",210,0.465,14.8,73.6,Americas
Brazil,2010,"04",193,0.465,14.8,73.6,Americas
Brazil,2010,"05",196,0.349,14.8,73.6,Americas
Brazil,2010,"05",212,0.349,14.8,73.6,Americas
Brazil,2010,"05",226,0.349,14.8,73.6,Americas
Brazil,2010,"05",232,0.349,14.8,73.6,Americas
Brazil,2010,"05",214,0.349,14.8,73.6,Americas
Brazil,2010,"05",196,0.482,14.8,73.6,Americas
Brazil,2010,"05",212,0.482,14.8,73.6,Americas
Brazil,2010,"05",226,0.482,14.8,73.6,Americas
Brazil,2010,"05",232,0.482,14.8,73.6,Americas
Brazil,2010,"05",214,0.482,14.8,73.6,Americas
Brazil,2010,"05",196,0.229,14.8,73.6,Americas
Brazil,2010,"05",212,0.229,14.8,73.6,Americas
Brazil,2010,"05",226,0.229,14.8,73.6,Americas
Brazil,2010,"05",232,0.229,14.8,73.6,Americas
Brazil,2010,"05",214,0.229,14.8,73.6,Americas
Brazil,2010,"05",196,0.396,14.8,73.6,Americas
Brazil,2010,"05",212,0.396,14.8,73.6,Americas
Brazil,2010,"05",226,0.396,14.8,73.6,Americas
Brazil,2010,"05",232,0.396,14.8,73.6,Americas
Brazil,2010,"05",214,0.396,14.8,73.6,Americas
Brazil,2010,"05",196,0.286,14.8,73.6,Americas
Brazil,2010,"05",212,0.286,14.8,73.6,Americas
Brazil,2010,"05",226,0.286,14.8,73.6,Americas
Brazil,2010,"05",232,0.286,14.8,73.6,Americas
Brazil,2010,"05",214,0.286,14.8,73.6,Americas
Brazil,2010,"06",223,0.134,14.8,73.6,Americas
Brazil,2010,"06",228,0.134,14.8,73.6,Americas
Brazil,2010,"06",203,0.134,14.8,73.6,Americas
Brazil,2010,"06",225,0.134,14.8,73.6,Americas
Brazil,2010,"06",223,0.165,14.8,73.6,Americas
Brazil,2010,"06",228,0.165,14.8,73.6,Americas
Brazil,2010,"06",203,0.165,14.8,73.6,Americas
Brazil,2010,"06",225,0.165,14.8,73.6,Americas
Brazil,2010,"06",223,0.183,14.8,73.6,Americas
Brazil,2010,"06",228,0.183,14.8,73.6,Americas
Brazil,2010,"06",203,0.183,14.8,73.6,Americas
Brazil,2010,"06",225,0.183,14.8,73.6,Americas
Brazil,2010,"06",223,0.213,14.8,73.6,Americas
Brazil,2010,"06",228,0.213,14.8,73.6,Americas
Brazil,2010,"06",203,0.213,14.8,73.6,Americas
Brazil,2010,"06",225,0.213,14.8,73.6,Americas
Brazil,2010,"07",189,0.125,14.8,73.6,Americas
Brazil,2010,"07",166,0.125,14.8,73.6,Americas
Brazil,2010,"07",164,0.125,14.8,73.6,Americas
Brazil,2010,"07",175,0.125,14.8,73.6,Americas
Brazil,2010,"07",189,0.096,14.8,73.6,Americas
Brazil,2010,"07",166,0.096,14.8,73.6,Americas
Brazil,2010,"07",164,0.096,14.8,73.6,Americas
Brazil,2010,"07",175,0.096,14.8,73.6,Americas
Brazil,2010,"07",189,0.107,14.8,73.6,Americas
Brazil,2010,"07",166,0.107,14.8,73.6,Americas
Brazil,2010,"07",164,0.107,14.8,73.6,Americas
Brazil,2010,"07",175,0.107,14.8,73.6,Americas
Brazil,2010,"07",189,0.099,14.8,73.6,Americas
Brazil,2010,"07",166,0.099,14.8,73.6,Americas
Brazil,2010,"07",164,0.099,14.8,73.6,Americas
Brazil,2010,"07",175,0.099,14.8,73.6,Americas
Brazil,2010,"08",171,0.102,14.8,73.6,Americas
Brazil,2010,"08",193,0.102,14.8,73.6,Americas
Brazil,2010,"08",223,0.102,14.8,73.6,Americas
Brazil,2010,"08",234,0.102,14.8,73.6,Americas
Brazil,2010,"08",214,0.102,14.8,73.6,Americas
Brazil,2010,"08",171,0.108,14.8,73.6,Americas
Brazil,2010,"08",193,0.108,14.8,73.6,Americas
Brazil,2010,"08",223,0.108,14.8,73.6,Americas
Brazil,2010,"08",234,0.108,14.8,73.6,Americas
Brazil,2010,"08",214,0.108,14.8,73.6,Americas
Brazil,2010,"08",171,0.103,14.8,73.6,Americas
Brazil,2010,"08",193,0.103,14.8,73.6,Americas
Brazil,2010,"08",223,0.103,14.8,73.6,Americas
Brazil,2010,"08",234,0.103,14.8,73.6,Americas
Brazil,2010,"08",214,0.103,14.8,73.6,Americas
Brazil,2010,"08",171,0.109,14.8,73.6,Americas
Brazil,2010,"08",193,0.109,14.8,73.6,Americas
Brazil,2010,"08",223,0.109,14.8,73.6,Americas
Brazil,2010,"08",234,0.109,14.8,73.6,Americas
Brazil,2010,"08",214,0.109,14.8,73.6,Americas
Brazil,2010,"08",171,0.093,14.8,73.6,Americas
Brazil,2010,"08",193,0.093,14.8,73.6,Americas
Brazil,2010,"08",223,0.093,14.8,73.6,Americas
Brazil,2010,"08",234,0.093,14.8,73.6,Americas
Brazil,2010,"08",214,0.093,14.8,73.6,Americas
Brazil,2010,"09",176,0.102,14.8,73.6,Americas
Brazil,2010,"09",156,0.102,14.8,73.6,Americas
Brazil,2010,"09",188,0.102,14.8,73.6,Americas
Brazil,2010,"09",188,0.102,14.8,73.6,Americas
Brazil,2010,"09",176,0.073,14.8,73.6,Americas
Brazil,2010,"09",156,0.073,14.8,73.6,Americas
Brazil,2010,"09",188,0.073,14.8,73.6,Americas
Brazil,2010,"09",188,0.073,14.8,73.6,Americas
Brazil,2010,"09",176,0.087,14.8,73.6,Americas
Brazil,2010,"09",156,0.087,14.8,73.6,Americas
Brazil,2010,"09",188,0.087,14.8,73.6,Americas
Brazil,2010,"09",188,0.087,14.8,73.6,Americas
Brazil,2010,"09",176,0.096,14.8,73.6,Americas
Brazil,2010,"09",156,0.096,14.8,73.6,Americas
Brazil,2010,"09",188,0.096,14.8,73.6,Americas
Brazil,2010,"09",188,0.096,14.8,73.6,Americas
Brazil,2010,"10",145,0.054,14.8,73.6,Americas
Brazil,2010,"10",166,0.054,14.8,73.6,Americas
Brazil,2010,"10",163,0.054,14.8,73.6,Americas
Brazil,2010,"10",155,0.054,14.8,73.6,Americas
Brazil,2010,"10",167,0.054,14.8,73.6,Americas
Brazil,2010,"10",145,0.08,14.8,73.6,Americas
Brazil,2010,"10",166,0.08,14.8,73.6,Americas
Brazil,2010,"10",163,0.08,14.8,73.6,Americas
Brazil,2010,"10",155,0.08,14.8,73.6,Americas
Brazil,2010,"10",167,0.08,14.8,73.6,Americas
Brazil,2010,"10",145,0.096,14.8,73.6,Americas
Brazil,2010,"10",166,0.096,14.8,73.6,Americas
Brazil,2010,"10",163,0.096,14.8,73.6,Americas
Brazil,2010,"10",155,0.096,14.8,73.6,Americas
Brazil,2010,"10",167,0.096,14.8,73.6,Americas
Brazil,2010,"10",145,0.065,14.8,73.6,Americas
Brazil,2010,"10",166,0.065,14.8,73.6,Americas
Brazil,2010,"10",163,0.065,14.8,73.6,Americas
Brazil,2010,"10",155,0.065,14.8,73.6,Americas
Brazil,2010,"10",167,0.065,14.8,73.6,Americas
Brazil,2010,"10",145,0.085,14.8,73.6,Americas
Brazil,2010,"10",166,0.085,14.8,73.6,Americas
Brazil,2010,"10",163,0.085,14.8,73.6,Americas
Brazil,2010,"10",155,0.085,14.8,73.6,Americas
Brazil,2010,"10",167,0.085,14.8,73.6,Americas
Brazil,2010,"11",161,0.102,14.8,73.6,Americas
Brazil,2010,"11",165,0.102,14.8,73.6,Americas
Brazil,2010,"11",159,0.102,14.8,73.6,Americas
Brazil,2010,"11",148,0.102,14.8,73.6,Americas
Brazil,2010,"11",161,0.121,14.8,73.6,Americas
Brazil,2010,"11",165,0.121,14.8,73.6,Americas
Brazil,2010,"11",159,0.121,14.8,73.6,Americas
Brazil,2010,"11",148,0.121,14.8,73.6,Americas
Brazil,2010,"11",161,0.102,14.8,73.6,Americas
Brazil,2010,"11",165,0.102,14.8,73.6,Americas
Brazil,2010,"11",159,0.102,14.8,73.6,Americas
Brazil,2010,"11",148,0.102,14.8,73.6,Americas
Brazil,2010,"11",161,0.114,14.8,73.6,Americas
Brazil,2010,"11",165,0.114,14.8,73.6,Americas
Brazil,2010,"11",159,0.114,14.8,73.6,Americas
Brazil,2010,"11",148,0.114,14.8,73.6,Americas
Brazil,2010,"12",135,0.101,14.8,73.6,Americas
Brazil,2010,"12",129,0.101,14.8,73.6,Americas
Brazil,2010,"12",135,0.101,14.8,73.6,Americas
Brazil,2010,"12",137,0.101,14.8,73.6,Americas
Brazil,2010,"12",135,0.093,14.8,73.6,Americas
Brazil,2010,"12",129,0.093,14.8,73.6,Americas
Brazil,2010,"12",135,0.093,14.8,73.6,Americas
Brazil,2010,"12",137,0.093,14.8,73.6,Americas
Brazil,2010,"12",135,0.094,14.8,73.6,Americas
Brazil,2010,"12",129,0.094,14.8,73.6,Americas
Brazil,2010,"12",135,0.094,14.8,73.6,Americas
Brazil,2010,"12",137,0.094,14.8,73.6,Americas
Brazil,2010,"12",135,0.105,14.8,73.6,Americas
Brazil,2010,"12",129,0.105,14.8,73.6,Americas
Brazil,2010,"12",135,0.105,14.8,73.6,Americas
Brazil,2010,"12",137,0.105,14.8,73.6,Americas
Brazil,2011,"01",121,0.126,14.4,73.8,Americas
Brazil,2011,"01",118,0.126,14.4,73.8,Americas
Brazil,2011,"01",128,0.126,14.4,73.8,Americas
Brazil,2011,"01",121,0.126,14.4,73.8,Americas
Brazil,2011,"01",136,0.126,14.4,73.8,Americas
Brazil,2011,"01",121,0.162,14.4,73.8,Americas
Brazil,2011,"01",118,0.162,14.4,73.8,Americas
Brazil,2011,"01",128,0.162,14.4,73.8,Americas
Brazil,2011,"01",121,0.162,14.4,73.8,Americas
Brazil,2011,"01",136,0.162,14.4,73.8,Americas
Brazil,2011,"01",121,0.15,14.4,73.8,Americas
Brazil,2011,"01",118,0.15,14.4,73.8,Americas
Brazil,2011,"01",128,0.15,14.4,73.8,Americas
Brazil,2011,"01",121,0.15,14.4,73.8,Americas
Brazil,2011,"01",136,0.15,14.4,73.8,Americas
Brazil,2011,"01",121,0.127,14.4,73.8,Americas
Brazil,2011,"01",118,0.127,14.4,73.8,Americas
Brazil,2011,"01",128,0.127,14.4,73.8,Americas
Brazil,2011,"01",121,0.127,14.4,73.8,Americas
Brazil,2011,"01",136,0.127,14.4,73.8,Americas
Brazil,2011,"01",121,0.112,14.4,73.8,Americas
Brazil,2011,"01",118,0.112,14.4,73.8,Americas
Brazil,2011,"01",128,0.112,14.4,73.8,Americas
Brazil,2011,"01",121,0.112,14.4,73.8,Americas
Brazil,2011,"01",136,0.112,14.4,73.8,Americas
Brazil,2011,"02",122,0.295,14.4,73.8,Americas
Brazil,2011,"02",134,0.295,14.4,73.8,Americas
Brazil,2011,"02",149,0.295,14.4,73.8,Americas
Brazil,2011,"02",150,0.295,14.4,73.8,Americas
Brazil,2011,"02",122,0.216,14.4,73.8,Americas
Brazil,2011,"02",134,0.216,14.4,73.8,Americas
Brazil,2011,"02",149,0.216,14.4,73.8,Americas
Brazil,2011,"02",150,0.216,14.4,73.8,Americas
Brazil,2011,"02",122,0.262,14.4,73.8,Americas
Brazil,2011,"02",134,0.262,14.4,73.8,Americas
Brazil,2011,"02",149,0.262,14.4,73.8,Americas
Brazil,2011,"02",150,0.262,14.4,73.8,Americas
Brazil,2011,"02",122,0.324,14.4,73.8,Americas
Brazil,2011,"02",134,0.324,14.4,73.8,Americas
Brazil,2011,"02",149,0.324,14.4,73.8,Americas
Brazil,2011,"02",150,0.324,14.4,73.8,Americas
Brazil,2011,"03",152,0.392,14.4,73.8,Americas
Brazil,2011,"03",169,0.392,14.4,73.8,Americas
Brazil,2011,"03",180,0.392,14.4,73.8,Americas
Brazil,2011,"03",178,0.392,14.4,73.8,Americas
Brazil,2011,"03",152,0.487,14.4,73.8,Americas
Brazil,2011,"03",169,0.487,14.4,73.8,Americas
Brazil,2011,"03",180,0.487,14.4,73.8,Americas
Brazil,2011,"03",178,0.487,14.4,73.8,Americas
Brazil,2011,"03",152,0.458,14.4,73.8,Americas
Brazil,2011,"03",169,0.458,14.4,73.8,Americas
Brazil,2011,"03",180,0.458,14.4,73.8,Americas
Brazil,2011,"03",178,0.458,14.4,73.8,Americas
Brazil,2011,"03",152,0.284,14.4,73.8,Americas
Brazil,2011,"03",169,0.284,14.4,73.8,Americas
Brazil,2011,"03",180,0.284,14.4,73.8,Americas
Brazil,2011,"03",178,0.284,14.4,73.8,Americas
Brazil,2011,"04",204,0.444,14.4,73.8,Americas
Brazil,2011,"04",189,0.444,14.4,73.8,Americas
Brazil,2011,"04",196,0.444,14.4,73.8,Americas
Brazil,2011,"04",178,0.444,14.4,73.8,Americas
Brazil,2011,"04",204,0.372,14.4,73.8,Americas
Brazil,2011,"04",189,0.372,14.4,73.8,Americas
Brazil,2011,"04",196,0.372,14.4,73.8,Americas
Brazil,2011,"04",178,0.372,14.4,73.8,Americas
Brazil,2011,"04",204,0.486,14.4,73.8,Americas
Brazil,2011,"04",189,0.486,14.4,73.8,Americas
Brazil,2011,"04",196,0.486,14.4,73.8,Americas
Brazil,2011,"04",178,0.486,14.4,73.8,Americas
Brazil,2011,"04",204,0.366,14.4,73.8,Americas
Brazil,2011,"04",189,0.366,14.4,73.8,Americas
Brazil,2011,"04",196,0.366,14.4,73.8,Americas
Brazil,2011,"04",178,0.366,14.4,73.8,Americas
Brazil,2011,"05",234,0.216,14.4,73.8,Americas
Brazil,2011,"05",239,0.216,14.4,73.8,Americas
Brazil,2011,"05",239,0.216,14.4,73.8,Americas
Brazil,2011,"05",224,0.216,14.4,73.8,Americas
Brazil,2011,"05",211,0.216,14.4,73.8,Americas
Brazil,2011,"05",234,0.279,14.4,73.8,Americas
Brazil,2011,"05",239,0.279,14.4,73.8,Americas
Brazil,2011,"05",239,0.279,14.4,73.8,Americas
Brazil,2011,"05",224,0.279,14.4,73.8,Americas
Brazil,2011,"05",211,0.279,14.4,73.8,Americas
Brazil,2011,"05",234,0.32,14.4,73.8,Americas
Brazil,2011,"05",239,0.32,14.4,73.8,Americas
Brazil,2011,"05",239,0.32,14.4,73.8,Americas
Brazil,2011,"05",224,0.32,14.4,73.8,Americas
Brazil,2011,"05",211,0.32,14.4,73.8,Americas
Brazil,2011,"05",234,0.175,14.4,73.8,Americas
Brazil,2011,"05",239,0.175,14.4,73.8,Americas
Brazil,2011,"05",239,0.175,14.4,73.8,Americas
Brazil,2011,"05",224,0.175,14.4,73.8,Americas
Brazil,2011,"05",211,0.175,14.4,73.8,Americas
Brazil,2011,"05",234,0.255,14.4,73.8,Americas
Brazil,2011,"05",239,0.255,14.4,73.8,Americas
Brazil,2011,"05",239,0.255,14.4,73.8,Americas
Brazil,2011,"05",224,0.255,14.4,73.8,Americas
Brazil,2011,"05",211,0.255,14.4,73.8,Americas
Brazil,2011,"06",226,0.089,14.4,73.8,Americas
Brazil,2011,"06",195,0.089,14.4,73.8,Americas
Brazil,2011,"06",202,0.089,14.4,73.8,Americas
Brazil,2011,"06",222,0.089,14.4,73.8,Americas
Brazil,2011,"06",226,0.129,14.4,73.8,Americas
Brazil,2011,"06",195,0.129,14.4,73.8,Americas
Brazil,2011,"06",202,0.129,14.4,73.8,Americas
Brazil,2011,"06",222,0.129,14.4,73.8,Americas
Brazil,2011,"06",226,0.139,14.4,73.8,Americas
Brazil,2011,"06",195,0.139,14.4,73.8,Americas
Brazil,2011,"06",202,0.139,14.4,73.8,Americas
Brazil,2011,"06",222,0.139,14.4,73.8,Americas
Brazil,2011,"06",226,0.099,14.4,73.8,Americas
Brazil,2011,"06",195,0.099,14.4,73.8,Americas
Brazil,2011,"06",202,0.099,14.4,73.8,Americas
Brazil,2011,"06",222,0.099,14.4,73.8,Americas
Brazil,2011,"07",150,0.076,14.4,73.8,Americas
Brazil,2011,"07",175,0.076,14.4,73.8,Americas
Brazil,2011,"07",151,0.076,14.4,73.8,Americas
Brazil,2011,"07",181,0.076,14.4,73.8,Americas
Brazil,2011,"07",159,0.076,14.4,73.8,Americas
Brazil,2011,"07",150,0.066,14.4,73.8,Americas
Brazil,2011,"07",175,0.066,14.4,73.8,Americas
Brazil,2011,"07",151,0.066,14.4,73.8,Americas
Brazil,2011,"07",181,0.066,14.4,73.8,Americas
Brazil,2011,"07",159,0.066,14.4,73.8,Americas
Brazil,2011,"07",150,0.068,14.4,73.8,Americas
Brazil,2011,"07",175,0.068,14.4,73.8,Americas
Brazil,2011,"07",151,0.068,14.4,73.8,Americas
Brazil,2011,"07",181,0.068,14.4,73.8,Americas
Brazil,2011,"07",159,0.068,14.4,73.8,Americas
Brazil,2011,"07",150,0.058,14.4,73.8,Americas
Brazil,2011,"07",175,0.058,14.4,73.8,Americas
Brazil,2011,"07",151,0.058,14.4,73.8,Americas
Brazil,2011,"07",181,0.058,14.4,73.8,Americas
Brazil,2011,"07",159,0.058,14.4,73.8,Americas
Brazil,2011,"07",150,0.072,14.4,73.8,Americas
Brazil,2011,"07",175,0.072,14.4,73.8,Americas
Brazil,2011,"07",151,0.072,14.4,73.8,Americas
Brazil,2011,"07",181,0.072,14.4,73.8,Americas
Brazil,2011,"07",159,0.072,14.4,73.8,Americas
Brazil,2011,"08",171,0.073,14.4,73.8,Americas
Brazil,2011,"08",173,0.073,14.4,73.8,Americas
Brazil,2011,"08",171,0.073,14.4,73.8,Americas
Brazil,2011,"08",159,0.073,14.4,73.8,Americas
Brazil,2011,"08",171,0.074,14.4,73.8,Americas
Brazil,2011,"08",173,0.074,14.4,73.8,Americas
Brazil,2011,"08",171,0.074,14.4,73.8,Americas
Brazil,2011,"08",159,0.074,14.4,73.8,Americas
Brazil,2011,"08",171,0.076,14.4,73.8,Americas
Brazil,2011,"08",173,0.076,14.4,73.8,Americas
Brazil,2011,"08",171,0.076,14.4,73.8,Americas
Brazil,2011,"08",159,0.076,14.4,73.8,Americas
Brazil,2011,"08",171,0.074,14.4,73.8,Americas
Brazil,2011,"08",173,0.074,14.4,73.8,Americas
Brazil,2011,"08",171,0.074,14.4,73.8,Americas
Brazil,2011,"08",159,0.074,14.4,73.8,Americas
Brazil,2011,"09",145,0.071,14.4,73.8,Americas
Brazil,2011,"09",158,0.071,14.4,73.8,Americas
Brazil,2011,"09",154,0.071,14.4,73.8,Americas
Brazil,2011,"09",165,0.071,14.4,73.8,Americas
Brazil,2011,"09",145,0.076,14.4,73.8,Americas
Brazil,2011,"09",158,0.076,14.4,73.8,Americas
Brazil,2011,"09",154,0.076,14.4,73.8,Americas
Brazil,2011,"09",165,0.076,14.4,73.8,Americas
Brazil,2011,"09",145,0.079,14.4,73.8,Americas
Brazil,2011,"09",158,0.079,14.4,73.8,Americas
Brazil,2011,"09",154,0.079,14.4,73.8,Americas
Brazil,2011,"09",165,0.079,14.4,73.8,Americas
Brazil,2011,"09",145,0.073,14.4,73.8,Americas
Brazil,2011,"09",158,0.073,14.4,73.8,Americas
Brazil,2011,"09",154,0.073,14.4,73.8,Americas
Brazil,2011,"09",165,0.073,14.4,73.8,Americas
Brazil,2011,"10",132,0.097,14.4,73.8,Americas
Brazil,2011,"10",136,0.097,14.4,73.8,Americas
Brazil,2011,"10",136,0.097,14.4,73.8,Americas
Brazil,2011,"10",123,0.097,14.4,73.8,Americas
Brazil,2011,"10",141,0.097,14.4,73.8,Americas
Brazil,2011,"10",132,0.09,14.4,73.8,Americas
Brazil,2011,"10",136,0.09,14.4,73.8,Americas
Brazil,2011,"10",136,0.09,14.4,73.8,Americas
Brazil,2011,"10",123,0.09,14.4,73.8,Americas
Brazil,2011,"10",141,0.09,14.4,73.8,Americas
Brazil,2011,"10",132,0.075,14.4,73.8,Americas
Brazil,2011,"10",136,0.075,14.4,73.8,Americas
Brazil,2011,"10",136,0.075,14.4,73.8,Americas
Brazil,2011,"10",123,0.075,14.4,73.8,Americas
Brazil,2011,"10",141,0.075,14.4,73.8,Americas
Brazil,2011,"10",132,0.071,14.4,73.8,Americas
Brazil,2011,"10",136,0.071,14.4,73.8,Americas
Brazil,2011,"10",136,0.071,14.4,73.8,Americas
Brazil,2011,"10",123,0.071,14.4,73.8,Americas
Brazil,2011,"10",141,0.071,14.4,73.8,Americas
Brazil,2011,"10",132,0.082,14.4,73.8,Americas
Brazil,2011,"10",136,0.082,14.4,73.8,Americas
Brazil,2011,"10",136,0.082,14.4,73.8,Americas
Brazil,2011,"10",123,0.082,14.4,73.8,Americas
Brazil,2011,"10",141,0.082,14.4,73.8,Americas
Brazil,2011,"11",132,0.079,14.4,73.8,Americas
Brazil,2011,"11",133,0.079,14.4,73.8,Americas
Brazil,2011,"11",141,0.079,14.4,73.8,Americas
Brazil,2011,"11",120,0.079,14.4,73.8,Americas
Brazil,2011,"11",132,0.092,14.4,73.8,Americas
Brazil,2011,"11",133,0.092,14.4,73.8,Americas
Brazil,2011,"11",141,0.092,14.4,73.8,Americas
Brazil,2011,"11",120,0.092,14.4,73.8,Americas
Brazil,2011,"11",132,0.097,14.4,73.8,Americas
Brazil,2011,"11",133,0.097,14.4,73.8,Americas
Brazil,2011,"11",141,0.097,14.4,73.8,Americas
Brazil,2011,"11",120,0.097,14.4,73.8,Americas
Brazil,2011,"11",132,0.09,14.4,73.8,Americas
Brazil,2011,"11",133,0.09,14.4,73.8,Americas
Brazil,2011,"11",141,0.09,14.4,73.8,Americas
Brazil,2011,"11",120,0.09,14.4,73.8,Americas
Brazil,2011,"12",97,0.084,14.4,73.8,Americas
Brazil,2011,"12",114,0.084,14.4,73.8,Americas
Brazil,2011,"12",110,0.084,14.4,73.8,Americas
Brazil,2011,"12",101,0.084,14.4,73.8,Americas
Brazil,2011,"12",97,0.087,14.4,73.8,Americas
Brazil,2011,"12",114,0.087,14.4,73.8,Americas
Brazil,2011,"12",110,0.087,14.4,73.8,Americas
Brazil,2011,"12",101,0.087,14.4,73.8,Americas
Brazil,2011,"12",97,0.08,14.4,73.8,Americas
Brazil,2011,"12",114,0.08,14.4,73.8,Americas
Brazil,2011,"12",110,0.08,14.4,73.8,Americas
Brazil,2011,"12",101,0.08,14.4,73.8,Americas
Brazil,2011,"12",97,0.083,14.4,73.8,Americas
Brazil,2011,"12",114,0.083,14.4,73.8,Americas
Brazil,2011,"12",110,0.083,14.4,73.8,Americas
Brazil,2011,"12",101,0.083,14.4,73.8,Americas
Brazil,2012,"01",95,0.109,14.3,74,Americas
Brazil,2012,"01",100,0.109,14.3,74,Americas
Brazil,2012,"01",94,0.109,14.3,74,Americas
Brazil,2012,"01",90,0.109,14.3,74,Americas
Brazil,2012,"01",89,0.109,14.3,74,Americas
Brazil,2012,"01",95,0.095,14.3,74,Americas
Brazil,2012,"01",100,0.095,14.3,74,Americas
Brazil,2012,"01",94,0.095,14.3,74,Americas
Brazil,2012,"01",90,0.095,14.3,74,Americas
Brazil,2012,"01",89,0.095,14.3,74,Americas
Brazil,2012,"01",95,0.112,14.3,74,Americas
Brazil,2012,"01",100,0.112,14.3,74,Americas
Brazil,2012,"01",94,0.112,14.3,74,Americas
Brazil,2012,"01",90,0.112,14.3,74,Americas
Brazil,2012,"01",89,0.112,14.3,74,Americas
Brazil,2012,"01",95,0.103,14.3,74,Americas
Brazil,2012,"01",100,0.103,14.3,74,Americas
Brazil,2012,"01",94,0.103,14.3,74,Americas
Brazil,2012,"01",90,0.103,14.3,74,Americas
Brazil,2012,"01",89,0.103,14.3,74,Americas
Brazil,2012,"01",95,0.102,14.3,74,Americas
Brazil,2012,"01",100,0.102,14.3,74,Americas
Brazil,2012,"01",94,0.102,14.3,74,Americas
Brazil,2012,"01",90,0.102,14.3,74,Americas
Brazil,2012,"01",89,0.102,14.3,74,Americas
Brazil,2012,"02",127,0.124,14.3,74,Americas
Brazil,2012,"02",113,0.124,14.3,74,Americas
Brazil,2012,"02",103,0.124,14.3,74,Americas
Brazil,2012,"02",95,0.124,14.3,74,Americas
Brazil,2012,"02",127,0.116,14.3,74,Americas
Brazil,2012,"02",113,0.116,14.3,74,Americas
Brazil,2012,"02",103,0.116,14.3,74,Americas
Brazil,2012,"02",95,0.116,14.3,74,Americas
Brazil,2012,"02",127,0.141,14.3,74,Americas
Brazil,2012,"02",113,0.141,14.3,74,Americas
Brazil,2012,"02",103,0.141,14.3,74,Americas
Brazil,2012,"02",95,0.141,14.3,74,Americas
Brazil,2012,"02",127,0.177,14.3,74,Americas
Brazil,2012,"02",113,0.177,14.3,74,Americas
Brazil,2012,"02",103,0.177,14.3,74,Americas
Brazil,2012,"02",95,0.177,14.3,74,Americas
Brazil,2012,"03",135,0.176,14.3,74,Americas
Brazil,2012,"03",149,0.176,14.3,74,Americas
Brazil,2012,"03",142,0.176,14.3,74,Americas
Brazil,2012,"03",125,0.176,14.3,74,Americas
Brazil,2012,"03",135,0.194,14.3,74,Americas
Brazil,2012,"03",149,0.194,14.3,74,Americas
Brazil,2012,"03",142,0.194,14.3,74,Americas
Brazil,2012,"03",125,0.194,14.3,74,Americas
Brazil,2012,"03",135,0.188,14.3,74,Americas
Brazil,2012,"03",149,0.188,14.3,74,Americas
Brazil,2012,"03",142,0.188,14.3,74,Americas
Brazil,2012,"03",125,0.188,14.3,74,Americas
Brazil,2012,"03",135,0.198,14.3,74,Americas
Brazil,2012,"03",149,0.198,14.3,74,Americas
Brazil,2012,"03",142,0.198,14.3,74,Americas
Brazil,2012,"03",125,0.198,14.3,74,Americas
Brazil,2012,"04",164,0.185,14.3,74,Americas
Brazil,2012,"04",161,0.185,14.3,74,Americas
Brazil,2012,"04",170,0.185,14.3,74,Americas
Brazil,2012,"04",155,0.185,14.3,74,Americas
Brazil,2012,"04",141,0.185,14.3,74,Americas
Brazil,2012,"04",164,0.217,14.3,74,Americas
Brazil,2012,"04",161,0.217,14.3,74,Americas
Brazil,2012,"04",170,0.217,14.3,74,Americas
Brazil,2012,"04",155,0.217,14.3,74,Americas
Brazil,2012,"04",141,0.217,14.3,74,Americas
Brazil,2012,"04",164,0.177,14.3,74,Americas
Brazil,2012,"04",161,0.177,14.3,74,Americas
Brazil,2012,"04",170,0.177,14.3,74,Americas
Brazil,2012,"04",155,0.177,14.3,74,Americas
Brazil,2012,"04",141,0.177,14.3,74,Americas
Brazil,2012,"04",164,0.202,14.3,74,Americas
Brazil,2012,"04",161,0.202,14.3,74,Americas
Brazil,2012,"04",170,0.202,14.3,74,Americas
Brazil,2012,"04",155,0.202,14.3,74,Americas
Brazil,2012,"04",141,0.202,14.3,74,Americas
Brazil,2012,"04",164,0.204,14.3,74,Americas
Brazil,2012,"04",161,0.204,14.3,74,Americas
Brazil,2012,"04",170,0.204,14.3,74,Americas
Brazil,2012,"04",155,0.204,14.3,74,Americas
Brazil,2012,"04",141,0.204,14.3,74,Americas
Brazil,2012,"05",205,0.186,14.3,74,Americas
Brazil,2012,"05",208,0.186,14.3,74,Americas
Brazil,2012,"05",197,0.186,14.3,74,Americas
Brazil,2012,"05",176,0.186,14.3,74,Americas
Brazil,2012,"05",205,0.16,14.3,74,Americas
Brazil,2012,"05",208,0.16,14.3,74,Americas
Brazil,2012,"05",197,0.16,14.3,74,Americas
Brazil,2012,"05",176,0.16,14.3,74,Americas
Brazil,2012,"05",205,0.17,14.3,74,Americas
Brazil,2012,"05",208,0.17,14.3,74,Americas
Brazil,2012,"05",197,0.17,14.3,74,Americas
Brazil,2012,"05",176,0.17,14.3,74,Americas
Brazil,2012,"05",205,0.197,14.3,74,Americas
Brazil,2012,"05",208,0.197,14.3,74,Americas
Brazil,2012,"05",197,0.197,14.3,74,Americas
Brazil,2012,"05",176,0.197,14.3,74,Americas
Brazil,2012,"06",196,0.114,14.3,74,Americas
Brazil,2012,"06",183,0.114,14.3,74,Americas
Brazil,2012,"06",192,0.114,14.3,74,Americas
Brazil,2012,"06",187,0.114,14.3,74,Americas
Brazil,2012,"06",196,0.107,14.3,74,Americas
Brazil,2012,"06",183,0.107,14.3,74,Americas
Brazil,2012,"06",192,0.107,14.3,74,Americas
Brazil,2012,"06",187,0.107,14.3,74,Americas
Brazil,2012,"06",196,0.113,14.3,74,Americas
Brazil,2012,"06",183,0.113,14.3,74,Americas
Brazil,2012,"06",192,0.113,14.3,74,Americas
Brazil,2012,"06",187,0.113,14.3,74,Americas
Brazil,2012,"06",196,0.093,14.3,74,Americas
Brazil,2012,"06",183,0.093,14.3,74,Americas
Brazil,2012,"06",192,0.093,14.3,74,Americas
Brazil,2012,"06",187,0.093,14.3,74,Americas
Brazil,2012,"07",160,0.061,14.3,74,Americas
Brazil,2012,"07",176,0.061,14.3,74,Americas
Brazil,2012,"07",179,0.061,14.3,74,Americas
Brazil,2012,"07",187,0.061,14.3,74,Americas
Brazil,2012,"07",176,0.061,14.3,74,Americas
Brazil,2012,"07",160,0.083,14.3,74,Americas
Brazil,2012,"07",176,0.083,14.3,74,Americas
Brazil,2012,"07",179,0.083,14.3,74,Americas
Brazil,2012,"07",187,0.083,14.3,74,Americas
Brazil,2012,"07",176,0.083,14.3,74,Americas
Brazil,2012,"07",160,0.067,14.3,74,Americas
Brazil,2012,"07",176,0.067,14.3,74,Americas
Brazil,2012,"07",179,0.067,14.3,74,Americas
Brazil,2012,"07",187,0.067,14.3,74,Americas
Brazil,2012,"07",176,0.067,14.3,74,Americas
Brazil,2012,"07",160,0.051,14.3,74,Americas
Brazil,2012,"07",176,0.051,14.3,74,Americas
Brazil,2012,"07",179,0.051,14.3,74,Americas
Brazil,2012,"07",187,0.051,14.3,74,Americas
Brazil,2012,"07",176,0.051,14.3,74,Americas
Brazil,2012,"07",160,0.06,14.3,74,Americas
Brazil,2012,"07",176,0.06,14.3,74,Americas
Brazil,2012,"07",179,0.06,14.3,74,Americas
Brazil,2012,"07",187,0.06,14.3,74,Americas
Brazil,2012,"07",176,0.06,14.3,74,Americas
Brazil,2012,"08",160,0.059,14.3,74,Americas
Brazil,2012,"08",166,0.059,14.3,74,Americas
Brazil,2012,"08",157,0.059,14.3,74,Americas
Brazil,2012,"08",158,0.059,14.3,74,Americas
Brazil,2012,"08",160,0.053,14.3,74,Americas
Brazil,2012,"08",166,0.053,14.3,74,Americas
Brazil,2012,"08",157,0.053,14.3,74,Americas
Brazil,2012,"08",158,0.053,14.3,74,Americas
Brazil,2012,"08",160,0.049,14.3,74,Americas
Brazil,2012,"08",166,0.049,14.3,74,Americas
Brazil,2012,"08",157,0.049,14.3,74,Americas
Brazil,2012,"08",158,0.049,14.3,74,Americas
Brazil,2012,"08",160,0.05,14.3,74,Americas
Brazil,2012,"08",166,0.05,14.3,74,Americas
Brazil,2012,"08",157,0.05,14.3,74,Americas
Brazil,2012,"08",158,0.05,14.3,74,Americas
Brazil,2012,"09",150,0.051,14.3,74,Americas
Brazil,2012,"09",160,0.051,14.3,74,Americas
Brazil,2012,"09",154,0.051,14.3,74,Americas
Brazil,2012,"09",151,0.051,14.3,74,Americas
Brazil,2012,"09",150,0.051,14.3,74,Americas
Brazil,2012,"09",150,0.044,14.3,74,Americas
Brazil,2012,"09",160,0.044,14.3,74,Americas
Brazil,2012,"09",154,0.044,14.3,74,Americas
Brazil,2012,"09",151,0.044,14.3,74,Americas
Brazil,2012,"09",150,0.044,14.3,74,Americas
Brazil,2012,"09",150,0.043,14.3,74,Americas
Brazil,2012,"09",160,0.043,14.3,74,Americas
Brazil,2012,"09",154,0.043,14.3,74,Americas
Brazil,2012,"09",151,0.043,14.3,74,Americas
Brazil,2012,"09",150,0.043,14.3,74,Americas
Brazil,2012,"09",150,0.054,14.3,74,Americas
Brazil,2012,"09",160,0.054,14.3,74,Americas
Brazil,2012,"09",154,0.054,14.3,74,Americas
Brazil,2012,"09",151,0.054,14.3,74,Americas
Brazil,2012,"09",150,0.054,14.3,74,Americas
Brazil,2012,"09",150,0.043,14.3,74,Americas
Brazil,2012,"09",160,0.043,14.3,74,Americas
Brazil,2012,"09",154,0.043,14.3,74,Americas
Brazil,2012,"09",151,0.043,14.3,74,Americas
Brazil,2012,"09",150,0.043,14.3,74,Americas
Brazil,2012,"10",128,0.05,14.3,74,Americas
Brazil,2012,"10",138,0.05,14.3,74,Americas
Brazil,2012,"10",152,0.05,14.3,74,Americas
Brazil,2012,"10",134,0.05,14.3,74,Americas
Brazil,2012,"10",128,0.059,14.3,74,Americas
Brazil,2012,"10",138,0.059,14.3,74,Americas
Brazil,2012,"10",152,0.059,14.3,74,Americas
Brazil,2012,"10",134,0.059,14.3,74,Americas
Brazil,2012,"10",128,0.038,14.3,74,Americas
Brazil,2012,"10",138,0.038,14.3,74,Americas
Brazil,2012,"10",152,0.038,14.3,74,Americas
Brazil,2012,"10",134,0.038,14.3,74,Americas
Brazil,2012,"10",128,0.056,14.3,74,Americas
Brazil,2012,"10",138,0.056,14.3,74,Americas
Brazil,2012,"10",152,0.056,14.3,74,Americas
Brazil,2012,"10",134,0.056,14.3,74,Americas
Brazil,2012,"11",126,0.058,14.3,74,Americas
Brazil,2012,"11",127,0.058,14.3,74,Americas
Brazil,2012,"11",129,0.058,14.3,74,Americas
Brazil,2012,"11",126,0.058,14.3,74,Americas
Brazil,2012,"11",126,0.063,14.3,74,Americas
Brazil,2012,"11",127,0.063,14.3,74,Americas
Brazil,2012,"11",129,0.063,14.3,74,Americas
Brazil,2012,"11",126,0.063,14.3,74,Americas
Brazil,2012,"11",126,0.067,14.3,74,Americas
Brazil,2012,"11",127,0.067,14.3,74,Americas
Brazil,2012,"11",129,0.067,14.3,74,Americas
Brazil,2012,"11",126,0.067,14.3,74,Americas
Brazil,2012,"11",126,0.057,14.3,74,Americas
Brazil,2012,"11",127,0.057,14.3,74,Americas
Brazil,2012,"11",129,0.057,14.3,74,Americas
Brazil,2012,"11",126,0.057,14.3,74,Americas
Brazil,2012,"12",111,0.054,14.3,74,Americas
Brazil,2012,"12",106,0.054,14.3,74,Americas
Brazil,2012,"12",106,0.054,14.3,74,Americas
Brazil,2012,"12",108,0.054,14.3,74,Americas
Brazil,2012,"12",118,0.054,14.3,74,Americas
Brazil,2012,"12",111,0.081,14.3,74,Americas
Brazil,2012,"12",106,0.081,14.3,74,Americas
Brazil,2012,"12",106,0.081,14.3,74,Americas
Brazil,2012,"12",108,0.081,14.3,74,Americas
Brazil,2012,"12",118,0.081,14.3,74,Americas
Brazil,2012,"12",111,0.111,14.3,74,Americas
Brazil,2012,"12",106,0.111,14.3,74,Americas
Brazil,2012,"12",106,0.111,14.3,74,Americas
Brazil,2012,"12",108,0.111,14.3,74,Americas
Brazil,2012,"12",118,0.111,14.3,74,Americas
Brazil,2012,"12",111,0.053,14.3,74,Americas
Brazil,2012,"12",106,0.053,14.3,74,Americas
Brazil,2012,"12",106,0.053,14.3,74,Americas
Brazil,2012,"12",108,0.053,14.3,74,Americas
Brazil,2012,"12",118,0.053,14.3,74,Americas
Brazil,2012,"12",111,0.059,14.3,74,Americas
Brazil,2012,"12",106,0.059,14.3,74,Americas
Brazil,2012,"12",106,0.059,14.3,74,Americas
Brazil,2012,"12",108,0.059,14.3,74,Americas
Brazil,2012,"12",118,0.059,14.3,74,Americas
Brazil,2013,"01",112,0.178,14.3,74.1,Americas
Brazil,2013,"01",107,0.178,14.3,74.1,Americas
Brazil,2013,"01",106,0.178,14.3,74.1,Americas
Brazil,2013,"01",109,0.178,14.3,74.1,Americas
Brazil,2013,"01",112,0.145,14.3,74.1,Americas
Brazil,2013,"01",107,0.145,14.3,74.1,Americas
Brazil,2013,"01",106,0.145,14.3,74.1,Americas
Brazil,2013,"01",109,0.145,14.3,74.1,Americas
Brazil,2013,"01",112,0.127,14.3,74.1,Americas
Brazil,2013,"01",107,0.127,14.3,74.1,Americas
Brazil,2013,"01",106,0.127,14.3,74.1,Americas
Brazil,2013,"01",109,0.127,14.3,74.1,Americas
Brazil,2013,"01",112,0.171,14.3,74.1,Americas
Brazil,2013,"01",107,0.171,14.3,74.1,Americas
Brazil,2013,"01",106,0.171,14.3,74.1,Americas
Brazil,2013,"01",109,0.171,14.3,74.1,Americas
Brazil,2013,"02",116,0.323,14.3,74.1,Americas
Brazil,2013,"02",139,0.323,14.3,74.1,Americas
Brazil,2013,"02",141,0.323,14.3,74.1,Americas
Brazil,2013,"02",131,0.323,14.3,74.1,Americas
Brazil,2013,"02",116,0.238,14.3,74.1,Americas
Brazil,2013,"02",139,0.238,14.3,74.1,Americas
Brazil,2013,"02",141,0.238,14.3,74.1,Americas
Brazil,2013,"02",131,0.238,14.3,74.1,Americas
Brazil,2013,"02",116,0.182,14.3,74.1,Americas
Brazil,2013,"02",139,0.182,14.3,74.1,Americas
Brazil,2013,"02",141,0.182,14.3,74.1,Americas
Brazil,2013,"02",131,0.182,14.3,74.1,Americas
Brazil,2013,"02",116,0.275,14.3,74.1,Americas
Brazil,2013,"02",139,0.275,14.3,74.1,Americas
Brazil,2013,"02",141,0.275,14.3,74.1,Americas
Brazil,2013,"02",131,0.275,14.3,74.1,Americas
Brazil,2013,"03",149,0.328,14.3,74.1,Americas
Brazil,2013,"03",137,0.328,14.3,74.1,Americas
Brazil,2013,"03",165,0.328,14.3,74.1,Americas
Brazil,2013,"03",167,0.328,14.3,74.1,Americas
Brazil,2013,"03",185,0.328,14.3,74.1,Americas
Brazil,2013,"03",149,0.368,14.3,74.1,Americas
Brazil,2013,"03",137,0.368,14.3,74.1,Americas
Brazil,2013,"03",165,0.368,14.3,74.1,Americas
Brazil,2013,"03",167,0.368,14.3,74.1,Americas
Brazil,2013,"03",185,0.368,14.3,74.1,Americas
Brazil,2013,"03",149,0.421,14.3,74.1,Americas
Brazil,2013,"03",137,0.421,14.3,74.1,Americas
Brazil,2013,"03",165,0.421,14.3,74.1,Americas
Brazil,2013,"03",167,0.421,14.3,74.1,Americas
Brazil,2013,"03",185,0.421,14.3,74.1,Americas
Brazil,2013,"03",149,0.423,14.3,74.1,Americas
Brazil,2013,"03",137,0.423,14.3,74.1,Americas
Brazil,2013,"03",165,0.423,14.3,74.1,Americas
Brazil,2013,"03",167,0.423,14.3,74.1,Americas
Brazil,2013,"03",185,0.423,14.3,74.1,Americas
Brazil,2013,"03",149,0.501,14.3,74.1,Americas
Brazil,2013,"03",137,0.501,14.3,74.1,Americas
Brazil,2013,"03",165,0.501,14.3,74.1,Americas
Brazil,2013,"03",167,0.501,14.3,74.1,Americas
Brazil,2013,"03",185,0.501,14.3,74.1,Americas
Brazil,2013,"04",195,0.383,14.3,74.1,Americas
Brazil,2013,"04",219,0.383,14.3,74.1,Americas
Brazil,2013,"04",218,0.383,14.3,74.1,Americas
Brazil,2013,"04",225,0.383,14.3,74.1,Americas
Brazil,2013,"04",195,0.488,14.3,74.1,Americas
Brazil,2013,"04",219,0.488,14.3,74.1,Americas
Brazil,2013,"04",218,0.488,14.3,74.1,Americas
Brazil,2013,"04",225,0.488,14.3,74.1,Americas
Brazil,2013,"04",195,0.32,14.3,74.1,Americas
Brazil,2013,"04",219,0.32,14.3,74.1,Americas
Brazil,2013,"04",218,0.32,14.3,74.1,Americas
Brazil,2013,"04",225,0.32,14.3,74.1,Americas
Brazil,2013,"04",195,0.568,14.3,74.1,Americas
Brazil,2013,"04",219,0.568,14.3,74.1,Americas
Brazil,2013,"04",218,0.568,14.3,74.1,Americas
Brazil,2013,"04",225,0.568,14.3,74.1,Americas
Brazil,2013,"05",214,0.2,14.3,74.1,Americas
Brazil,2013,"05",215,0.2,14.3,74.1,Americas
Brazil,2013,"05",218,0.2,14.3,74.1,Americas
Brazil,2013,"05",203,0.2,14.3,74.1,Americas
Brazil,2013,"05",214,0.241,14.3,74.1,Americas
Brazil,2013,"05",215,0.241,14.3,74.1,Americas
Brazil,2013,"05",218,0.241,14.3,74.1,Americas
Brazil,2013,"05",203,0.241,14.3,74.1,Americas
Brazil,2013,"05",214,0.264,14.3,74.1,Americas
Brazil,2013,"05",215,0.264,14.3,74.1,Americas
Brazil,2013,"05",218,0.264,14.3,74.1,Americas
Brazil,2013,"05",203,0.264,14.3,74.1,Americas
Brazil,2013,"05",214,0.147,14.3,74.1,Americas
Brazil,2013,"05",215,0.147,14.3,74.1,Americas
Brazil,2013,"05",218,0.147,14.3,74.1,Americas
Brazil,2013,"05",203,0.147,14.3,74.1,Americas
Brazil,2013,"06",205,0.114,14.3,74.1,Americas
Brazil,2013,"06",212,0.114,14.3,74.1,Americas
Brazil,2013,"06",212,0.114,14.3,74.1,Americas
Brazil,2013,"06",210,0.114,14.3,74.1,Americas
Brazil,2013,"06",210,0.114,14.3,74.1,Americas
Brazil,2013,"06",205,0.124,14.3,74.1,Americas
Brazil,2013,"06",212,0.124,14.3,74.1,Americas
Brazil,2013,"06",212,0.124,14.3,74.1,Americas
Brazil,2013,"06",210,0.124,14.3,74.1,Americas
Brazil,2013,"06",210,0.124,14.3,74.1,Americas
Brazil,2013,"06",205,0.078,14.3,74.1,Americas
Brazil,2013,"06",212,0.078,14.3,74.1,Americas
Brazil,2013,"06",212,0.078,14.3,74.1,Americas
Brazil,2013,"06",210,0.078,14.3,74.1,Americas
Brazil,2013,"06",210,0.078,14.3,74.1,Americas
Brazil,2013,"06",205,0.088,14.3,74.1,Americas
Brazil,2013,"06",212,0.088,14.3,74.1,Americas
Brazil,2013,"06",212,0.088,14.3,74.1,Americas
Brazil,2013,"06",210,0.088,14.3,74.1,Americas
Brazil,2013,"06",210,0.088,14.3,74.1,Americas
Brazil,2013,"06",205,0.129,14.3,74.1,Americas
Brazil,2013,"06",212,0.129,14.3,74.1,Americas
Brazil,2013,"06",212,0.129,14.3,74.1,Americas
Brazil,2013,"06",210,0.129,14.3,74.1,Americas
Brazil,2013,"06",210,0.129,14.3,74.1,Americas
Brazil,2013,"07",195,0.051,14.3,74.1,Americas
Brazil,2013,"07",199,0.051,14.3,74.1,Americas
Brazil,2013,"07",192,0.051,14.3,74.1,Americas
Brazil,2013,"07",200,0.051,14.3,74.1,Americas
Brazil,2013,"07",195,0.065,14.3,74.1,Americas
Brazil,2013,"07",199,0.065,14.3,74.1,Americas
Brazil,2013,"07",192,0.065,14.3,74.1,Americas
Brazil,2013,"07",200,0.065,14.3,74.1,Americas
Brazil,2013,"07",195,0.064,14.3,74.1,Americas
Brazil,2013,"07",199,0.064,14.3,74.1,Americas
Brazil,2013,"07",192,0.064,14.3,74.1,Americas
Brazil,2013,"07",200,0.064,14.3,74.1,Americas
Brazil,2013,"07",195,0.056,14.3,74.1,Americas
Brazil,2013,"07",199,0.056,14.3,74.1,Americas
Brazil,2013,"07",192,0.056,14.3,74.1,Americas
Brazil,2013,"07",200,0.056,14.3,74.1,Americas
Brazil,2013,"08",204,0.06,14.3,74.1,Americas
Brazil,2013,"08",197,0.06,14.3,74.1,Americas
Brazil,2013,"08",202,0.06,14.3,74.1,Americas
Brazil,2013,"08",207,0.06,14.3,74.1,Americas
Brazil,2013,"08",204,0.054,14.3,74.1,Americas
Brazil,2013,"08",197,0.054,14.3,74.1,Americas
Brazil,2013,"08",202,0.054,14.3,74.1,Americas
Brazil,2013,"08",207,0.054,14.3,74.1,Americas
Brazil,2013,"08",204,0.063,14.3,74.1,Americas
Brazil,2013,"08",197,0.063,14.3,74.1,Americas
Brazil,2013,"08",202,0.063,14.3,74.1,Americas
Brazil,2013,"08",207,0.063,14.3,74.1,Americas
Brazil,2013,"08",204,0.057,14.3,74.1,Americas
Brazil,2013,"08",197,0.057,14.3,74.1,Americas
Brazil,2013,"08",202,0.057,14.3,74.1,Americas
Brazil,2013,"08",207,0.057,14.3,74.1,Americas
Brazil,2013,"09",169,0.057,14.3,74.1,Americas
Brazil,2013,"09",147,0.057,14.3,74.1,Americas
Brazil,2013,"09",156,0.057,14.3,74.1,Americas
Brazil,2013,"09",182,0.057,14.3,74.1,Americas
Brazil,2013,"09",193,0.057,14.3,74.1,Americas
Brazil,2013,"09",169,0.057,14.3,74.1,Americas
Brazil,2013,"09",147,0.057,14.3,74.1,Americas
Brazil,2013,"09",156,0.057,14.3,74.1,Americas
Brazil,2013,"09",182,0.057,14.3,74.1,Americas
Brazil,2013,"09",193,0.057,14.3,74.1,Americas
Brazil,2013,"09",169,0.047,14.3,74.1,Americas
Brazil,2013,"09",147,0.047,14.3,74.1,Americas
Brazil,2013,"09",156,0.047,14.3,74.1,Americas
Brazil,2013,"09",182,0.047,14.3,74.1,Americas
Brazil,2013,"09",193,0.047,14.3,74.1,Americas
Brazil,2013,"09",169,0.052,14.3,74.1,Americas
Brazil,2013,"09",147,0.052,14.3,74.1,Americas
Brazil,2013,"09",156,0.052,14.3,74.1,Americas
Brazil,2013,"09",182,0.052,14.3,74.1,Americas
Brazil,2013,"09",193,0.052,14.3,74.1,Americas
Brazil,2013,"09",169,0.053,14.3,74.1,Americas
Brazil,2013,"09",147,0.053,14.3,74.1,Americas
Brazil,2013,"09",156,0.053,14.3,74.1,Americas
Brazil,2013,"09",182,0.053,14.3,74.1,Americas
Brazil,2013,"09",193,0.053,14.3,74.1,Americas
Brazil,2013,"10",151,0.063,14.3,74.1,Americas
Brazil,2013,"10",152,0.063,14.3,74.1,Americas
Brazil,2013,"10",146,0.063,14.3,74.1,Americas
Brazil,2013,"10",149,0.063,14.3,74.1,Americas
Brazil,2013,"10",151,0.056,14.3,74.1,Americas
Brazil,2013,"10",152,0.056,14.3,74.1,Americas
Brazil,2013,"10",146,0.056,14.3,74.1,Americas
Brazil,2013,"10",149,0.056,14.3,74.1,Americas
Brazil,2013,"10",151,0.051,14.3,74.1,Americas
Brazil,2013,"10",152,0.051,14.3,74.1,Americas
Brazil,2013,"10",146,0.051,14.3,74.1,Americas
Brazil,2013,"10",149,0.051,14.3,74.1,Americas
Brazil,2013,"10",151,0.045,14.3,74.1,Americas
Brazil,2013,"10",152,0.045,14.3,74.1,Americas
Brazil,2013,"10",146,0.045,14.3,74.1,Americas
Brazil,2013,"10",149,0.045,14.3,74.1,Americas
Brazil,2013,"11",125,0.061,14.3,74.1,Americas
Brazil,2013,"11",143,0.061,14.3,74.1,Americas
Brazil,2013,"11",143,0.061,14.3,74.1,Americas
Brazil,2013,"11",141,0.061,14.3,74.1,Americas
Brazil,2013,"11",125,0.06,14.3,74.1,Americas
Brazil,2013,"11",143,0.06,14.3,74.1,Americas
Brazil,2013,"11",143,0.06,14.3,74.1,Americas
Brazil,2013,"11",141,0.06,14.3,74.1,Americas
Brazil,2013,"11",125,0.059,14.3,74.1,Americas
Brazil,2013,"11",143,0.059,14.3,74.1,Americas
Brazil,2013,"11",143,0.059,14.3,74.1,Americas
Brazil,2013,"11",141,0.059,14.3,74.1,Americas
Brazil,2013,"11",125,0.076,14.3,74.1,Americas
Brazil,2013,"11",143,0.076,14.3,74.1,Americas
Brazil,2013,"11",143,0.076,14.3,74.1,Americas
Brazil,2013,"11",141,0.076,14.3,74.1,Americas
Brazil,2013,"12",107,0.056,14.3,74.1,Americas
Brazil,2013,"12",114,0.056,14.3,74.1,Americas
Brazil,2013,"12",114,0.056,14.3,74.1,Americas
Brazil,2013,"12",116,0.056,14.3,74.1,Americas
Brazil,2013,"12",112,0.056,14.3,74.1,Americas
Brazil,2013,"12",107,0.051,14.3,74.1,Americas
Brazil,2013,"12",114,0.051,14.3,74.1,Americas
Brazil,2013,"12",114,0.051,14.3,74.1,Americas
Brazil,2013,"12",116,0.051,14.3,74.1,Americas
Brazil,2013,"12",112,0.051,14.3,74.1,Americas
Brazil,2013,"12",107,0.068,14.3,74.1,Americas
Brazil,2013,"12",114,0.068,14.3,74.1,Americas
Brazil,2013,"12",114,0.068,14.3,74.1,Americas
Brazil,2013,"12",116,0.068,14.3,74.1,Americas
Brazil,2013,"12",112,0.068,14.3,74.1,Americas
Brazil,2013,"12",107,0.053,14.3,74.1,Americas
Brazil,2013,"12",114,0.053,14.3,74.1,Americas
Brazil,2013,"12",114,0.053,14.3,74.1,Americas
Brazil,2013,"12",116,0.053,14.3,74.1,Americas
Brazil,2013,"12",112,0.053,14.3,74.1,Americas
Brazil,2013,"12",107,0.051,14.3,74.1,Americas
Brazil,2013,"12",114,0.051,14.3,74.1,Americas
Brazil,2013,"12",114,0.051,14.3,74.1,Americas
Brazil,2013,"12",116,0.051,14.3,74.1,Americas
Brazil,2013,"12",112,0.051,14.3,74.1,Americas
Brazil,2014,"01",105,0.08,14.4,74.3,Americas
Brazil,2014,"01",100,0.08,14.4,74.3,Americas
Brazil,2014,"01",110,0.08,14.4,74.3,Americas
Brazil,2014,"01",98,0.08,14.4,74.3,Americas
Brazil,2014,"01",105,0.076,14.4,74.3,Americas
Brazil,2014,"01",100,0.076,14.4,74.3,Americas
Brazil,2014,"01",110,0.076,14.4,74.3,Americas
Brazil,2014,"01",98,0.076,14.4,74.3,Americas
Brazil,2014,"01",105,0.072,14.4,74.3,Americas
Brazil,2014,"01",100,0.072,14.4,74.3,Americas
Brazil,2014,"01",110,0.072,14.4,74.3,Americas
Brazil,2014,"01",98,0.072,14.4,74.3,Americas
Brazil,2014,"01",105,0.071,14.4,74.3,Americas
Brazil,2014,"01",100,0.071,14.4,74.3,Americas
Brazil,2014,"01",110,0.071,14.4,74.3,Americas
Brazil,2014,"01",98,0.071,14.4,74.3,Americas
Brazil,2014,"02",123,0.128,14.4,74.3,Americas
Brazil,2014,"02",105,0.128,14.4,74.3,Americas
Brazil,2014,"02",133,0.128,14.4,74.3,Americas
Brazil,2014,"02",113,0.128,14.4,74.3,Americas
Brazil,2014,"02",123,0.115,14.4,74.3,Americas
Brazil,2014,"02",105,0.115,14.4,74.3,Americas
Brazil,2014,"02",133,0.115,14.4,74.3,Americas
Brazil,2014,"02",113,0.115,14.4,74.3,Americas
Brazil,2014,"02",123,0.092,14.4,74.3,Americas
Brazil,2014,"02",105,0.092,14.4,74.3,Americas
Brazil,2014,"02",133,0.092,14.4,74.3,Americas
Brazil,2014,"02",113,0.092,14.4,74.3,Americas
Brazil,2014,"02",123,0.101,14.4,74.3,Americas
Brazil,2014,"02",105,0.101,14.4,74.3,Americas
Brazil,2014,"02",133,0.101,14.4,74.3,Americas
Brazil,2014,"02",113,0.101,14.4,74.3,Americas
Brazil,2014,"03",162,0.151,14.4,74.3,Americas
Brazil,2014,"03",149,0.151,14.4,74.3,Americas
Brazil,2014,"03",166,0.151,14.4,74.3,Americas
Brazil,2014,"03",139,0.151,14.4,74.3,Americas
Brazil,2014,"03",149,0.151,14.4,74.3,Americas
Brazil,2014,"03",162,0.222,14.4,74.3,Americas
Brazil,2014,"03",149,0.222,14.4,74.3,Americas
Brazil,2014,"03",166,0.222,14.4,74.3,Americas
Brazil,2014,"03",139,0.222,14.4,74.3,Americas
Brazil,2014,"03",149,0.222,14.4,74.3,Americas
Brazil,2014,"03",162,0.263,14.4,74.3,Americas
Brazil,2014,"03",149,0.263,14.4,74.3,Americas
Brazil,2014,"03",166,0.263,14.4,74.3,Americas
Brazil,2014,"03",139,0.263,14.4,74.3,Americas
Brazil,2014,"03",149,0.263,14.4,74.3,Americas
Brazil,2014,"03",162,0.127,14.4,74.3,Americas
Brazil,2014,"03",149,0.127,14.4,74.3,Americas
Brazil,2014,"03",166,0.127,14.4,74.3,Americas
Brazil,2014,"03",139,0.127,14.4,74.3,Americas
Brazil,2014,"03",149,0.127,14.4,74.3,Americas
Brazil,2014,"03",162,0.185,14.4,74.3,Americas
Brazil,2014,"03",149,0.185,14.4,74.3,Americas
Brazil,2014,"03",166,0.185,14.4,74.3,Americas
Brazil,2014,"03",139,0.185,14.4,74.3,Americas
Brazil,2014,"03",149,0.185,14.4,74.3,Americas
Brazil,2014,"04",210,0.425,14.4,74.3,Americas
Brazil,2014,"04",182,0.425,14.4,74.3,Americas
Brazil,2014,"04",185,0.425,14.4,74.3,Americas
Brazil,2014,"04",227,0.425,14.4,74.3,Americas
Brazil,2014,"04",210,0.345,14.4,74.3,Americas
Brazil,2014,"04",182,0.345,14.4,74.3,Americas
Brazil,2014,"04",185,0.345,14.4,74.3,Americas
Brazil,2014,"04",227,0.345,14.4,74.3,Americas
Brazil,2014,"04",210,0.458,14.4,74.3,Americas
Brazil,2014,"04",182,0.458,14.4,74.3,Americas
Brazil,2014,"04",185,0.458,14.4,74.3,Americas
Brazil,2014,"04",227,0.458,14.4,74.3,Americas
Brazil,2014,"04",210,0.439,14.4,74.3,Americas
Brazil,2014,"04",182,0.439,14.4,74.3,Americas
Brazil,2014,"04",185,0.439,14.4,74.3,Americas
Brazil,2014,"04",227,0.439,14.4,74.3,Americas
Brazil,2014,"05",235,0.285,14.4,74.3,Americas
Brazil,2014,"05",245,0.285,14.4,74.3,Americas
Brazil,2014,"05",227,0.285,14.4,74.3,Americas
Brazil,2014,"05",238,0.285,14.4,74.3,Americas
Brazil,2014,"05",235,0.34,14.4,74.3,Americas
Brazil,2014,"05",245,0.34,14.4,74.3,Americas
Brazil,2014,"05",227,0.34,14.4,74.3,Americas
Brazil,2014,"05",238,0.34,14.4,74.3,Americas
Brazil,2014,"05",235,0.417,14.4,74.3,Americas
Brazil,2014,"05",245,0.417,14.4,74.3,Americas
Brazil,2014,"05",227,0.417,14.4,74.3,Americas
Brazil,2014,"05",238,0.417,14.4,74.3,Americas
Brazil,2014,"05",235,0.208,14.4,74.3,Americas
Brazil,2014,"05",245,0.208,14.4,74.3,Americas
Brazil,2014,"05",227,0.208,14.4,74.3,Americas
Brazil,2014,"05",238,0.208,14.4,74.3,Americas
Brazil,2014,"06",197,0.112,14.4,74.3,Americas
Brazil,2014,"06",212,0.112,14.4,74.3,Americas
Brazil,2014,"06",209,0.112,14.4,74.3,Americas
Brazil,2014,"06",226,0.112,14.4,74.3,Americas
Brazil,2014,"06",212,0.112,14.4,74.3,Americas
Brazil,2014,"06",197,0.127,14.4,74.3,Americas
Brazil,2014,"06",212,0.127,14.4,74.3,Americas
Brazil,2014,"06",209,0.127,14.4,74.3,Americas
Brazil,2014,"06",226,0.127,14.4,74.3,Americas
Brazil,2014,"06",212,0.127,14.4,74.3,Americas
Brazil,2014,"06",197,0.172,14.4,74.3,Americas
Brazil,2014,"06",212,0.172,14.4,74.3,Americas
Brazil,2014,"06",209,0.172,14.4,74.3,Americas
Brazil,2014,"06",226,0.172,14.4,74.3,Americas
Brazil,2014,"06",212,0.172,14.4,74.3,Americas
Brazil,2014,"06",197,0.146,14.4,74.3,Americas
Brazil,2014,"06",212,0.146,14.4,74.3,Americas
Brazil,2014,"06",209,0.146,14.4,74.3,Americas
Brazil,2014,"06",226,0.146,14.4,74.3,Americas
Brazil,2014,"06",212,0.146,14.4,74.3,Americas
Brazil,2014,"06",197,0.092,14.4,74.3,Americas
Brazil,2014,"06",212,0.092,14.4,74.3,Americas
Brazil,2014,"06",209,0.092,14.4,74.3,Americas
Brazil,2014,"06",226,0.092,14.4,74.3,Americas
Brazil,2014,"06",212,0.092,14.4,74.3,Americas
Brazil,2014,"07",182,0.063,14.4,74.3,Americas
Brazil,2014,"07",181,0.063,14.4,74.3,Americas
Brazil,2014,"07",178,0.063,14.4,74.3,Americas
Brazil,2014,"07",179,0.063,14.4,74.3,Americas
Brazil,2014,"07",182,0.073,14.4,74.3,Americas
Brazil,2014,"07",181,0.073,14.4,74.3,Americas
Brazil,2014,"07",178,0.073,14.4,74.3,Americas
Brazil,2014,"07",179,0.073,14.4,74.3,Americas
Brazil,2014,"07",182,0.057,14.4,74.3,Americas
Brazil,2014,"07",181,0.057,14.4,74.3,Americas
Brazil,2014,"07",178,0.057,14.4,74.3,Americas
Brazil,2014,"07",179,0.057,14.4,74.3,Americas
Brazil,2014,"07",182,0.081,14.4,74.3,Americas
Brazil,2014,"07",181,0.081,14.4,74.3,Americas
Brazil,2014,"07",178,0.081,14.4,74.3,Americas
Brazil,2014,"07",179,0.081,14.4,74.3,Americas
Brazil,2014,"08",196,0.055,14.4,74.3,Americas
Brazil,2014,"08",217,0.055,14.4,74.3,Americas
Brazil,2014,"08",219,0.055,14.4,74.3,Americas
Brazil,2014,"08",196,0.055,14.4,74.3,Americas
Brazil,2014,"08",203,0.055,14.4,74.3,Americas
Brazil,2014,"08",196,0.057,14.4,74.3,Americas
Brazil,2014,"08",217,0.057,14.4,74.3,Americas
Brazil,2014,"08",219,0.057,14.4,74.3,Americas
Brazil,2014,"08",196,0.057,14.4,74.3,Americas
Brazil,2014,"08",203,0.057,14.4,74.3,Americas
Brazil,2014,"08",196,0.055,14.4,74.3,Americas
Brazil,2014,"08",217,0.055,14.4,74.3,Americas
Brazil,2014,"08",219,0.055,14.4,74.3,Americas
Brazil,2014,"08",196,0.055,14.4,74.3,Americas
Brazil,2014,"08",203,0.055,14.4,74.3,Americas
Brazil,2014,"08",196,0.066,14.4,74.3,Americas
Brazil,2014,"08",217,0.066,14.4,74.3,Americas
Brazil,2014,"08",219,0.066,14.4,74.3,Americas
Brazil,2014,"08",196,0.066,14.4,74.3,Americas
Brazil,2014,"08",203,0.066,14.4,74.3,Americas
Brazil,2014,"08",196,0.059,14.4,74.3,Americas
Brazil,2014,"08",217,0.059,14.4,74.3,Americas
Brazil,2014,"08",219,0.059,14.4,74.3,Americas
Brazil,2014,"08",196,0.059,14.4,74.3,Americas
Brazil,2014,"08",203,0.059,14.4,74.3,Americas
Brazil,2014,"09",178,0.057,14.4,74.3,Americas
Brazil,2014,"09",165,0.057,14.4,74.3,Americas
Brazil,2014,"09",193,0.057,14.4,74.3,Americas
Brazil,2014,"09",188,0.057,14.4,74.3,Americas
Brazil,2014,"09",178,0.054,14.4,74.3,Americas
Brazil,2014,"09",165,0.054,14.4,74.3,Americas
Brazil,2014,"09",193,0.054,14.4,74.3,Americas
Brazil,2014,"09",188,0.054,14.4,74.3,Americas
Brazil,2014,"09",178,0.057,14.4,74.3,Americas
Brazil,2014,"09",165,0.057,14.4,74.3,Americas
Brazil,2014,"09",193,0.057,14.4,74.3,Americas
Brazil,2014,"09",188,0.057,14.4,74.3,Americas
Brazil,2014,"09",178,0.053,14.4,74.3,Americas
Brazil,2014,"09",165,0.053,14.4,74.3,Americas
Brazil,2014,"09",193,0.053,14.4,74.3,Americas
Brazil,2014,"09",188,0.053,14.4,74.3,Americas
Brazil,2014,"10",159,0.061,14.4,74.3,Americas
Brazil,2014,"10",168,0.061,14.4,74.3,Americas
Brazil,2014,"10",170,0.061,14.4,74.3,Americas
Brazil,2014,"10",170,0.061,14.4,74.3,Americas
Brazil,2014,"10",159,0.064,14.4,74.3,Americas
Brazil,2014,"10",168,0.064,14.4,74.3,Americas
Brazil,2014,"10",170,0.064,14.4,74.3,Americas
Brazil,2014,"10",170,0.064,14.4,74.3,Americas
Brazil,2014,"10",159,0.054,14.4,74.3,Americas
Brazil,2014,"10",168,0.054,14.4,74.3,Americas
Brazil,2014,"10",170,0.054,14.4,74.3,Americas
Brazil,2014,"10",170,0.054,14.4,74.3,Americas
Brazil,2014,"10",159,0.061,14.4,74.3,Americas
Brazil,2014,"10",168,0.061,14.4,74.3,Americas
Brazil,2014,"10",170,0.061,14.4,74.3,Americas
Brazil,2014,"10",170,0.061,14.4,74.3,Americas
Brazil,2014,"11",137,0.071,14.4,74.3,Americas
Brazil,2014,"11",153,0.071,14.4,74.3,Americas
Brazil,2014,"11",148,0.071,14.4,74.3,Americas
Brazil,2014,"11",156,0.071,14.4,74.3,Americas
Brazil,2014,"11",138,0.071,14.4,74.3,Americas
Brazil,2014,"11",137,0.051,14.4,74.3,Americas
Brazil,2014,"11",153,0.051,14.4,74.3,Americas
Brazil,2014,"11",148,0.051,14.4,74.3,Americas
Brazil,2014,"11",156,0.051,14.4,74.3,Americas
Brazil,2014,"11",138,0.051,14.4,74.3,Americas
Brazil,2014,"11",137,0.06,14.4,74.3,Americas
Brazil,2014,"11",153,0.06,14.4,74.3,Americas
Brazil,2014,"11",148,0.06,14.4,74.3,Americas
Brazil,2014,"11",156,0.06,14.4,74.3,Americas
Brazil,2014,"11",138,0.06,14.4,74.3,Americas
Brazil,2014,"11",137,0.064,14.4,74.3,Americas
Brazil,2014,"11",153,0.064,14.4,74.3,Americas
Brazil,2014,"11",148,0.064,14.4,74.3,Americas
Brazil,2014,"11",156,0.064,14.4,74.3,Americas
Brazil,2014,"11",138,0.064,14.4,74.3,Americas
Brazil,2014,"11",137,0.052,14.4,74.3,Americas
Brazil,2014,"11",153,0.052,14.4,74.3,Americas
Brazil,2014,"11",148,0.052,14.4,74.3,Americas
Brazil,2014,"11",156,0.052,14.4,74.3,Americas
Brazil,2014,"11",138,0.052,14.4,74.3,Americas
Brazil,2014,"12",136,0.054,14.4,74.3,Americas
Brazil,2014,"12",127,0.054,14.4,74.3,Americas
Brazil,2014,"12",133,0.054,14.4,74.3,Americas
Brazil,2014,"12",128,0.054,14.4,74.3,Americas
Brazil,2014,"12",136,0.077,14.4,74.3,Americas
Brazil,2014,"12",127,0.077,14.4,74.3,Americas
Brazil,2014,"12",133,0.077,14.4,74.3,Americas
Brazil,2014,"12",128,0.077,14.4,74.3,Americas
Brazil,2014,"12",136,0.055,14.4,74.3,Americas
Brazil,2014,"12",127,0.055,14.4,74.3,Americas
Brazil,2014,"12",133,0.055,14.4,74.3,Americas
Brazil,2014,"12",128,0.055,14.4,74.3,Americas
Brazil,2014,"12",136,0.058,14.4,74.3,Americas
Brazil,2014,"12",127,0.058,14.4,74.3,Americas
Brazil,2014,"12",133,0.058,14.4,74.3,Americas
Brazil,2014,"12",128,0.058,14.4,74.3,Americas
Brazil,2015,"01",108,0.107,14.6,74.4,Americas
Brazil,2015,"01",114,0.107,14.6,74.4,Americas
Brazil,2015,"01",110,0.107,14.6,74.4,Americas
Brazil,2015,"01",128,0.107,14.6,74.4,Americas
Brazil,2015,"01",108,0.146,14.6,74.4,Americas
Brazil,2015,"01",114,0.146,14.6,74.4,Americas
Brazil,2015,"01",110,0.146,14.6,74.4,Americas
Brazil,2015,"01",128,0.146,14.6,74.4,Americas
Brazil,2015,"01",108,0.096,14.6,74.4,Americas
Brazil,2015,"01",114,0.096,14.6,74.4,Americas
Brazil,2015,"01",110,0.096,14.6,74.4,Americas
Brazil,2015,"01",128,0.096,14.6,74.4,Americas
Brazil,2015,"01",108,0.089,14.6,74.4,Americas
Brazil,2015,"01",114,0.089,14.6,74.4,Americas
Brazil,2015,"01",110,0.089,14.6,74.4,Americas
Brazil,2015,"01",128,0.089,14.6,74.4,Americas
Brazil,2015,"02",112,0.195,14.6,74.4,Americas
Brazil,2015,"02",143,0.195,14.6,74.4,Americas
Brazil,2015,"02",124,0.195,14.6,74.4,Americas
Brazil,2015,"02",157,0.195,14.6,74.4,Americas
Brazil,2015,"02",112,0.252,14.6,74.4,Americas
Brazil,2015,"02",143,0.252,14.6,74.4,Americas
Brazil,2015,"02",124,0.252,14.6,74.4,Americas
Brazil,2015,"02",157,0.252,14.6,74.4,Americas
Brazil,2015,"02",112,0.294,14.6,74.4,Americas
Brazil,2015,"02",143,0.294,14.6,74.4,Americas
Brazil,2015,"02",124,0.294,14.6,74.4,Americas
Brazil,2015,"02",157,0.294,14.6,74.4,Americas
Brazil,2015,"02",112,0.38,14.6,74.4,Americas
Brazil,2015,"02",143,0.38,14.6,74.4,Americas
Brazil,2015,"02",124,0.38,14.6,74.4,Americas
Brazil,2015,"02",157,0.38,14.6,74.4,Americas
Brazil,2015,"03",197,0.783,14.6,74.4,Americas
Brazil,2015,"03",181,0.783,14.6,74.4,Americas
Brazil,2015,"03",168,0.783,14.6,74.4,Americas
Brazil,2015,"03",215,0.783,14.6,74.4,Americas
Brazil,2015,"03",214,0.783,14.6,74.4,Americas
Brazil,2015,"03",197,0.753,14.6,74.4,Americas
Brazil,2015,"03",181,0.753,14.6,74.4,Americas
Brazil,2015,"03",168,0.753,14.6,74.4,Americas
Brazil,2015,"03",215,0.753,14.6,74.4,Americas
Brazil,2015,"03",214,0.753,14.6,74.4,Americas
Brazil,2015,"03",197,0.503,14.6,74.4,Americas
Brazil,2015,"03",181,0.503,14.6,74.4,Americas
Brazil,2015,"03",168,0.503,14.6,74.4,Americas
Brazil,2015,"03",215,0.503,14.6,74.4,Americas
Brazil,2015,"03",214,0.503,14.6,74.4,Americas
Brazil,2015,"03",197,0.612,14.6,74.4,Americas
Brazil,2015,"03",181,0.612,14.6,74.4,Americas
Brazil,2015,"03",168,0.612,14.6,74.4,Americas
Brazil,2015,"03",215,0.612,14.6,74.4,Americas
Brazil,2015,"03",214,0.612,14.6,74.4,Americas
Brazil,2015,"03",197,0.694,14.6,74.4,Americas
Brazil,2015,"03",181,0.694,14.6,74.4,Americas
Brazil,2015,"03",168,0.694,14.6,74.4,Americas
Brazil,2015,"03",215,0.694,14.6,74.4,Americas
Brazil,2015,"03",214,0.694,14.6,74.4,Americas
Brazil,2015,"04",250,0.714,14.6,74.4,Americas
Brazil,2015,"04",230,0.714,14.6,74.4,Americas
Brazil,2015,"04",245,0.714,14.6,74.4,Americas
Brazil,2015,"04",241,0.714,14.6,74.4,Americas
Brazil,2015,"04",250,0.737,14.6,74.4,Americas
Brazil,2015,"04",230,0.737,14.6,74.4,Americas
Brazil,2015,"04",245,0.737,14.6,74.4,Americas
Brazil,2015,"04",241,0.737,14.6,74.4,Americas
Brazil,2015,"04",250,0.801,14.6,74.4,Americas
Brazil,2015,"04",230,0.801,14.6,74.4,Americas
Brazil,2015,"04",245,0.801,14.6,74.4,Americas
Brazil,2015,"04",241,0.801,14.6,74.4,Americas
Brazil,2015,"04",250,0.895,14.6,74.4,Americas
Brazil,2015,"04",230,0.895,14.6,74.4,Americas
Brazil,2015,"04",245,0.895,14.6,74.4,Americas
Brazil,2015,"04",241,0.895,14.6,74.4,Americas
Brazil,2015,"05",287,0.275,14.6,74.4,Americas
Brazil,2015,"05",263,0.275,14.6,74.4,Americas
Brazil,2015,"05",278,0.275,14.6,74.4,Americas
Brazil,2015,"05",299,0.275,14.6,74.4,Americas
Brazil,2015,"05",263,0.275,14.6,74.4,Americas
Brazil,2015,"05",287,0.7,14.6,74.4,Americas
Brazil,2015,"05",263,0.7,14.6,74.4,Americas
Brazil,2015,"05",278,0.7,14.6,74.4,Americas
Brazil,2015,"05",299,0.7,14.6,74.4,Americas
Brazil,2015,"05",263,0.7,14.6,74.4,Americas
Brazil,2015,"05",287,0.456,14.6,74.4,Americas
Brazil,2015,"05",263,0.456,14.6,74.4,Americas
Brazil,2015,"05",278,0.456,14.6,74.4,Americas
Brazil,2015,"05",299,0.456,14.6,74.4,Americas
Brazil,2015,"05",263,0.456,14.6,74.4,Americas
Brazil,2015,"05",287,0.383,14.6,74.4,Americas
Brazil,2015,"05",263,0.383,14.6,74.4,Americas
Brazil,2015,"05",278,0.383,14.6,74.4,Americas
Brazil,2015,"05",299,0.383,14.6,74.4,Americas
Brazil,2015,"05",263,0.383,14.6,74.4,Americas
Brazil,2015,"05",287,0.537,14.6,74.4,Americas
Brazil,2015,"05",263,0.537,14.6,74.4,Americas
Brazil,2015,"05",278,0.537,14.6,74.4,Americas
Brazil,2015,"05",299,0.537,14.6,74.4,Americas
Brazil,2015,"05",263,0.537,14.6,74.4,Americas
Brazil,2015,"06",249,0.155,14.6,74.4,Americas
Brazil,2015,"06",242,0.155,14.6,74.4,Americas
Brazil,2015,"06",238,0.155,14.6,74.4,Americas
Brazil,2015,"06",262,0.155,14.6,74.4,Americas
Brazil,2015,"06",249,0.124,14.6,74.4,Americas
Brazil,2015,"06",242,0.124,14.6,74.4,Americas
Brazil,2015,"06",238,0.124,14.6,74.4,Americas
Brazil,2015,"06",262,0.124,14.6,74.4,Americas
Brazil,2015,"06",249,0.211,14.6,74.4,Americas
Brazil,2015,"06",242,0.211,14.6,74.4,Americas
Brazil,2015,"06",238,0.211,14.6,74.4,Americas
Brazil,2015,"06",262,0.211,14.6,74.4,Americas
Brazil,2015,"06",249,0.265,14.6,74.4,Americas
Brazil,2015,"06",242,0.265,14.6,74.4,Americas
Brazil,2015,"06",238,0.265,14.6,74.4,Americas
Brazil,2015,"06",262,0.265,14.6,74.4,Americas
Brazil,2015,"07",231,0.101,14.6,74.4,Americas
Brazil,2015,"07",231,0.101,14.6,74.4,Americas
Brazil,2015,"07",206,0.101,14.6,74.4,Americas
Brazil,2015,"07",213,0.101,14.6,74.4,Americas
Brazil,2015,"07",231,0.104,14.6,74.4,Americas
Brazil,2015,"07",231,0.104,14.6,74.4,Americas
Brazil,2015,"07",206,0.104,14.6,74.4,Americas
Brazil,2015,"07",213,0.104,14.6,74.4,Americas
Brazil,2015,"07",231,0.09,14.6,74.4,Americas
Brazil,2015,"07",231,0.09,14.6,74.4,Americas
Brazil,2015,"07",206,0.09,14.6,74.4,Americas
Brazil,2015,"07",213,0.09,14.6,74.4,Americas
Brazil,2015,"07",231,0.088,14.6,74.4,Americas
Brazil,2015,"07",231,0.088,14.6,74.4,Americas
Brazil,2015,"07",206,0.088,14.6,74.4,Americas
Brazil,2015,"07",213,0.088,14.6,74.4,Americas
Brazil,2015,"08",201,0.085,14.6,74.4,Americas
Brazil,2015,"08",203,0.085,14.6,74.4,Americas
Brazil,2015,"08",201,0.08,14.6,74.4,Americas
Brazil,2015,"08",203,0.08,14.6,74.4,Americas
Bulgaria,2002,"12",,,,,
Bulgaria,2003,"01",,,,,
Bulgaria,2003,"01",,,,,
Bulgaria,2003,"01",,,,,
Bulgaria,2003,"01",,,,,
Bulgaria,2003,"02",,,,,
Bulgaria,2003,"02",,,,,
Bulgaria,2003,"02",,,,,
Bulgaria,2003,"02",,,,,
Bulgaria,2003,"03",,,,,
Bulgaria,2003,"03",,,,,
Bulgaria,2003,"03",,,,,
Bulgaria,2003,"03",,,,,
Bulgaria,2003,"03",,,,,
Bulgaria,2003,"04",,,,,
Bulgaria,2003,"04",,,,,
Bulgaria,2003,"04",,,,,
Bulgaria,2003,"04",,,,,
Bulgaria,2003,"05",,,,,
Bulgaria,2003,"05",,,,,
Bulgaria,2003,"05",,,,,
Bulgaria,2003,"05",,,,,
Bulgaria,2003,"06",,,,,
Bulgaria,2003,"06",,,,,
Bulgaria,2003,"06",,,,,
Bulgaria,2003,"06",,,,,
Bulgaria,2003,"06",,,,,
Bulgaria,2003,"07",,,,,
Bulgaria,2003,"07",,,,,
Bulgaria,2003,"07",,,,,
Bulgaria,2003,"07",,,,,
Bulgaria,2003,"08",,,,,
Bulgaria,2003,"08",,,,,
Bulgaria,2003,"08",,,,,
Bulgaria,2003,"08",,,,,
Bulgaria,2003,"08",,,,,
Bulgaria,2003,"09",,,,,
Bulgaria,2003,"09",,,,,
Bulgaria,2003,"09",,,,,
Bulgaria,2003,"09",,,,,
Bulgaria,2003,"10",,,,,
Bulgaria,2003,"10",,,,,
Bulgaria,2003,"10",,,,,
Bulgaria,2003,"10",,,,,
Bulgaria,2003,"11",,,,,
Bulgaria,2003,"11",,,,,
Bulgaria,2003,"11",,,,,
Bulgaria,2003,"11",,,,,
Bulgaria,2003,"11",,,,,
Bulgaria,2003,"12",,,,,
Bulgaria,2003,"12",,,,,
Bulgaria,2003,"12",,,,,
Bulgaria,2003,"12",,,,,
Bulgaria,2004,"01",,,,,
Bulgaria,2004,"01",,,,,
Bulgaria,2004,"01",,,,,
Bulgaria,2004,"01",,,,,
Bulgaria,2004,"02",,,,,
Bulgaria,2004,"02",,,,,
Bulgaria,2004,"02",,,,,
Bulgaria,2004,"02",,,,,
Bulgaria,2004,"02",,,,,
Bulgaria,2004,"03",,,,,
Bulgaria,2004,"03",,,,,
Bulgaria,2004,"03",,,,,
Bulgaria,2004,"03",,,,,
Bulgaria,2004,"04",,,,,
Bulgaria,2004,"04",,,,,
Bulgaria,2004,"04",,,,,
Bulgaria,2004,"04",,,,,
Bulgaria,2004,"05",,,,,
Bulgaria,2004,"05",,,,,
Bulgaria,2004,"05",,,,,
Bulgaria,2004,"05",,,,,
Bulgaria,2004,"05",,,,,
Bulgaria,2004,"06",,,,,
Bulgaria,2004,"06",,,,,
Bulgaria,2004,"06",,,,,
Bulgaria,2004,"06",,,,,
Bulgaria,2004,"07",,,,,
Bulgaria,2004,"07",,,,,
Bulgaria,2004,"07",,,,,
Bulgaria,2004,"07",,,,,
Bulgaria,2004,"08",,,,,
Bulgaria,2004,"08",,,,,
Bulgaria,2004,"08",,,,,
Bulgaria,2004,"08",,,,,
Bulgaria,2004,"08",,,,,
Bulgaria,2004,"09",,,,,
Bulgaria,2004,"09",,,,,
Bulgaria,2004,"09",,,,,
Bulgaria,2004,"09",,,,,
Bulgaria,2004,"10",,,,,
Bulgaria,2004,"10",,,,,
Bulgaria,2004,"10",,,,,
Bulgaria,2004,"10",,,,,
Bulgaria,2004,"10",,,,,
Bulgaria,2004,"11",,,,,
Bulgaria,2004,"11",,,,,
Bulgaria,2004,"11",,,,,
Bulgaria,2004,"11",,,,,
Bulgaria,2004,"12",,,,,
Bulgaria,2004,"12",724,,,,
Bulgaria,2004,"12",715,,,,
Bulgaria,2004,"12",691,,,,
Bulgaria,2005,"01",751,,,,
Bulgaria,2005,"01",812,,,,
Bulgaria,2005,"01",1058,,,,
Bulgaria,2005,"01",947,,,,
Bulgaria,2005,"01",824,,,,
Bulgaria,2005,"02",1219,,,,
Bulgaria,2005,"02",1270,,,,
Bulgaria,2005,"02",1268,,,,
Bulgaria,2005,"02",1352,,,,
Bulgaria,2005,"03",1234,,,,
Bulgaria,2005,"03",1132,,,,
Bulgaria,2005,"03",1064,,,,
Bulgaria,2005,"03",1002,,,,
Bulgaria,2005,"04",881,,,,
Bulgaria,2005,"04",811,,,,
Bulgaria,2005,"04",746,,,,
Bulgaria,2005,"04",959,,,,
Bulgaria,2005,"05",733,,,,
Bulgaria,2005,"05",672,,,,
Bulgaria,2005,"05",641,,,,
Bulgaria,2005,"05",587,,,,
Bulgaria,2005,"05",631,,,,
Bulgaria,2005,"06",473,,,,
Bulgaria,2005,"06",470,,,,
Bulgaria,2005,"06",498,,,,
Bulgaria,2005,"06",537,,,,
Bulgaria,2005,"07",468,,,,
Bulgaria,2005,"07",472,,,,
Bulgaria,2005,"07",467,,,,
Bulgaria,2005,"07",481,,,,
Bulgaria,2005,"07",456,,,,
Bulgaria,2005,"08",449,,,,
Bulgaria,2005,"08",430,,,,
Bulgaria,2005,"08",437,,,,
Bulgaria,2005,"08",500,,,,
Bulgaria,2005,"09",552,,,,
Bulgaria,2005,"09",506,,,,
Bulgaria,2005,"09",513,,,,
Bulgaria,2005,"09",551,,,,
Bulgaria,2005,"10",824,,,,
Bulgaria,2005,"10",612,,,,
Bulgaria,2005,"10",937,,,,
Bulgaria,2005,"10",857,,,,
Bulgaria,2005,"10",1027,,,,
Bulgaria,2005,"11",1129,,,,
Bulgaria,2005,"11",1189,,,,
Bulgaria,2005,"11",1163,,,,
Bulgaria,2005,"11",1185,,,,
Bulgaria,2005,"12",1036,,,,
Bulgaria,2005,"12",1038,,,,
Bulgaria,2005,"12",1032,,,,
Bulgaria,2005,"12",1105,,,,
Bulgaria,2006,"01",1163,,,,
Bulgaria,2006,"01",1360,,,,
Bulgaria,2006,"01",1302,,,,
Bulgaria,2006,"01",1120,,,,
Bulgaria,2006,"01",1357,,,,
Bulgaria,2006,"02",1156,,,,
Bulgaria,2006,"02",1069,,,,
Bulgaria,2006,"02",1326,,,,
Bulgaria,2006,"02",1305,,,,
Bulgaria,2006,"03",1057,,,,
Bulgaria,2006,"03",1200,,,,
Bulgaria,2006,"03",913,,,,
Bulgaria,2006,"03",1033,,,,
Bulgaria,2006,"04",768,,,,
Bulgaria,2006,"04",896,,,,
Bulgaria,2006,"04",743,,,,
Bulgaria,2006,"04",812,,,,
Bulgaria,2006,"04",1075,,,,
Bulgaria,2006,"05",717,,,,
Bulgaria,2006,"05",811,,,,
Bulgaria,2006,"05",864,,,,
Bulgaria,2006,"05",771,,,,
Bulgaria,2006,"06",705,,,,
Bulgaria,2006,"06",710,,,,
Bulgaria,2006,"06",688,,,,
Bulgaria,2006,"06",646,,,,
Bulgaria,2006,"07",711,,,,
Bulgaria,2006,"07",667,,,,
Bulgaria,2006,"07",641,,,,
Bulgaria,2006,"07",564,,,,
Bulgaria,2006,"07",666,,,,
Bulgaria,2006,"08",471,,,,
Bulgaria,2006,"08",530,,,,
Bulgaria,2006,"08",466,,,,
Bulgaria,2006,"08",480,,,,
Bulgaria,2006,"09",447,,,,
Bulgaria,2006,"09",580,,,,
Bulgaria,2006,"09",502,,,,
Bulgaria,2006,"09",524,,,,
Bulgaria,2006,"10",757,,,,
Bulgaria,2006,"10",670,,,,
Bulgaria,2006,"10",1073,,,,
Bulgaria,2006,"10",751,,,,
Bulgaria,2006,"10",897,,,,
Bulgaria,2006,"11",1010,,,,
Bulgaria,2006,"11",857,,,,
Bulgaria,2006,"11",944,,,,
Bulgaria,2006,"11",944,,,,
Bulgaria,2006,"12",1251,,,,
Bulgaria,2006,"12",1090,,,,
Bulgaria,2006,"12",1291,,,,
Bulgaria,2006,"12",1019,,,,
Bulgaria,2006,"12",1318,,,,
Bulgaria,2007,"01",1841,,,,
Bulgaria,2007,"01",3592,,,,
Bulgaria,2007,"01",2845,,,,
Bulgaria,2007,"01",2714,,,,
Bulgaria,2007,"02",957,,,,
Bulgaria,2007,"02",1953,,,,
Bulgaria,2007,"02",1540,,,,
Bulgaria,2007,"02",1150,,,,
Bulgaria,2007,"03",709,,,,
Bulgaria,2007,"03",688,,,,
Bulgaria,2007,"03",809,,,,
Bulgaria,2007,"03",753,,,,
Bulgaria,2007,"04",617,,,,
Bulgaria,2007,"04",630,,,,
Bulgaria,2007,"04",662,,,,
Bulgaria,2007,"04",548,,,,
Bulgaria,2007,"04",653,,,,
Bulgaria,2007,"05",584,,,,
Bulgaria,2007,"05",605,,,,
Bulgaria,2007,"05",602,,,,
Bulgaria,2007,"05",568,,,,
Bulgaria,2007,"06",631,,,,
Bulgaria,2007,"06",599,,,,
Bulgaria,2007,"06",509,,,,
Bulgaria,2007,"06",569,,,,
Bulgaria,2007,"07",343,,,,
Bulgaria,2007,"07",346,,,,
Bulgaria,2007,"07",403,,,,
Bulgaria,2007,"07",375,,,,
Bulgaria,2007,"07",452,,,,
Bulgaria,2007,"08",343,,,,
Bulgaria,2007,"08",370,,,,
Bulgaria,2007,"08",366,,,,
Bulgaria,2007,"08",344,,,,
Bulgaria,2007,"09",396,,,,
Bulgaria,2007,"09",350,,,,
Bulgaria,2007,"09",408,,,,
Bulgaria,2007,"09",347,,,,
Bulgaria,2007,"09",475,,,,
Bulgaria,2007,"10",585,,,,
Bulgaria,2007,"10",504,,,,
Bulgaria,2007,"10",666,,,,
Bulgaria,2007,"10",688,,,,
Bulgaria,2007,"11",743,,,,
Bulgaria,2007,"11",910,,,,
Bulgaria,2007,"11",711,,,,
Bulgaria,2007,"11",662,,,,
Bulgaria,2007,"12",812,,,,
Bulgaria,2007,"12",769,,,,
Bulgaria,2007,"12",887,,,,
Bulgaria,2007,"12",873,,,,
Bulgaria,2007,"12",1295,,,,
Bulgaria,2008,"01",1709,,,,
Bulgaria,2008,"01",1410,,,,
Bulgaria,2008,"01",1293,,,,
Bulgaria,2008,"01",1618,,,,
Bulgaria,2008,"02",873,,,,
Bulgaria,2008,"02",1357,,,,
Bulgaria,2008,"02",1065,,,,
Bulgaria,2008,"02",1151,,,,
Bulgaria,2008,"03",920,,,,
Bulgaria,2008,"03",832,,,,
Bulgaria,2008,"03",907,,,,
Bulgaria,2008,"03",897,,,,
Bulgaria,2008,"03",937,,,,
Bulgaria,2008,"04",471,,,,
Bulgaria,2008,"04",551,,,,
Bulgaria,2008,"04",677,,,,
Bulgaria,2008,"04",848,,,,
Bulgaria,2008,"05",421,,,,
Bulgaria,2008,"05",401,,,,
Bulgaria,2008,"05",376,,,,
Bulgaria,2008,"05",409,,,,
Bulgaria,2008,"06",362,,,,
Bulgaria,2008,"06",380,,,,
Bulgaria,2008,"06",365,,,,
Bulgaria,2008,"06",402,,,,
Bulgaria,2008,"06",408,,,,
Bulgaria,2008,"07",249,,,,
Bulgaria,2008,"07",330,,,,
Bulgaria,2008,"07",231,,,,
Bulgaria,2008,"07",297,,,,
Bulgaria,2008,"08",234,,,,
Bulgaria,2008,"08",302,,,,
Bulgaria,2008,"08",293,,,,
Bulgaria,2008,"08",304,,,,
Bulgaria,2008,"08",246,,,,
Bulgaria,2008,"09",458,,,,
Bulgaria,2008,"09",525,,,,
Bulgaria,2008,"09",340,,,,
Bulgaria,2008,"09",390,,,,
Bulgaria,2008,"10",769,,,,
Bulgaria,2008,"10",750,,,,
Bulgaria,2008,"10",807,,,,
Bulgaria,2008,"10",735,,,,
Bulgaria,2008,"11",816,,,,
Bulgaria,2008,"11",794,,,,
Bulgaria,2008,"11",814,,,,
Bulgaria,2008,"11",737,,,,
Bulgaria,2008,"11",928,,,,
Bulgaria,2008,"12",650,,,,
Bulgaria,2008,"12",741,,,,
Bulgaria,2008,"12",750,,,,
Bulgaria,2008,"12",660,,,,
Bulgaria,2009,"01",1183,,,,
Bulgaria,2009,"01",949,,,,
Bulgaria,2009,"01",1000,,,,
Bulgaria,2009,"01",1001,,,,
Bulgaria,2009,"02",912,,,,
Bulgaria,2009,"02",793,,,,
Bulgaria,2009,"02",1046,,,,
Bulgaria,2009,"02",884,,,,
Bulgaria,2009,"03",916,,,,
Bulgaria,2009,"03",932,,,,
Bulgaria,2009,"03",806,,,,
Bulgaria,2009,"03",686,,,,
Bulgaria,2009,"03",761,,,,
Bulgaria,2009,"04",547,,,,
Bulgaria,2009,"04",482,,,,
Bulgaria,2009,"04",649,,,,
Bulgaria,2009,"04",500,,,,
Bulgaria,2009,"05",546,,,,
Bulgaria,2009,"05",363,,,,
Bulgaria,2009,"05",420,,,,
Bulgaria,2009,"05",394,,,,
Bulgaria,2009,"05",414,,,,
Bulgaria,2009,"06",285,,,,
Bulgaria,2009,"06",329,,,,
Bulgaria,2009,"06",356,,,,
Bulgaria,2009,"06",356,,,,
Bulgaria,2009,"07",248,,,,
Bulgaria,2009,"07",267,,,,
Bulgaria,2009,"07",307,,,,
Bulgaria,2009,"07",269,,,,
Bulgaria,2009,"08",300,,,,
Bulgaria,2009,"08",324,,,,
Bulgaria,2009,"08",342,,,,
Bulgaria,2009,"08",310,,,,
Bulgaria,2009,"08",327,,,,
Bulgaria,2009,"09",354,,,,
Bulgaria,2009,"09",339,,,,
Bulgaria,2009,"09",397,,,,
Bulgaria,2009,"09",611,,,,
Bulgaria,2009,"10",966,,,,
Bulgaria,2009,"10",875,,,,
Bulgaria,2009,"10",1494,,,,
Bulgaria,2009,"10",739,,,,
Bulgaria,2009,"11",2368,,,,
Bulgaria,2009,"11",1260,,,,
Bulgaria,2009,"11",801,,,,
Bulgaria,2009,"11",1025,,,,
Bulgaria,2009,"11",2569,,,,
Bulgaria,2009,"12",808,,,,
Bulgaria,2009,"12",807,,,,
Bulgaria,2009,"12",863,,,,
Bulgaria,2009,"12",707,,,,
Bulgaria,2010,"01",585,,,,
Bulgaria,2010,"01",560,,,,
Bulgaria,2010,"01",770,,,,
Bulgaria,2010,"01",697,,,,
Bulgaria,2010,"01",620,,,,
Bulgaria,2010,"02",567,,,,
Bulgaria,2010,"02",548,,,,
Bulgaria,2010,"02",600,,,,
Bulgaria,2010,"02",592,,,,
Bulgaria,2010,"03",616,,,,
Bulgaria,2010,"03",397,,,,
Bulgaria,2010,"03",476,,,,
Bulgaria,2010,"03",584,,,,
Bulgaria,2010,"04",379,,,,
Bulgaria,2010,"04",385,,,,
Bulgaria,2010,"04",366,,,,
Bulgaria,2010,"04",345,,,,
Bulgaria,2010,"05",334,,,,
Bulgaria,2010,"05",309,,,,
Bulgaria,2010,"05",306,,,,
Bulgaria,2010,"05",390,,,,
Bulgaria,2010,"05",314,,,,
Bulgaria,2010,"06",282,,,,
Bulgaria,2010,"06",304,,,,
Bulgaria,2010,"06",244,,,,
Bulgaria,2010,"06",270,,,,
Bulgaria,2010,"07",245,,,,
Bulgaria,2010,"07",247,,,,
Bulgaria,2010,"07",243,,,,
Bulgaria,2010,"07",237,,,,
Bulgaria,2010,"08",233,,,,
Bulgaria,2010,"08",272,,,,
Bulgaria,2010,"08",247,,,,
Bulgaria,2010,"08",357,,,,
Bulgaria,2010,"08",391,,,,
Bulgaria,2010,"09",470,,,,
Bulgaria,2010,"09",318,,,,
Bulgaria,2010,"09",382,,,,
Bulgaria,2010,"09",283,,,,
Bulgaria,2010,"10",655,,,,
Bulgaria,2010,"10",588,,,,
Bulgaria,2010,"10",496,,,,
Bulgaria,2010,"10",631,,,,
Bulgaria,2010,"10",673,,,,
Bulgaria,2010,"11",548,,,,
Bulgaria,2010,"11",629,,,,
Bulgaria,2010,"11",648,,,,
Bulgaria,2010,"11",685,,,,
Bulgaria,2010,"12",698,,,,
Bulgaria,2010,"12",526,,,,
Bulgaria,2010,"12",626,,,,
Bulgaria,2010,"12",633,,,,
Bulgaria,2011,"01",1275,,,,
Bulgaria,2011,"01",2430,,,,
Bulgaria,2011,"01",1785,,,,
Bulgaria,2011,"01",1754,,,,
Bulgaria,2011,"01",1042,,,,
Bulgaria,2011,"02",938,,,,
Bulgaria,2011,"02",1269,,,,
Bulgaria,2011,"02",1269,,,,
Bulgaria,2011,"02",1140,,,,
Bulgaria,2011,"03",520,,,,
Bulgaria,2011,"03",627,,,,
Bulgaria,2011,"03",814,,,,
Bulgaria,2011,"03",424,,,,
Bulgaria,2011,"04",285,,,,
Bulgaria,2011,"04",341,,,,
Bulgaria,2011,"04",315,,,,
Bulgaria,2011,"04",280,,,,
Bulgaria,2011,"05",303,,,,
Bulgaria,2011,"05",318,,,,
Bulgaria,2011,"05",295,,,,
Bulgaria,2011,"05",273,,,,
Bulgaria,2011,"05",277,,,,
Bulgaria,2011,"06",234,,,,
Bulgaria,2011,"06",227,,,,
Bulgaria,2011,"06",219,,,,
Bulgaria,2011,"06",249,,,,
Bulgaria,2011,"07",163,,,,
Bulgaria,2011,"07",164,,,,
Bulgaria,2011,"07",158,,,,
Bulgaria,2011,"07",188,,,,
Bulgaria,2011,"07",165,,,,
Bulgaria,2011,"08",124,,,,
Bulgaria,2011,"08",142,,,,
Bulgaria,2011,"08",128,,,,
Bulgaria,2011,"08",162,,,,
Bulgaria,2011,"09",117,,,,
Bulgaria,2011,"09",113,,,,
Bulgaria,2011,"09",132,,,,
Bulgaria,2011,"09",112,,,,
Bulgaria,2011,"10",397,,,,
Bulgaria,2011,"10",343,,,,
Bulgaria,2011,"10",271,,,,
Bulgaria,2011,"10",188,,,,
Bulgaria,2011,"10",335,,,,
Bulgaria,2011,"11",430,,,,
Bulgaria,2011,"11",449,,,,
Bulgaria,2011,"11",441,,,,
Bulgaria,2011,"11",468,,,,
Bulgaria,2011,"12",460,,,,
Bulgaria,2011,"12",460,,,,
Bulgaria,2011,"12",473,,,,
Bulgaria,2011,"12",444,,,,
Bulgaria,2012,"01",497,,,,
Bulgaria,2012,"01",498,,,,
Bulgaria,2012,"01",539,,,,
Bulgaria,2012,"01",879,,,,
Bulgaria,2012,"01",784,,,,
Bulgaria,2012,"02",444,,,,
Bulgaria,2012,"02",645,,,,
Bulgaria,2012,"02",537,,,,
Bulgaria,2012,"02",496,,,,
Bulgaria,2012,"03",381,,,,
Bulgaria,2012,"03",476,,,,
Bulgaria,2012,"03",324,,,,
Bulgaria,2012,"03",436,,,,
Bulgaria,2012,"04",235,,,,
Bulgaria,2012,"04",244,,,,
Bulgaria,2012,"04",217,,,,
Bulgaria,2012,"04",263,,,,
Bulgaria,2012,"04",293,,,,
Bulgaria,2012,"05",188,,,,
Bulgaria,2012,"05",178,,,,
Bulgaria,2012,"05",198,,,,
Bulgaria,2012,"05",173,,,,
Bulgaria,2012,"06",169,,,,
Bulgaria,2012,"06",203,,,,
Bulgaria,2012,"06",203,,,,
Bulgaria,2012,"06",183,,,,
Bulgaria,2012,"07",127,,,,
Bulgaria,2012,"07",146,,,,
Bulgaria,2012,"07",117,,,,
Bulgaria,2012,"07",133,,,,
Bulgaria,2012,"07",117,,,,
Bulgaria,2012,"08",140,,,,
Bulgaria,2012,"08",111,,,,
Bulgaria,2012,"08",133,,,,
Bulgaria,2012,"08",118,,,,
Bulgaria,2012,"09",140,,,,
Bulgaria,2012,"09",149,,,,
Bulgaria,2012,"09",140,,,,
Bulgaria,2012,"09",238,,,,
Bulgaria,2012,"09",188,,,,
Bulgaria,2012,"10",242,,,,
Bulgaria,2012,"10",268,,,,
Bulgaria,2012,"10",327,,,,
Bulgaria,2012,"10",315,,,,
Bulgaria,2012,"11",415,,,,
Bulgaria,2012,"11",456,,,,
Bulgaria,2012,"11",381,,,,
Bulgaria,2012,"11",399,,,,
Bulgaria,2012,"12",423,,,,
Bulgaria,2012,"12",313,,,,
Bulgaria,2012,"12",356,,,,
Bulgaria,2012,"12",379,,,,
Bulgaria,2012,"12",335,,,,
Bulgaria,2013,"01",498,,,,
Bulgaria,2013,"01",559,,,,
Bulgaria,2013,"01",389,,,,
Bulgaria,2013,"01",438,,,,
Bulgaria,2013,"02",776,,,,
Bulgaria,2013,"02",732,,,,
Bulgaria,2013,"02",678,,,,
Bulgaria,2013,"02",702,,,,
Bulgaria,2013,"03",647,,,,
Bulgaria,2013,"03",425,,,,
Bulgaria,2013,"03",549,,,,
Bulgaria,2013,"03",656,,,,
Bulgaria,2013,"03",348,,,,
Bulgaria,2013,"04",332,,,,
Bulgaria,2013,"04",230,,,,
Bulgaria,2013,"04",334,,,,
Bulgaria,2013,"04",270,,,,
Bulgaria,2013,"05",203,,,,
Bulgaria,2013,"05",184,,,,
Bulgaria,2013,"05",213,,,,
Bulgaria,2013,"05",163,,,,
Bulgaria,2013,"06",150,,,,
Bulgaria,2013,"06",161,,,,
Bulgaria,2013,"06",156,,,,
Bulgaria,2013,"06",140,,,,
Bulgaria,2013,"06",130,,,,
Bulgaria,2013,"07",140,,,,
Bulgaria,2013,"07",130,,,,
Bulgaria,2013,"07",131,,,,
Bulgaria,2013,"07",135,,,,
Bulgaria,2013,"08",160,,,,
Bulgaria,2013,"08",167,,,,
Bulgaria,2013,"08",147,,,,
Bulgaria,2013,"08",133,,,,
Bulgaria,2013,"09",214,,,,
Bulgaria,2013,"09",262,,,,
Bulgaria,2013,"09",158,,,,
Bulgaria,2013,"09",160,,,,
Bulgaria,2013,"09",161,,,,
Bulgaria,2013,"10",413,,,,
Bulgaria,2013,"10",363,,,,
Bulgaria,2013,"10",332,,,,
Bulgaria,2013,"10",365,,,,
Bulgaria,2013,"11",371,,,,
Bulgaria,2013,"11",443,,,,
Bulgaria,2013,"11",401,,,,
Bulgaria,2013,"11",411,,,,
Bulgaria,2013,"12",443,,,,
Bulgaria,2013,"12",790,,,,
Bulgaria,2013,"12",477,,,,
Bulgaria,2013,"12",367,,,,
Bulgaria,2013,"12",618,,,,
Bulgaria,2014,"01",2008,,,,
Bulgaria,2014,"01",999,,,,
Bulgaria,2014,"01",1516,,,,
Bulgaria,2014,"01",1407,,,,
Bulgaria,2014,"02",1005,,,,
Bulgaria,2014,"02",1206,,,,
Bulgaria,2014,"02",889,,,,
Bulgaria,2014,"02",643,,,,
Bulgaria,2014,"03",539,,,,
Bulgaria,2014,"03",370,,,,
Bulgaria,2014,"03",404,,,,
Bulgaria,2014,"03",505,,,,
Bulgaria,2014,"03",563,,,,
Bulgaria,2014,"04",326,,,,
Bulgaria,2014,"04",298,,,,
Bulgaria,2014,"04",376,,,,
Bulgaria,2014,"04",312,,,,
Bulgaria,2014,"05",256,,,,
Bulgaria,2014,"05",295,,,,
Bulgaria,2014,"05",378,,,,
Bulgaria,2014,"05",271,,,,
Bulgaria,2014,"06",226,,,,
Bulgaria,2014,"06",211,,,,
Bulgaria,2014,"06",208,,,,
Bulgaria,2014,"06",210,,,,
Bulgaria,2014,"06",250,,,,
Bulgaria,2014,"07",165,,,,
Bulgaria,2014,"07",189,,,,
Bulgaria,2014,"07",174,,,,
Bulgaria,2014,"07",199,,,,
Bulgaria,2014,"08",202,,,,
Bulgaria,2014,"08",172,,,,
Bulgaria,2014,"08",188,,,,
Bulgaria,2014,"08",175,,,,
Bulgaria,2014,"08",164,,,,
Bulgaria,2014,"09",310,,,,
Bulgaria,2014,"09",237,,,,
Bulgaria,2014,"09",384,,,,
Bulgaria,2014,"09",215,,,,
Bulgaria,2014,"10",585,,,,
Bulgaria,2014,"10",598,,,,
Bulgaria,2014,"10",534,,,,
Bulgaria,2014,"10",506,,,,
Bulgaria,2014,"11",556,,,,
Bulgaria,2014,"11",408,,,,
Bulgaria,2014,"11",502,,,,
Bulgaria,2014,"11",495,,,,
Bulgaria,2014,"11",569,,,,
Bulgaria,2014,"12",503,,,,
Bulgaria,2014,"12",525,,,,
Bulgaria,2014,"12",650,,,,
Bulgaria,2014,"12",470,,,,
Bulgaria,2015,"01",1140,,,,
Bulgaria,2015,"01",1073,,,,
Bulgaria,2015,"01",762,,,,
Bulgaria,2015,"01",592,,,,
Bulgaria,2015,"02",992,,,,
Bulgaria,2015,"02",1121,,,,
Bulgaria,2015,"02",720,,,,
Bulgaria,2015,"02",1019,,,,
Bulgaria,2015,"03",806,,,,
Bulgaria,2015,"03",998,,,,
Bulgaria,2015,"03",757,,,,
Bulgaria,2015,"03",731,,,,
Bulgaria,2015,"03",667,,,,
Bulgaria,2015,"04",388,,,,
Bulgaria,2015,"04",456,,,,
Bulgaria,2015,"04",589,,,,
Bulgaria,2015,"04",543,,,,
Bulgaria,2015,"05",290,,,,
Bulgaria,2015,"05",263,,,,
Bulgaria,2015,"05",294,,,,
Bulgaria,2015,"05",247,,,,
Bulgaria,2015,"05",353,,,,
Bulgaria,2015,"06",204,,,,
Bulgaria,2015,"06",285,,,,
Bulgaria,2015,"06",247,,,,
Bulgaria,2015,"06",175,,,,
Bulgaria,2015,"07",136,,,,
Bulgaria,2015,"07",147,,,,
Bulgaria,2015,"07",138,,,,
Bulgaria,2015,"07",165,,,,
Bulgaria,2015,"08",137,,,,
Bulgaria,2015,"08",134,,,,
Canada,2002,"12",,,,,
Canada,2003,"01",,,,,
Canada,2003,"01",,,,,
Canada,2003,"01",,,,,
Canada,2003,"01",,,,,
Canada,2003,"02",,,,,
Canada,2003,"02",,,,,
Canada,2003,"02",,,,,
Canada,2003,"02",,,,,
Canada,2003,"03",,,,,
Canada,2003,"03",,,,,
Canada,2003,"03",,,,,
Canada,2003,"03",,,,,
Canada,2003,"03",,,,,
Canada,2003,"04",,,,,
Canada,2003,"04",,,,,
Canada,2003,"04",,,,,
Canada,2003,"04",,,,,
Canada,2003,"05",,,,,
Canada,2003,"05",,,,,
Canada,2003,"05",,,,,
Canada,2003,"05",,,,,
Canada,2003,"06",,,,,
Canada,2003,"06",,,,,
Canada,2003,"06",,,,,
Canada,2003,"06",,,,,
Canada,2003,"06",,,,,
Canada,2003,"07",,,,,
Canada,2003,"07",,,,,
Canada,2003,"07",,,,,
Canada,2003,"07",,,,,
Canada,2003,"08",,,,,
Canada,2003,"08",,,,,
Canada,2003,"08",,,,,
Canada,2003,"08",,,,,
Canada,2003,"08",,,,,
Canada,2003,"09",1280,,,,
Canada,2003,"09",,,,,
Canada,2003,"09",,,,,
Canada,2003,"09",,,,,
Canada,2003,"10",1451,,,,
Canada,2003,"10",1593,,,,
Canada,2003,"10",1339,,,,
Canada,2003,"10",1895,,,,
Canada,2003,"11",2731,,,,
Canada,2003,"11",1995,,,,
Canada,2003,"11",4229,,,,
Canada,2003,"11",2335,,,,
Canada,2003,"11",3138,,,,
Canada,2003,"12",5303,,,,
Canada,2003,"12",4950,,,,
Canada,2003,"12",7014,,,,
Canada,2003,"12",7531,,,,
Canada,2004,"01",2155,,,,
Canada,2004,"01",2866,,,,
Canada,2004,"01",3649,,,,
Canada,2004,"01",2230,,,,
Canada,2004,"02",1700,,,,
Canada,2004,"02",1427,,,,
Canada,2004,"02",1649,,,,
Canada,2004,"02",1699,,,,
Canada,2004,"02",1580,,,,
Canada,2004,"03",1424,,,,
Canada,2004,"03",1409,,,,
Canada,2004,"03",1111,,,,
Canada,2004,"03",1404,,,,
Canada,2004,"04",1163,,,,
Canada,2004,"04",1043,,,,
Canada,2004,"04",1425,,,,
Canada,2004,"04",1178,,,,
Canada,2004,"05",684,,,,
Canada,2004,"05",895,,,,
Canada,2004,"05",1041,,,,
Canada,2004,"05",786,,,,
Canada,2004,"05",743,,,,
Canada,2004,"06",792,,,,
Canada,2004,"06",755,,,,
Canada,2004,"06",711,,,,
Canada,2004,"06",819,,,,
Canada,2004,"07",528,,,,
Canada,2004,"07",699,,,,
Canada,2004,"07",752,,,,
Canada,2004,"07",663,,,,
Canada,2004,"08",631,,,,
Canada,2004,"08",651,,,,
Canada,2004,"08",671,,,,
Canada,2004,"08",755,,,,
Canada,2004,"08",810,,,,
Canada,2004,"09",1656,,,,
Canada,2004,"09",1407,,,,
Canada,2004,"09",1042,,,,
Canada,2004,"09",1014,,,,
Canada,2004,"10",1544,,,,
Canada,2004,"10",2207,,,,
Canada,2004,"10",2014,,,,
Canada,2004,"10",1924,,,,
Canada,2004,"10",1675,,,,
Canada,2004,"11",2237,,,,
Canada,2004,"11",2245,,,,
Canada,2004,"11",2345,,,,
Canada,2004,"11",2156,,,,
Canada,2004,"12",2457,,,,
Canada,2004,"12",2722,,,,
Canada,2004,"12",3586,,,,
Canada,2004,"12",3099,,,,
Canada,2005,"01",3761,,,,
Canada,2005,"01",3120,,,,
Canada,2005,"01",3276,,,,
Canada,2005,"01",3123,,,,
Canada,2005,"01",3392,,,,
Canada,2005,"02",3526,,,,
Canada,2005,"02",3527,,,,
Canada,2005,"02",3658,,,,
Canada,2005,"02",3274,,,,
Canada,2005,"03",2370,,,,
Canada,2005,"03",2927,,,,
Canada,2005,"03",2786,,,,
Canada,2005,"03",2438,,,,
Canada,2005,"04",1509,,,,
Canada,2005,"04",2036,,,,
Canada,2005,"04",1715,,,,
Canada,2005,"04",1509,,,,
Canada,2005,"05",1182,,,,
Canada,2005,"05",1451,,,,
Canada,2005,"05",1110,,,,
Canada,2005,"05",1524,,,,
Canada,2005,"05",1262,,,,
Canada,2005,"06",944,,,,
Canada,2005,"06",748,,,,
Canada,2005,"06",878,,,,
Canada,2005,"06",777,,,,
Canada,2005,"07",732,,,,
Canada,2005,"07",705,,,,
Canada,2005,"07",639,,,,
Canada,2005,"07",892,,,,
Canada,2005,"07",812,,,,
Canada,2005,"08",665,,,,
Canada,2005,"08",936,,,,
Canada,2005,"08",745,,,,
Canada,2005,"08",835,,,,
Canada,2005,"09",1169,,,,
Canada,2005,"09",1424,,,,
Canada,2005,"09",1642,,,,
Canada,2005,"09",1050,,,,
Canada,2005,"10",1786,,,,
Canada,2005,"10",2054,,,,
Canada,2005,"10",1758,,,,
Canada,2005,"10",2048,,,,
Canada,2005,"10",2305,,,,
Canada,2005,"11",2134,,,,
Canada,2005,"11",2131,,,,
Canada,2005,"11",2387,,,,
Canada,2005,"11",2433,,,,
Canada,2005,"12",2697,,,,
Canada,2005,"12",2321,,,,
Canada,2005,"12",2256,,,,
Canada,2005,"12",2480,,,,
Canada,2006,"01",2223,,,,
Canada,2006,"01",2295,,,,
Canada,2006,"01",2401,,,,
Canada,2006,"01",2915,,,,
Canada,2006,"01",2356,,,,
Canada,2006,"02",2587,,,,
Canada,2006,"02",3310,,,,
Canada,2006,"02",2503,,,,
Canada,2006,"02",2793,,,,
Canada,2006,"03",2843,,,,
Canada,2006,"03",2752,,,,
Canada,2006,"03",2326,,,,
Canada,2006,"03",3533,,,,
Canada,2006,"04",1769,,,,
Canada,2006,"04",1632,,,,
Canada,2006,"04",1854,,,,
Canada,2006,"04",1445,,,,
Canada,2006,"04",2169,,,,
Canada,2006,"05",1078,,,,
Canada,2006,"05",1276,,,,
Canada,2006,"05",1173,,,,
Canada,2006,"05",1172,,,,
Canada,2006,"06",940,,,,
Canada,2006,"06",752,,,,
Canada,2006,"06",951,,,,
Canada,2006,"06",858,,,,
Canada,2006,"07",786,,,,
Canada,2006,"07",707,,,,
Canada,2006,"07",744,,,,
Canada,2006,"07",724,,,,
Canada,2006,"07",785,,,,
Canada,2006,"08",774,,,,
Canada,2006,"08",801,,,,
Canada,2006,"08",752,,,,
Canada,2006,"08",736,,,,
Canada,2006,"09",1627,,,,
Canada,2006,"09",931,,,,
Canada,2006,"09",1118,,,,
Canada,2006,"09",1427,,,,
Canada,2006,"10",2048,,,,
Canada,2006,"10",2003,,,,
Canada,2006,"10",1864,,,,
Canada,2006,"10",1758,,,,
Canada,2006,"10",1770,,,,
Canada,2006,"11",2418,,,,
Canada,2006,"11",2334,,,,
Canada,2006,"11",2088,,,,
Canada,2006,"11",2228,,,,
Canada,2006,"12",2520,,,,
Canada,2006,"12",2717,,,,
Canada,2006,"12",3008,,,,
Canada,2006,"12",3302,,,,
Canada,2006,"12",3722,,,,
Canada,2007,"01",2748,,,,
Canada,2007,"01",2844,,,,
Canada,2007,"01",2965,,,,
Canada,2007,"01",3099,,,,
Canada,2007,"02",3456,,,,
Canada,2007,"02",3340,,,,
Canada,2007,"02",3006,,,,
Canada,2007,"02",3309,,,,
Canada,2007,"03",1847,,,,
Canada,2007,"03",2845,,,,
Canada,2007,"03",2311,,,,
Canada,2007,"03",1618,,,,
Canada,2007,"04",1744,,,,
Canada,2007,"04",1588,,,,
Canada,2007,"04",1513,,,,
Canada,2007,"04",1258,,,,
Canada,2007,"04",1326,,,,
Canada,2007,"05",947,,,,
Canada,2007,"05",1188,,,,
Canada,2007,"05",1054,,,,
Canada,2007,"05",920,,,,
Canada,2007,"06",770,,,,
Canada,2007,"06",783,,,,
Canada,2007,"06",760,,,,
Canada,2007,"06",776,,,,
Canada,2007,"07",635,,,,
Canada,2007,"07",616,,,,
Canada,2007,"07",588,,,,
Canada,2007,"07",778,,,,
Canada,2007,"07",743,,,,
Canada,2007,"08",740,,,,
Canada,2007,"08",648,,,,
Canada,2007,"08",668,,,,
Canada,2007,"08",590,,,,
Canada,2007,"09",1379,,,,
Canada,2007,"09",832,,,,
Canada,2007,"09",933,,,,
Canada,2007,"09",1465,,,,
Canada,2007,"09",1274,,,,
Canada,2007,"10",1628,,,,
Canada,2007,"10",1513,,,,
Canada,2007,"10",1340,,,,
Canada,2007,"10",1504,,,,
Canada,2007,"11",1911,,,,
Canada,2007,"11",1717,,,,
Canada,2007,"11",1972,,,,
Canada,2007,"11",1896,,,,
Canada,2007,"12",3058,,,,
Canada,2007,"12",1949,,,,
Canada,2007,"12",2390,,,,
Canada,2007,"12",2883,,,,
Canada,2007,"12",2156,,,,
Canada,2008,"01",2494,,,,
Canada,2008,"01",2668,,,,
Canada,2008,"01",2728,,,,
Canada,2008,"01",2474,,,,
Canada,2008,"02",2826,,,,
Canada,2008,"02",3080,,,,
Canada,2008,"02",3010,,,,
Canada,2008,"02",2786,,,,
Canada,2008,"03",3052,,,,
Canada,2008,"03",2365,,,,
Canada,2008,"03",2520,,,,
Canada,2008,"03",2469,,,,
Canada,2008,"03",2808,,,,
Canada,2008,"04",1679,,,,
Canada,2008,"04",2202,,,,
Canada,2008,"04",1874,,,,
Canada,2008,"04",1419,,,,
Canada,2008,"05",805,,,,
Canada,2008,"05",1179,,,,
Canada,2008,"05",1089,,,,
Canada,2008,"05",1002,,,,
Canada,2008,"06",665,,,,
Canada,2008,"06",642,,,,
Canada,2008,"06",688,,,,
Canada,2008,"06",757,,,,
Canada,2008,"06",615,,,,
Canada,2008,"07",491,,,,
Canada,2008,"07",520,,,,
Canada,2008,"07",429,,,,
Canada,2008,"07",494,,,,
Canada,2008,"08",565,,,,
Canada,2008,"08",474,,,,
Canada,2008,"08",740,,,,
Canada,2008,"08",577,,,,
Canada,2008,"08",711,,,,
Canada,2008,"09",1422,,,,
Canada,2008,"09",1463,,,,
Canada,2008,"09",1205,,,,
Canada,2008,"09",914,,,,
Canada,2008,"10",1470,,,,
Canada,2008,"10",1473,,,,
Canada,2008,"10",1576,,,,
Canada,2008,"10",1642,,,,
Canada,2008,"11",2047,,,,
Canada,2008,"11",1947,,,,
Canada,2008,"11",1999,,,,
Canada,2008,"11",1977,,,,
Canada,2008,"11",1767,,,,
Canada,2008,"12",2133,,,,
Canada,2008,"12",2246,,,,
Canada,2008,"12",2101,,,,
Canada,2008,"12",2547,,,,
Canada,2009,"01",2818,,,,
Canada,2009,"01",2596,,,,
Canada,2009,"01",2439,,,,
Canada,2009,"01",2475,,,,
Canada,2009,"02",2951,,,,
Canada,2009,"02",3082,,,,
Canada,2009,"02",3308,,,,
Canada,2009,"02",3299,,,,
Canada,2009,"03",1844,,,,
Canada,2009,"03",3057,,,,
Canada,2009,"03",2609,,,,
Canada,2009,"03",2294,,,,
Canada,2009,"03",2120,,,,
Canada,2009,"04",1684,,,,
Canada,2009,"04",2342,,,,
Canada,2009,"04",1604,,,,
Canada,2009,"04",1542,,,,
Canada,2009,"05",2326,,,,
Canada,2009,"05",1607,,,,
Canada,2009,"05",1661,,,,
Canada,2009,"05",2247,,,,
Canada,2009,"05",1853,,,,
Canada,2009,"06",1197,,,,
Canada,2009,"06",1563,,,,
Canada,2009,"06",1937,,,,
Canada,2009,"06",2116,,,,
Canada,2009,"07",1151,,,,
Canada,2009,"07",1199,,,,
Canada,2009,"07",1137,,,,
Canada,2009,"07",1175,,,,
Canada,2009,"08",1584,,,,
Canada,2009,"08",1309,,,,
Canada,2009,"08",973,,,,
Canada,2009,"08",1121,,,,
Canada,2009,"08",1015,,,,
Canada,2009,"09",3360,,,,
Canada,2009,"09",3718,,,,
Canada,2009,"09",2071,,,,
Canada,2009,"09",2621,,,,
Canada,2009,"10",4154,,,,
Canada,2009,"10",9688,,,,
Canada,2009,"10",6799,,,,
Canada,2009,"10",5111,,,,
Canada,2009,"11",6504,,,,
Canada,2009,"11",9630,,,,
Canada,2009,"11",4316,,,,
Canada,2009,"11",2489,,,,
Canada,2009,"11",3055,,,,
Canada,2009,"12",1957,,,,
Canada,2009,"12",2199,,,,
Canada,2009,"12",2077,,,,
Canada,2009,"12",2134,,,,
Canada,2010,"01",1757,,,,
Canada,2010,"01",1695,,,,
Canada,2010,"01",1619,,,,
Canada,2010,"01",1683,,,,
Canada,2010,"01",2176,,,,
Canada,2010,"02",1736,,,,
Canada,2010,"02",1717,,,,
Canada,2010,"02",1751,,,,
Canada,2010,"02",1748,,,,
Canada,2010,"03",1404,,,,
Canada,2010,"03",1523,,,,
Canada,2010,"03",1255,,,,
Canada,2010,"03",1725,,,,
Canada,2010,"04",1160,,,,
Canada,2010,"04",1077,,,,
Canada,2010,"04",966,,,,
Canada,2010,"04",1005,,,,
Canada,2010,"05",833,,,,
Canada,2010,"05",854,,,,
Canada,2010,"05",868,,,,
Canada,2010,"05",641,,,,
Canada,2010,"05",715,,,,
Canada,2010,"06",592,,,,
Canada,2010,"06",445,,,,
Canada,2010,"06",546,,,,
Canada,2010,"06",570,,,,
Canada,2010,"07",451,,,,
Canada,2010,"07",462,,,,
Canada,2010,"07",481,,,,
Canada,2010,"07",561,,,,
Canada,2010,"08",442,,,,
Canada,2010,"08",569,,,,
Canada,2010,"08",506,,,,
Canada,2010,"08",648,,,,
Canada,2010,"08",468,,,,
Canada,2010,"09",1121,,,,
Canada,2010,"09",857,,,,
Canada,2010,"09",1409,,,,
Canada,2010,"09",1519,,,,
Canada,2010,"10",1419,,,,
Canada,2010,"10",1594,,,,
Canada,2010,"10",1486,,,,
Canada,2010,"10",1552,,,,
Canada,2010,"10",1486,,,,
Canada,2010,"11",1797,,,,
Canada,2010,"11",1815,,,,
Canada,2010,"11",1613,,,,
Canada,2010,"11",1960,,,,
Canada,2010,"12",2174,,,,
Canada,2010,"12",2526,,,,
Canada,2010,"12",3062,,,,
Canada,2010,"12",3816,,,,
Canada,2011,"01",2952,,,,
Canada,2011,"01",3924,,,,
Canada,2011,"01",3448,,,,
Canada,2011,"01",3350,,,,
Canada,2011,"01",3162,,,,
Canada,2011,"02",2735,,,,
Canada,2011,"02",2307,,,,
Canada,2011,"02",2313,,,,
Canada,2011,"02",2182,,,,
Canada,2011,"03",1476,,,,
Canada,2011,"03",1784,,,,
Canada,2011,"03",2023,,,,
Canada,2011,"03",1665,,,,
Canada,2011,"04",1348,,,,
Canada,2011,"04",1097,,,,
Canada,2011,"04",1011,,,,
Canada,2011,"04",1172,,,,
Canada,2011,"05",625,,,,
Canada,2011,"05",766,,,,
Canada,2011,"05",879,,,,
Canada,2011,"05",775,,,,
Canada,2011,"05",683,,,,
Canada,2011,"06",518,,,,
Canada,2011,"06",606,,,,
Canada,2011,"06",410,,,,
Canada,2011,"06",476,,,,
Canada,2011,"07",332,,,,
Canada,2011,"07",323,,,,
Canada,2011,"07",409,,,,
Canada,2011,"07",354,,,,
Canada,2011,"07",243,,,,
Canada,2011,"08",238,,,,
Canada,2011,"08",211,,,,
Canada,2011,"08",180,,,,
Canada,2011,"08",231,,,,
Canada,2011,"09",372,,,,
Canada,2011,"09",1030,,,,
Canada,2011,"09",764,,,,
Canada,2011,"09",476,,,,
Canada,2011,"10",1679,,,,
Canada,2011,"10",1120,,,,
Canada,2011,"10",1248,,,,
Canada,2011,"10",1467,,,,
Canada,2011,"10",1926,,,,
Canada,2011,"11",1957,,,,
Canada,2011,"11",1920,,,,
Canada,2011,"11",1950,,,,
Canada,2011,"11",1919,,,,
Canada,2011,"12",2988,,,,
Canada,2011,"12",2269,,,,
Canada,2011,"12",2450,,,,
Canada,2011,"12",2035,,,,
Canada,2012,"01",2032,,,,
Canada,2012,"01",2118,,,,
Canada,2012,"01",2056,,,,
Canada,2012,"01",2816,,,,
Canada,2012,"01",2327,,,,
Canada,2012,"02",2248,,,,
Canada,2012,"02",2060,,,,
Canada,2012,"02",2589,,,,
Canada,2012,"02",2583,,,,
Canada,2012,"03",2495,,,,
Canada,2012,"03",1860,,,,
Canada,2012,"03",2202,,,,
Canada,2012,"03",2698,,,,
Canada,2012,"04",1742,,,,
Canada,2012,"04",1583,,,,
Canada,2012,"04",1354,,,,
Canada,2012,"04",1757,,,,
Canada,2012,"04",1358,,,,
Canada,2012,"05",1013,,,,
Canada,2012,"05",1172,,,,
Canada,2012,"05",851,,,,
Canada,2012,"05",1057,,,,
Canada,2012,"06",722,,,,
Canada,2012,"06",819,,,,
Canada,2012,"06",879,,,,
Canada,2012,"06",799,,,,
Canada,2012,"07",583,,,,
Canada,2012,"07",745,,,,
Canada,2012,"07",764,,,,
Canada,2012,"07",679,,,,
Canada,2012,"07",619,,,,
Canada,2012,"08",726,,,,
Canada,2012,"08",684,,,,
Canada,2012,"08",653,,,,
Canada,2012,"08",819,,,,
Canada,2012,"09",1789,,,,
Canada,2012,"09",1393,,,,
Canada,2012,"09",1047,,,,
Canada,2012,"09",884,,,,
Canada,2012,"09",1699,,,,
Canada,2012,"10",2013,,,,
Canada,2012,"10",1909,,,,
Canada,2012,"10",1946,,,,
Canada,2012,"10",1861,,,,
Canada,2012,"11",2247,,,,
Canada,2012,"11",2719,,,,
Canada,2012,"11",2091,,,,
Canada,2012,"11",2401,,,,
Canada,2012,"12",4934,,,,
Canada,2012,"12",6425,,,,
Canada,2012,"12",7496,,,,
Canada,2012,"12",4003,,,,
Canada,2012,"12",3262,,,,
Canada,2013,"01",7698,,,,
Canada,2013,"01",4778,,,,
Canada,2013,"01",6803,,,,
Canada,2013,"01",3939,,,,
Canada,2013,"02",2306,,,,
Canada,2013,"02",3230,,,,
Canada,2013,"02",2597,,,,
Canada,2013,"02",2768,,,,
Canada,2013,"03",2068,,,,
Canada,2013,"03",1901,,,,
Canada,2013,"03",1833,,,,
Canada,2013,"03",1754,,,,
Canada,2013,"03",1642,,,,
Canada,2013,"04",1265,,,,
Canada,2013,"04",1603,,,,
Canada,2013,"04",1458,,,,
Canada,2013,"04",1379,,,,
Canada,2013,"05",1133,,,,
Canada,2013,"05",1002,,,,
Canada,2013,"05",986,,,,
Canada,2013,"05",1046,,,,
Canada,2013,"06",872,,,,
Canada,2013,"06",835,,,,
Canada,2013,"06",831,,,,
Canada,2013,"06",839,,,,
Canada,2013,"06",821,,,,
Canada,2013,"07",635,,,,
Canada,2013,"07",710,,,,
Canada,2013,"07",690,,,,
Canada,2013,"07",715,,,,
Canada,2013,"08",660,,,,
Canada,2013,"08",627,,,,
Canada,2013,"08",698,,,,
Canada,2013,"08",707,,,,
Canada,2013,"09",780,,,,
Canada,2013,"09",1546,,,,
Canada,2013,"09",1598,,,,
Canada,2013,"09",1328,,,,
Canada,2013,"09",1016,,,,
Canada,2013,"10",1632,,,,
Canada,2013,"10",1968,,,,
Canada,2013,"10",1849,,,,
Canada,2013,"10",1585,,,,
Canada,2013,"11",2130,,,,
Canada,2013,"11",2154,,,,
Canada,2013,"11",2031,,,,
Canada,2013,"11",2137,,,,
Canada,2013,"12",2354,,,,
Canada,2013,"12",3745,,,,
Canada,2013,"12",4946,,,,
Canada,2013,"12",2897,,,,
Canada,2013,"12",5706,,,,
Canada,2014,"01",5838,,,,
Canada,2014,"01",5766,,,,
Canada,2014,"01",4830,,,,
Canada,2014,"01",4049,,,,
Canada,2014,"02",2999,,,,
Canada,2014,"02",3438,,,,
Canada,2014,"02",2861,,,,
Canada,2014,"02",3729,,,,
Canada,2014,"03",2144,,,,
Canada,2014,"03",2241,,,,
Canada,2014,"03",2328,,,,
Canada,2014,"03",2461,,,,
Canada,2014,"03",2637,,,,
Canada,2014,"04",1957,,,,
Canada,2014,"04",1699,,,,
Canada,2014,"04",2120,,,,
Canada,2014,"04",1959,,,,
Canada,2014,"05",1571,,,,
Canada,2014,"05",1481,,,,
Canada,2014,"05",1218,,,,
Canada,2014,"05",1448,,,,
Canada,2014,"06",1013,,,,
Canada,2014,"06",901,,,,
Canada,2014,"06",916,,,,
Canada,2014,"06",953,,,,
Canada,2014,"06",1101,,,,
Canada,2014,"07",743,,,,
Canada,2014,"07",754,,,,
Canada,2014,"07",772,,,,
Canada,2014,"07",822,,,,
Canada,2014,"08",791,,,,
Canada,2014,"08",830,,,,
Canada,2014,"08",858,,,,
Canada,2014,"08",757,,,,
Canada,2014,"08",915,,,,
Canada,2014,"09",1208,,,,
Canada,2014,"09",1648,,,,
Canada,2014,"09",1750,,,,
Canada,2014,"09",1809,,,,
Canada,2014,"10",2271,,,,
Canada,2014,"10",2269,,,,
Canada,2014,"10",2243,,,,
Canada,2014,"10",2004,,,,
Canada,2014,"11",2554,,,,
Canada,2014,"11",2578,,,,
Canada,2014,"11",2892,,,,
Canada,2014,"11",2505,,,,
Canada,2014,"11",2548,,,,
Canada,2014,"12",6266,,,,
Canada,2014,"12",7362,,,,
Canada,2014,"12",4856,,,,
Canada,2014,"12",3725,,,,
Canada,2015,"01",5076,,,,
Canada,2015,"01",4599,,,,
Canada,2015,"01",4112,,,,
Canada,2015,"01",6428,,,,
Canada,2015,"02",3402,,,,
Canada,2015,"02",3844,,,,
Canada,2015,"02",3498,,,,
Canada,2015,"02",3144,,,,
Canada,2015,"03",2350,,,,
Canada,2015,"03",2507,,,,
Canada,2015,"03",2073,,,,
Canada,2015,"03",2971,,,,
Canada,2015,"03",2744,,,,
Canada,2015,"04",1664,,,,
Canada,2015,"04",1782,,,,
Canada,2015,"04",2029,,,,
Canada,2015,"04",1568,,,,
Canada,2015,"05",1173,,,,
Canada,2015,"05",1353,,,,
Canada,2015,"05",1333,,,,
Canada,2015,"05",1067,,,,
Canada,2015,"05",977,,,,
Canada,2015,"06",912,,,,
Canada,2015,"06",922,,,,
Canada,2015,"06",925,,,,
Canada,2015,"06",976,,,,
Canada,2015,"07",722,,,,
Canada,2015,"07",851,,,,
Canada,2015,"07",832,,,,
Canada,2015,"07",703,,,,
Canada,2015,"08",739,,,,
Canada,2015,"08",730,,,,
Chile,2002,"12",,,,,
Chile,2003,"01",0,,,,
Chile,2003,"01",,,,,
Chile,2003,"01",1,,,,
Chile,2003,"01",0,,,,
Chile,2003,"02",0,,,,
Chile,2003,"02",0,,,,
Chile,2003,"02",0,,,,
Chile,2003,"02",0,,,,
Chile,2003,"03",1,,,,
Chile,2003,"03",0,,,,
Chile,2003,"03",0,,,,
Chile,2003,"03",2,,,,
Chile,2003,"03",1,,,,
Chile,2003,"04",1,,,,
Chile,2003,"04",1,,,,
Chile,2003,"04",1,,,,
Chile,2003,"04",2,,,,
Chile,2003,"05",1,,,,
Chile,2003,"05",3,,,,
Chile,2003,"05",4,,,,
Chile,2003,"05",1,,,,
Chile,2003,"06",2,,,,
Chile,2003,"06",3,,,,
Chile,2003,"06",2,,,,
Chile,2003,"06",3,,,,
Chile,2003,"06",4,,,,
Chile,2003,"07",2,,,,
Chile,2003,"07",6,,,,
Chile,2003,"07",4,,,,
Chile,2003,"07",4,,,,
Chile,2003,"08",0,,,,
Chile,2003,"08",2,,,,
Chile,2003,"08",1,,,,
Chile,2003,"08",1,,,,
Chile,2003,"08",3,,,,
Chile,2003,"09",2,,,,
Chile,2003,"09",2,,,,
Chile,2003,"09",3,,,,
Chile,2003,"09",3,,,,
Chile,2003,"10",1,,,,
Chile,2003,"10",1,,,,
Chile,2003,"10",1,,,,
Chile,2003,"10",2,,,,
Chile,2003,"11",2,,,,
Chile,2003,"11",2,,,,
Chile,2003,"11",2,,,,
Chile,2003,"11",1,,,,
Chile,2003,"11",4,,,,
Chile,2003,"12",1,,,,
Chile,2003,"12",1,,,,
Chile,2003,"12",1,,,,
Chile,2003,"12",1,,,,
Chile,2004,"01",1,,,,
Chile,2004,"01",1,,,,
Chile,2004,"01",1,,,,
Chile,2004,"01",1,,,,
Chile,2004,"02",1,,,,
Chile,2004,"02",2,,,,
Chile,2004,"02",1,,,,
Chile,2004,"02",1,,,,
Chile,2004,"02",1,,,,
Chile,2004,"03",3,,,,
Chile,2004,"03",4,,,,
Chile,2004,"03",1,,,,
Chile,2004,"03",2,,,,
Chile,2004,"04",5,,,,
Chile,2004,"04",4,,,,
Chile,2004,"04",3,,,,
Chile,2004,"04",5,,,,
Chile,2004,"05",17,,,,
Chile,2004,"05",27,,,,
Chile,2004,"05",44,,,,
Chile,2004,"05",57,,,,
Chile,2004,"05",10,,,,
Chile,2004,"06",22,,,,
Chile,2004,"06",35,,,,
Chile,2004,"06",10,,,,
Chile,2004,"06",15,,,,
Chile,2004,"07",4,,,,
Chile,2004,"07",14,,,,
Chile,2004,"07",2,,,,
Chile,2004,"07",9,,,,
Chile,2004,"08",2,,,,
Chile,2004,"08",2,,,,
Chile,2004,"08",3,,,,
Chile,2004,"08",1,,,,
Chile,2004,"08",3,,,,
Chile,2004,"09",3,,,,
Chile,2004,"09",3,,,,
Chile,2004,"09",2,,,,
Chile,2004,"09",2,,,,
Chile,2004,"10",2,,,,
Chile,2004,"10",1,,,,
Chile,2004,"10",2,,,,
Chile,2004,"10",2,,,,
Chile,2004,"10",3,,,,
Chile,2004,"11",2,,,,
Chile,2004,"11",2,,,,
Chile,2004,"11",1,,,,
Chile,2004,"11",2,,,,
Chile,2004,"12",1,,,,
Chile,2004,"12",2,,,,
Chile,2004,"12",2,,,,
Chile,2004,"12",2,,,,
Chile,2005,"01",1,,,,
Chile,2005,"01",1,,,,
Chile,2005,"01",1,,,,
Chile,2005,"01",3,,,,
Chile,2005,"01",1,,,,
Chile,2005,"02",2,,,,
Chile,2005,"02",2,,,,
Chile,2005,"02",2,,,,
Chile,2005,"02",2,,,,
Chile,2005,"03",4,,,,
Chile,2005,"03",1,,,,
Chile,2005,"03",3,,,,
Chile,2005,"03",2,,,,
Chile,2005,"04",5,,,,
Chile,2005,"04",3,,,,
Chile,2005,"04",3,,,,
Chile,2005,"04",3,,,,
Chile,2005,"05",6,,,,
Chile,2005,"05",3,,,,
Chile,2005,"05",9,,,,
Chile,2005,"05",4,,,,
Chile,2005,"05",9,,,,
Chile,2005,"06",14,,,,
Chile,2005,"06",22,,,,
Chile,2005,"06",27,,,,
Chile,2005,"06",18,,,,
Chile,2005,"07",7,,,,
Chile,2005,"07",4,,,,
Chile,2005,"07",4,,,,
Chile,2005,"07",8,,,,
Chile,2005,"07",11,,,,
Chile,2005,"08",3,,,,
Chile,2005,"08",3,,,,
Chile,2005,"08",3,,,,
Chile,2005,"08",3,,,,
Chile,2005,"09",3,,,,
Chile,2005,"09",3,,,,
Chile,2005,"09",3,,,,
Chile,2005,"09",3,,,,
Chile,2005,"10",4,,,,
Chile,2005,"10",5,,,,
Chile,2005,"10",8,,,,
Chile,2005,"10",5,,,,
Chile,2005,"10",5,,,,
Chile,2005,"11",4,,,,
Chile,2005,"11",6,,,,
Chile,2005,"11",6,,,,
Chile,2005,"11",3,,,,
Chile,2005,"12",1,,,,
Chile,2005,"12",2,,,,
Chile,2005,"12",2,,,,
Chile,2005,"12",1,,,,
Chile,2006,"01",2,,,,
Chile,2006,"01",2,,,,
Chile,2006,"01",3,,,,
Chile,2006,"01",1,,,,
Chile,2006,"01",2,,,,
Chile,2006,"02",1,,,,
Chile,2006,"02",4,,,,
Chile,2006,"02",3,,,,
Chile,2006,"02",2,,,,
Chile,2006,"03",6,,,,
Chile,2006,"03",4,,,,
Chile,2006,"03",3,,,,
Chile,2006,"03",6,,,,
Chile,2006,"04",4,,,,
Chile,2006,"04",5,,,,
Chile,2006,"04",6,,,,
Chile,2006,"04",6,,,,
Chile,2006,"04",5,,,,
Chile,2006,"05",4,,,,
Chile,2006,"05",4,,,,
Chile,2006,"05",6,,,,
Chile,2006,"05",5,,,,
Chile,2006,"06",8,,,,
Chile,2006,"06",5,,,,
Chile,2006,"06",5,,,,
Chile,2006,"06",7,,,,
Chile,2006,"07",8,,,,
Chile,2006,"07",7,,,,
Chile,2006,"07",10,,,,
Chile,2006,"07",8,,,,
Chile,2006,"07",11,,,,
Chile,2006,"08",10,,,,
Chile,2006,"08",9,,,,
Chile,2006,"08",6,,,,
Chile,2006,"08",8,,,,
Chile,2006,"09",7,,,,
Chile,2006,"09",5,,,,
Chile,2006,"09",6,,,,
Chile,2006,"09",6,,,,
Chile,2006,"10",4,,,,
Chile,2006,"10",4,,,,
Chile,2006,"10",4,,,,
Chile,2006,"10",5,,,,
Chile,2006,"10",4,,,,
Chile,2006,"11",4,,,,
Chile,2006,"11",3,,,,
Chile,2006,"11",5,,,,
Chile,2006,"11",4,,,,
Chile,2006,"12",2,,,,
Chile,2006,"12",3,,,,
Chile,2006,"12",3,,,,
Chile,2006,"12",3,,,,
Chile,2006,"12",2,,,,
Chile,2007,"01",2,,,,
Chile,2007,"01",2,,,,
Chile,2007,"01",2,,,,
Chile,2007,"01",2,,,,
Chile,2007,"02",2,,,,
Chile,2007,"02",2,,,,
Chile,2007,"02",2,,,,
Chile,2007,"02",2,,,,
Chile,2007,"03",4,,,,
Chile,2007,"03",3,,,,
Chile,2007,"03",2,,,,
Chile,2007,"03",3,,,,
Chile,2007,"04",6,,,,
Chile,2007,"04",8,,,,
Chile,2007,"04",5,,,,
Chile,2007,"04",9,,,,
Chile,2007,"04",9,,,,
Chile,2007,"05",9,,,,
Chile,2007,"05",16,,,,
Chile,2007,"05",37,,,,
Chile,2007,"05",23,,,,
Chile,2007,"06",63,,,,
Chile,2007,"06",58,,,,
Chile,2007,"06",34,,,,
Chile,2007,"06",68,,,,
Chile,2007,"07",28,,,,
Chile,2007,"07",11,,,,
Chile,2007,"07",23,,,,
Chile,2007,"07",18,,,,
Chile,2007,"07",6,,,,
Chile,2007,"08",7,,,,
Chile,2007,"08",7,,,,
Chile,2007,"08",7,,,,
Chile,2007,"08",7,,,,
Chile,2007,"09",6,,,,
Chile,2007,"09",8,,,,
Chile,2007,"09",6,,,,
Chile,2007,"09",4,,,,
Chile,2007,"09",5,,,,
Chile,2007,"10",4,,,,
Chile,2007,"10",4,,,,
Chile,2007,"10",5,,,,
Chile,2007,"10",5,,,,
Chile,2007,"11",2,,,,
Chile,2007,"11",3,,,,
Chile,2007,"11",4,,,,
Chile,2007,"11",3,,,,
Chile,2007,"12",3,,,,
Chile,2007,"12",3,,,,
Chile,2007,"12",2,,,,
Chile,2007,"12",2,,,,
Chile,2007,"12",2,,,,
Chile,2008,"01",2,,,,
Chile,2008,"01",2,,,,
Chile,2008,"01",1,,,,
Chile,2008,"01",2,,,,
Chile,2008,"02",2,,,,
Chile,2008,"02",2,,,,
Chile,2008,"02",2,,,,
Chile,2008,"02",2,,,,
Chile,2008,"03",4,,,,
Chile,2008,"03",6,,,,
Chile,2008,"03",2,,,,
Chile,2008,"03",2,,,,
Chile,2008,"03",5,,,,
Chile,2008,"04",45,,,,
Chile,2008,"04",27,,,,
Chile,2008,"04",13,,,,
Chile,2008,"04",6,,,,
Chile,2008,"05",25,,,,
Chile,2008,"05",49,,,,
Chile,2008,"05",11,,,,
Chile,2008,"05",41,,,,
Chile,2008,"06",7,,,,
Chile,2008,"06",8,,,,
Chile,2008,"06",10,,,,
Chile,2008,"06",10,,,,
Chile,2008,"06",8,,,,
Chile,2008,"07",6,,,,
Chile,2008,"07",8,,,,
Chile,2008,"07",4,,,,
Chile,2008,"07",8,,,,
Chile,2008,"08",5,,,,
Chile,2008,"08",6,,,,
Chile,2008,"08",6,,,,
Chile,2008,"08",6,,,,
Chile,2008,"08",5,,,,
Chile,2008,"09",6,,,,
Chile,2008,"09",5,,,,
Chile,2008,"09",5,,,,
Chile,2008,"09",6,,,,
Chile,2008,"10",4,,,,
Chile,2008,"10",4,,,,
Chile,2008,"10",4,,,,
Chile,2008,"10",4,,,,
Chile,2008,"11",4,,,,
Chile,2008,"11",3,,,,
Chile,2008,"11",4,,,,
Chile,2008,"11",3,,,,
Chile,2008,"11",3,,,,
Chile,2008,"12",2,,,,
Chile,2008,"12",2,,,,
Chile,2008,"12",3,,,,
Chile,2008,"12",2,,,,
Chile,2009,"01",2,,,,
Chile,2009,"01",2,,,,
Chile,2009,"01",2,,,,
Chile,2009,"01",2,,,,
Chile,2009,"02",1,,,,
Chile,2009,"02",1,,,,
Chile,2009,"02",1,,,,
Chile,2009,"02",1,,,,
Chile,2009,"03",1,,,,
Chile,2009,"03",3,,,,
Chile,2009,"03",4,,,,
Chile,2009,"03",2,,,,
Chile,2009,"03",4,,,,
Chile,2009,"04",11,,,,
Chile,2009,"04",5,,,,
Chile,2009,"04",5,,,,
Chile,2009,"04",8,,,,
Chile,2009,"05",25,,,,
Chile,2009,"05",39,,,,
Chile,2009,"05",19,,,,
Chile,2009,"05",12,,,,
Chile,2009,"05",11,,,,
Chile,2009,"06",213,,,,
Chile,2009,"06",216,,,,
Chile,2009,"06",113,,,,
Chile,2009,"06",67,,,,
Chile,2009,"07",16,,,,
Chile,2009,"07",8,,,,
Chile,2009,"07",45,,,,
Chile,2009,"07",124,,,,
Chile,2009,"08",7,,,,
Chile,2009,"08",8,,,,
Chile,2009,"08",8,,,,
Chile,2009,"08",7,,,,
Chile,2009,"08",8,,,,
Chile,2009,"09",6,,,,
Chile,2009,"09",7,,,,
Chile,2009,"09",6,,,,
Chile,2009,"09",5,,,,
Chile,2009,"10",6,,,,
Chile,2009,"10",6,,,,
Chile,2009,"10",5,,,,
Chile,2009,"10",4,,,,
Chile,2009,"11",3,,,,
Chile,2009,"11",4,,,,
Chile,2009,"11",5,,,,
Chile,2009,"11",5,,,,
Chile,2009,"11",3,,,,
Chile,2009,"12",2,,,,
Chile,2009,"12",1,,,,
Chile,2009,"12",2,,,,
Chile,2009,"12",3,,,,
Chile,2010,"01",1,,,,
Chile,2010,"01",1,,,,
Chile,2010,"01",1,,,,
Chile,2010,"01",1,,,,
Chile,2010,"01",1,,,,
Chile,2010,"02",1,,,,
Chile,2010,"02",2,,,,
Chile,2010,"02",1,,,,
Chile,2010,"02",1,,,,
Chile,2010,"03",2,,,,
Chile,2010,"03",3,,,,
Chile,2010,"03",1,,,,
Chile,2010,"03",4,,,,
Chile,2010,"04",5,,,,
Chile,2010,"04",4,,,,
Chile,2010,"04",5,,,,
Chile,2010,"04",6,,,,
Chile,2010,"05",6,,,,
Chile,2010,"05",5,,,,
Chile,2010,"05",7,,,,
Chile,2010,"05",7,,,,
Chile,2010,"05",7,,,,
Chile,2010,"06",8,,,,
Chile,2010,"06",7,,,,
Chile,2010,"06",7,,,,
Chile,2010,"06",7,,,,
Chile,2010,"07",7,,,,
Chile,2010,"07",10,,,,
Chile,2010,"07",10,,,,
Chile,2010,"07",9,,,,
Chile,2010,"08",65,,,,
Chile,2010,"08",19,,,,
Chile,2010,"08",10,,,,
Chile,2010,"08",102,,,,
Chile,2010,"08",39,,,,
Chile,2010,"09",77,,,,
Chile,2010,"09",141,,,,
Chile,2010,"09",109,,,,
Chile,2010,"09",48,,,,
Chile,2010,"10",28,,,,
Chile,2010,"10",16,,,,
Chile,2010,"10",9,,,,
Chile,2010,"10",8,,,,
Chile,2010,"10",8,,,,
Chile,2010,"11",5,,,,
Chile,2010,"11",6,,,,
Chile,2010,"11",5,,,,
Chile,2010,"11",4,,,,
Chile,2010,"12",3,,,,
Chile,2010,"12",3,,,,
Chile,2010,"12",3,,,,
Chile,2010,"12",3,,,,
Chile,2011,"01",2,,,,
Chile,2011,"01",2,,,,
Chile,2011,"01",2,,,,
Chile,2011,"01",1,,,,
Chile,2011,"01",2,,,,
Chile,2011,"02",2,,,,
Chile,2011,"02",2,,,,
Chile,2011,"02",2,,,,
Chile,2011,"02",1,,,,
Chile,2011,"03",3,,,,
Chile,2011,"03",2,,,,
Chile,2011,"03",5,,,,
Chile,2011,"03",4,,,,
Chile,2011,"04",5,,,,
Chile,2011,"04",6,,,,
Chile,2011,"04",4,,,,
Chile,2011,"04",5,,,,
Chile,2011,"05",9,,,,
Chile,2011,"05",6,,,,
Chile,2011,"05",10,,,,
Chile,2011,"05",7,,,,
Chile,2011,"05",8,,,,
Chile,2011,"06",10,,,,
Chile,2011,"06",10,,,,
Chile,2011,"06",12,,,,
Chile,2011,"06",10,,,,
Chile,2011,"07",10,,,,
Chile,2011,"07",9,,,,
Chile,2011,"07",10,,,,
Chile,2011,"07",12,,,,
Chile,2011,"07",15,,,,
Chile,2011,"08",17,,,,
Chile,2011,"08",13,,,,
Chile,2011,"08",20,,,,
Chile,2011,"08",10,,,,
Chile,2011,"09",6,,,,
Chile,2011,"09",8,,,,
Chile,2011,"09",4,,,,
Chile,2011,"09",5,,,,
Chile,2011,"10",3,,,,
Chile,2011,"10",4,,,,
Chile,2011,"10",3,,,,
Chile,2011,"10",4,,,,
Chile,2011,"10",4,,,,
Chile,2011,"11",4,,,,
Chile,2011,"11",3,,,,
Chile,2011,"11",4,,,,
Chile,2011,"11",4,,,,
Chile,2011,"12",3,,,,
Chile,2011,"12",2,,,,
Chile,2011,"12",3,,,,
Chile,2011,"12",3,,,,
Chile,2012,"01",2,,,,
Chile,2012,"01",2,,,,
Chile,2012,"01",2,,,,
Chile,2012,"01",2,,,,
Chile,2012,"01",3,,,,
Chile,2012,"02",2,,,,
Chile,2012,"02",2,,,,
Chile,2012,"02",3,,,,
Chile,2012,"02",2,,,,
Chile,2012,"03",2,,,,
Chile,2012,"03",3,,,,
Chile,2012,"03",6,,,,
Chile,2012,"03",5,,,,
Chile,2012,"04",8,,,,
Chile,2012,"04",6,,,,
Chile,2012,"04",8,,,,
Chile,2012,"04",8,,,,
Chile,2012,"04",8,,,,
Chile,2012,"05",19,,,,
Chile,2012,"05",11,,,,
Chile,2012,"05",9,,,,
Chile,2012,"05",16,,,,
Chile,2012,"06",72,,,,
Chile,2012,"06",76,,,,
Chile,2012,"06",45,,,,
Chile,2012,"06",29,,,,
Chile,2012,"07",13,,,,
Chile,2012,"07",15,,,,
Chile,2012,"07",60,,,,
Chile,2012,"07",26,,,,
Chile,2012,"07",43,,,,
Chile,2012,"08",13,,,,
Chile,2012,"08",12,,,,
Chile,2012,"08",13,,,,
Chile,2012,"08",14,,,,
Chile,2012,"09",13,,,,
Chile,2012,"09",11,,,,
Chile,2012,"09",7,,,,
Chile,2012,"09",14,,,,
Chile,2012,"09",11,,,,
Chile,2012,"10",8,,,,
Chile,2012,"10",7,,,,
Chile,2012,"10",11,,,,
Chile,2012,"10",8,,,,
Chile,2012,"11",5,,,,
Chile,2012,"11",6,,,,
Chile,2012,"11",8,,,,
Chile,2012,"11",7,,,,
Chile,2012,"12",5,,,,
Chile,2012,"12",4,,,,
Chile,2012,"12",3,,,,
Chile,2012,"12",4,,,,
Chile,2012,"12",4,,,,
Chile,2013,"01",2,,,,
Chile,2013,"01",2,,,,
Chile,2013,"01",2,,,,
Chile,2013,"01",3,,,,
Chile,2013,"02",3,,,,
Chile,2013,"02",2,,,,
Chile,2013,"02",2,,,,
Chile,2013,"02",3,,,,
Chile,2013,"03",7,,,,
Chile,2013,"03",4,,,,
Chile,2013,"03",7,,,,
Chile,2013,"03",8,,,,
Chile,2013,"03",5,,,,
Chile,2013,"04",12,,,,
Chile,2013,"04",11,,,,
Chile,2013,"04",12,,,,
Chile,2013,"04",13,,,,
Chile,2013,"05",22,,,,
Chile,2013,"05",14,,,,
Chile,2013,"05",18,,,,
Chile,2013,"05",22,,,,
Chile,2013,"06",101,,,,
Chile,2013,"06",61,,,,
Chile,2013,"06",53,,,,
Chile,2013,"06",32,,,,
Chile,2013,"06",43,,,,
Chile,2013,"07",66,,,,
Chile,2013,"07",118,,,,
Chile,2013,"07",148,,,,
Chile,2013,"07",40,,,,
Chile,2013,"08",28,,,,
Chile,2013,"08",35,,,,
Chile,2013,"08",41,,,,
Chile,2013,"08",37,,,,
Chile,2013,"09",15,,,,
Chile,2013,"09",17,,,,
Chile,2013,"09",18,,,,
Chile,2013,"09",21,,,,
Chile,2013,"09",15,,,,
Chile,2013,"10",12,,,,
Chile,2013,"10",14,,,,
Chile,2013,"10",16,,,,
Chile,2013,"10",15,,,,
Chile,2013,"11",12,,,,
Chile,2013,"11",6,,,,
Chile,2013,"11",7,,,,
Chile,2013,"11",9,,,,
Chile,2013,"12",4,,,,
Chile,2013,"12",5,,,,
Chile,2013,"12",6,,,,
Chile,2013,"12",7,,,,
Chile,2013,"12",4,,,,
Chile,2014,"01",3,,,,
Chile,2014,"01",3,,,,
Chile,2014,"01",3,,,,
Chile,2014,"01",3,,,,
Chile,2014,"02",3,,,,
Chile,2014,"02",2,,,,
Chile,2014,"02",3,,,,
Chile,2014,"02",2,,,,
Chile,2014,"03",3,,,,
Chile,2014,"03",11,,,,
Chile,2014,"03",8,,,,
Chile,2014,"03",6,,,,
Chile,2014,"03",4,,,,
Chile,2014,"04",13,,,,
Chile,2014,"04",14,,,,
Chile,2014,"04",12,,,,
Chile,2014,"04",16,,,,
Chile,2014,"05",14,,,,
Chile,2014,"05",14,,,,
Chile,2014,"05",14,,,,
Chile,2014,"05",15,,,,
Chile,2014,"06",19,,,,
Chile,2014,"06",52,,,,
Chile,2014,"06",145,,,,
Chile,2014,"06",28,,,,
Chile,2014,"06",92,,,,
Chile,2014,"07",108,,,,
Chile,2014,"07",26,,,,
Chile,2014,"07",154,,,,
Chile,2014,"07",53,,,,
Chile,2014,"08",15,,,,
Chile,2014,"08",20,,,,
Chile,2014,"08",16,,,,
Chile,2014,"08",17,,,,
Chile,2014,"08",17,,,,
Chile,2014,"09",16,,,,
Chile,2014,"09",15,,,,
Chile,2014,"09",15,,,,
Chile,2014,"09",12,,,,
Chile,2014,"10",11,,,,
Chile,2014,"10",7,,,,
Chile,2014,"10",9,,,,
Chile,2014,"10",12,,,,
Chile,2014,"11",5,,,,
Chile,2014,"11",5,,,,
Chile,2014,"11",7,,,,
Chile,2014,"11",6,,,,
Chile,2014,"11",7,,,,
Chile,2014,"12",4,,,,
Chile,2014,"12",6,,,,
Chile,2014,"12",4,,,,
Chile,2014,"12",6,,,,
Chile,2015,"01",3,,,,
Chile,2015,"01",5,,,,
Chile,2015,"01",4,,,,
Chile,2015,"01",3,,,,
Chile,2015,"02",3,,,,
Chile,2015,"02",4,,,,
Chile,2015,"02",3,,,,
Chile,2015,"02",3,,,,
Chile,2015,"03",3,,,,
Chile,2015,"03",8,,,,
Chile,2015,"03",5,,,,
Chile,2015,"03",4,,,,
Chile,2015,"03",7,,,,
Chile,2015,"04",13,,,,
Chile,2015,"04",11,,,,
Chile,2015,"04",12,,,,
Chile,2015,"04",8,,,,
Chile,2015,"05",14,,,,
Chile,2015,"05",15,,,,
Chile,2015,"05",13,,,,
Chile,2015,"05",14,,,,
Chile,2015,"05",12,,,,
Chile,2015,"06",16,,,,
Chile,2015,"06",17,,,,
Chile,2015,"06",15,,,,
Chile,2015,"06",23,,,,
Chile,2015,"07",28,,,,
Chile,2015,"07",29,,,,
Chile,2015,"07",29,,,,
Chile,2015,"07",25,,,,
Chile,2015,"08",49,,,,
Chile,2015,"08",33,,,,
France,2002,"12",,,,,
France,2003,"01",,,,,
France,2003,"01",,,,,
France,2003,"01",,,,,
France,2003,"01",,,,,
France,2003,"02",,,,,
France,2003,"02",,,,,
France,2003,"02",,,,,
France,2003,"02",,,,,
France,2003,"03",,,,,
France,2003,"03",,,,,
France,2003,"03",,,,,
France,2003,"03",,,,,
France,2003,"03",,,,,
France,2003,"04",,,,,
France,2003,"04",,,,,
France,2003,"04",,,,,
France,2003,"04",,,,,
France,2003,"05",,,,,
France,2003,"05",,,,,
France,2003,"05",,,,,
France,2003,"05",,,,,
France,2003,"06",,,,,
France,2003,"06",,,,,
France,2003,"06",,,,,
France,2003,"06",,,,,
France,2003,"06",,,,,
France,2003,"07",,,,,
France,2003,"07",,,,,
France,2003,"07",,,,,
France,2003,"07",,,,,
France,2003,"08",,,,,
France,2003,"08",,,,,
France,2003,"08",,,,,
France,2003,"08",,,,,
France,2003,"08",,,,,
France,2003,"09",25,,,,
France,2003,"09",,,,,
France,2003,"09",,,,,
France,2003,"09",,,,,
France,2003,"10",25,,,,
France,2003,"10",81,,,,
France,2003,"10",82,,,,
France,2003,"10",30,,,,
France,2003,"11",877,,,,
France,2003,"11",146,,,,
France,2003,"11",274,,,,
France,2003,"11",48,,,,
France,2003,"11",1282,,,,
France,2003,"12",275,,,,
France,2003,"12",634,,,,
France,2003,"12",154,,,,
France,2003,"12",457,,,,
France,2004,"01",44,,,,
France,2004,"01",29,,,,
France,2004,"01",30,,,,
France,2004,"01",71,,,,
France,2004,"02",22,,,,
France,2004,"02",23,,,,
France,2004,"02",16,,,,
France,2004,"02",31,,,,
France,2004,"02",32,,,,
France,2004,"03",14,,,,
France,2004,"03",15,,,,
France,2004,"03",18,,,,
France,2004,"03",15,,,,
France,2004,"04",9,,,,
France,2004,"04",8,,,,
France,2004,"04",7,,,,
France,2004,"04",11,,,,
France,2004,"05",8,,,,
France,2004,"05",9,,,,
France,2004,"05",11,,,,
France,2004,"05",5,,,,
France,2004,"05",7,,,,
France,2004,"06",4,,,,
France,2004,"06",4,,,,
France,2004,"06",6,,,,
France,2004,"06",4,,,,
France,2004,"07",5,,,,
France,2004,"07",4,,,,
France,2004,"07",5,,,,
France,2004,"07",5,,,,
France,2004,"08",6,,,,
France,2004,"08",8,,,,
France,2004,"08",4,,,,
France,2004,"08",9,,,,
France,2004,"08",7,,,,
France,2004,"09",33,,,,
France,2004,"09",13,,,,
France,2004,"09",40,,,,
France,2004,"09",10,,,,
France,2004,"10",51,,,,
France,2004,"10",55,,,,
France,2004,"10",40,,,,
France,2004,"10",51,,,,
France,2004,"10",52,,,,
France,2004,"11",62,,,,
France,2004,"11",36,,,,
France,2004,"11",76,,,,
France,2004,"11",46,,,,
France,2004,"12",100,,,,
France,2004,"12",171,,,,
France,2004,"12",95,,,,
France,2004,"12",185,,,,
France,2005,"01",396,,,,
France,2005,"01",232,,,,
France,2005,"01",149,,,,
France,2005,"01",144,,,,
France,2005,"01",623,,,,
France,2005,"02",1132,,,,
France,2005,"02",685,,,,
France,2005,"02",317,,,,
France,2005,"02",179,,,,
France,2005,"03",67,,,,
France,2005,"03",134,,,,
France,2005,"03",45,,,,
France,2005,"03",90,,,,
France,2005,"04",34,,,,
France,2005,"04",25,,,,
France,2005,"04",30,,,,
France,2005,"04",20,,,,
France,2005,"05",9,,,,
France,2005,"05",10,,,,
France,2005,"05",9,,,,
France,2005,"05",10,,,,
France,2005,"05",10,,,,
France,2005,"06",7,,,,
France,2005,"06",8,,,,
France,2005,"06",11,,,,
France,2005,"06",11,,,,
France,2005,"07",9,,,,
France,2005,"07",6,,,,
France,2005,"07",9,,,,
France,2005,"07",7,,,,
France,2005,"07",10,,,,
France,2005,"08",10,,,,
France,2005,"08",9,,,,
France,2005,"08",11,,,,
France,2005,"08",9,,,,
France,2005,"09",43,,,,
France,2005,"09",13,,,,
France,2005,"09",17,,,,
France,2005,"09",50,,,,
France,2005,"10",61,,,,
France,2005,"10",75,,,,
France,2005,"10",76,,,,
France,2005,"10",42,,,,
France,2005,"10",83,,,,
France,2005,"11",72,,,,
France,2005,"11",64,,,,
France,2005,"11",89,,,,
France,2005,"11",83,,,,
France,2005,"12",120,,,,
France,2005,"12",85,,,,
France,2005,"12",120,,,,
France,2005,"12",98,,,,
France,2006,"01",127,,,,
France,2006,"01",131,,,,
France,2006,"01",242,,,,
France,2006,"01",96,,,,
France,2006,"01",106,,,,
France,2006,"02",172,,,,
France,2006,"02",221,,,,
France,2006,"02",117,,,,
France,2006,"02",262,,,,
France,2006,"03",34,,,,
France,2006,"03",75,,,,
France,2006,"03",61,,,,
France,2006,"03",65,,,,
France,2006,"04",32,,,,
France,2006,"04",18,,,,
France,2006,"04",22,,,,
France,2006,"04",16,,,,
France,2006,"04",12,,,,
France,2006,"05",9,,,,
France,2006,"05",8,,,,
France,2006,"05",11,,,,
France,2006,"05",12,,,,
France,2006,"06",5,,,,
France,2006,"06",6,,,,
France,2006,"06",7,,,,
France,2006,"06",9,,,,
France,2006,"07",5,,,,
France,2006,"07",6,,,,
France,2006,"07",5,,,,
France,2006,"07",5,,,,
France,2006,"07",6,,,,
France,2006,"08",8,,,,
France,2006,"08",7,,,,
France,2006,"08",9,,,,
France,2006,"08",8,,,,
France,2006,"09",23,,,,
France,2006,"09",16,,,,
France,2006,"09",9,,,,
France,2006,"09",12,,,,
France,2006,"10",48,,,,
France,2006,"10",40,,,,
France,2006,"10",31,,,,
France,2006,"10",39,,,,
France,2006,"10",35,,,,
France,2006,"11",41,,,,
France,2006,"11",43,,,,
France,2006,"11",56,,,,
France,2006,"11",63,,,,
France,2006,"12",85,,,,
France,2006,"12",198,,,,
France,2006,"12",209,,,,
France,2006,"12",120,,,,
France,2006,"12",72,,,,
France,2007,"01",386,,,,
France,2007,"01",191,,,,
France,2007,"01",169,,,,
France,2007,"01",155,,,,
France,2007,"02",567,,,,
France,2007,"02",481,,,,
France,2007,"02",212,,,,
France,2007,"02",77,,,,
France,2007,"03",37,,,,
France,2007,"03",23,,,,
France,2007,"03",23,,,,
France,2007,"03",18,,,,
France,2007,"04",16,,,,
France,2007,"04",6,,,,
France,2007,"04",11,,,,
France,2007,"04",19,,,,
France,2007,"04",5,,,,
France,2007,"05",7,,,,
France,2007,"05",6,,,,
France,2007,"05",9,,,,
France,2007,"05",6,,,,
France,2007,"06",7,,,,
France,2007,"06",7,,,,
France,2007,"06",7,,,,
France,2007,"06",9,,,,
France,2007,"07",7,,,,
France,2007,"07",5,,,,
France,2007,"07",7,,,,
France,2007,"07",6,,,,
France,2007,"07",6,,,,
France,2007,"08",7,,,,
France,2007,"08",6,,,,
France,2007,"08",7,,,,
France,2007,"08",7,,,,
France,2007,"09",50,,,,
France,2007,"09",11,,,,
France,2007,"09",21,,,,
France,2007,"09",45,,,,
France,2007,"09",8,,,,
France,2007,"10",55,,,,
France,2007,"10",57,,,,
France,2007,"10",68,,,,
France,2007,"10",56,,,,
France,2007,"11",77,,,,
France,2007,"11",92,,,,
France,2007,"11",76,,,,
France,2007,"11",77,,,,
France,2007,"12",330,,,,
France,2007,"12",181,,,,
France,2007,"12",125,,,,
France,2007,"12",253,,,,
France,2007,"12",109,,,,
France,2008,"01",402,,,,
France,2008,"01",424,,,,
France,2008,"01",339,,,,
France,2008,"01",457,,,,
France,2008,"02",298,,,,
France,2008,"02",103,,,,
France,2008,"02",406,,,,
France,2008,"02",211,,,,
France,2008,"03",38,,,,
France,2008,"03",36,,,,
France,2008,"03",35,,,,
France,2008,"03",66,,,,
France,2008,"03",33,,,,
France,2008,"04",23,,,,
France,2008,"04",26,,,,
France,2008,"04",16,,,,
France,2008,"04",9,,,,
France,2008,"05",7,,,,
France,2008,"05",6,,,,
France,2008,"05",7,,,,
France,2008,"05",6,,,,
France,2008,"06",5,,,,
France,2008,"06",8,,,,
France,2008,"06",4,,,,
France,2008,"06",8,,,,
France,2008,"06",9,,,,
France,2008,"07",4,,,,
France,2008,"07",4,,,,
France,2008,"07",6,,,,
France,2008,"07",6,,,,
France,2008,"08",4,,,,
France,2008,"08",5,,,,
France,2008,"08",4,,,,
France,2008,"08",5,,,,
France,2008,"08",5,,,,
France,2008,"09",9,,,,
France,2008,"09",40,,,,
France,2008,"09",39,,,,
France,2008,"09",20,,,,
France,2008,"10",48,,,,
France,2008,"10",37,,,,
France,2008,"10",38,,,,
France,2008,"10",53,,,,
France,2008,"11",39,,,,
France,2008,"11",40,,,,
France,2008,"11",70,,,,
France,2008,"11",33,,,,
France,2008,"11",54,,,,
France,2008,"12",115,,,,
France,2008,"12",218,,,,
France,2008,"12",377,,,,
France,2008,"12",598,,,,
France,2009,"01",755,,,,
France,2009,"01",407,,,,
France,2009,"01",770,,,,
France,2009,"01",569,,,,
France,2009,"02",56,,,,
France,2009,"02",42,,,,
France,2009,"02",91,,,,
France,2009,"02",194,,,,
France,2009,"03",18,,,,
France,2009,"03",16,,,,
France,2009,"03",26,,,,
France,2009,"03",20,,,,
France,2009,"03",23,,,,
France,2009,"04",8,,,,
France,2009,"04",12,,,,
France,2009,"04",10,,,,
France,2009,"04",12,,,,
France,2009,"05",12,,,,
France,2009,"05",6,,,,
France,2009,"05",8,,,,
France,2009,"05",14,,,,
France,2009,"05",6,,,,
France,2009,"06",7,,,,
France,2009,"06",8,,,,
France,2009,"06",7,,,,
France,2009,"06",7,,,,
France,2009,"07",23,,,,
France,2009,"07",11,,,,
France,2009,"07",7,,,,
France,2009,"07",20,,,,
France,2009,"08",43,,,,
France,2009,"08",15,,,,
France,2009,"08",53,,,,
France,2009,"08",16,,,,
France,2009,"08",20,,,,
France,2009,"09",130,,,,
France,2009,"09",112,,,,
France,2009,"09",150,,,,
France,2009,"09",113,,,,
France,2009,"10",111,,,,
France,2009,"10",161,,,,
France,2009,"10",102,,,,
France,2009,"10",81,,,,
France,2009,"11",385,,,,
France,2009,"11",163,,,,
France,2009,"11",801,,,,
France,2009,"11",131,,,,
France,2009,"11",874,,,,
France,2009,"12",203,,,,
France,2009,"12",641,,,,
France,2009,"12",148,,,,
France,2009,"12",424,,,,
France,2010,"01",130,,,,
France,2010,"01",42,,,,
France,2010,"01",82,,,,
France,2010,"01",48,,,,
France,2010,"01",51,,,,
France,2010,"02",35,,,,
France,2010,"02",19,,,,
France,2010,"02",26,,,,
France,2010,"02",15,,,,
France,2010,"03",9,,,,
France,2010,"03",9,,,,
France,2010,"03",11,,,,
France,2010,"03",13,,,,
France,2010,"04",5,,,,
France,2010,"04",8,,,,
France,2010,"04",7,,,,
France,2010,"04",4,,,,
France,2010,"05",5,,,,
France,2010,"05",7,,,,
France,2010,"05",4,,,,
France,2010,"05",5,,,,
France,2010,"05",6,,,,
France,2010,"06",3,,,,
France,2010,"06",3,,,,
France,2010,"06",2,,,,
France,2010,"06",3,,,,
France,2010,"07",2,,,,
France,2010,"07",2,,,,
France,2010,"07",2,,,,
France,2010,"07",3,,,,
France,2010,"08",5,,,,
France,2010,"08",3,,,,
France,2010,"08",4,,,,
France,2010,"08",4,,,,
France,2010,"08",3,,,,
France,2010,"09",7,,,,
France,2010,"09",41,,,,
France,2010,"09",27,,,,
France,2010,"09",16,,,,
France,2010,"10",18,,,,
France,2010,"10",21,,,,
France,2010,"10",29,,,,
France,2010,"10",26,,,,
France,2010,"10",31,,,,
France,2010,"11",45,,,,
France,2010,"11",15,,,,
France,2010,"11",18,,,,
France,2010,"11",28,,,,
France,2010,"12",104,,,,
France,2010,"12",165,,,,
France,2010,"12",337,,,,
France,2010,"12",56,,,,
France,2011,"01",368,,,,
France,2011,"01",490,,,,
France,2011,"01",331,,,,
France,2011,"01",322,,,,
France,2011,"01",431,,,,
France,2011,"02",61,,,,
France,2011,"02",234,,,,
France,2011,"02",33,,,,
France,2011,"02",129,,,,
France,2011,"03",12,,,,
France,2011,"03",20,,,,
France,2011,"03",14,,,,
France,2011,"03",10,,,,
France,2011,"04",6,,,,
France,2011,"04",8,,,,
France,2011,"04",4,,,,
France,2011,"04",3,,,,
France,2011,"05",2,,,,
France,2011,"05",2,,,,
France,2011,"05",2,,,,
France,2011,"05",3,,,,
France,2011,"05",2,,,,
France,2011,"06",2,,,,
France,2011,"06",2,,,,
France,2011,"06",3,,,,
France,2011,"06",2,,,,
France,2011,"07",2,,,,
France,2011,"07",2,,,,
France,2011,"07",2,,,,
France,2011,"07",2,,,,
France,2011,"07",2,,,,
France,2011,"08",2,,,,
France,2011,"08",2,,,,
France,2011,"08",2,,,,
France,2011,"08",2,,,,
France,2011,"09",12,,,,
France,2011,"09",2,,,,
France,2011,"09",17,,,,
France,2011,"09",4,,,,
France,2011,"10",25,,,,
France,2011,"10",18,,,,
France,2011,"10",30,,,,
France,2011,"10",22,,,,
France,2011,"10",28,,,,
France,2011,"11",47,,,,
France,2011,"11",53,,,,
France,2011,"11",39,,,,
France,2011,"11",25,,,,
France,2011,"12",71,,,,
France,2011,"12",61,,,,
France,2011,"12",62,,,,
France,2011,"12",59,,,,
France,2012,"01",49,,,,
France,2012,"01",120,,,,
France,2012,"01",71,,,,
France,2012,"01",75,,,,
France,2012,"01",86,,,,
France,2012,"02",498,,,,
France,2012,"02",454,,,,
France,2012,"02",320,,,,
France,2012,"02",195,,,,
France,2012,"03",190,,,,
France,2012,"03",41,,,,
France,2012,"03",24,,,,
France,2012,"03",79,,,,
France,2012,"04",19,,,,
France,2012,"04",9,,,,
France,2012,"04",14,,,,
France,2012,"04",17,,,,
France,2012,"04",6,,,,
France,2012,"05",4,,,,
France,2012,"05",5,,,,
France,2012,"05",4,,,,
France,2012,"05",4,,,,
France,2012,"06",3,,,,
France,2012,"06",4,,,,
France,2012,"06",3,,,,
France,2012,"06",3,,,,
France,2012,"07",3,,,,
France,2012,"07",4,,,,
France,2012,"07",2,,,,
France,2012,"07",4,,,,
France,2012,"07",3,,,,
France,2012,"08",2,,,,
France,2012,"08",2,,,,
France,2012,"08",3,,,,
France,2012,"08",2,,,,
France,2012,"09",49,,,,
France,2012,"09",4,,,,
France,2012,"09",7,,,,
France,2012,"09",18,,,,
France,2012,"09",36,,,,
France,2012,"10",38,,,,
France,2012,"10",43,,,,
France,2012,"10",43,,,,
France,2012,"10",40,,,,
France,2012,"11",44,,,,
France,2012,"11",39,,,,
France,2012,"11",44,,,,
France,2012,"11",54,,,,
France,2012,"12",117,,,,
France,2012,"12",184,,,,
France,2012,"12",387,,,,
France,2012,"12",79,,,,
France,2012,"12",292,,,,
France,2013,"01",703,,,,
France,2013,"01",277,,,,
France,2013,"01",349,,,,
France,2013,"01",1278,,,,
France,2013,"02",894,,,,
France,2013,"02",443,,,,
France,2013,"02",1099,,,,
France,2013,"02",1324,,,,
France,2013,"03",193,,,,
France,2013,"03",73,,,,
France,2013,"03",44,,,,
France,2013,"03",32,,,,
France,2013,"03",32,,,,
France,2013,"04",8,,,,
France,2013,"04",11,,,,
France,2013,"04",24,,,,
France,2013,"04",14,,,,
France,2013,"05",9,,,,
France,2013,"05",7,,,,
France,2013,"05",8,,,,
France,2013,"05",8,,,,
France,2013,"06",3,,,,
France,2013,"06",6,,,,
France,2013,"06",4,,,,
France,2013,"06",4,,,,
France,2013,"06",7,,,,
France,2013,"07",1,,,,
France,2013,"07",2,,,,
France,2013,"07",2,,,,
France,2013,"07",1,,,,
France,2013,"08",2,,,,
France,2013,"08",2,,,,
France,2013,"08",3,,,,
France,2013,"08",2,,,,
France,2013,"09",32,,,,
France,2013,"09",6,,,,
France,2013,"09",3,,,,
France,2013,"09",27,,,,
France,2013,"09",19,,,,
France,2013,"10",31,,,,
France,2013,"10",20,,,,
France,2013,"10",30,,,,
France,2013,"10",19,,,,
France,2013,"11",35,,,,
France,2013,"11",25,,,,
France,2013,"11",45,,,,
France,2013,"11",21,,,,
France,2013,"12",68,,,,
France,2013,"12",80,,,,
France,2013,"12",55,,,,
France,2013,"12",107,,,,
France,2013,"12",114,,,,
France,2014,"01",119,,,,
France,2014,"01",78,,,,
France,2014,"01",70,,,,
France,2014,"01",178,,,,
France,2014,"02",191,,,,
France,2014,"02",286,,,,
France,2014,"02",371,,,,
France,2014,"02",341,,,,
France,2014,"03",20,,,,
France,2014,"03",95,,,,
France,2014,"03",36,,,,
France,2014,"03",25,,,,
France,2014,"03",54,,,,
France,2014,"04",14,,,,
France,2014,"04",11,,,,
France,2014,"04",10,,,,
France,2014,"04",17,,,,
France,2014,"05",7,,,,
France,2014,"05",6,,,,
France,2014,"05",5,,,,
France,2014,"05",6,,,,
France,2014,"06",5,,,,
France,2014,"06",2,,,,
France,2014,"06",2,,,,
France,2014,"06",3,,,,
France,2014,"06",3,,,,
France,2014,"07",2,,,,
France,2014,"07",2,,,,
France,2014,"07",3,,,,
France,2014,"07",3,,,,
France,2014,"08",3,,,,
France,2014,"08",3,,,,
France,2014,"08",4,,,,
France,2014,"08",3,,,,
France,2014,"08",2,,,,
France,2014,"09",20,,,,
France,2014,"09",5,,,,
France,2014,"09",10,,,,
France,2014,"09",17,,,,
France,2014,"10",26,,,,
France,2014,"10",26,,,,
France,2014,"10",25,,,,
France,2014,"10",23,,,,
France,2014,"11",32,,,,
France,2014,"11",25,,,,
France,2014,"11",24,,,,
France,2014,"11",38,,,,
France,2014,"11",58,,,,
France,2014,"12",173,,,,
France,2014,"12",113,,,,
France,2014,"12",250,,,,
France,2014,"12",78,,,,
France,2015,"01",164,,,,
France,2015,"01",470,,,,
France,2015,"01",191,,,,
France,2015,"01",1374,,,,
France,2015,"02",2333,,,,
France,2015,"02",2509,,,,
France,2015,"02",943,,,,
France,2015,"02",2191,,,,
France,2015,"03",58,,,,
France,2015,"03",102,,,,
France,2015,"03",43,,,,
France,2015,"03",30,,,,
France,2015,"03",247,,,,
France,2015,"04",15,,,,
France,2015,"04",9,,,,
France,2015,"04",26,,,,
France,2015,"04",7,,,,
France,2015,"05",6,,,,
France,2015,"05",6,,,,
France,2015,"05",5,,,,
France,2015,"05",5,,,,
France,2015,"05",6,,,,
France,2015,"06",5,,,,
France,2015,"06",2,,,,
France,2015,"06",4,,,,
France,2015,"06",1,,,,
France,2015,"07",1,,,,
France,2015,"07",1,,,,
France,2015,"07",2,,,,
France,2015,"07",1,,,,
France,2015,"08",2,,,,
France,2015,"08",1,,,,
Germany,2002,"12",,,,,
Germany,2003,"01",,,,,
Germany,2003,"01",,,,,
Germany,2003,"01",,,,,
Germany,2003,"01",,,,,
Germany,2003,"02",,,,,
Germany,2003,"02",,,,,
Germany,2003,"02",,,,,
Germany,2003,"02",,,,,
Germany,2003,"03",,,,,
Germany,2003,"03",,,,,
Germany,2003,"03",,,,,
Germany,2003,"03",,,,,
Germany,2003,"03",,,,,
Germany,2003,"04",,,,,
Germany,2003,"04",,,,,
Germany,2003,"04",,,,,
Germany,2003,"04",,,,,
Germany,2003,"05",,,,,
Germany,2003,"05",,,,,
Germany,2003,"05",,,,,
Germany,2003,"05",,,,,
Germany,2003,"06",,,,,
Germany,2003,"06",,,,,
Germany,2003,"06",,,,,
Germany,2003,"06",,,,,
Germany,2003,"06",,,,,
Germany,2003,"07",,,,,
Germany,2003,"07",,,,,
Germany,2003,"07",,,,,
Germany,2003,"07",,,,,
Germany,2003,"08",,,,,
Germany,2003,"08",,,,,
Germany,2003,"08",,,,,
Germany,2003,"08",,,,,
Germany,2003,"08",,,,,
Germany,2003,"09",,,,,
Germany,2003,"09",,,,,
Germany,2003,"09",,,,,
Germany,2003,"09",839,,,,
Germany,2003,"10",1210,,,,
Germany,2003,"10",1040,,,,
Germany,2003,"10",1310,,,,
Germany,2003,"10",1171,,,,
Germany,2003,"11",991,,,,
Germany,2003,"11",1071,,,,
Germany,2003,"11",1142,,,,
Germany,2003,"11",1103,,,,
Germany,2003,"11",1055,,,,
Germany,2003,"12",1287,,,,
Germany,2003,"12",950,,,,
Germany,2003,"12",1214,,,,
Germany,2003,"12",1124,,,,
Germany,2004,"01",1135,,,,
Germany,2004,"01",1190,,,,
Germany,2004,"01",1190,,,,
Germany,2004,"01",1291,,,,
Germany,2004,"02",1257,,,,
Germany,2004,"02",1196,,,,
Germany,2004,"02",1308,,,,
Germany,2004,"02",1145,,,,
Germany,2004,"02",1194,,,,
Germany,2004,"03",1047,,,,
Germany,2004,"03",938,,,,
Germany,2004,"03",1280,,,,
Germany,2004,"03",771,,,,
Germany,2004,"04",542,,,,
Germany,2004,"04",739,,,,
Germany,2004,"04",695,,,,
Germany,2004,"04",712,,,,
Germany,2004,"05",556,,,,
Germany,2004,"05",558,,,,
Germany,2004,"05",544,,,,
Germany,2004,"05",563,,,,
Germany,2004,"05",606,,,,
Germany,2004,"06",470,,,,
Germany,2004,"06",471,,,,
Germany,2004,"06",425,,,,
Germany,2004,"06",429,,,,
Germany,2004,"07",448,,,,
Germany,2004,"07",423,,,,
Germany,2004,"07",439,,,,
Germany,2004,"07",485,,,,
Germany,2004,"08",347,,,,
Germany,2004,"08",318,,,,
Germany,2004,"08",396,,,,
Germany,2004,"08",406,,,,
Germany,2004,"08",364,,,,
Germany,2004,"09",681,,,,
Germany,2004,"09",436,,,,
Germany,2004,"09",497,,,,
Germany,2004,"09",858,,,,
Germany,2004,"10",1030,,,,
Germany,2004,"10",1253,,,,
Germany,2004,"10",1327,,,,
Germany,2004,"10",1011,,,,
Germany,2004,"10",944,,,,
Germany,2004,"11",1162,,,,
Germany,2004,"11",1028,,,,
Germany,2004,"11",1118,,,,
Germany,2004,"11",1048,,,,
Germany,2004,"12",1132,,,,
Germany,2004,"12",1133,,,,
Germany,2004,"12",1288,,,,
Germany,2004,"12",1056,,,,
Germany,2005,"01",1124,,,,
Germany,2005,"01",1253,,,,
Germany,2005,"01",1417,,,,
Germany,2005,"01",1104,,,,
Germany,2005,"01",1032,,,,
Germany,2005,"02",2443,,,,
Germany,2005,"02",2025,,,,
Germany,2005,"02",2469,,,,
Germany,2005,"02",2005,,,,
Germany,2005,"03",988,,,,
Germany,2005,"03",1406,,,,
Germany,2005,"03",774,,,,
Germany,2005,"03",1799,,,,
Germany,2005,"04",657,,,,
Germany,2005,"04",651,,,,
Germany,2005,"04",646,,,,
Germany,2005,"04",607,,,,
Germany,2005,"05",596,,,,
Germany,2005,"05",711,,,,
Germany,2005,"05",522,,,,
Germany,2005,"05",671,,,,
Germany,2005,"05",570,,,,
Germany,2005,"06",486,,,,
Germany,2005,"06",415,,,,
Germany,2005,"06",399,,,,
Germany,2005,"06",529,,,,
Germany,2005,"07",497,,,,
Germany,2005,"07",400,,,,
Germany,2005,"07",396,,,,
Germany,2005,"07",407,,,,
Germany,2005,"07",442,,,,
Germany,2005,"08",505,,,,
Germany,2005,"08",503,,,,
Germany,2005,"08",536,,,,
Germany,2005,"08",536,,,,
Germany,2005,"09",587,,,,
Germany,2005,"09",538,,,,
Germany,2005,"09",787,,,,
Germany,2005,"09",916,,,,
Germany,2005,"10",1019,,,,
Germany,2005,"10",979,,,,
Germany,2005,"10",1082,,,,
Germany,2005,"10",1169,,,,
Germany,2005,"10",1075,,,,
Germany,2005,"11",1086,,,,
Germany,2005,"11",1220,,,,
Germany,2005,"11",1243,,,,
Germany,2005,"11",1211,,,,
Germany,2005,"12",1193,,,,
Germany,2005,"12",1249,,,,
Germany,2005,"12",1228,,,,
Germany,2005,"12",1212,,,,
Germany,2006,"01",1129,,,,
Germany,2006,"01",1289,,,,
Germany,2006,"01",1227,,,,
Germany,2006,"01",1180,,,,
Germany,2006,"01",1113,,,,
Germany,2006,"02",1175,,,,
Germany,2006,"02",1162,,,,
Germany,2006,"02",1162,,,,
Germany,2006,"02",1126,,,,
Germany,2006,"03",899,,,,
Germany,2006,"03",1129,,,,
Germany,2006,"03",1047,,,,
Germany,2006,"03",1043,,,,
Germany,2006,"04",604,,,,
Germany,2006,"04",729,,,,
Germany,2006,"04",542,,,,
Germany,2006,"04",665,,,,
Germany,2006,"04",836,,,,
Germany,2006,"05",541,,,,
Germany,2006,"05",573,,,,
Germany,2006,"05",497,,,,
Germany,2006,"05",508,,,,
Germany,2006,"06",418,,,,
Germany,2006,"06",508,,,,
Germany,2006,"06",367,,,,
Germany,2006,"06",603,,,,
Germany,2006,"07",338,,,,
Germany,2006,"07",332,,,,
Germany,2006,"07",313,,,,
Germany,2006,"07",329,,,,
Germany,2006,"07",344,,,,
Germany,2006,"08",387,,,,
Germany,2006,"08",502,,,,
Germany,2006,"08",443,,,,
Germany,2006,"08",595,,,,
Germany,2006,"09",615,,,,
Germany,2006,"09",677,,,,
Germany,2006,"09",675,,,,
Germany,2006,"09",644,,,,
Germany,2006,"10",975,,,,
Germany,2006,"10",918,,,,
Germany,2006,"10",729,,,,
Germany,2006,"10",855,,,,
Germany,2006,"10",883,,,,
Germany,2006,"11",1037,,,,
Germany,2006,"11",985,,,,
Germany,2006,"11",1044,,,,
Germany,2006,"11",1044,,,,
Germany,2006,"12",1046,,,,
Germany,2006,"12",1006,,,,
Germany,2006,"12",1036,,,,
Germany,2006,"12",1022,,,,
Germany,2006,"12",1106,,,,
Germany,2007,"01",910,,,,
Germany,2007,"01",1030,,,,
Germany,2007,"01",1014,,,,
Germany,2007,"01",1139,,,,
Germany,2007,"02",1615,,,,
Germany,2007,"02",1922,,,,
Germany,2007,"02",1982,,,,
Germany,2007,"02",1381,,,,
Germany,2007,"03",1110,,,,
Germany,2007,"03",1592,,,,
Germany,2007,"03",960,,,,
Germany,2007,"03",1258,,,,
Germany,2007,"04",747,,,,
Germany,2007,"04",648,,,,
Germany,2007,"04",799,,,,
Germany,2007,"04",560,,,,
Germany,2007,"04",468,,,,
Germany,2007,"05",524,,,,
Germany,2007,"05",520,,,,
Germany,2007,"05",486,,,,
Germany,2007,"05",503,,,,
Germany,2007,"06",436,,,,
Germany,2007,"06",438,,,,
Germany,2007,"06",408,,,,
Germany,2007,"06",415,,,,
Germany,2007,"07",461,,,,
Germany,2007,"07",476,,,,
Germany,2007,"07",446,,,,
Germany,2007,"07",422,,,,
Germany,2007,"07",542,,,,
Germany,2007,"08",385,,,,
Germany,2007,"08",490,,,,
Germany,2007,"08",387,,,,
Germany,2007,"08",429,,,,
Germany,2007,"09",602,,,,
Germany,2007,"09",872,,,,
Germany,2007,"09",717,,,,
Germany,2007,"09",865,,,,
Germany,2007,"09",861,,,,
Germany,2007,"10",978,,,,
Germany,2007,"10",1061,,,,
Germany,2007,"10",1016,,,,
Germany,2007,"10",1039,,,,
Germany,2007,"11",1111,,,,
Germany,2007,"11",1156,,,,
Germany,2007,"11",1166,,,,
Germany,2007,"11",1110,,,,
Germany,2007,"12",1297,,,,
Germany,2007,"12",1163,,,,
Germany,2007,"12",1064,,,,
Germany,2007,"12",1132,,,,
Germany,2007,"12",1113,,,,
Germany,2008,"01",1131,,,,
Germany,2008,"01",1121,,,,
Germany,2008,"01",1179,,,,
Germany,2008,"01",1267,,,,
Germany,2008,"02",1461,,,,
Germany,2008,"02",1599,,,,
Germany,2008,"02",1366,,,,
Germany,2008,"02",1594,,,,
Germany,2008,"03",1142,,,,
Germany,2008,"03",762,,,,
Germany,2008,"03",1053,,,,
Germany,2008,"03",885,,,,
Germany,2008,"03",860,,,,
Germany,2008,"04",734,,,,
Germany,2008,"04",664,,,,
Germany,2008,"04",751,,,,
Germany,2008,"04",708,,,,
Germany,2008,"05",585,,,,
Germany,2008,"05",465,,,,
Germany,2008,"05",464,,,,
Germany,2008,"05",425,,,,
Germany,2008,"06",444,,,,
Germany,2008,"06",392,,,,
Germany,2008,"06",410,,,,
Germany,2008,"06",439,,,,
Germany,2008,"06",433,,,,
Germany,2008,"07",421,,,,
Germany,2008,"07",433,,,,
Germany,2008,"07",436,,,,
Germany,2008,"07",352,,,,
Germany,2008,"08",356,,,,
Germany,2008,"08",365,,,,
Germany,2008,"08",424,,,,
Germany,2008,"08",519,,,,
Germany,2008,"08",348,,,,
Germany,2008,"09",922,,,,
Germany,2008,"09",620,,,,
Germany,2008,"09",915,,,,
Germany,2008,"09",816,,,,
Germany,2008,"10",942,,,,
Germany,2008,"10",955,,,,
Germany,2008,"10",1021,,,,
Germany,2008,"10",891,,,,
Germany,2008,"11",955,,,,
Germany,2008,"11",1018,,,,
Germany,2008,"11",930,,,,
Germany,2008,"11",1031,,,,
Germany,2008,"11",1012,,,,
Germany,2008,"12",1685,,,,
Germany,2008,"12",1401,,,,
Germany,2008,"12",1165,,,,
Germany,2008,"12",1315,,,,
Germany,2009,"01",1995,,,,
Germany,2009,"01",1856,,,,
Germany,2009,"01",1930,,,,
Germany,2009,"01",1862,,,,
Germany,2009,"02",1370,,,,
Germany,2009,"02",1864,,,,
Germany,2009,"02",1222,,,,
Germany,2009,"02",1603,,,,
Germany,2009,"03",1000,,,,
Germany,2009,"03",1142,,,,
Germany,2009,"03",739,,,,
Germany,2009,"03",838,,,,
Germany,2009,"03",882,,,,
Germany,2009,"04",516,,,,
Germany,2009,"04",611,,,,
Germany,2009,"04",557,,,,
Germany,2009,"04",539,,,,
Germany,2009,"05",460,,,,
Germany,2009,"05",431,,,,
Germany,2009,"05",476,,,,
Germany,2009,"05",533,,,,
Germany,2009,"05",530,,,,
Germany,2009,"06",426,,,,
Germany,2009,"06",409,,,,
Germany,2009,"06",443,,,,
Germany,2009,"06",352,,,,
Germany,2009,"07",414,,,,
Germany,2009,"07",358,,,,
Germany,2009,"07",447,,,,
Germany,2009,"07",370,,,,
Germany,2009,"08",368,,,,
Germany,2009,"08",381,,,,
Germany,2009,"08",390,,,,
Germany,2009,"08",389,,,,
Germany,2009,"08",449,,,,
Germany,2009,"09",564,,,,
Germany,2009,"09",661,,,,
Germany,2009,"09",697,,,,
Germany,2009,"09",805,,,,
Germany,2009,"10",915,,,,
Germany,2009,"10",1028,,,,
Germany,2009,"10",993,,,,
Germany,2009,"10",1099,,,,
Germany,2009,"11",1396,,,,
Germany,2009,"11",1568,,,,
Germany,2009,"11",1042,,,,
Germany,2009,"11",1687,,,,
Germany,2009,"11",1305,,,,
Germany,2009,"12",783,,,,
Germany,2009,"12",865,,,,
Germany,2009,"12",955,,,,
Germany,2009,"12",982,,,,
Germany,2010,"01",877,,,,
Germany,2010,"01",880,,,,
Germany,2010,"01",877,,,,
Germany,2010,"01",769,,,,
Germany,2010,"01",767,,,,
Germany,2010,"02",946,,,,
Germany,2010,"02",931,,,,
Germany,2010,"02",979,,,,
Germany,2010,"02",826,,,,
Germany,2010,"03",627,,,,
Germany,2010,"03",515,,,,
Germany,2010,"03",699,,,,
Germany,2010,"03",784,,,,
Germany,2010,"04",490,,,,
Germany,2010,"04",497,,,,
Germany,2010,"04",472,,,,
Germany,2010,"04",498,,,,
Germany,2010,"05",491,,,,
Germany,2010,"05",594,,,,
Germany,2010,"05",490,,,,
Germany,2010,"05",508,,,,
Germany,2010,"05",424,,,,
Germany,2010,"06",306,,,,
Germany,2010,"06",365,,,,
Germany,2010,"06",346,,,,
Germany,2010,"06",354,,,,
Germany,2010,"07",305,,,,
Germany,2010,"07",281,,,,
Germany,2010,"07",282,,,,
Germany,2010,"07",254,,,,
Germany,2010,"08",335,,,,
Germany,2010,"08",316,,,,
Germany,2010,"08",385,,,,
Germany,2010,"08",432,,,,
Germany,2010,"08",557,,,,
Germany,2010,"09",896,,,,
Germany,2010,"09",745,,,,
Germany,2010,"09",835,,,,
Germany,2010,"09",938,,,,
Germany,2010,"10",729,,,,
Germany,2010,"10",791,,,,
Germany,2010,"10",927,,,,
Germany,2010,"10",916,,,,
Germany,2010,"10",831,,,,
Germany,2010,"11",807,,,,
Germany,2010,"11",824,,,,
Germany,2010,"11",744,,,,
Germany,2010,"11",771,,,,
Germany,2010,"12",895,,,,
Germany,2010,"12",1076,,,,
Germany,2010,"12",896,,,,
Germany,2010,"12",920,,,,
Germany,2011,"01",1469,,,,
Germany,2011,"01",1148,,,,
Germany,2011,"01",1261,,,,
Germany,2011,"01",1218,,,,
Germany,2011,"01",1099,,,,
Germany,2011,"02",1095,,,,
Germany,2011,"02",1037,,,,
Germany,2011,"02",1429,,,,
Germany,2011,"02",1244,,,,
Germany,2011,"03",687,,,,
Germany,2011,"03",1003,,,,
Germany,2011,"03",798,,,,
Germany,2011,"03",967,,,,
Germany,2011,"04",625,,,,
Germany,2011,"04",596,,,,
Germany,2011,"04",465,,,,
Germany,2011,"04",398,,,,
Germany,2011,"05",284,,,,
Germany,2011,"05",327,,,,
Germany,2011,"05",383,,,,
Germany,2011,"05",328,,,,
Germany,2011,"05",321,,,,
Germany,2011,"06",287,,,,
Germany,2011,"06",265,,,,
Germany,2011,"06",272,,,,
Germany,2011,"06",269,,,,
Germany,2011,"07",295,,,,
Germany,2011,"07",280,,,,
Germany,2011,"07",286,,,,
Germany,2011,"07",282,,,,
Germany,2011,"07",298,,,,
Germany,2011,"08",316,,,,
Germany,2011,"08",256,,,,
Germany,2011,"08",263,,,,
Germany,2011,"08",297,,,,
Germany,2011,"09",506,,,,
Germany,2011,"09",599,,,,
Germany,2011,"09",352,,,,
Germany,2011,"09",396,,,,
Germany,2011,"10",817,,,,
Germany,2011,"10",726,,,,
Germany,2011,"10",806,,,,
Germany,2011,"10",611,,,,
Germany,2011,"10",753,,,,
Germany,2011,"11",929,,,,
Germany,2011,"11",866,,,,
Germany,2011,"11",921,,,,
Germany,2011,"11",909,,,,
Germany,2011,"12",933,,,,
Germany,2011,"12",924,,,,
Germany,2011,"12",914,,,,
Germany,2011,"12",920,,,,
Germany,2012,"01",739,,,,
Germany,2012,"01",767,,,,
Germany,2012,"01",892,,,,
Germany,2012,"01",815,,,,
Germany,2012,"01",862,,,,
Germany,2012,"02",1028,,,,
Germany,2012,"02",1144,,,,
Germany,2012,"02",956,,,,
Germany,2012,"02",1123,,,,
Germany,2012,"03",957,,,,
Germany,2012,"03",693,,,,
Germany,2012,"03",840,,,,
Germany,2012,"03",1008,,,,
Germany,2012,"04",527,,,,
Germany,2012,"04",434,,,,
Germany,2012,"04",586,,,,
Germany,2012,"04",574,,,,
Germany,2012,"04",579,,,,
Germany,2012,"05",407,,,,
Germany,2012,"05",366,,,,
Germany,2012,"05",440,,,,
Germany,2012,"05",435,,,,
Germany,2012,"06",365,,,,
Germany,2012,"06",398,,,,
Germany,2012,"06",381,,,,
Germany,2012,"06",377,,,,
Germany,2012,"07",372,,,,
Germany,2012,"07",328,,,,
Germany,2012,"07",386,,,,
Germany,2012,"07",347,,,,
Germany,2012,"07",381,,,,
Germany,2012,"08",301,,,,
Germany,2012,"08",358,,,,
Germany,2012,"08",330,,,,
Germany,2012,"08",319,,,,
Germany,2012,"09",437,,,,
Germany,2012,"09",718,,,,
Germany,2012,"09",508,,,,
Germany,2012,"09",627,,,,
Germany,2012,"09",743,,,,
Germany,2012,"10",923,,,,
Germany,2012,"10",864,,,,
Germany,2012,"10",914,,,,
Germany,2012,"10",815,,,,
Germany,2012,"11",836,,,,
Germany,2012,"11",870,,,,
Germany,2012,"11",860,,,,
Germany,2012,"11",850,,,,
Germany,2012,"12",1187,,,,
Germany,2012,"12",1042,,,,
Germany,2012,"12",936,,,,
Germany,2012,"12",1157,,,,
Germany,2012,"12",872,,,,
Germany,2013,"01",1641,,,,
Germany,2013,"01",1015,,,,
Germany,2013,"01",1332,,,,
Germany,2013,"01",1033,,,,
Germany,2013,"02",1752,,,,
Germany,2013,"02",2063,,,,
Germany,2013,"02",2023,,,,
Germany,2013,"02",1876,,,,
Germany,2013,"03",1461,,,,
Germany,2013,"03",950,,,,
Germany,2013,"03",1104,,,,
Germany,2013,"03",1237,,,,
Germany,2013,"03",916,,,,
Germany,2013,"04",800,,,,
Germany,2013,"04",577,,,,
Germany,2013,"04",556,,,,
Germany,2013,"04",632,,,,
Germany,2013,"05",468,,,,
Germany,2013,"05",477,,,,
Germany,2013,"05",492,,,,
Germany,2013,"05",518,,,,
Germany,2013,"06",375,,,,
Germany,2013,"06",375,,,,
Germany,2013,"06",413,,,,
Germany,2013,"06",451,,,,
Germany,2013,"06",353,,,,
Germany,2013,"07",255,,,,
Germany,2013,"07",313,,,,
Germany,2013,"07",264,,,,
Germany,2013,"07",351,,,,
Germany,2013,"08",264,,,,
Germany,2013,"08",387,,,,
Germany,2013,"08",301,,,,
Germany,2013,"08",324,,,,
Germany,2013,"09",799,,,,
Germany,2013,"09",669,,,,
Germany,2013,"09",862,,,,
Germany,2013,"09",441,,,,
Germany,2013,"09",515,,,,
Germany,2013,"10",688,,,,
Germany,2013,"10",914,,,,
Germany,2013,"10",783,,,,
Germany,2013,"10",888,,,,
Germany,2013,"11",736,,,,
Germany,2013,"11",772,,,,
Germany,2013,"11",784,,,,
Germany,2013,"11",737,,,,
Germany,2013,"12",827,,,,
Germany,2013,"12",773,,,,
Germany,2013,"12",827,,,,
Germany,2013,"12",744,,,,
Germany,2013,"12",820,,,,
Germany,2014,"01",916,,,,
Germany,2014,"01",808,,,,
Germany,2014,"01",717,,,,
Germany,2014,"01",798,,,,
Germany,2014,"02",1149,,,,
Germany,2014,"02",1077,,,,
Germany,2014,"02",1108,,,,
Germany,2014,"02",1187,,,,
Germany,2014,"03",910,,,,
Germany,2014,"03",768,,,,
Germany,2014,"03",1138,,,,
Germany,2014,"03",824,,,,
Germany,2014,"03",1018,,,,
Germany,2014,"04",555,,,,
Germany,2014,"04",714,,,,
Germany,2014,"04",614,,,,
Germany,2014,"04",472,,,,
Germany,2014,"05",477,,,,
Germany,2014,"05",491,,,,
Germany,2014,"05",490,,,,
Germany,2014,"05",425,,,,
Germany,2014,"06",468,,,,
Germany,2014,"06",382,,,,
Germany,2014,"06",378,,,,
Germany,2014,"06",416,,,,
Germany,2014,"06",420,,,,
Germany,2014,"07",341,,,,
Germany,2014,"07",377,,,,
Germany,2014,"07",398,,,,
Germany,2014,"07",415,,,,
Germany,2014,"08",330,,,,
Germany,2014,"08",444,,,,
Germany,2014,"08",515,,,,
Germany,2014,"08",415,,,,
Germany,2014,"08",345,,,,
Germany,2014,"09",746,,,,
Germany,2014,"09",792,,,,
Germany,2014,"09",587,,,,
Germany,2014,"09",643,,,,
Germany,2014,"10",939,,,,
Germany,2014,"10",921,,,,
Germany,2014,"10",941,,,,
Germany,2014,"10",910,,,,
Germany,2014,"11",972,,,,
Germany,2014,"11",949,,,,
Germany,2014,"11",993,,,,
Germany,2014,"11",956,,,,
Germany,2014,"11",991,,,,
Germany,2014,"12",1069,,,,
Germany,2014,"12",1066,,,,
Germany,2014,"12",1093,,,,
Germany,2014,"12",1161,,,,
Germany,2015,"01",1179,,,,
Germany,2015,"01",1117,,,,
Germany,2015,"01",1029,,,,
Germany,2015,"01",1517,,,,
Germany,2015,"02",2344,,,,
Germany,2015,"02",2332,,,,
Germany,2015,"02",2557,,,,
Germany,2015,"02",1853,,,,
Germany,2015,"03",1448,,,,
Germany,2015,"03",1746,,,,
Germany,2015,"03",931,,,,
Germany,2015,"03",1085,,,,
Germany,2015,"03",796,,,,
Germany,2015,"04",542,,,,
Germany,2015,"04",774,,,,
Germany,2015,"04",579,,,,
Germany,2015,"04",661,,,,
Germany,2015,"05",467,,,,
Germany,2015,"05",456,,,,
Germany,2015,"05",438,,,,
Germany,2015,"05",523,,,,
Germany,2015,"05",501,,,,
Germany,2015,"06",366,,,,
Germany,2015,"06",434,,,,
Germany,2015,"06",424,,,,
Germany,2015,"06",414,,,,
Germany,2015,"07",345,,,,
Germany,2015,"07",332,,,,
Germany,2015,"07",337,,,,
Germany,2015,"07",349,,,,
Germany,2015,"08",298,,,,
Germany,2015,"08",279,,,,
Hungary,2002,"12",,,,,
Hungary,2003,"01",,,,,
Hungary,2003,"01",,,,,
Hungary,2003,"01",,,,,
Hungary,2003,"01",,,,,
Hungary,2003,"02",,,,,
Hungary,2003,"02",,,,,
Hungary,2003,"02",,,,,
Hungary,2003,"02",,,,,
Hungary,2003,"03",,,,,
Hungary,2003,"03",,,,,
Hungary,2003,"03",,,,,
Hungary,2003,"03",,,,,
Hungary,2003,"03",,,,,
Hungary,2003,"04",,,,,
Hungary,2003,"04",,,,,
Hungary,2003,"04",,,,,
Hungary,2003,"04",,,,,
Hungary,2003,"05",,,,,
Hungary,2003,"05",,,,,
Hungary,2003,"05",,,,,
Hungary,2003,"05",,,,,
Hungary,2003,"06",,,,,
Hungary,2003,"06",,,,,
Hungary,2003,"06",,,,,
Hungary,2003,"06",,,,,
Hungary,2003,"06",,,,,
Hungary,2003,"07",,,,,
Hungary,2003,"07",,,,,
Hungary,2003,"07",,,,,
Hungary,2003,"07",,,,,
Hungary,2003,"08",,,,,
Hungary,2003,"08",,,,,
Hungary,2003,"08",,,,,
Hungary,2003,"08",,,,,
Hungary,2003,"08",,,,,
Hungary,2003,"09",,,,,
Hungary,2003,"09",,,,,
Hungary,2003,"09",,,,,
Hungary,2003,"09",,,,,
Hungary,2003,"10",,,,,
Hungary,2003,"10",,,,,
Hungary,2003,"10",,,,,
Hungary,2003,"10",,,,,
Hungary,2003,"11",,,,,
Hungary,2003,"11",,,,,
Hungary,2003,"11",,,,,
Hungary,2003,"11",,,,,
Hungary,2003,"11",,,,,
Hungary,2003,"12",,,,,
Hungary,2003,"12",,,,,
Hungary,2003,"12",,,,,
Hungary,2003,"12",,,,,
Hungary,2004,"01",,,,,
Hungary,2004,"01",,,,,
Hungary,2004,"01",,,,,
Hungary,2004,"01",,,,,
Hungary,2004,"02",,,,,
Hungary,2004,"02",,,,,
Hungary,2004,"02",,,,,
Hungary,2004,"02",,,,,
Hungary,2004,"02",,,,,
Hungary,2004,"03",,,,,
Hungary,2004,"03",,,,,
Hungary,2004,"03",,,,,
Hungary,2004,"03",,,,,
Hungary,2004,"04",,,,,
Hungary,2004,"04",,,,,
Hungary,2004,"04",,,,,
Hungary,2004,"04",,,,,
Hungary,2004,"05",,,,,
Hungary,2004,"05",,,,,
Hungary,2004,"05",,,,,
Hungary,2004,"05",,,,,
Hungary,2004,"05",,,,,
Hungary,2004,"06",,,,,
Hungary,2004,"06",,,,,
Hungary,2004,"06",,,,,
Hungary,2004,"06",,,,,
Hungary,2004,"07",,,,,
Hungary,2004,"07",,,,,
Hungary,2004,"07",,,,,
Hungary,2004,"07",,,,,
Hungary,2004,"08",,,,,
Hungary,2004,"08",,,,,
Hungary,2004,"08",,,,,
Hungary,2004,"08",,,,,
Hungary,2004,"08",,,,,
Hungary,2004,"09",,,,,
Hungary,2004,"09",,,,,
Hungary,2004,"09",,,,,
Hungary,2004,"09",,,,,
Hungary,2004,"10",,,,,
Hungary,2004,"10",,,,,
Hungary,2004,"10",,,,,
Hungary,2004,"10",,,,,
Hungary,2004,"10",,,,,
Hungary,2004,"11",46,,,,
Hungary,2004,"11",49,,,,
Hungary,2004,"11",45,,,,
Hungary,2004,"11",,,,,
Hungary,2004,"12",52,,,,
Hungary,2004,"12",52,,,,
Hungary,2004,"12",59,,,,
Hungary,2004,"12",56,,,,
Hungary,2005,"01",61,,,,
Hungary,2005,"01",58,,,,
Hungary,2005,"01",60,,,,
Hungary,2005,"01",59,,,,
Hungary,2005,"01",61,,,,
Hungary,2005,"02",417,,,,
Hungary,2005,"02",78,,,,
Hungary,2005,"02",174,,,,
Hungary,2005,"02",62,,,,
Hungary,2005,"03",217,,,,
Hungary,2005,"03",402,,,,
Hungary,2005,"03",566,,,,
Hungary,2005,"03",296,,,,
Hungary,2005,"04",119,,,,
Hungary,2005,"04",91,,,,
Hungary,2005,"04",156,,,,
Hungary,2005,"04",77,,,,
Hungary,2005,"05",35,,,,
Hungary,2005,"05",39,,,,
Hungary,2005,"05",44,,,,
Hungary,2005,"05",53,,,,
Hungary,2005,"05",63,,,,
Hungary,2005,"06",29,,,,
Hungary,2005,"06",31,,,,
Hungary,2005,"06",32,,,,
Hungary,2005,"06",30,,,,
Hungary,2005,"07",29,,,,
Hungary,2005,"07",27,,,,
Hungary,2005,"07",27,,,,
Hungary,2005,"07",28,,,,
Hungary,2005,"07",29,,,,
Hungary,2005,"08",28,,,,
Hungary,2005,"08",28,,,,
Hungary,2005,"08",27,,,,
Hungary,2005,"08",28,,,,
Hungary,2005,"09",27,,,,
Hungary,2005,"09",34,,,,
Hungary,2005,"09",32,,,,
Hungary,2005,"09",29,,,,
Hungary,2005,"10",76,,,,
Hungary,2005,"10",70,,,,
Hungary,2005,"10",60,,,,
Hungary,2005,"10",44,,,,
Hungary,2005,"10",78,,,,
Hungary,2005,"11",55,,,,
Hungary,2005,"11",66,,,,
Hungary,2005,"11",52,,,,
Hungary,2005,"11",54,,,,
Hungary,2005,"12",60,,,,
Hungary,2005,"12",57,,,,
Hungary,2005,"12",59,,,,
Hungary,2005,"12",57,,,,
Hungary,2006,"01",60,,,,
Hungary,2006,"01",67,,,,
Hungary,2006,"01",60,,,,
Hungary,2006,"01",52,,,,
Hungary,2006,"01",61,,,,
Hungary,2006,"02",121,,,,
Hungary,2006,"02",75,,,,
Hungary,2006,"02",92,,,,
Hungary,2006,"02",61,,,,
Hungary,2006,"03",125,,,,
Hungary,2006,"03",131,,,,
Hungary,2006,"03",141,,,,
Hungary,2006,"03",128,,,,
Hungary,2006,"04",61,,,,
Hungary,2006,"04",52,,,,
Hungary,2006,"04",70,,,,
Hungary,2006,"04",85,,,,
Hungary,2006,"04",105,,,,
Hungary,2006,"05",45,,,,
Hungary,2006,"05",42,,,,
Hungary,2006,"05",39,,,,
Hungary,2006,"05",39,,,,
Hungary,2006,"06",42,,,,
Hungary,2006,"06",42,,,,
Hungary,2006,"06",43,,,,
Hungary,2006,"06",40,,,,
Hungary,2006,"07",39,,,,
Hungary,2006,"07",40,,,,
Hungary,2006,"07",42,,,,
Hungary,2006,"07",40,,,,
Hungary,2006,"07",39,,,,
Hungary,2006,"08",50,,,,
Hungary,2006,"08",42,,,,
Hungary,2006,"08",48,,,,
Hungary,2006,"08",49,,,,
Hungary,2006,"09",47,,,,
Hungary,2006,"09",43,,,,
Hungary,2006,"09",48,,,,
Hungary,2006,"09",44,,,,
Hungary,2006,"10",57,,,,
Hungary,2006,"10",47,,,,
Hungary,2006,"10",48,,,,
Hungary,2006,"10",45,,,,
Hungary,2006,"10",46,,,,
Hungary,2006,"11",54,,,,
Hungary,2006,"11",56,,,,
Hungary,2006,"11",65,,,,
Hungary,2006,"11",54,,,,
Hungary,2006,"12",63,,,,
Hungary,2006,"12",62,,,,
Hungary,2006,"12",108,,,,
Hungary,2006,"12",76,,,,
Hungary,2006,"12",64,,,,
Hungary,2007,"01",229,,,,
Hungary,2007,"01",190,,,,
Hungary,2007,"01",122,,,,
Hungary,2007,"01",158,,,,
Hungary,2007,"02",322,,,,
Hungary,2007,"02",167,,,,
Hungary,2007,"02",268,,,,
Hungary,2007,"02",229,,,,
Hungary,2007,"03",71,,,,
Hungary,2007,"03",60,,,,
Hungary,2007,"03",66,,,,
Hungary,2007,"03",100,,,,
Hungary,2007,"04",43,,,,
Hungary,2007,"04",50,,,,
Hungary,2007,"04",48,,,,
Hungary,2007,"04",52,,,,
Hungary,2007,"04",44,,,,
Hungary,2007,"05",43,,,,
Hungary,2007,"05",43,,,,
Hungary,2007,"05",45,,,,
Hungary,2007,"05",43,,,,
Hungary,2007,"06",45,,,,
Hungary,2007,"06",43,,,,
Hungary,2007,"06",47,,,,
Hungary,2007,"06",47,,,,
Hungary,2007,"07",36,,,,
Hungary,2007,"07",36,,,,
Hungary,2007,"07",38,,,,
Hungary,2007,"07",41,,,,
Hungary,2007,"07",35,,,,
Hungary,2007,"08",32,,,,
Hungary,2007,"08",34,,,,
Hungary,2007,"08",31,,,,
Hungary,2007,"08",33,,,,
Hungary,2007,"09",28,,,,
Hungary,2007,"09",63,,,,
Hungary,2007,"09",61,,,,
Hungary,2007,"09",33,,,,
Hungary,2007,"09",54,,,,
Hungary,2007,"10",50,,,,
Hungary,2007,"10",69,,,,
Hungary,2007,"10",52,,,,
Hungary,2007,"10",52,,,,
Hungary,2007,"11",45,,,,
Hungary,2007,"11",57,,,,
Hungary,2007,"11",40,,,,
Hungary,2007,"11",67,,,,
Hungary,2007,"12",221,,,,
Hungary,2007,"12",67,,,,
Hungary,2007,"12",80,,,,
Hungary,2007,"12",293,,,,
Hungary,2007,"12",120,,,,
Hungary,2008,"01",344,,,,
Hungary,2008,"01",595,,,,
Hungary,2008,"01",581,,,,
Hungary,2008,"01",493,,,,
Hungary,2008,"02",111,,,,
Hungary,2008,"02",196,,,,
Hungary,2008,"02",219,,,,
Hungary,2008,"02",332,,,,
Hungary,2008,"03",103,,,,
Hungary,2008,"03",113,,,,
Hungary,2008,"03",94,,,,
Hungary,2008,"03",104,,,,
Hungary,2008,"03",120,,,,
Hungary,2008,"04",50,,,,
Hungary,2008,"04",60,,,,
Hungary,2008,"04",83,,,,
Hungary,2008,"04",49,,,,
Hungary,2008,"05",48,,,,
Hungary,2008,"05",40,,,,
Hungary,2008,"05",43,,,,
Hungary,2008,"05",46,,,,
Hungary,2008,"06",43,,,,
Hungary,2008,"06",42,,,,
Hungary,2008,"06",39,,,,
Hungary,2008,"06",33,,,,
Hungary,2008,"06",37,,,,
Hungary,2008,"07",33,,,,
Hungary,2008,"07",36,,,,
Hungary,2008,"07",37,,,,
Hungary,2008,"07",37,,,,
Hungary,2008,"08",32,,,,
Hungary,2008,"08",32,,,,
Hungary,2008,"08",35,,,,
Hungary,2008,"08",32,,,,
Hungary,2008,"08",36,,,,
Hungary,2008,"09",70,,,,
Hungary,2008,"09",39,,,,
Hungary,2008,"09",57,,,,
Hungary,2008,"09",67,,,,
Hungary,2008,"10",65,,,,
Hungary,2008,"10",71,,,,
Hungary,2008,"10",61,,,,
Hungary,2008,"10",58,,,,
Hungary,2008,"11",65,,,,
Hungary,2008,"11",58,,,,
Hungary,2008,"11",51,,,,
Hungary,2008,"11",62,,,,
Hungary,2008,"11",74,,,,
Hungary,2008,"12",76,,,,
Hungary,2008,"12",72,,,,
Hungary,2008,"12",69,,,,
Hungary,2008,"12",87,,,,
Hungary,2009,"01",341,,,,
Hungary,2009,"01",218,,,,
Hungary,2009,"01",108,,,,
Hungary,2009,"01",95,,,,
Hungary,2009,"02",472,,,,
Hungary,2009,"02",412,,,,
Hungary,2009,"02",393,,,,
Hungary,2009,"02",473,,,,
Hungary,2009,"03",200,,,,
Hungary,2009,"03",214,,,,
Hungary,2009,"03",171,,,,
Hungary,2009,"03",349,,,,
Hungary,2009,"03",114,,,,
Hungary,2009,"04",55,,,,
Hungary,2009,"04",38,,,,
Hungary,2009,"04",79,,,,
Hungary,2009,"04",57,,,,
Hungary,2009,"05",40,,,,
Hungary,2009,"05",41,,,,
Hungary,2009,"05",43,,,,
Hungary,2009,"05",43,,,,
Hungary,2009,"05",63,,,,
Hungary,2009,"06",34,,,,
Hungary,2009,"06",34,,,,
Hungary,2009,"06",40,,,,
Hungary,2009,"06",40,,,,
Hungary,2009,"07",60,,,,
Hungary,2009,"07",38,,,,
Hungary,2009,"07",37,,,,
Hungary,2009,"07",55,,,,
Hungary,2009,"08",56,,,,
Hungary,2009,"08",49,,,,
Hungary,2009,"08",67,,,,
Hungary,2009,"08",51,,,,
Hungary,2009,"08",56,,,,
Hungary,2009,"09",112,,,,
Hungary,2009,"09",152,,,,
Hungary,2009,"09",130,,,,
Hungary,2009,"09",147,,,,
Hungary,2009,"10",97,,,,
Hungary,2009,"10",116,,,,
Hungary,2009,"10",97,,,,
Hungary,2009,"10",102,,,,
Hungary,2009,"11",233,,,,
Hungary,2009,"11",314,,,,
Hungary,2009,"11",356,,,,
Hungary,2009,"11",312,,,,
Hungary,2009,"11",167,,,,
Hungary,2009,"12",318,,,,
Hungary,2009,"12",229,,,,
Hungary,2009,"12",243,,,,
Hungary,2009,"12",152,,,,
Hungary,2010,"01",72,,,,
Hungary,2010,"01",100,,,,
Hungary,2010,"01",96,,,,
Hungary,2010,"01",91,,,,
Hungary,2010,"01",108,,,,
Hungary,2010,"02",46,,,,
Hungary,2010,"02",61,,,,
Hungary,2010,"02",68,,,,
Hungary,2010,"02",78,,,,
Hungary,2010,"03",54,,,,
Hungary,2010,"03",37,,,,
Hungary,2010,"03",53,,,,
Hungary,2010,"03",52,,,,
Hungary,2010,"04",32,,,,
Hungary,2010,"04",42,,,,
Hungary,2010,"04",31,,,,
Hungary,2010,"04",46,,,,
Hungary,2010,"05",50,,,,
Hungary,2010,"05",40,,,,
Hungary,2010,"05",43,,,,
Hungary,2010,"05",44,,,,
Hungary,2010,"05",42,,,,
Hungary,2010,"06",29,,,,
Hungary,2010,"06",37,,,,
Hungary,2010,"06",27,,,,
Hungary,2010,"06",31,,,,
Hungary,2010,"07",44,,,,
Hungary,2010,"07",36,,,,
Hungary,2010,"07",32,,,,
Hungary,2010,"07",40,,,,
Hungary,2010,"08",36,,,,
Hungary,2010,"08",33,,,,
Hungary,2010,"08",40,,,,
Hungary,2010,"08",33,,,,
Hungary,2010,"08",34,,,,
Hungary,2010,"09",65,,,,
Hungary,2010,"09",44,,,,
Hungary,2010,"09",71,,,,
Hungary,2010,"09",67,,,,
Hungary,2010,"10",56,,,,
Hungary,2010,"10",57,,,,
Hungary,2010,"10",50,,,,
Hungary,2010,"10",53,,,,
Hungary,2010,"10",45,,,,
Hungary,2010,"11",62,,,,
Hungary,2010,"11",55,,,,
Hungary,2010,"11",50,,,,
Hungary,2010,"11",52,,,,
Hungary,2010,"12",64,,,,
Hungary,2010,"12",68,,,,
Hungary,2010,"12",73,,,,
Hungary,2010,"12",84,,,,
Hungary,2011,"01",426,,,,
Hungary,2011,"01",130,,,,
Hungary,2011,"01",192,,,,
Hungary,2011,"01",103,,,,
Hungary,2011,"01",291,,,,
Hungary,2011,"02",182,,,,
Hungary,2011,"02",430,,,,
Hungary,2011,"02",316,,,,
Hungary,2011,"02",226,,,,
Hungary,2011,"03",81,,,,
Hungary,2011,"03",64,,,,
Hungary,2011,"03",113,,,,
Hungary,2011,"03",152,,,,
Hungary,2011,"04",49,,,,
Hungary,2011,"04",38,,,,
Hungary,2011,"04",49,,,,
Hungary,2011,"04",40,,,,
Hungary,2011,"05",28,,,,
Hungary,2011,"05",31,,,,
Hungary,2011,"05",29,,,,
Hungary,2011,"05",30,,,,
Hungary,2011,"05",31,,,,
Hungary,2011,"06",24,,,,
Hungary,2011,"06",23,,,,
Hungary,2011,"06",25,,,,
Hungary,2011,"06",26,,,,
Hungary,2011,"07",18,,,,
Hungary,2011,"07",21,,,,
Hungary,2011,"07",21,,,,
Hungary,2011,"07",20,,,,
Hungary,2011,"07",21,,,,
Hungary,2011,"08",29,,,,
Hungary,2011,"08",27,,,,
Hungary,2011,"08",20,,,,
Hungary,2011,"08",25,,,,
Hungary,2011,"09",43,,,,
Hungary,2011,"09",36,,,,
Hungary,2011,"09",43,,,,
Hungary,2011,"09",27,,,,
Hungary,2011,"10",47,,,,
Hungary,2011,"10",48,,,,
Hungary,2011,"10",52,,,,
Hungary,2011,"10",43,,,,
Hungary,2011,"10",48,,,,
Hungary,2011,"11",54,,,,
Hungary,2011,"11",47,,,,
Hungary,2011,"11",53,,,,
Hungary,2011,"11",66,,,,
Hungary,2011,"12",61,,,,
Hungary,2011,"12",50,,,,
Hungary,2011,"12",63,,,,
Hungary,2011,"12",47,,,,
Hungary,2012,"01",60,,,,
Hungary,2012,"01",75,,,,
Hungary,2012,"01",67,,,,
Hungary,2012,"01",60,,,,
Hungary,2012,"01",75,,,,
Hungary,2012,"02",85,,,,
Hungary,2012,"02",295,,,,
Hungary,2012,"02",155,,,,
Hungary,2012,"02",242,,,,
Hungary,2012,"03",167,,,,
Hungary,2012,"03",106,,,,
Hungary,2012,"03",286,,,,
Hungary,2012,"03",288,,,,
Hungary,2012,"04",42,,,,
Hungary,2012,"04",44,,,,
Hungary,2012,"04",74,,,,
Hungary,2012,"04",60,,,,
Hungary,2012,"04",49,,,,
Hungary,2012,"05",32,,,,
Hungary,2012,"05",31,,,,
Hungary,2012,"05",32,,,,
Hungary,2012,"05",33,,,,
Hungary,2012,"06",30,,,,
Hungary,2012,"06",29,,,,
Hungary,2012,"06",26,,,,
Hungary,2012,"06",29,,,,
Hungary,2012,"07",33,,,,
Hungary,2012,"07",28,,,,
Hungary,2012,"07",25,,,,
Hungary,2012,"07",27,,,,
Hungary,2012,"07",30,,,,
Hungary,2012,"08",25,,,,
Hungary,2012,"08",25,,,,
Hungary,2012,"08",24,,,,
Hungary,2012,"08",24,,,,
Hungary,2012,"09",24,,,,
Hungary,2012,"09",52,,,,
Hungary,2012,"09",48,,,,
Hungary,2012,"09",32,,,,
Hungary,2012,"09",57,,,,
Hungary,2012,"10",40,,,,
Hungary,2012,"10",38,,,,
Hungary,2012,"10",43,,,,
Hungary,2012,"10",36,,,,
Hungary,2012,"11",48,,,,
Hungary,2012,"11",36,,,,
Hungary,2012,"11",41,,,,
Hungary,2012,"11",46,,,,
Hungary,2012,"12",53,,,,
Hungary,2012,"12",60,,,,
Hungary,2012,"12",70,,,,
Hungary,2012,"12",52,,,,
Hungary,2012,"12",43,,,,
Hungary,2013,"01",128,,,,
Hungary,2013,"01",104,,,,
Hungary,2013,"01",169,,,,
Hungary,2013,"01",70,,,,
Hungary,2013,"02",417,,,,
Hungary,2013,"02",365,,,,
Hungary,2013,"02",336,,,,
Hungary,2013,"02",220,,,,
Hungary,2013,"03",89,,,,
Hungary,2013,"03",90,,,,
Hungary,2013,"03",254,,,,
Hungary,2013,"03",166,,,,
Hungary,2013,"03",103,,,,
Hungary,2013,"04",62,,,,
Hungary,2013,"04",54,,,,
Hungary,2013,"04",46,,,,
Hungary,2013,"04",39,,,,
Hungary,2013,"05",34,,,,
Hungary,2013,"05",29,,,,
Hungary,2013,"05",32,,,,
Hungary,2013,"05",33,,,,
Hungary,2013,"06",26,,,,
Hungary,2013,"06",34,,,,
Hungary,2013,"06",34,,,,
Hungary,2013,"06",30,,,,
Hungary,2013,"06",40,,,,
Hungary,2013,"07",32,,,,
Hungary,2013,"07",27,,,,
Hungary,2013,"07",26,,,,
Hungary,2013,"07",29,,,,
Hungary,2013,"08",29,,,,
Hungary,2013,"08",34,,,,
Hungary,2013,"08",29,,,,
Hungary,2013,"08",28,,,,
Hungary,2013,"09",33,,,,
Hungary,2013,"09",54,,,,
Hungary,2013,"09",65,,,,
Hungary,2013,"09",59,,,,
Hungary,2013,"09",41,,,,
Hungary,2013,"10",52,,,,
Hungary,2013,"10",49,,,,
Hungary,2013,"10",53,,,,
Hungary,2013,"10",46,,,,
Hungary,2013,"11",54,,,,
Hungary,2013,"11",60,,,,
Hungary,2013,"11",43,,,,
Hungary,2013,"11",61,,,,
Hungary,2013,"12",69,,,,
Hungary,2013,"12",59,,,,
Hungary,2013,"12",67,,,,
Hungary,2013,"12",52,,,,
Hungary,2013,"12",69,,,,
Hungary,2014,"01",60,,,,
Hungary,2014,"01",76,,,,
Hungary,2014,"01",87,,,,
Hungary,2014,"01",106,,,,
Hungary,2014,"02",124,,,,
Hungary,2014,"02",293,,,,
Hungary,2014,"02",218,,,,
Hungary,2014,"02",305,,,,
Hungary,2014,"03",299,,,,
Hungary,2014,"03",138,,,,
Hungary,2014,"03",96,,,,
Hungary,2014,"03",76,,,,
Hungary,2014,"03",187,,,,
Hungary,2014,"04",42,,,,
Hungary,2014,"04",55,,,,
Hungary,2014,"04",64,,,,
Hungary,2014,"04",59,,,,
Hungary,2014,"05",41,,,,
Hungary,2014,"05",43,,,,
Hungary,2014,"05",42,,,,
Hungary,2014,"05",41,,,,
Hungary,2014,"06",43,,,,
Hungary,2014,"06",35,,,,
Hungary,2014,"06",40,,,,
Hungary,2014,"06",32,,,,
Hungary,2014,"06",33,,,,
Hungary,2014,"07",27,,,,
Hungary,2014,"07",30,,,,
Hungary,2014,"07",24,,,,
Hungary,2014,"07",26,,,,
Hungary,2014,"08",32,,,,
Hungary,2014,"08",35,,,,
Hungary,2014,"08",28,,,,
Hungary,2014,"08",24,,,,
Hungary,2014,"08",32,,,,
Hungary,2014,"09",64,,,,
Hungary,2014,"09",40,,,,
Hungary,2014,"09",70,,,,
Hungary,2014,"09",60,,,,
Hungary,2014,"10",63,,,,
Hungary,2014,"10",58,,,,
Hungary,2014,"10",58,,,,
Hungary,2014,"10",58,,,,
Hungary,2014,"11",62,,,,
Hungary,2014,"11",58,,,,
Hungary,2014,"11",66,,,,
Hungary,2014,"11",61,,,,
Hungary,2014,"11",65,,,,
Hungary,2014,"12",87,,,,
Hungary,2014,"12",83,,,,
Hungary,2014,"12",67,,,,
Hungary,2014,"12",81,,,,
Hungary,2015,"01",538,,,,
Hungary,2015,"01",108,,,,
Hungary,2015,"01",164,,,,
Hungary,2015,"01",347,,,,
Hungary,2015,"02",600,,,,
Hungary,2015,"02",960,,,,
Hungary,2015,"02",830,,,,
Hungary,2015,"02",1121,,,,
Hungary,2015,"03",111,,,,
Hungary,2015,"03",174,,,,
Hungary,2015,"03",78,,,,
Hungary,2015,"03",308,,,,
Hungary,2015,"03",133,,,,
Hungary,2015,"04",57,,,,
Hungary,2015,"04",47,,,,
Hungary,2015,"04",56,,,,
Hungary,2015,"04",74,,,,
Hungary,2015,"05",31,,,,
Hungary,2015,"05",30,,,,
Hungary,2015,"05",34,,,,
Hungary,2015,"05",29,,,,
Hungary,2015,"05",29,,,,
Hungary,2015,"06",26,,,,
Hungary,2015,"06",26,,,,
Hungary,2015,"06",25,,,,
Hungary,2015,"06",22,,,,
Hungary,2015,"07",25,,,,
Hungary,2015,"07",22,,,,
Hungary,2015,"07",23,,,,
Hungary,2015,"07",25,,,,
Hungary,2015,"08",23,,,,
Hungary,2015,"08",22,,,,
Japan,2002,"12",,,,,
Japan,2003,"01",,,,,
Japan,2003,"01",,,,,
Japan,2003,"01",,,,,
Japan,2003,"01",,,,,
Japan,2003,"02",,,,,
Japan,2003,"02",,,,,
Japan,2003,"02",,,,,
Japan,2003,"02",,,,,
Japan,2003,"03",,,,,
Japan,2003,"03",,,,,
Japan,2003,"03",,,,,
Japan,2003,"03",,,,,
Japan,2003,"03",,,,,
Japan,2003,"04",,,,,
Japan,2003,"04",,,,,
Japan,2003,"04",,,,,
Japan,2003,"04",,,,,
Japan,2003,"05",,,,,
Japan,2003,"05",,,,,
Japan,2003,"05",,,,,
Japan,2003,"05",,,,,
Japan,2003,"06",,,,,
Japan,2003,"06",,,,,
Japan,2003,"06",,,,,
Japan,2003,"06",,,,,
Japan,2003,"06",,,,,
Japan,2003,"07",,,,,
Japan,2003,"07",,,,,
Japan,2003,"07",,,,,
Japan,2003,"07",,,,,
Japan,2003,"08",,,,,
Japan,2003,"08",,,,,
Japan,2003,"08",,,,,
Japan,2003,"08",,,,,
Japan,2003,"08",,,,,
Japan,2003,"09",,,,,
Japan,2003,"09",,,,,
Japan,2003,"09",,,,,
Japan,2003,"09",,,,,
Japan,2003,"10",,,,,
Japan,2003,"10",,,,,
Japan,2003,"10",,,,,
Japan,2003,"10",9,,,,
Japan,2003,"11",17,,,,
Japan,2003,"11",33,,,,
Japan,2003,"11",25,,,,
Japan,2003,"11",22,,,,
Japan,2003,"11",14,,,,
Japan,2003,"12",101,,,,
Japan,2003,"12",72,,,,
Japan,2003,"12",118,,,,
Japan,2003,"12",47,,,,
Japan,2004,"01",452,,,,
Japan,2004,"01",171,,,,
Japan,2004,"01",695,,,,
Japan,2004,"01",279,,,,
Japan,2004,"02",91,,,,
Japan,2004,"02",537,,,,
Japan,2004,"02",337,,,,
Japan,2004,"02",182,,,,
Japan,2004,"02",708,,,,
Japan,2004,"03",29,,,,
Japan,2004,"03",56,,,,
Japan,2004,"03",13,,,,
Japan,2004,"03",20,,,,
Japan,2004,"04",10,,,,
Japan,2004,"04",5,,,,
Japan,2004,"04",7,,,,
Japan,2004,"04",8,,,,
Japan,2004,"05",5,,,,
Japan,2004,"05",3,,,,
Japan,2004,"05",3,,,,
Japan,2004,"05",4,,,,
Japan,2004,"05",2,,,,
Japan,2004,"06",2,,,,
Japan,2004,"06",2,,,,
Japan,2004,"06",2,,,,
Japan,2004,"06",2,,,,
Japan,2004,"07",2,,,,
Japan,2004,"07",2,,,,
Japan,2004,"07",2,,,,
Japan,2004,"07",2,,,,
Japan,2004,"08",1,,,,
Japan,2004,"08",1,,,,
Japan,2004,"08",1,,,,
Japan,2004,"08",1,,,,
Japan,2004,"08",1,,,,
Japan,2004,"09",2,,,,
Japan,2004,"09",3,,,,
Japan,2004,"09",2,,,,
Japan,2004,"09",1,,,,
Japan,2004,"10",3,,,,
Japan,2004,"10",4,,,,
Japan,2004,"10",7,,,,
Japan,2004,"10",20,,,,
Japan,2004,"10",14,,,,
Japan,2004,"11",30,,,,
Japan,2004,"11",36,,,,
Japan,2004,"11",31,,,,
Japan,2004,"11",35,,,,
Japan,2004,"12",42,,,,
Japan,2004,"12",41,,,,
Japan,2004,"12",43,,,,
Japan,2004,"12",49,,,,
Japan,2005,"01",417,,,,
Japan,2005,"01",42,,,,
Japan,2005,"01",46,,,,
Japan,2005,"01",78,,,,
Japan,2005,"01",178,,,,
Japan,2005,"02",1202,,,,
Japan,2005,"02",1451,,,,
Japan,2005,"02",856,,,,
Japan,2005,"02",1526,,,,
Japan,2005,"03",207,,,,
Japan,2005,"03",413,,,,
Japan,2005,"03",737,,,,
Japan,2005,"03",1164,,,,
Japan,2005,"04",111,,,,
Japan,2005,"04",55,,,,
Japan,2005,"04",30,,,,
Japan,2005,"04",38,,,,
Japan,2005,"05",6,,,,
Japan,2005,"05",5,,,,
Japan,2005,"05",9,,,,
Japan,2005,"05",17,,,,
Japan,2005,"05",5,,,,
Japan,2005,"06",3,,,,
Japan,2005,"06",4,,,,
Japan,2005,"06",2,,,,
Japan,2005,"06",3,,,,
Japan,2005,"07",2,,,,
Japan,2005,"07",2,,,,
Japan,2005,"07",2,,,,
Japan,2005,"07",2,,,,
Japan,2005,"07",2,,,,
Japan,2005,"08",2,,,,
Japan,2005,"08",2,,,,
Japan,2005,"08",2,,,,
Japan,2005,"08",1,,,,
Japan,2005,"09",2,,,,
Japan,2005,"09",1,,,,
Japan,2005,"09",2,,,,
Japan,2005,"09",1,,,,
Japan,2005,"10",6,,,,
Japan,2005,"10",20,,,,
Japan,2005,"10",4,,,,
Japan,2005,"10",11,,,,
Japan,2005,"10",3,,,,
Japan,2005,"11",31,,,,
Japan,2005,"11",66,,,,
Japan,2005,"11",73,,,,
Japan,2005,"11",66,,,,
Japan,2005,"12",94,,,,
Japan,2005,"12",258,,,,
Japan,2005,"12",141,,,,
Japan,2005,"12",79,,,,
Japan,2006,"01",310,,,,
Japan,2006,"01",1070,,,,
Japan,2006,"01",953,,,,
Japan,2006,"01",658,,,,
Japan,2006,"01",431,,,,
Japan,2006,"02",156,,,,
Japan,2006,"02",546,,,,
Japan,2006,"02",806,,,,
Japan,2006,"02",327,,,,
Japan,2006,"03",54,,,,
Japan,2006,"03",20,,,,
Japan,2006,"03",34,,,,
Japan,2006,"03",100,,,,
Japan,2006,"04",11,,,,
Japan,2006,"04",8,,,,
Japan,2006,"04",8,,,,
Japan,2006,"04",7,,,,
Japan,2006,"04",7,,,,
Japan,2006,"05",6,,,,
Japan,2006,"05",7,,,,
Japan,2006,"05",6,,,,
Japan,2006,"05",6,,,,
Japan,2006,"06",13,,,,
Japan,2006,"06",9,,,,
Japan,2006,"06",6,,,,
Japan,2006,"06",7,,,,
Japan,2006,"07",5,,,,
Japan,2006,"07",3,,,,
Japan,2006,"07",3,,,,
Japan,2006,"07",3,,,,
Japan,2006,"07",5,,,,
Japan,2006,"08",2,,,,
Japan,2006,"08",1,,,,
Japan,2006,"08",2,,,,
Japan,2006,"08",2,,,,
Japan,2006,"09",3,,,,
Japan,2006,"09",2,,,,
Japan,2006,"09",3,,,,
Japan,2006,"09",1,,,,
Japan,2006,"10",6,,,,
Japan,2006,"10",9,,,,
Japan,2006,"10",13,,,,
Japan,2006,"10",4,,,,
Japan,2006,"10",4,,,,
Japan,2006,"11",41,,,,
Japan,2006,"11",37,,,,
Japan,2006,"11",20,,,,
Japan,2006,"11",29,,,,
Japan,2006,"12",37,,,,
Japan,2006,"12",26,,,,
Japan,2006,"12",41,,,,
Japan,2006,"12",26,,,,
Japan,2006,"12",30,,,,
Japan,2007,"01",38,,,,
Japan,2007,"01",26,,,,
Japan,2007,"01",62,,,,
Japan,2007,"01",114,,,,
Japan,2007,"02",332,,,,
Japan,2007,"02",478,,,,
Japan,2007,"02",210,,,,
Japan,2007,"02",655,,,,
Japan,2007,"03",684,,,,
Japan,2007,"03",748,,,,
Japan,2007,"03",750,,,,
Japan,2007,"03",884,,,,
Japan,2007,"04",320,,,,
Japan,2007,"04",195,,,,
Japan,2007,"04",93,,,,
Japan,2007,"04",52,,,,
Japan,2007,"04",117,,,,
Japan,2007,"05",7,,,,
Japan,2007,"05",14,,,,
Japan,2007,"05",8,,,,
Japan,2007,"05",23,,,,
Japan,2007,"06",5,,,,
Japan,2007,"06",3,,,,
Japan,2007,"06",4,,,,
Japan,2007,"06",3,,,,
Japan,2007,"07",2,,,,
Japan,2007,"07",2,,,,
Japan,2007,"07",2,,,,
Japan,2007,"07",2,,,,
Japan,2007,"07",2,,,,
Japan,2007,"08",2,,,,
Japan,2007,"08",2,,,,
Japan,2007,"08",2,,,,
Japan,2007,"08",2,,,,
Japan,2007,"09",4,,,,
Japan,2007,"09",2,,,,
Japan,2007,"09",2,,,,
Japan,2007,"09",3,,,,
Japan,2007,"09",2,,,,
Japan,2007,"10",6,,,,
Japan,2007,"10",13,,,,
Japan,2007,"10",9,,,,
Japan,2007,"10",22,,,,
Japan,2007,"11",65,,,,
Japan,2007,"11",98,,,,
Japan,2007,"11",131,,,,
Japan,2007,"11",34,,,,
Japan,2007,"12",401,,,,
Japan,2007,"12",225,,,,
Japan,2007,"12",246,,,,
Japan,2007,"12",281,,,,
Japan,2007,"12",338,,,,
Japan,2008,"01",498,,,,
Japan,2008,"01",426,,,,
Japan,2008,"01",283,,,,
Japan,2008,"01",351,,,,
Japan,2008,"02",292,,,,
Japan,2008,"02",402,,,,
Japan,2008,"02",234,,,,
Japan,2008,"02",182,,,,
Japan,2008,"03",34,,,,
Japan,2008,"03",64,,,,
Japan,2008,"03",19,,,,
Japan,2008,"03",141,,,,
Japan,2008,"03",99,,,,
Japan,2008,"04",15,,,,
Japan,2008,"04",12,,,,
Japan,2008,"04",11,,,,
Japan,2008,"04",14,,,,
Japan,2008,"05",7,,,,
Japan,2008,"05",6,,,,
Japan,2008,"05",5,,,,
Japan,2008,"05",4,,,,
Japan,2008,"06",2,,,,
Japan,2008,"06",3,,,,
Japan,2008,"06",4,,,,
Japan,2008,"06",2,,,,
Japan,2008,"06",3,,,,
Japan,2008,"07",2,,,,
Japan,2008,"07",2,,,,
Japan,2008,"07",2,,,,
Japan,2008,"07",2,,,,
Japan,2008,"08",2,,,,
Japan,2008,"08",2,,,,
Japan,2008,"08",2,,,,
Japan,2008,"08",2,,,,
Japan,2008,"08",1,,,,
Japan,2008,"09",2,,,,
Japan,2008,"09",5,,,,
Japan,2008,"09",3,,,,
Japan,2008,"09",2,,,,
Japan,2008,"10",12,,,,
Japan,2008,"10",7,,,,
Japan,2008,"10",17,,,,
Japan,2008,"10",9,,,,
Japan,2008,"11",71,,,,
Japan,2008,"11",119,,,,
Japan,2008,"11",36,,,,
Japan,2008,"11",23,,,,
Japan,2008,"11",61,,,,
Japan,2008,"12",308,,,,
Japan,2008,"12",414,,,,
Japan,2008,"12",183,,,,
Japan,2008,"12",397,,,,
Japan,2009,"01",739,,,,
Japan,2009,"01",477,,,,
Japan,2009,"01",1128,,,,
Japan,2009,"01",1376,,,,
Japan,2009,"02",1047,,,,
Japan,2009,"02",695,,,,
Japan,2009,"02",379,,,,
Japan,2009,"02",311,,,,
Japan,2009,"03",83,,,,
Japan,2009,"03",284,,,,
Japan,2009,"03",149,,,,
Japan,2009,"03",284,,,,
Japan,2009,"03",251,,,,
Japan,2009,"04",55,,,,
Japan,2009,"04",64,,,,
Japan,2009,"04",48,,,,
Japan,2009,"04",105,,,,
Japan,2009,"05",123,,,,
Japan,2009,"05",53,,,,
Japan,2009,"05",212,,,,
Japan,2009,"05",122,,,,
Japan,2009,"05",128,,,,
Japan,2009,"06",40,,,,
Japan,2009,"06",27,,,,
Japan,2009,"06",28,,,,
Japan,2009,"06",45,,,,
Japan,2009,"07",42,,,,
Japan,2009,"07",27,,,,
Japan,2009,"07",32,,,,
Japan,2009,"07",31,,,,
Japan,2009,"08",170,,,,
Japan,2009,"08",250,,,,
Japan,2009,"08",102,,,,
Japan,2009,"08",329,,,,
Japan,2009,"08",69,,,,
Japan,2009,"09",436,,,,
Japan,2009,"09",407,,,,
Japan,2009,"09",364,,,,
Japan,2009,"09",404,,,,
Japan,2009,"10",539,,,,
Japan,2009,"10",1137,,,,
Japan,2009,"10",950,,,,
Japan,2009,"10",795,,,,
Japan,2009,"11",1121,,,,
Japan,2009,"11",1076,,,,
Japan,2009,"11",919,,,,
Japan,2009,"11",1007,,,,
Japan,2009,"11",753,,,,
Japan,2009,"12",577,,,,
Japan,2009,"12",466,,,,
Japan,2009,"12",472,,,,
Japan,2009,"12",333,,,,
Japan,2010,"01",273,,,,
Japan,2010,"01",171,,,,
Japan,2010,"01",350,,,,
Japan,2010,"01",236,,,,
Japan,2010,"01",110,,,,
Japan,2010,"02",51,,,,
Japan,2010,"02",74,,,,
Japan,2010,"02",21,,,,
Japan,2010,"02",37,,,,
Japan,2010,"03",10,,,,
Japan,2010,"03",13,,,,
Japan,2010,"03",17,,,,
Japan,2010,"03",8,,,,
Japan,2010,"04",6,,,,
Japan,2010,"04",7,,,,
Japan,2010,"04",7,,,,
Japan,2010,"04",6,,,,
Japan,2010,"05",7,,,,
Japan,2010,"05",6,,,,
Japan,2010,"05",5,,,,
Japan,2010,"05",6,,,,
Japan,2010,"05",7,,,,
Japan,2010,"06",4,,,,
Japan,2010,"06",5,,,,
Japan,2010,"06",4,,,,
Japan,2010,"06",4,,,,
Japan,2010,"07",3,,,,
Japan,2010,"07",3,,,,
Japan,2010,"07",3,,,,
Japan,2010,"07",3,,,,
Japan,2010,"08",3,,,,
Japan,2010,"08",3,,,,
Japan,2010,"08",3,,,,
Japan,2010,"08",3,,,,
Japan,2010,"08",3,,,,
Japan,2010,"09",8,,,,
Japan,2010,"09",4,,,,
Japan,2010,"09",4,,,,
Japan,2010,"09",5,,,,
Japan,2010,"10",21,,,,
Japan,2010,"10",12,,,,
Japan,2010,"10",17,,,,
Japan,2010,"10",18,,,,
Japan,2010,"10",11,,,,
Japan,2010,"11",48,,,,
Japan,2010,"11",45,,,,
Japan,2010,"11",37,,,,
Japan,2010,"11",44,,,,
Japan,2010,"12",103,,,,
Japan,2010,"12",133,,,,
Japan,2010,"12",73,,,,
Japan,2010,"12",51,,,,
Japan,2011,"01",342,,,,
Japan,2011,"01",918,,,,
Japan,2011,"01",624,,,,
Japan,2011,"01",187,,,,
Japan,2011,"01",985,,,,
Japan,2011,"02",372,,,,
Japan,2011,"02",268,,,,
Japan,2011,"02",565,,,,
Japan,2011,"02",976,,,,
Japan,2011,"03",220,,,,
Japan,2011,"03",143,,,,
Japan,2011,"03",150,,,,
Japan,2011,"03",111,,,,
Japan,2011,"04",73,,,,
Japan,2011,"04",78,,,,
Japan,2011,"04",82,,,,
Japan,2011,"04",72,,,,
Japan,2011,"05",14,,,,
Japan,2011,"05",11,,,,
Japan,2011,"05",19,,,,
Japan,2011,"05",29,,,,
Japan,2011,"05",52,,,,
Japan,2011,"06",7,,,,
Japan,2011,"06",6,,,,
Japan,2011,"06",4,,,,
Japan,2011,"06",4,,,,
Japan,2011,"07",3,,,,
Japan,2011,"07",3,,,,
Japan,2011,"07",4,,,,
Japan,2011,"07",3,,,,
Japan,2011,"07",4,,,,
Japan,2011,"08",3,,,,
Japan,2011,"08",3,,,,
Japan,2011,"08",3,,,,
Japan,2011,"08",3,,,,
Japan,2011,"09",4,,,,
Japan,2011,"09",6,,,,
Japan,2011,"09",4,,,,
Japan,2011,"09",4,,,,
Japan,2011,"10",16,,,,
Japan,2011,"10",11,,,,
Japan,2011,"10",11,,,,
Japan,2011,"10",24,,,,
Japan,2011,"10",22,,,,
Japan,2011,"11",30,,,,
Japan,2011,"11",42,,,,
Japan,2011,"11",48,,,,
Japan,2011,"11",37,,,,
Japan,2011,"12",169,,,,
Japan,2011,"12",135,,,,
Japan,2011,"12",88,,,,
Japan,2011,"12",62,,,,
Japan,2012,"01",598,,,,
Japan,2012,"01",1654,,,,
Japan,2012,"01",1090,,,,
Japan,2012,"01",336,,,,
Japan,2012,"01",222,,,,
Japan,2012,"02",1351,,,,
Japan,2012,"02",1579,,,,
Japan,2012,"02",1821,,,,
Japan,2012,"02",2341,,,,
Japan,2012,"03",999,,,,
Japan,2012,"03",368,,,,
Japan,2012,"03",276,,,,
Japan,2012,"03",516,,,,
Japan,2012,"04",197,,,,
Japan,2012,"04",61,,,,
Japan,2012,"04",121,,,,
Japan,2012,"04",176,,,,
Japan,2012,"04",191,,,,
Japan,2012,"05",10,,,,
Japan,2012,"05",33,,,,
Japan,2012,"05",14,,,,
Japan,2012,"05",19,,,,
Japan,2012,"06",6,,,,
Japan,2012,"06",6,,,,
Japan,2012,"06",7,,,,
Japan,2012,"06",7,,,,
Japan,2012,"07",9,,,,
Japan,2012,"07",8,,,,
Japan,2012,"07",7,,,,
Japan,2012,"07",8,,,,
Japan,2012,"07",7,,,,
Japan,2012,"08",5,,,,
Japan,2012,"08",6,,,,
Japan,2012,"08",6,,,,
Japan,2012,"08",5,,,,
Japan,2012,"09",12,,,,
Japan,2012,"09",8,,,,
Japan,2012,"09",10,,,,
Japan,2012,"09",10,,,,
Japan,2012,"09",9,,,,
Japan,2012,"10",39,,,,
Japan,2012,"10",27,,,,
Japan,2012,"10",20,,,,
Japan,2012,"10",15,,,,
Japan,2012,"11",70,,,,
Japan,2012,"11",88,,,,
Japan,2012,"11",59,,,,
Japan,2012,"11",51,,,,
Japan,2012,"12",479,,,,
Japan,2012,"12",340,,,,
Japan,2012,"12",98,,,,
Japan,2012,"12",218,,,,
Japan,2012,"12",146,,,,
Japan,2013,"01",2182,,,,
Japan,2013,"01",5273,,,,
Japan,2013,"01",1342,,,,
Japan,2013,"01",3872,,,,
Japan,2013,"02",1659,,,,
Japan,2013,"02",1381,,,,
Japan,2013,"02",1122,,,,
Japan,2013,"02",3057,,,,
Japan,2013,"03",280,,,,
Japan,2013,"03",205,,,,
Japan,2013,"03",764,,,,
Japan,2013,"03",429,,,,
Japan,2013,"03",503,,,,
Japan,2013,"04",169,,,,
Japan,2013,"04",144,,,,
Japan,2013,"04",159,,,,
Japan,2013,"04",157,,,,
Japan,2013,"05",44,,,,
Japan,2013,"05",122,,,,
Japan,2013,"05",71,,,,
Japan,2013,"05",25,,,,
Japan,2013,"06",10,,,,
Japan,2013,"06",15,,,,
Japan,2013,"06",7,,,,
Japan,2013,"06",6,,,,
Japan,2013,"06",6,,,,
Japan,2013,"07",4,,,,
Japan,2013,"07",5,,,,
Japan,2013,"07",5,,,,
Japan,2013,"07",4,,,,
Japan,2013,"08",3,,,,
Japan,2013,"08",3,,,,
Japan,2013,"08",3,,,,
Japan,2013,"08",3,,,,
Japan,2013,"09",10,,,,
Japan,2013,"09",4,,,,
Japan,2013,"09",6,,,,
Japan,2013,"09",5,,,,
Japan,2013,"09",8,,,,
Japan,2013,"10",19,,,,
Japan,2013,"10",13,,,,
Japan,2013,"10",11,,,,
Japan,2013,"10",36,,,,
Japan,2013,"11",81,,,,
Japan,2013,"11",67,,,,
Japan,2013,"11",48,,,,
Japan,2013,"11",106,,,,
Japan,2013,"12",214,,,,
Japan,2013,"12",357,,,,
Japan,2013,"12",142,,,,
Japan,2013,"12",299,,,,
Japan,2013,"12",167,,,,
Japan,2014,"01",1444,,,,
Japan,2014,"01",791,,,,
Japan,2014,"01",3598,,,,
Japan,2014,"01",469,,,,
Japan,2014,"02",2246,,,,
Japan,2014,"02",3117,,,,
Japan,2014,"02",3099,,,,
Japan,2014,"02",3311,,,,
Japan,2014,"03",379,,,,
Japan,2014,"03",1267,,,,
Japan,2014,"03",2394,,,,
Japan,2014,"03",873,,,,
Japan,2014,"03",1634,,,,
Japan,2014,"04",239,,,,
Japan,2014,"04",128,,,,
Japan,2014,"04",228,,,,
Japan,2014,"04",195,,,,
Japan,2014,"05",32,,,,
Japan,2014,"05",73,,,,
Japan,2014,"05",18,,,,
Japan,2014,"05",47,,,,
Japan,2014,"06",7,,,,
Japan,2014,"06",14,,,,
Japan,2014,"06",7,,,,
Japan,2014,"06",9,,,,
Japan,2014,"06",12,,,,
Japan,2014,"07",6,,,,
Japan,2014,"07",6,,,,
Japan,2014,"07",6,,,,
Japan,2014,"07",6,,,,
Japan,2014,"08",5,,,,
Japan,2014,"08",6,,,,
Japan,2014,"08",5,,,,
Japan,2014,"08",6,,,,
Japan,2014,"08",6,,,,
Japan,2014,"09",10,,,,
Japan,2014,"09",9,,,,
Japan,2014,"09",7,,,,
Japan,2014,"09",12,,,,
Japan,2014,"10",14,,,,
Japan,2014,"10",24,,,,
Japan,2014,"10",34,,,,
Japan,2014,"10",18,,,,
Japan,2014,"11",67,,,,
Japan,2014,"11",338,,,,
Japan,2014,"11",186,,,,
Japan,2014,"11",111,,,,
Japan,2014,"11",47,,,,
Japan,2014,"12",570,,,,
Japan,2014,"12",2932,,,,
Japan,2014,"12",2522,,,,
Japan,2014,"12",1180,,,,
Japan,2015,"01",5249,,,,
Japan,2015,"01",4290,,,,
Japan,2015,"01",3585,,,,
Japan,2015,"01",5584,,,,
Japan,2015,"02",1345,,,,
Japan,2015,"02",511,,,,
Japan,2015,"02",2083,,,,
Japan,2015,"02",290,,,,
Japan,2015,"03",151,,,,
Japan,2015,"03",192,,,,
Japan,2015,"03",152,,,,
Japan,2015,"03",113,,,,
Japan,2015,"03",93,,,,
Japan,2015,"04",55,,,,
Japan,2015,"04",72,,,,
Japan,2015,"04",73,,,,
Japan,2015,"04",77,,,,
Japan,2015,"05",19,,,,
Japan,2015,"05",14,,,,
Japan,2015,"05",17,,,,
Japan,2015,"05",24,,,,
Japan,2015,"05",35,,,,
Japan,2015,"06",13,,,,
Japan,2015,"06",13,,,,
Japan,2015,"06",15,,,,
Japan,2015,"06",13,,,,
Japan,2015,"07",10,,,,
Japan,2015,"07",10,,,,
Japan,2015,"07",12,,,,
Japan,2015,"07",13,,,,
Japan,2015,"08",8,,,,
Japan,2015,"08",8,,,,
Mexico,2002,"12",,,19.3,74.9,Americas
Mexico,2003,"01",,0.052,18.2,74.9,Americas
Mexico,2003,"01",,0.052,18.2,74.9,Americas
Mexico,2003,"01",,0.052,18.2,74.9,Americas
Mexico,2003,"01",,0.052,18.2,74.9,Americas
Mexico,2003,"01",,0.048,18.2,74.9,Americas
Mexico,2003,"01",,0.048,18.2,74.9,Americas
Mexico,2003,"01",,0.048,18.2,74.9,Americas
Mexico,2003,"01",,0.048,18.2,74.9,Americas
Mexico,2003,"01",,0.071,18.2,74.9,Americas
Mexico,2003,"01",,0.071,18.2,74.9,Americas
Mexico,2003,"01",,0.071,18.2,74.9,Americas
Mexico,2003,"01",,0.071,18.2,74.9,Americas
Mexico,2003,"01",,,18.2,74.9,Americas
Mexico,2003,"01",,,18.2,74.9,Americas
Mexico,2003,"01",,,18.2,74.9,Americas
Mexico,2003,"01",,,18.2,74.9,Americas
Mexico,2003,"02",,0.049,18.2,74.9,Americas
Mexico,2003,"02",,0.049,18.2,74.9,Americas
Mexico,2003,"02",,0.049,18.2,74.9,Americas
Mexico,2003,"02",,0.049,18.2,74.9,Americas
Mexico,2003,"02",,0.041,18.2,74.9,Americas
Mexico,2003,"02",,0.041,18.2,74.9,Americas
Mexico,2003,"02",,0.041,18.2,74.9,Americas
Mexico,2003,"02",,0.041,18.2,74.9,Americas
Mexico,2003,"02",,0.054,18.2,74.9,Americas
Mexico,2003,"02",,0.054,18.2,74.9,Americas
Mexico,2003,"02",,0.054,18.2,74.9,Americas
Mexico,2003,"02",,0.054,18.2,74.9,Americas
Mexico,2003,"02",,0.042,18.2,74.9,Americas
Mexico,2003,"02",,0.042,18.2,74.9,Americas
Mexico,2003,"02",,0.042,18.2,74.9,Americas
Mexico,2003,"02",,0.042,18.2,74.9,Americas
Mexico,2003,"03",,0.076,18.2,74.9,Americas
Mexico,2003,"03",,0.076,18.2,74.9,Americas
Mexico,2003,"03",,0.076,18.2,74.9,Americas
Mexico,2003,"03",,0.076,18.2,74.9,Americas
Mexico,2003,"03",,0.076,18.2,74.9,Americas
Mexico,2003,"03",,0.096,18.2,74.9,Americas
Mexico,2003,"03",,0.096,18.2,74.9,Americas
Mexico,2003,"03",,0.096,18.2,74.9,Americas
Mexico,2003,"03",,0.096,18.2,74.9,Americas
Mexico,2003,"03",,0.096,18.2,74.9,Americas
Mexico,2003,"03",,0.073,18.2,74.9,Americas
Mexico,2003,"03",,0.073,18.2,74.9,Americas
Mexico,2003,"03",,0.073,18.2,74.9,Americas
Mexico,2003,"03",,0.073,18.2,74.9,Americas
Mexico,2003,"03",,0.073,18.2,74.9,Americas
Mexico,2003,"03",,0.075,18.2,74.9,Americas
Mexico,2003,"03",,0.075,18.2,74.9,Americas
Mexico,2003,"03",,0.075,18.2,74.9,Americas
Mexico,2003,"03",,0.075,18.2,74.9,Americas
Mexico,2003,"03",,0.075,18.2,74.9,Americas
Mexico,2003,"03",,0.064,18.2,74.9,Americas
Mexico,2003,"03",,0.064,18.2,74.9,Americas
Mexico,2003,"03",,0.064,18.2,74.9,Americas
Mexico,2003,"03",,0.064,18.2,74.9,Americas
Mexico,2003,"03",,0.064,18.2,74.9,Americas
Mexico,2003,"04",,0.068,18.2,74.9,Americas
Mexico,2003,"04",,0.068,18.2,74.9,Americas
Mexico,2003,"04",,0.068,18.2,74.9,Americas
Mexico,2003,"04",,0.068,18.2,74.9,Americas
Mexico,2003,"04",,0.056,18.2,74.9,Americas
Mexico,2003,"04",,0.056,18.2,74.9,Americas
Mexico,2003,"04",,0.056,18.2,74.9,Americas
Mexico,2003,"04",,0.056,18.2,74.9,Americas
Mexico,2003,"04",,0.072,18.2,74.9,Americas
Mexico,2003,"04",,0.072,18.2,74.9,Americas
Mexico,2003,"04",,0.072,18.2,74.9,Americas
Mexico,2003,"04",,0.072,18.2,74.9,Americas
Mexico,2003,"04",,0.055,18.2,74.9,Americas
Mexico,2003,"04",,0.055,18.2,74.9,Americas
Mexico,2003,"04",,0.055,18.2,74.9,Americas
Mexico,2003,"04",,0.055,18.2,74.9,Americas
Mexico,2003,"05",,0.071,18.2,74.9,Americas
Mexico,2003,"05",,0.071,18.2,74.9,Americas
Mexico,2003,"05",,0.071,18.2,74.9,Americas
Mexico,2003,"05",,0.071,18.2,74.9,Americas
Mexico,2003,"05",,0.074,18.2,74.9,Americas
Mexico,2003,"05",,0.074,18.2,74.9,Americas
Mexico,2003,"05",,0.074,18.2,74.9,Americas
Mexico,2003,"05",,0.074,18.2,74.9,Americas
Mexico,2003,"05",,0.069,18.2,74.9,Americas
Mexico,2003,"05",,0.069,18.2,74.9,Americas
Mexico,2003,"05",,0.069,18.2,74.9,Americas
Mexico,2003,"05",,0.069,18.2,74.9,Americas
Mexico,2003,"05",,0.06,18.2,74.9,Americas
Mexico,2003,"05",,0.06,18.2,74.9,Americas
Mexico,2003,"05",,0.06,18.2,74.9,Americas
Mexico,2003,"05",,0.06,18.2,74.9,Americas
Mexico,2003,"06",,0.071,18.2,74.9,Americas
Mexico,2003,"06",,0.071,18.2,74.9,Americas
Mexico,2003,"06",,0.071,18.2,74.9,Americas
Mexico,2003,"06",,0.071,18.2,74.9,Americas
Mexico,2003,"06",,0.071,18.2,74.9,Americas
Mexico,2003,"06",,0.074,18.2,74.9,Americas
Mexico,2003,"06",,0.074,18.2,74.9,Americas
Mexico,2003,"06",,0.074,18.2,74.9,Americas
Mexico,2003,"06",,0.074,18.2,74.9,Americas
Mexico,2003,"06",,0.074,18.2,74.9,Americas
Mexico,2003,"06",,0.088,18.2,74.9,Americas
Mexico,2003,"06",,0.088,18.2,74.9,Americas
Mexico,2003,"06",,0.088,18.2,74.9,Americas
Mexico,2003,"06",,0.088,18.2,74.9,Americas
Mexico,2003,"06",,0.088,18.2,74.9,Americas
Mexico,2003,"06",,0.056,18.2,74.9,Americas
Mexico,2003,"06",,0.056,18.2,74.9,Americas
Mexico,2003,"06",,0.056,18.2,74.9,Americas
Mexico,2003,"06",,0.056,18.2,74.9,Americas
Mexico,2003,"06",,0.056,18.2,74.9,Americas
Mexico,2003,"06",,0.079,18.2,74.9,Americas
Mexico,2003,"06",,0.079,18.2,74.9,Americas
Mexico,2003,"06",,0.079,18.2,74.9,Americas
Mexico,2003,"06",,0.079,18.2,74.9,Americas
Mexico,2003,"06",,0.079,18.2,74.9,Americas
Mexico,2003,"07",,0.086,18.2,74.9,Americas
Mexico,2003,"07",,0.086,18.2,74.9,Americas
Mexico,2003,"07",,0.086,18.2,74.9,Americas
Mexico,2003,"07",,0.086,18.2,74.9,Americas
Mexico,2003,"07",,0.072,18.2,74.9,Americas
Mexico,2003,"07",,0.072,18.2,74.9,Americas
Mexico,2003,"07",,0.072,18.2,74.9,Americas
Mexico,2003,"07",,0.072,18.2,74.9,Americas
Mexico,2003,"07",,0.068,18.2,74.9,Americas
Mexico,2003,"07",,0.068,18.2,74.9,Americas
Mexico,2003,"07",,0.068,18.2,74.9,Americas
Mexico,2003,"07",,0.068,18.2,74.9,Americas
Mexico,2003,"07",,0.065,18.2,74.9,Americas
Mexico,2003,"07",,0.065,18.2,74.9,Americas
Mexico,2003,"07",,0.065,18.2,74.9,Americas
Mexico,2003,"07",,0.065,18.2,74.9,Americas
Mexico,2003,"08",,0.084,18.2,74.9,Americas
Mexico,2003,"08",,0.084,18.2,74.9,Americas
Mexico,2003,"08",,0.084,18.2,74.9,Americas
Mexico,2003,"08",,0.084,18.2,74.9,Americas
Mexico,2003,"08",,0.084,18.2,74.9,Americas
Mexico,2003,"08",,0.095,18.2,74.9,Americas
Mexico,2003,"08",,0.095,18.2,74.9,Americas
Mexico,2003,"08",,0.095,18.2,74.9,Americas
Mexico,2003,"08",,0.095,18.2,74.9,Americas
Mexico,2003,"08",,0.095,18.2,74.9,Americas
Mexico,2003,"08",,0.092,18.2,74.9,Americas
Mexico,2003,"08",,0.092,18.2,74.9,Americas
Mexico,2003,"08",,0.092,18.2,74.9,Americas
Mexico,2003,"08",,0.092,18.2,74.9,Americas
Mexico,2003,"08",,0.092,18.2,74.9,Americas
Mexico,2003,"08",,0.089,18.2,74.9,Americas
Mexico,2003,"08",,0.089,18.2,74.9,Americas
Mexico,2003,"08",,0.089,18.2,74.9,Americas
Mexico,2003,"08",,0.089,18.2,74.9,Americas
Mexico,2003,"08",,0.089,18.2,74.9,Americas
Mexico,2003,"08",,0.063,18.2,74.9,Americas
Mexico,2003,"08",,0.063,18.2,74.9,Americas
Mexico,2003,"08",,0.063,18.2,74.9,Americas
Mexico,2003,"08",,0.063,18.2,74.9,Americas
Mexico,2003,"08",,0.063,18.2,74.9,Americas
Mexico,2003,"09",683,0.188,18.2,74.9,Americas
Mexico,2003,"09",,0.188,18.2,74.9,Americas
Mexico,2003,"09",,0.188,18.2,74.9,Americas
Mexico,2003,"09",,0.188,18.2,74.9,Americas
Mexico,2003,"09",683,0.137,18.2,74.9,Americas
Mexico,2003,"09",,0.137,18.2,74.9,Americas
Mexico,2003,"09",,0.137,18.2,74.9,Americas
Mexico,2003,"09",,0.137,18.2,74.9,Americas
Mexico,2003,"09",683,0.124,18.2,74.9,Americas
Mexico,2003,"09",,0.124,18.2,74.9,Americas
Mexico,2003,"09",,0.124,18.2,74.9,Americas
Mexico,2003,"09",,0.124,18.2,74.9,Americas
Mexico,2003,"09",683,0.165,18.2,74.9,Americas
Mexico,2003,"09",,0.165,18.2,74.9,Americas
Mexico,2003,"09",,0.165,18.2,74.9,Americas
Mexico,2003,"09",,0.165,18.2,74.9,Americas
Mexico,2003,"10",755,0.182,18.2,74.9,Americas
Mexico,2003,"10",858,0.182,18.2,74.9,Americas
Mexico,2003,"10",800,0.182,18.2,74.9,Americas
Mexico,2003,"10",707,0.182,18.2,74.9,Americas
Mexico,2003,"10",755,0.157,18.2,74.9,Americas
Mexico,2003,"10",858,0.157,18.2,74.9,Americas
Mexico,2003,"10",800,0.157,18.2,74.9,Americas
Mexico,2003,"10",707,0.157,18.2,74.9,Americas
Mexico,2003,"10",755,0.16,18.2,74.9,Americas
Mexico,2003,"10",858,0.16,18.2,74.9,Americas
Mexico,2003,"10",800,0.16,18.2,74.9,Americas
Mexico,2003,"10",707,0.16,18.2,74.9,Americas
Mexico,2003,"10",755,0.122,18.2,74.9,Americas
Mexico,2003,"10",858,0.122,18.2,74.9,Americas
Mexico,2003,"10",800,0.122,18.2,74.9,Americas
Mexico,2003,"10",707,0.122,18.2,74.9,Americas
Mexico,2003,"11",880,0.088,18.2,74.9,Americas
Mexico,2003,"11",843,0.088,18.2,74.9,Americas
Mexico,2003,"11",957,0.088,18.2,74.9,Americas
Mexico,2003,"11",894,0.088,18.2,74.9,Americas
Mexico,2003,"11",979,0.088,18.2,74.9,Americas
Mexico,2003,"11",880,0.132,18.2,74.9,Americas
Mexico,2003,"11",843,0.132,18.2,74.9,Americas
Mexico,2003,"11",957,0.132,18.2,74.9,Americas
Mexico,2003,"11",894,0.132,18.2,74.9,Americas
Mexico,2003,"11",979,0.132,18.2,74.9,Americas
Mexico,2003,"11",880,0.159,18.2,74.9,Americas
Mexico,2003,"11",843,0.159,18.2,74.9,Americas
Mexico,2003,"11",957,0.159,18.2,74.9,Americas
Mexico,2003,"11",894,0.159,18.2,74.9,Americas
Mexico,2003,"11",979,0.159,18.2,74.9,Americas
Mexico,2003,"11",880,0.127,18.2,74.9,Americas
Mexico,2003,"11",843,0.127,18.2,74.9,Americas
Mexico,2003,"11",957,0.127,18.2,74.9,Americas
Mexico,2003,"11",894,0.127,18.2,74.9,Americas
Mexico,2003,"11",979,0.127,18.2,74.9,Americas
Mexico,2003,"11",880,0.079,18.2,74.9,Americas
Mexico,2003,"11",843,0.079,18.2,74.9,Americas
Mexico,2003,"11",957,0.079,18.2,74.9,Americas
Mexico,2003,"11",894,0.079,18.2,74.9,Americas
Mexico,2003,"11",979,0.079,18.2,74.9,Americas
Mexico,2003,"12",1242,0.083,18.2,74.9,Americas
Mexico,2003,"12",1264,0.083,18.2,74.9,Americas
Mexico,2003,"12",1346,0.083,18.2,74.9,Americas
Mexico,2003,"12",1025,0.083,18.2,74.9,Americas
Mexico,2003,"12",1242,0.042,18.2,74.9,Americas
Mexico,2003,"12",1264,0.042,18.2,74.9,Americas
Mexico,2003,"12",1346,0.042,18.2,74.9,Americas
Mexico,2003,"12",1025,0.042,18.2,74.9,Americas
Mexico,2003,"12",1242,0.055,18.2,74.9,Americas
Mexico,2003,"12",1264,0.055,18.2,74.9,Americas
Mexico,2003,"12",1346,0.055,18.2,74.9,Americas
Mexico,2003,"12",1025,0.055,18.2,74.9,Americas
Mexico,2003,"12",1242,0.066,18.2,74.9,Americas
Mexico,2003,"12",1264,0.066,18.2,74.9,Americas
Mexico,2003,"12",1346,0.066,18.2,74.9,Americas
Mexico,2003,"12",1025,0.066,18.2,74.9,Americas
Mexico,2004,"01",977,0.041,17.4,75.2,Americas
Mexico,2004,"01",1026,0.041,17.4,75.2,Americas
Mexico,2004,"01",1108,0.041,17.4,75.2,Americas
Mexico,2004,"01",976,0.041,17.4,75.2,Americas
Mexico,2004,"01",977,0.034,17.4,75.2,Americas
Mexico,2004,"01",1026,0.034,17.4,75.2,Americas
Mexico,2004,"01",1108,0.034,17.4,75.2,Americas
Mexico,2004,"01",976,0.034,17.4,75.2,Americas
Mexico,2004,"01",977,0.033,17.4,75.2,Americas
Mexico,2004,"01",1026,0.033,17.4,75.2,Americas
Mexico,2004,"01",1108,0.033,17.4,75.2,Americas
Mexico,2004,"01",976,0.033,17.4,75.2,Americas
Mexico,2004,"01",977,0.036,17.4,75.2,Americas
Mexico,2004,"01",1026,0.036,17.4,75.2,Americas
Mexico,2004,"01",1108,0.036,17.4,75.2,Americas
Mexico,2004,"01",976,0.036,17.4,75.2,Americas
Mexico,2004,"02",944,0.033,17.4,75.2,Americas
Mexico,2004,"02",939,0.033,17.4,75.2,Americas
Mexico,2004,"02",932,0.033,17.4,75.2,Americas
Mexico,2004,"02",913,0.033,17.4,75.2,Americas
Mexico,2004,"02",974,0.033,17.4,75.2,Americas
Mexico,2004,"02",944,0.037,17.4,75.2,Americas
Mexico,2004,"02",939,0.037,17.4,75.2,Americas
Mexico,2004,"02",932,0.037,17.4,75.2,Americas
Mexico,2004,"02",913,0.037,17.4,75.2,Americas
Mexico,2004,"02",974,0.037,17.4,75.2,Americas
Mexico,2004,"02",944,0.031,17.4,75.2,Americas
Mexico,2004,"02",939,0.031,17.4,75.2,Americas
Mexico,2004,"02",932,0.031,17.4,75.2,Americas
Mexico,2004,"02",913,0.031,17.4,75.2,Americas
Mexico,2004,"02",974,0.031,17.4,75.2,Americas
Mexico,2004,"02",944,0.032,17.4,75.2,Americas
Mexico,2004,"02",939,0.032,17.4,75.2,Americas
Mexico,2004,"02",932,0.032,17.4,75.2,Americas
Mexico,2004,"02",913,0.032,17.4,75.2,Americas
Mexico,2004,"02",974,0.032,17.4,75.2,Americas
Mexico,2004,"02",944,0.04,17.4,75.2,Americas
Mexico,2004,"02",939,0.04,17.4,75.2,Americas
Mexico,2004,"02",932,0.04,17.4,75.2,Americas
Mexico,2004,"02",913,0.04,17.4,75.2,Americas
Mexico,2004,"02",974,0.04,17.4,75.2,Americas
Mexico,2004,"03",1021,0.047,17.4,75.2,Americas
Mexico,2004,"03",1040,0.047,17.4,75.2,Americas
Mexico,2004,"03",1028,0.047,17.4,75.2,Americas
Mexico,2004,"03",880,0.047,17.4,75.2,Americas
Mexico,2004,"03",1021,0.036,17.4,75.2,Americas
Mexico,2004,"03",1040,0.036,17.4,75.2,Americas
Mexico,2004,"03",1028,0.036,17.4,75.2,Americas
Mexico,2004,"03",880,0.036,17.4,75.2,Americas
Mexico,2004,"03",1021,0.04,17.4,75.2,Americas
Mexico,2004,"03",1040,0.04,17.4,75.2,Americas
Mexico,2004,"03",1028,0.04,17.4,75.2,Americas
Mexico,2004,"03",880,0.04,17.4,75.2,Americas
Mexico,2004,"03",1021,0.052,17.4,75.2,Americas
Mexico,2004,"03",1040,0.052,17.4,75.2,Americas
Mexico,2004,"03",1028,0.052,17.4,75.2,Americas
Mexico,2004,"03",880,0.052,17.4,75.2,Americas
Mexico,2004,"04",828,0.051,17.4,75.2,Americas
Mexico,2004,"04",838,0.051,17.4,75.2,Americas
Mexico,2004,"04",871,0.051,17.4,75.2,Americas
Mexico,2004,"04",908,0.051,17.4,75.2,Americas
Mexico,2004,"04",828,0.049,17.4,75.2,Americas
Mexico,2004,"04",838,0.049,17.4,75.2,Americas
Mexico,2004,"04",871,0.049,17.4,75.2,Americas
Mexico,2004,"04",908,0.049,17.4,75.2,Americas
Mexico,2004,"04",828,0.044,17.4,75.2,Americas
Mexico,2004,"04",838,0.044,17.4,75.2,Americas
Mexico,2004,"04",871,0.044,17.4,75.2,Americas
Mexico,2004,"04",908,0.044,17.4,75.2,Americas
Mexico,2004,"04",828,0.051,17.4,75.2,Americas
Mexico,2004,"04",838,0.051,17.4,75.2,Americas
Mexico,2004,"04",871,0.051,17.4,75.2,Americas
Mexico,2004,"04",908,0.051,17.4,75.2,Americas
Mexico,2004,"05",790,0.06,17.4,75.2,Americas
Mexico,2004,"05",852,0.06,17.4,75.2,Americas
Mexico,2004,"05",707,0.06,17.4,75.2,Americas
Mexico,2004,"05",799,0.06,17.4,75.2,Americas
Mexico,2004,"05",733,0.06,17.4,75.2,Americas
Mexico,2004,"05",790,0.051,17.4,75.2,Americas
Mexico,2004,"05",852,0.051,17.4,75.2,Americas
Mexico,2004,"05",707,0.051,17.4,75.2,Americas
Mexico,2004,"05",799,0.051,17.4,75.2,Americas
Mexico,2004,"05",733,0.051,17.4,75.2,Americas
Mexico,2004,"05",790,0.071,17.4,75.2,Americas
Mexico,2004,"05",852,0.071,17.4,75.2,Americas
Mexico,2004,"05",707,0.071,17.4,75.2,Americas
Mexico,2004,"05",799,0.071,17.4,75.2,Americas
Mexico,2004,"05",733,0.071,17.4,75.2,Americas
Mexico,2004,"05",790,0.114,17.4,75.2,Americas
Mexico,2004,"05",852,0.114,17.4,75.2,Americas
Mexico,2004,"05",707,0.114,17.4,75.2,Americas
Mexico,2004,"05",799,0.114,17.4,75.2,Americas
Mexico,2004,"05",733,0.114,17.4,75.2,Americas
Mexico,2004,"05",790,0.038,17.4,75.2,Americas
Mexico,2004,"05",852,0.038,17.4,75.2,Americas
Mexico,2004,"05",707,0.038,17.4,75.2,Americas
Mexico,2004,"05",799,0.038,17.4,75.2,Americas
Mexico,2004,"05",733,0.038,17.4,75.2,Americas
Mexico,2004,"06",650,0.073,17.4,75.2,Americas
Mexico,2004,"06",669,0.073,17.4,75.2,Americas
Mexico,2004,"06",668,0.073,17.4,75.2,Americas
Mexico,2004,"06",603,0.073,17.4,75.2,Americas
Mexico,2004,"06",650,0.06,17.4,75.2,Americas
Mexico,2004,"06",669,0.06,17.4,75.2,Americas
Mexico,2004,"06",668,0.06,17.4,75.2,Americas
Mexico,2004,"06",603,0.06,17.4,75.2,Americas
Mexico,2004,"06",650,0.059,17.4,75.2,Americas
Mexico,2004,"06",669,0.059,17.4,75.2,Americas
Mexico,2004,"06",668,0.059,17.4,75.2,Americas
Mexico,2004,"06",603,0.059,17.4,75.2,Americas
Mexico,2004,"06",650,0.05,17.4,75.2,Americas
Mexico,2004,"06",669,0.05,17.4,75.2,Americas
Mexico,2004,"06",668,0.05,17.4,75.2,Americas
Mexico,2004,"06",603,0.05,17.4,75.2,Americas
Mexico,2004,"07",634,0.067,17.4,75.2,Americas
Mexico,2004,"07",649,0.067,17.4,75.2,Americas
Mexico,2004,"07",677,0.067,17.4,75.2,Americas
Mexico,2004,"07",624,0.067,17.4,75.2,Americas
Mexico,2004,"07",634,0.104,17.4,75.2,Americas
Mexico,2004,"07",649,0.104,17.4,75.2,Americas
Mexico,2004,"07",677,0.104,17.4,75.2,Americas
Mexico,2004,"07",624,0.104,17.4,75.2,Americas
Mexico,2004,"07",634,0.069,17.4,75.2,Americas
Mexico,2004,"07",649,0.069,17.4,75.2,Americas
Mexico,2004,"07",677,0.069,17.4,75.2,Americas
Mexico,2004,"07",624,0.069,17.4,75.2,Americas
Mexico,2004,"07",634,0.057,17.4,75.2,Americas
Mexico,2004,"07",649,0.057,17.4,75.2,Americas
Mexico,2004,"07",677,0.057,17.4,75.2,Americas
Mexico,2004,"07",624,0.057,17.4,75.2,Americas
Mexico,2004,"08",618,0.128,17.4,75.2,Americas
Mexico,2004,"08",661,0.128,17.4,75.2,Americas
Mexico,2004,"08",558,0.128,17.4,75.2,Americas
Mexico,2004,"08",613,0.128,17.4,75.2,Americas
Mexico,2004,"08",556,0.128,17.4,75.2,Americas
Mexico,2004,"08",618,0.131,17.4,75.2,Americas
Mexico,2004,"08",661,0.131,17.4,75.2,Americas
Mexico,2004,"08",558,0.131,17.4,75.2,Americas
Mexico,2004,"08",613,0.131,17.4,75.2,Americas
Mexico,2004,"08",556,0.131,17.4,75.2,Americas
Mexico,2004,"08",618,0.178,17.4,75.2,Americas
Mexico,2004,"08",661,0.178,17.4,75.2,Americas
Mexico,2004,"08",558,0.178,17.4,75.2,Americas
Mexico,2004,"08",613,0.178,17.4,75.2,Americas
Mexico,2004,"08",556,0.178,17.4,75.2,Americas
Mexico,2004,"08",618,0.129,17.4,75.2,Americas
Mexico,2004,"08",661,0.129,17.4,75.2,Americas
Mexico,2004,"08",558,0.129,17.4,75.2,Americas
Mexico,2004,"08",613,0.129,17.4,75.2,Americas
Mexico,2004,"08",556,0.129,17.4,75.2,Americas
Mexico,2004,"08",618,0.11,17.4,75.2,Americas
Mexico,2004,"08",661,0.11,17.4,75.2,Americas
Mexico,2004,"08",558,0.11,17.4,75.2,Americas
Mexico,2004,"08",613,0.11,17.4,75.2,Americas
Mexico,2004,"08",556,0.11,17.4,75.2,Americas
Mexico,2004,"09",810,0.138,17.4,75.2,Americas
Mexico,2004,"09",884,0.138,17.4,75.2,Americas
Mexico,2004,"09",874,0.138,17.4,75.2,Americas
Mexico,2004,"09",771,0.138,17.4,75.2,Americas
Mexico,2004,"09",810,0.106,17.4,75.2,Americas
Mexico,2004,"09",884,0.106,17.4,75.2,Americas
Mexico,2004,"09",874,0.106,17.4,75.2,Americas
Mexico,2004,"09",771,0.106,17.4,75.2,Americas
Mexico,2004,"09",810,0.124,17.4,75.2,Americas
Mexico,2004,"09",884,0.124,17.4,75.2,Americas
Mexico,2004,"09",874,0.124,17.4,75.2,Americas
Mexico,2004,"09",771,0.124,17.4,75.2,Americas
Mexico,2004,"09",810,0.135,17.4,75.2,Americas
Mexico,2004,"09",884,0.135,17.4,75.2,Americas
Mexico,2004,"09",874,0.135,17.4,75.2,Americas
Mexico,2004,"09",771,0.135,17.4,75.2,Americas
Mexico,2004,"10",946,0.073,17.4,75.2,Americas
Mexico,2004,"10",933,0.073,17.4,75.2,Americas
Mexico,2004,"10",906,0.073,17.4,75.2,Americas
Mexico,2004,"10",885,0.073,17.4,75.2,Americas
Mexico,2004,"10",1079,0.073,17.4,75.2,Americas
Mexico,2004,"10",946,0.124,17.4,75.2,Americas
Mexico,2004,"10",933,0.124,17.4,75.2,Americas
Mexico,2004,"10",906,0.124,17.4,75.2,Americas
Mexico,2004,"10",885,0.124,17.4,75.2,Americas
Mexico,2004,"10",1079,0.124,17.4,75.2,Americas
Mexico,2004,"10",946,0.148,17.4,75.2,Americas
Mexico,2004,"10",933,0.148,17.4,75.2,Americas
Mexico,2004,"10",906,0.148,17.4,75.2,Americas
Mexico,2004,"10",885,0.148,17.4,75.2,Americas
Mexico,2004,"10",1079,0.148,17.4,75.2,Americas
Mexico,2004,"10",946,0.115,17.4,75.2,Americas
Mexico,2004,"10",933,0.115,17.4,75.2,Americas
Mexico,2004,"10",906,0.115,17.4,75.2,Americas
Mexico,2004,"10",885,0.115,17.4,75.2,Americas
Mexico,2004,"10",1079,0.115,17.4,75.2,Americas
Mexico,2004,"10",946,0.138,17.4,75.2,Americas
Mexico,2004,"10",933,0.138,17.4,75.2,Americas
Mexico,2004,"10",906,0.138,17.4,75.2,Americas
Mexico,2004,"10",885,0.138,17.4,75.2,Americas
Mexico,2004,"10",1079,0.138,17.4,75.2,Americas
Mexico,2004,"11",1056,0.061,17.4,75.2,Americas
Mexico,2004,"11",1190,0.061,17.4,75.2,Americas
Mexico,2004,"11",1141,0.061,17.4,75.2,Americas
Mexico,2004,"11",1044,0.061,17.4,75.2,Americas
Mexico,2004,"11",1056,0.075,17.4,75.2,Americas
Mexico,2004,"11",1190,0.075,17.4,75.2,Americas
Mexico,2004,"11",1141,0.075,17.4,75.2,Americas
Mexico,2004,"11",1044,0.075,17.4,75.2,Americas
Mexico,2004,"11",1056,0.078,17.4,75.2,Americas
Mexico,2004,"11",1190,0.078,17.4,75.2,Americas
Mexico,2004,"11",1141,0.078,17.4,75.2,Americas
Mexico,2004,"11",1044,0.078,17.4,75.2,Americas
Mexico,2004,"11",1056,0.072,17.4,75.2,Americas
Mexico,2004,"11",1190,0.072,17.4,75.2,Americas
Mexico,2004,"11",1141,0.072,17.4,75.2,Americas
Mexico,2004,"11",1044,0.072,17.4,75.2,Americas
Mexico,2004,"12",1237,0.042,17.4,75.2,Americas
Mexico,2004,"12",1364,0.042,17.4,75.2,Americas
Mexico,2004,"12",1185,0.042,17.4,75.2,Americas
Mexico,2004,"12",1409,0.042,17.4,75.2,Americas
Mexico,2004,"12",1237,0.048,17.4,75.2,Americas
Mexico,2004,"12",1364,0.048,17.4,75.2,Americas
Mexico,2004,"12",1185,0.048,17.4,75.2,Americas
Mexico,2004,"12",1409,0.048,17.4,75.2,Americas
Mexico,2004,"12",1237,0.049,17.4,75.2,Americas
Mexico,2004,"12",1364,0.049,17.4,75.2,Americas
Mexico,2004,"12",1185,0.049,17.4,75.2,Americas
Mexico,2004,"12",1409,0.049,17.4,75.2,Americas
Mexico,2004,"12",1237,0.07,17.4,75.2,Americas
Mexico,2004,"12",1364,0.07,17.4,75.2,Americas
Mexico,2004,"12",1185,0.07,17.4,75.2,Americas
Mexico,2004,"12",1409,0.07,17.4,75.2,Americas
Mexico,2005,"01",1187,0.038,16.7,75.1,Americas
Mexico,2005,"01",1216,0.038,16.7,75.1,Americas
Mexico,2005,"01",1206,0.038,16.7,75.1,Americas
Mexico,2005,"01",1052,0.038,16.7,75.1,Americas
Mexico,2005,"01",1330,0.038,16.7,75.1,Americas
Mexico,2005,"01",1187,0.033,16.7,75.1,Americas
Mexico,2005,"01",1216,0.033,16.7,75.1,Americas
Mexico,2005,"01",1206,0.033,16.7,75.1,Americas
Mexico,2005,"01",1052,0.033,16.7,75.1,Americas
Mexico,2005,"01",1330,0.033,16.7,75.1,Americas
Mexico,2005,"01",1187,0.048,16.7,75.1,Americas
Mexico,2005,"01",1216,0.048,16.7,75.1,Americas
Mexico,2005,"01",1206,0.048,16.7,75.1,Americas
Mexico,2005,"01",1052,0.048,16.7,75.1,Americas
Mexico,2005,"01",1330,0.048,16.7,75.1,Americas
Mexico,2005,"01",1187,0.045,16.7,75.1,Americas
Mexico,2005,"01",1216,0.045,16.7,75.1,Americas
Mexico,2005,"01",1206,0.045,16.7,75.1,Americas
Mexico,2005,"01",1052,0.045,16.7,75.1,Americas
Mexico,2005,"01",1330,0.045,16.7,75.1,Americas
Mexico,2005,"01",1187,0.04,16.7,75.1,Americas
Mexico,2005,"01",1216,0.04,16.7,75.1,Americas
Mexico,2005,"01",1206,0.04,16.7,75.1,Americas
Mexico,2005,"01",1052,0.04,16.7,75.1,Americas
Mexico,2005,"01",1330,0.04,16.7,75.1,Americas
Mexico,2005,"02",1092,0.04,16.7,75.1,Americas
Mexico,2005,"02",1120,0.04,16.7,75.1,Americas
Mexico,2005,"02",1139,0.04,16.7,75.1,Americas
Mexico,2005,"02",1177,0.04,16.7,75.1,Americas
Mexico,2005,"02",1092,0.036,16.7,75.1,Americas
Mexico,2005,"02",1120,0.036,16.7,75.1,Americas
Mexico,2005,"02",1139,0.036,16.7,75.1,Americas
Mexico,2005,"02",1177,0.036,16.7,75.1,Americas
Mexico,2005,"02",1092,0.036,16.7,75.1,Americas
Mexico,2005,"02",1120,0.036,16.7,75.1,Americas
Mexico,2005,"02",1139,0.036,16.7,75.1,Americas
Mexico,2005,"02",1177,0.036,16.7,75.1,Americas
Mexico,2005,"02",1092,0.055,16.7,75.1,Americas
Mexico,2005,"02",1120,0.055,16.7,75.1,Americas
Mexico,2005,"02",1139,0.055,16.7,75.1,Americas
Mexico,2005,"02",1177,0.055,16.7,75.1,Americas
Mexico,2005,"03",1131,0.049,16.7,75.1,Americas
Mexico,2005,"03",1066,0.049,16.7,75.1,Americas
Mexico,2005,"03",1091,0.049,16.7,75.1,Americas
Mexico,2005,"03",1118,0.049,16.7,75.1,Americas
Mexico,2005,"03",1131,0.051,16.7,75.1,Americas
Mexico,2005,"03",1066,0.051,16.7,75.1,Americas
Mexico,2005,"03",1091,0.051,16.7,75.1,Americas
Mexico,2005,"03",1118,0.051,16.7,75.1,Americas
Mexico,2005,"03",1131,0.047,16.7,75.1,Americas
Mexico,2005,"03",1066,0.047,16.7,75.1,Americas
Mexico,2005,"03",1091,0.047,16.7,75.1,Americas
Mexico,2005,"03",1118,0.047,16.7,75.1,Americas
Mexico,2005,"03",1131,0.052,16.7,75.1,Americas
Mexico,2005,"03",1066,0.052,16.7,75.1,Americas
Mexico,2005,"03",1091,0.052,16.7,75.1,Americas
Mexico,2005,"03",1118,0.052,16.7,75.1,Americas
Mexico,2005,"04",945,0.053,16.7,75.1,Americas
Mexico,2005,"04",894,0.053,16.7,75.1,Americas
Mexico,2005,"04",981,0.053,16.7,75.1,Americas
Mexico,2005,"04",858,0.053,16.7,75.1,Americas
Mexico,2005,"04",945,0.035,16.7,75.1,Americas
Mexico,2005,"04",894,0.035,16.7,75.1,Americas
Mexico,2005,"04",981,0.035,16.7,75.1,Americas
Mexico,2005,"04",858,0.035,16.7,75.1,Americas
Mexico,2005,"04",945,0.051,16.7,75.1,Americas
Mexico,2005,"04",894,0.051,16.7,75.1,Americas
Mexico,2005,"04",981,0.051,16.7,75.1,Americas
Mexico,2005,"04",858,0.051,16.7,75.1,Americas
Mexico,2005,"04",945,0.049,16.7,75.1,Americas
Mexico,2005,"04",894,0.049,16.7,75.1,Americas
Mexico,2005,"04",981,0.049,16.7,75.1,Americas
Mexico,2005,"04",858,0.049,16.7,75.1,Americas
Mexico,2005,"05",854,0.063,16.7,75.1,Americas
Mexico,2005,"05",882,0.063,16.7,75.1,Americas
Mexico,2005,"05",843,0.063,16.7,75.1,Americas
Mexico,2005,"05",832,0.063,16.7,75.1,Americas
Mexico,2005,"05",900,0.063,16.7,75.1,Americas
Mexico,2005,"05",854,0.057,16.7,75.1,Americas
Mexico,2005,"05",882,0.057,16.7,75.1,Americas
Mexico,2005,"05",843,0.057,16.7,75.1,Americas
Mexico,2005,"05",832,0.057,16.7,75.1,Americas
Mexico,2005,"05",900,0.057,16.7,75.1,Americas
Mexico,2005,"05",854,0.051,16.7,75.1,Americas
Mexico,2005,"05",882,0.051,16.7,75.1,Americas
Mexico,2005,"05",843,0.051,16.7,75.1,Americas
Mexico,2005,"05",832,0.051,16.7,75.1,Americas
Mexico,2005,"05",900,0.051,16.7,75.1,Americas
Mexico,2005,"05",854,0.07,16.7,75.1,Americas
Mexico,2005,"05",882,0.07,16.7,75.1,Americas
Mexico,2005,"05",843,0.07,16.7,75.1,Americas
Mexico,2005,"05",832,0.07,16.7,75.1,Americas
Mexico,2005,"05",900,0.07,16.7,75.1,Americas
Mexico,2005,"05",854,0.056,16.7,75.1,Americas
Mexico,2005,"05",882,0.056,16.7,75.1,Americas
Mexico,2005,"05",843,0.056,16.7,75.1,Americas
Mexico,2005,"05",832,0.056,16.7,75.1,Americas
Mexico,2005,"05",900,0.056,16.7,75.1,Americas
Mexico,2005,"06",710,0.075,16.7,75.1,Americas
Mexico,2005,"06",654,0.075,16.7,75.1,Americas
Mexico,2005,"06",713,0.075,16.7,75.1,Americas
Mexico,2005,"06",740,0.075,16.7,75.1,Americas
Mexico,2005,"06",710,0.089,16.7,75.1,Americas
Mexico,2005,"06",654,0.089,16.7,75.1,Americas
Mexico,2005,"06",713,0.089,16.7,75.1,Americas
Mexico,2005,"06",740,0.089,16.7,75.1,Americas
Mexico,2005,"06",710,0.088,16.7,75.1,Americas
Mexico,2005,"06",654,0.088,16.7,75.1,Americas
Mexico,2005,"06",713,0.088,16.7,75.1,Americas
Mexico,2005,"06",740,0.088,16.7,75.1,Americas
Mexico,2005,"06",710,0.089,16.7,75.1,Americas
Mexico,2005,"06",654,0.089,16.7,75.1,Americas
Mexico,2005,"06",713,0.089,16.7,75.1,Americas
Mexico,2005,"06",740,0.089,16.7,75.1,Americas
Mexico,2005,"07",690,0.135,16.7,75.1,Americas
Mexico,2005,"07",727,0.135,16.7,75.1,Americas
Mexico,2005,"07",690,0.135,16.7,75.1,Americas
Mexico,2005,"07",748,0.135,16.7,75.1,Americas
Mexico,2005,"07",664,0.135,16.7,75.1,Americas
Mexico,2005,"07",690,0.151,16.7,75.1,Americas
Mexico,2005,"07",727,0.151,16.7,75.1,Americas
Mexico,2005,"07",690,0.151,16.7,75.1,Americas
Mexico,2005,"07",748,0.151,16.7,75.1,Americas
Mexico,2005,"07",664,0.151,16.7,75.1,Americas
Mexico,2005,"07",690,0.081,16.7,75.1,Americas
Mexico,2005,"07",727,0.081,16.7,75.1,Americas
Mexico,2005,"07",690,0.081,16.7,75.1,Americas
Mexico,2005,"07",748,0.081,16.7,75.1,Americas
Mexico,2005,"07",664,0.081,16.7,75.1,Americas
Mexico,2005,"07",690,0.104,16.7,75.1,Americas
Mexico,2005,"07",727,0.104,16.7,75.1,Americas
Mexico,2005,"07",690,0.104,16.7,75.1,Americas
Mexico,2005,"07",748,0.104,16.7,75.1,Americas
Mexico,2005,"07",664,0.104,16.7,75.1,Americas
Mexico,2005,"07",690,0.1,16.7,75.1,Americas
Mexico,2005,"07",727,0.1,16.7,75.1,Americas
Mexico,2005,"07",690,0.1,16.7,75.1,Americas
Mexico,2005,"07",748,0.1,16.7,75.1,Americas
Mexico,2005,"07",664,0.1,16.7,75.1,Americas
Mexico,2005,"08",641,0.127,16.7,75.1,Americas
Mexico,2005,"08",698,0.127,16.7,75.1,Americas
Mexico,2005,"08",641,0.127,16.7,75.1,Americas
Mexico,2005,"08",630,0.127,16.7,75.1,Americas
Mexico,2005,"08",641,0.136,16.7,75.1,Americas
Mexico,2005,"08",698,0.136,16.7,75.1,Americas
Mexico,2005,"08",641,0.136,16.7,75.1,Americas
Mexico,2005,"08",630,0.136,16.7,75.1,Americas
Mexico,2005,"08",641,0.099,16.7,75.1,Americas
Mexico,2005,"08",698,0.099,16.7,75.1,Americas
Mexico,2005,"08",641,0.099,16.7,75.1,Americas
Mexico,2005,"08",630,0.099,16.7,75.1,Americas
Mexico,2005,"08",641,0.154,16.7,75.1,Americas
Mexico,2005,"08",698,0.154,16.7,75.1,Americas
Mexico,2005,"08",641,0.154,16.7,75.1,Americas
Mexico,2005,"08",630,0.154,16.7,75.1,Americas
Mexico,2005,"09",811,0.177,16.7,75.1,Americas
Mexico,2005,"09",845,0.177,16.7,75.1,Americas
Mexico,2005,"09",786,0.177,16.7,75.1,Americas
Mexico,2005,"09",855,0.177,16.7,75.1,Americas
Mexico,2005,"09",811,0.208,16.7,75.1,Americas
Mexico,2005,"09",845,0.208,16.7,75.1,Americas
Mexico,2005,"09",786,0.208,16.7,75.1,Americas
Mexico,2005,"09",855,0.208,16.7,75.1,Americas
Mexico,2005,"09",811,0.167,16.7,75.1,Americas
Mexico,2005,"09",845,0.167,16.7,75.1,Americas
Mexico,2005,"09",786,0.167,16.7,75.1,Americas
Mexico,2005,"09",855,0.167,16.7,75.1,Americas
Mexico,2005,"09",811,0.143,16.7,75.1,Americas
Mexico,2005,"09",845,0.143,16.7,75.1,Americas
Mexico,2005,"09",786,0.143,16.7,75.1,Americas
Mexico,2005,"09",855,0.143,16.7,75.1,Americas
Mexico,2005,"10",877,0.179,16.7,75.1,Americas
Mexico,2005,"10",948,0.179,16.7,75.1,Americas
Mexico,2005,"10",822,0.179,16.7,75.1,Americas
Mexico,2005,"10",1180,0.179,16.7,75.1,Americas
Mexico,2005,"10",1027,0.179,16.7,75.1,Americas
Mexico,2005,"10",877,0.194,16.7,75.1,Americas
Mexico,2005,"10",948,0.194,16.7,75.1,Americas
Mexico,2005,"10",822,0.194,16.7,75.1,Americas
Mexico,2005,"10",1180,0.194,16.7,75.1,Americas
Mexico,2005,"10",1027,0.194,16.7,75.1,Americas
Mexico,2005,"10",877,0.155,16.7,75.1,Americas
Mexico,2005,"10",948,0.155,16.7,75.1,Americas
Mexico,2005,"10",822,0.155,16.7,75.1,Americas
Mexico,2005,"10",1180,0.155,16.7,75.1,Americas
Mexico,2005,"10",1027,0.155,16.7,75.1,Americas
Mexico,2005,"10",877,0.156,16.7,75.1,Americas
Mexico,2005,"10",948,0.156,16.7,75.1,Americas
Mexico,2005,"10",822,0.156,16.7,75.1,Americas
Mexico,2005,"10",1180,0.156,16.7,75.1,Americas
Mexico,2005,"10",1027,0.156,16.7,75.1,Americas
Mexico,2005,"10",877,0.169,16.7,75.1,Americas
Mexico,2005,"10",948,0.169,16.7,75.1,Americas
Mexico,2005,"10",822,0.169,16.7,75.1,Americas
Mexico,2005,"10",1180,0.169,16.7,75.1,Americas
Mexico,2005,"10",1027,0.169,16.7,75.1,Americas
Mexico,2005,"11",1311,0.105,16.7,75.1,Americas
Mexico,2005,"11",1294,0.105,16.7,75.1,Americas
Mexico,2005,"11",1304,0.105,16.7,75.1,Americas
Mexico,2005,"11",1279,0.105,16.7,75.1,Americas
Mexico,2005,"11",1311,0.147,16.7,75.1,Americas
Mexico,2005,"11",1294,0.147,16.7,75.1,Americas
Mexico,2005,"11",1304,0.147,16.7,75.1,Americas
Mexico,2005,"11",1279,0.147,16.7,75.1,Americas
Mexico,2005,"11",1311,0.115,16.7,75.1,Americas
Mexico,2005,"11",1294,0.115,16.7,75.1,Americas
Mexico,2005,"11",1304,0.115,16.7,75.1,Americas
Mexico,2005,"11",1279,0.115,16.7,75.1,Americas
Mexico,2005,"11",1311,0.091,16.7,75.1,Americas
Mexico,2005,"11",1294,0.091,16.7,75.1,Americas
Mexico,2005,"11",1304,0.091,16.7,75.1,Americas
Mexico,2005,"11",1279,0.091,16.7,75.1,Americas
Mexico,2005,"12",1540,0.054,16.7,75.1,Americas
Mexico,2005,"12",1407,0.054,16.7,75.1,Americas
Mexico,2005,"12",1393,0.054,16.7,75.1,Americas
Mexico,2005,"12",1472,0.054,16.7,75.1,Americas
Mexico,2005,"12",1540,0.044,16.7,75.1,Americas
Mexico,2005,"12",1407,0.044,16.7,75.1,Americas
Mexico,2005,"12",1393,0.044,16.7,75.1,Americas
Mexico,2005,"12",1472,0.044,16.7,75.1,Americas
Mexico,2005,"12",1540,0.067,16.7,75.1,Americas
Mexico,2005,"12",1407,0.067,16.7,75.1,Americas
Mexico,2005,"12",1393,0.067,16.7,75.1,Americas
Mexico,2005,"12",1472,0.067,16.7,75.1,Americas
Mexico,2005,"12",1540,0.05,16.7,75.1,Americas
Mexico,2005,"12",1407,0.05,16.7,75.1,Americas
Mexico,2005,"12",1393,0.05,16.7,75.1,Americas
Mexico,2005,"12",1472,0.05,16.7,75.1,Americas
Mexico,2006,"01",1397,0.035,16.2,75.4,Americas
Mexico,2006,"01",1310,0.035,16.2,75.4,Americas
Mexico,2006,"01",1383,0.035,16.2,75.4,Americas
Mexico,2006,"01",1475,0.035,16.2,75.4,Americas
Mexico,2006,"01",1222,0.035,16.2,75.4,Americas
Mexico,2006,"01",1397,0.033,16.2,75.4,Americas
Mexico,2006,"01",1310,0.033,16.2,75.4,Americas
Mexico,2006,"01",1383,0.033,16.2,75.4,Americas
Mexico,2006,"01",1475,0.033,16.2,75.4,Americas
Mexico,2006,"01",1222,0.033,16.2,75.4,Americas
Mexico,2006,"01",1397,0.042,16.2,75.4,Americas
Mexico,2006,"01",1310,0.042,16.2,75.4,Americas
Mexico,2006,"01",1383,0.042,16.2,75.4,Americas
Mexico,2006,"01",1475,0.042,16.2,75.4,Americas
Mexico,2006,"01",1222,0.042,16.2,75.4,Americas
Mexico,2006,"01",1397,0.044,16.2,75.4,Americas
Mexico,2006,"01",1310,0.044,16.2,75.4,Americas
Mexico,2006,"01",1383,0.044,16.2,75.4,Americas
Mexico,2006,"01",1475,0.044,16.2,75.4,Americas
Mexico,2006,"01",1222,0.044,16.2,75.4,Americas
Mexico,2006,"01",1397,0.046,16.2,75.4,Americas
Mexico,2006,"01",1310,0.046,16.2,75.4,Americas
Mexico,2006,"01",1383,0.046,16.2,75.4,Americas
Mexico,2006,"01",1475,0.046,16.2,75.4,Americas
Mexico,2006,"01",1222,0.046,16.2,75.4,Americas
Mexico,2006,"02",1169,0.036,16.2,75.4,Americas
Mexico,2006,"02",1064,0.036,16.2,75.4,Americas
Mexico,2006,"02",1137,0.036,16.2,75.4,Americas
Mexico,2006,"02",1131,0.036,16.2,75.4,Americas
Mexico,2006,"02",1169,0.036,16.2,75.4,Americas
Mexico,2006,"02",1064,0.036,16.2,75.4,Americas
Mexico,2006,"02",1137,0.036,16.2,75.4,Americas
Mexico,2006,"02",1131,0.036,16.2,75.4,Americas
Mexico,2006,"02",1169,0.031,16.2,75.4,Americas
Mexico,2006,"02",1064,0.031,16.2,75.4,Americas
Mexico,2006,"02",1137,0.031,16.2,75.4,Americas
Mexico,2006,"02",1131,0.031,16.2,75.4,Americas
Mexico,2006,"02",1169,0.065,16.2,75.4,Americas
Mexico,2006,"02",1064,0.065,16.2,75.4,Americas
Mexico,2006,"02",1137,0.065,16.2,75.4,Americas
Mexico,2006,"02",1131,0.065,16.2,75.4,Americas
Mexico,2006,"03",1069,0.051,16.2,75.4,Americas
Mexico,2006,"03",1038,0.051,16.2,75.4,Americas
Mexico,2006,"03",950,0.051,16.2,75.4,Americas
Mexico,2006,"03",1088,0.051,16.2,75.4,Americas
Mexico,2006,"03",1069,0.049,16.2,75.4,Americas
Mexico,2006,"03",1038,0.049,16.2,75.4,Americas
Mexico,2006,"03",950,0.049,16.2,75.4,Americas
Mexico,2006,"03",1088,0.049,16.2,75.4,Americas
Mexico,2006,"03",1069,0.071,16.2,75.4,Americas
Mexico,2006,"03",1038,0.071,16.2,75.4,Americas
Mexico,2006,"03",950,0.071,16.2,75.4,Americas
Mexico,2006,"03",1088,0.071,16.2,75.4,Americas
Mexico,2006,"03",1069,0.049,16.2,75.4,Americas
Mexico,2006,"03",1038,0.049,16.2,75.4,Americas
Mexico,2006,"03",950,0.049,16.2,75.4,Americas
Mexico,2006,"03",1088,0.049,16.2,75.4,Americas
Mexico,2006,"04",980,0.057,16.2,75.4,Americas
Mexico,2006,"04",933,0.057,16.2,75.4,Americas
Mexico,2006,"04",855,0.057,16.2,75.4,Americas
Mexico,2006,"04",844,0.057,16.2,75.4,Americas
Mexico,2006,"04",880,0.057,16.2,75.4,Americas
Mexico,2006,"04",980,0.068,16.2,75.4,Americas
Mexico,2006,"04",933,0.068,16.2,75.4,Americas
Mexico,2006,"04",855,0.068,16.2,75.4,Americas
Mexico,2006,"04",844,0.068,16.2,75.4,Americas
Mexico,2006,"04",880,0.068,16.2,75.4,Americas
Mexico,2006,"04",980,0.074,16.2,75.4,Americas
Mexico,2006,"04",933,0.074,16.2,75.4,Americas
Mexico,2006,"04",855,0.074,16.2,75.4,Americas
Mexico,2006,"04",844,0.074,16.2,75.4,Americas
Mexico,2006,"04",880,0.074,16.2,75.4,Americas
Mexico,2006,"04",980,0.047,16.2,75.4,Americas
Mexico,2006,"04",933,0.047,16.2,75.4,Americas
Mexico,2006,"04",855,0.047,16.2,75.4,Americas
Mexico,2006,"04",844,0.047,16.2,75.4,Americas
Mexico,2006,"04",880,0.047,16.2,75.4,Americas
Mexico,2006,"04",980,0.077,16.2,75.4,Americas
Mexico,2006,"04",933,0.077,16.2,75.4,Americas
Mexico,2006,"04",855,0.077,16.2,75.4,Americas
Mexico,2006,"04",844,0.077,16.2,75.4,Americas
Mexico,2006,"04",880,0.077,16.2,75.4,Americas
Mexico,2006,"05",869,0.063,16.2,75.4,Americas
Mexico,2006,"05",894,0.063,16.2,75.4,Americas
Mexico,2006,"05",823,0.063,16.2,75.4,Americas
Mexico,2006,"05",909,0.063,16.2,75.4,Americas
Mexico,2006,"05",869,0.067,16.2,75.4,Americas
Mexico,2006,"05",894,0.067,16.2,75.4,Americas
Mexico,2006,"05",823,0.067,16.2,75.4,Americas
Mexico,2006,"05",909,0.067,16.2,75.4,Americas
Mexico,2006,"05",869,0.064,16.2,75.4,Americas
Mexico,2006,"05",894,0.064,16.2,75.4,Americas
Mexico,2006,"05",823,0.064,16.2,75.4,Americas
Mexico,2006,"05",909,0.064,16.2,75.4,Americas
Mexico,2006,"05",869,0.049,16.2,75.4,Americas
Mexico,2006,"05",894,0.049,16.2,75.4,Americas
Mexico,2006,"05",823,0.049,16.2,75.4,Americas
Mexico,2006,"05",909,0.049,16.2,75.4,Americas
Mexico,2006,"06",815,0.074,16.2,75.4,Americas
Mexico,2006,"06",780,0.074,16.2,75.4,Americas
Mexico,2006,"06",770,0.074,16.2,75.4,Americas
Mexico,2006,"06",776,0.074,16.2,75.4,Americas
Mexico,2006,"06",815,0.086,16.2,75.4,Americas
Mexico,2006,"06",780,0.086,16.2,75.4,Americas
Mexico,2006,"06",770,0.086,16.2,75.4,Americas
Mexico,2006,"06",776,0.086,16.2,75.4,Americas
Mexico,2006,"06",815,0.071,16.2,75.4,Americas
Mexico,2006,"06",780,0.071,16.2,75.4,Americas
Mexico,2006,"06",770,0.071,16.2,75.4,Americas
Mexico,2006,"06",776,0.071,16.2,75.4,Americas
Mexico,2006,"06",815,0.077,16.2,75.4,Americas
Mexico,2006,"06",780,0.077,16.2,75.4,Americas
Mexico,2006,"06",770,0.077,16.2,75.4,Americas
Mexico,2006,"06",776,0.077,16.2,75.4,Americas
Mexico,2006,"07",759,0.06,16.2,75.4,Americas
Mexico,2006,"07",737,0.06,16.2,75.4,Americas
Mexico,2006,"07",753,0.06,16.2,75.4,Americas
Mexico,2006,"07",660,0.06,16.2,75.4,Americas
Mexico,2006,"07",774,0.06,16.2,75.4,Americas
Mexico,2006,"07",759,0.084,16.2,75.4,Americas
Mexico,2006,"07",737,0.084,16.2,75.4,Americas
Mexico,2006,"07",753,0.084,16.2,75.4,Americas
Mexico,2006,"07",660,0.084,16.2,75.4,Americas
Mexico,2006,"07",774,0.084,16.2,75.4,Americas
Mexico,2006,"07",759,0.106,16.2,75.4,Americas
Mexico,2006,"07",737,0.106,16.2,75.4,Americas
Mexico,2006,"07",753,0.106,16.2,75.4,Americas
Mexico,2006,"07",660,0.106,16.2,75.4,Americas
Mexico,2006,"07",774,0.106,16.2,75.4,Americas
Mexico,2006,"07",759,0.099,16.2,75.4,Americas
Mexico,2006,"07",737,0.099,16.2,75.4,Americas
Mexico,2006,"07",753,0.099,16.2,75.4,Americas
Mexico,2006,"07",660,0.099,16.2,75.4,Americas
Mexico,2006,"07",774,0.099,16.2,75.4,Americas
Mexico,2006,"07",759,0.106,16.2,75.4,Americas
Mexico,2006,"07",737,0.106,16.2,75.4,Americas
Mexico,2006,"07",753,0.106,16.2,75.4,Americas
Mexico,2006,"07",660,0.106,16.2,75.4,Americas
Mexico,2006,"07",774,0.106,16.2,75.4,Americas
Mexico,2006,"08",786,0.129,16.2,75.4,Americas
Mexico,2006,"08",731,0.129,16.2,75.4,Americas
Mexico,2006,"08",713,0.129,16.2,75.4,Americas
Mexico,2006,"08",790,0.129,16.2,75.4,Americas
Mexico,2006,"08",786,0.103,16.2,75.4,Americas
Mexico,2006,"08",731,0.103,16.2,75.4,Americas
Mexico,2006,"08",713,0.103,16.2,75.4,Americas
Mexico,2006,"08",790,0.103,16.2,75.4,Americas
Mexico,2006,"08",786,0.124,16.2,75.4,Americas
Mexico,2006,"08",731,0.124,16.2,75.4,Americas
Mexico,2006,"08",713,0.124,16.2,75.4,Americas
Mexico,2006,"08",790,0.124,16.2,75.4,Americas
Mexico,2006,"08",786,0.106,16.2,75.4,Americas
Mexico,2006,"08",731,0.106,16.2,75.4,Americas
Mexico,2006,"08",713,0.106,16.2,75.4,Americas
Mexico,2006,"08",790,0.106,16.2,75.4,Americas
Mexico,2006,"09",970,0.193,16.2,75.4,Americas
Mexico,2006,"09",856,0.193,16.2,75.4,Americas
Mexico,2006,"09",994,0.193,16.2,75.4,Americas
Mexico,2006,"09",909,0.193,16.2,75.4,Americas
Mexico,2006,"09",970,0.126,16.2,75.4,Americas
Mexico,2006,"09",856,0.126,16.2,75.4,Americas
Mexico,2006,"09",994,0.126,16.2,75.4,Americas
Mexico,2006,"09",909,0.126,16.2,75.4,Americas
Mexico,2006,"09",970,0.221,16.2,75.4,Americas
Mexico,2006,"09",856,0.221,16.2,75.4,Americas
Mexico,2006,"09",994,0.221,16.2,75.4,Americas
Mexico,2006,"09",909,0.221,16.2,75.4,Americas
Mexico,2006,"09",970,0.151,16.2,75.4,Americas
Mexico,2006,"09",856,0.151,16.2,75.4,Americas
Mexico,2006,"09",994,0.151,16.2,75.4,Americas
Mexico,2006,"09",909,0.151,16.2,75.4,Americas
Mexico,2006,"10",1181,0.218,16.2,75.4,Americas
Mexico,2006,"10",988,0.218,16.2,75.4,Americas
Mexico,2006,"10",1171,0.218,16.2,75.4,Americas
Mexico,2006,"10",1158,0.218,16.2,75.4,Americas
Mexico,2006,"10",1163,0.218,16.2,75.4,Americas
Mexico,2006,"10",1181,0.202,16.2,75.4,Americas
Mexico,2006,"10",988,0.202,16.2,75.4,Americas
Mexico,2006,"10",1171,0.202,16.2,75.4,Americas
Mexico,2006,"10",1158,0.202,16.2,75.4,Americas
Mexico,2006,"10",1163,0.202,16.2,75.4,Americas
Mexico,2006,"10",1181,0.204,16.2,75.4,Americas
Mexico,2006,"10",988,0.204,16.2,75.4,Americas
Mexico,2006,"10",1171,0.204,16.2,75.4,Americas
Mexico,2006,"10",1158,0.204,16.2,75.4,Americas
Mexico,2006,"10",1163,0.204,16.2,75.4,Americas
Mexico,2006,"10",1181,0.166,16.2,75.4,Americas
Mexico,2006,"10",988,0.166,16.2,75.4,Americas
Mexico,2006,"10",1171,0.166,16.2,75.4,Americas
Mexico,2006,"10",1158,0.166,16.2,75.4,Americas
Mexico,2006,"10",1163,0.166,16.2,75.4,Americas
Mexico,2006,"10",1181,0.157,16.2,75.4,Americas
Mexico,2006,"10",988,0.157,16.2,75.4,Americas
Mexico,2006,"10",1171,0.157,16.2,75.4,Americas
Mexico,2006,"10",1158,0.157,16.2,75.4,Americas
Mexico,2006,"10",1163,0.157,16.2,75.4,Americas
Mexico,2006,"11",1372,0.112,16.2,75.4,Americas
Mexico,2006,"11",1319,0.112,16.2,75.4,Americas
Mexico,2006,"11",1409,0.112,16.2,75.4,Americas
Mexico,2006,"11",1464,0.112,16.2,75.4,Americas
Mexico,2006,"11",1372,0.1,16.2,75.4,Americas
Mexico,2006,"11",1319,0.1,16.2,75.4,Americas
Mexico,2006,"11",1409,0.1,16.2,75.4,Americas
Mexico,2006,"11",1464,0.1,16.2,75.4,Americas
Mexico,2006,"11",1372,0.156,16.2,75.4,Americas
Mexico,2006,"11",1319,0.156,16.2,75.4,Americas
Mexico,2006,"11",1409,0.156,16.2,75.4,Americas
Mexico,2006,"11",1464,0.156,16.2,75.4,Americas
Mexico,2006,"11",1372,0.108,16.2,75.4,Americas
Mexico,2006,"11",1319,0.108,16.2,75.4,Americas
Mexico,2006,"11",1409,0.108,16.2,75.4,Americas
Mexico,2006,"11",1464,0.108,16.2,75.4,Americas
Mexico,2006,"12",1654,0.053,16.2,75.4,Americas
Mexico,2006,"12",1615,0.053,16.2,75.4,Americas
Mexico,2006,"12",1617,0.053,16.2,75.4,Americas
Mexico,2006,"12",1740,0.053,16.2,75.4,Americas
Mexico,2006,"12",1725,0.053,16.2,75.4,Americas
Mexico,2006,"12",1654,0.058,16.2,75.4,Americas
Mexico,2006,"12",1615,0.058,16.2,75.4,Americas
Mexico,2006,"12",1617,0.058,16.2,75.4,Americas
Mexico,2006,"12",1740,0.058,16.2,75.4,Americas
Mexico,2006,"12",1725,0.058,16.2,75.4,Americas
Mexico,2006,"12",1654,0.085,16.2,75.4,Americas
Mexico,2006,"12",1615,0.085,16.2,75.4,Americas
Mexico,2006,"12",1617,0.085,16.2,75.4,Americas
Mexico,2006,"12",1740,0.085,16.2,75.4,Americas
Mexico,2006,"12",1725,0.085,16.2,75.4,Americas
Mexico,2006,"12",1654,0.062,16.2,75.4,Americas
Mexico,2006,"12",1615,0.062,16.2,75.4,Americas
Mexico,2006,"12",1617,0.062,16.2,75.4,Americas
Mexico,2006,"12",1740,0.062,16.2,75.4,Americas
Mexico,2006,"12",1725,0.062,16.2,75.4,Americas
Mexico,2006,"12",1654,0.087,16.2,75.4,Americas
Mexico,2006,"12",1615,0.087,16.2,75.4,Americas
Mexico,2006,"12",1617,0.087,16.2,75.4,Americas
Mexico,2006,"12",1740,0.087,16.2,75.4,Americas
Mexico,2006,"12",1725,0.087,16.2,75.4,Americas
Mexico,2007,"01",2911,0.057,15.8,75.6,Americas
Mexico,2007,"01",3041,0.057,15.8,75.6,Americas
Mexico,2007,"01",2538,0.057,15.8,75.6,Americas
Mexico,2007,"01",1987,0.057,15.8,75.6,Americas
Mexico,2007,"01",2911,0.061,15.8,75.6,Americas
Mexico,2007,"01",3041,0.061,15.8,75.6,Americas
Mexico,2007,"01",2538,0.061,15.8,75.6,Americas
Mexico,2007,"01",1987,0.061,15.8,75.6,Americas
Mexico,2007,"01",2911,0.061,15.8,75.6,Americas
Mexico,2007,"01",3041,0.061,15.8,75.6,Americas
Mexico,2007,"01",2538,0.061,15.8,75.6,Americas
Mexico,2007,"01",1987,0.061,15.8,75.6,Americas
Mexico,2007,"01",2911,0.058,15.8,75.6,Americas
Mexico,2007,"01",3041,0.058,15.8,75.6,Americas
Mexico,2007,"01",2538,0.058,15.8,75.6,Americas
Mexico,2007,"01",1987,0.058,15.8,75.6,Americas
Mexico,2007,"02",2229,0.053,15.8,75.6,Americas
Mexico,2007,"02",2057,0.053,15.8,75.6,Americas
Mexico,2007,"02",2096,0.053,15.8,75.6,Americas
Mexico,2007,"02",1939,0.053,15.8,75.6,Americas
Mexico,2007,"02",2229,0.066,15.8,75.6,Americas
Mexico,2007,"02",2057,0.066,15.8,75.6,Americas
Mexico,2007,"02",2096,0.066,15.8,75.6,Americas
Mexico,2007,"02",1939,0.066,15.8,75.6,Americas
Mexico,2007,"02",2229,0.06,15.8,75.6,Americas
Mexico,2007,"02",2057,0.06,15.8,75.6,Americas
Mexico,2007,"02",2096,0.06,15.8,75.6,Americas
Mexico,2007,"02",1939,0.06,15.8,75.6,Americas
Mexico,2007,"02",2229,0.048,15.8,75.6,Americas
Mexico,2007,"02",2057,0.048,15.8,75.6,Americas
Mexico,2007,"02",2096,0.048,15.8,75.6,Americas
Mexico,2007,"02",1939,0.048,15.8,75.6,Americas
Mexico,2007,"03",1678,0.079,15.8,75.6,Americas
Mexico,2007,"03",1555,0.079,15.8,75.6,Americas
Mexico,2007,"03",1777,0.079,15.8,75.6,Americas
Mexico,2007,"03",1485,0.079,15.8,75.6,Americas
Mexico,2007,"03",1678,0.071,15.8,75.6,Americas
Mexico,2007,"03",1555,0.071,15.8,75.6,Americas
Mexico,2007,"03",1777,0.071,15.8,75.6,Americas
Mexico,2007,"03",1485,0.071,15.8,75.6,Americas
Mexico,2007,"03",1678,0.081,15.8,75.6,Americas
Mexico,2007,"03",1555,0.081,15.8,75.6,Americas
Mexico,2007,"03",1777,0.081,15.8,75.6,Americas
Mexico,2007,"03",1485,0.081,15.8,75.6,Americas
Mexico,2007,"03",1678,0.072,15.8,75.6,Americas
Mexico,2007,"03",1555,0.072,15.8,75.6,Americas
Mexico,2007,"03",1777,0.072,15.8,75.6,Americas
Mexico,2007,"03",1485,0.072,15.8,75.6,Americas
Mexico,2007,"04",1081,0.066,15.8,75.6,Americas
Mexico,2007,"04",1112,0.066,15.8,75.6,Americas
Mexico,2007,"04",1207,0.066,15.8,75.6,Americas
Mexico,2007,"04",1159,0.066,15.8,75.6,Americas
Mexico,2007,"04",1174,0.066,15.8,75.6,Americas
Mexico,2007,"04",1081,0.068,15.8,75.6,Americas
Mexico,2007,"04",1112,0.068,15.8,75.6,Americas
Mexico,2007,"04",1207,0.068,15.8,75.6,Americas
Mexico,2007,"04",1159,0.068,15.8,75.6,Americas
Mexico,2007,"04",1174,0.068,15.8,75.6,Americas
Mexico,2007,"04",1081,0.083,15.8,75.6,Americas
Mexico,2007,"04",1112,0.083,15.8,75.6,Americas
Mexico,2007,"04",1207,0.083,15.8,75.6,Americas
Mexico,2007,"04",1159,0.083,15.8,75.6,Americas
Mexico,2007,"04",1174,0.083,15.8,75.6,Americas
Mexico,2007,"04",1081,0.058,15.8,75.6,Americas
Mexico,2007,"04",1112,0.058,15.8,75.6,Americas
Mexico,2007,"04",1207,0.058,15.8,75.6,Americas
Mexico,2007,"04",1159,0.058,15.8,75.6,Americas
Mexico,2007,"04",1174,0.058,15.8,75.6,Americas
Mexico,2007,"04",1081,0.073,15.8,75.6,Americas
Mexico,2007,"04",1112,0.073,15.8,75.6,Americas
Mexico,2007,"04",1207,0.073,15.8,75.6,Americas
Mexico,2007,"04",1159,0.073,15.8,75.6,Americas
Mexico,2007,"04",1174,0.073,15.8,75.6,Americas
Mexico,2007,"05",1040,0.081,15.8,75.6,Americas
Mexico,2007,"05",1059,0.081,15.8,75.6,Americas
Mexico,2007,"05",1071,0.081,15.8,75.6,Americas
Mexico,2007,"05",1010,0.081,15.8,75.6,Americas
Mexico,2007,"05",1040,0.061,15.8,75.6,Americas
Mexico,2007,"05",1059,0.061,15.8,75.6,Americas
Mexico,2007,"05",1071,0.061,15.8,75.6,Americas
Mexico,2007,"05",1010,0.061,15.8,75.6,Americas
Mexico,2007,"05",1040,0.056,15.8,75.6,Americas
Mexico,2007,"05",1059,0.056,15.8,75.6,Americas
Mexico,2007,"05",1071,0.056,15.8,75.6,Americas
Mexico,2007,"05",1010,0.056,15.8,75.6,Americas
Mexico,2007,"05",1040,0.07,15.8,75.6,Americas
Mexico,2007,"05",1059,0.07,15.8,75.6,Americas
Mexico,2007,"05",1071,0.07,15.8,75.6,Americas
Mexico,2007,"05",1010,0.07,15.8,75.6,Americas
Mexico,2007,"06",949,0.1,15.8,75.6,Americas
Mexico,2007,"06",873,0.1,15.8,75.6,Americas
Mexico,2007,"06",815,0.1,15.8,75.6,Americas
Mexico,2007,"06",990,0.1,15.8,75.6,Americas
Mexico,2007,"06",949,0.096,15.8,75.6,Americas
Mexico,2007,"06",873,0.096,15.8,75.6,Americas
Mexico,2007,"06",815,0.096,15.8,75.6,Americas
Mexico,2007,"06",990,0.096,15.8,75.6,Americas
Mexico,2007,"06",949,0.091,15.8,75.6,Americas
Mexico,2007,"06",873,0.091,15.8,75.6,Americas
Mexico,2007,"06",815,0.091,15.8,75.6,Americas
Mexico,2007,"06",990,0.091,15.8,75.6,Americas
Mexico,2007,"06",949,0.115,15.8,75.6,Americas
Mexico,2007,"06",873,0.115,15.8,75.6,Americas
Mexico,2007,"06",815,0.115,15.8,75.6,Americas
Mexico,2007,"06",990,0.115,15.8,75.6,Americas
Mexico,2007,"07",822,0.116,15.8,75.6,Americas
Mexico,2007,"07",847,0.116,15.8,75.6,Americas
Mexico,2007,"07",810,0.116,15.8,75.6,Americas
Mexico,2007,"07",830,0.116,15.8,75.6,Americas
Mexico,2007,"07",795,0.116,15.8,75.6,Americas
Mexico,2007,"07",822,0.106,15.8,75.6,Americas
Mexico,2007,"07",847,0.106,15.8,75.6,Americas
Mexico,2007,"07",810,0.106,15.8,75.6,Americas
Mexico,2007,"07",830,0.106,15.8,75.6,Americas
Mexico,2007,"07",795,0.106,15.8,75.6,Americas
Mexico,2007,"07",822,0.104,15.8,75.6,Americas
Mexico,2007,"07",847,0.104,15.8,75.6,Americas
Mexico,2007,"07",810,0.104,15.8,75.6,Americas
Mexico,2007,"07",830,0.104,15.8,75.6,Americas
Mexico,2007,"07",795,0.104,15.8,75.6,Americas
Mexico,2007,"07",822,0.104,15.8,75.6,Americas
Mexico,2007,"07",847,0.104,15.8,75.6,Americas
Mexico,2007,"07",810,0.104,15.8,75.6,Americas
Mexico,2007,"07",830,0.104,15.8,75.6,Americas
Mexico,2007,"07",795,0.104,15.8,75.6,Americas
Mexico,2007,"07",822,0.118,15.8,75.6,Americas
Mexico,2007,"07",847,0.118,15.8,75.6,Americas
Mexico,2007,"07",810,0.118,15.8,75.6,Americas
Mexico,2007,"07",830,0.118,15.8,75.6,Americas
Mexico,2007,"07",795,0.118,15.8,75.6,Americas
Mexico,2007,"08",820,0.178,15.8,75.6,Americas
Mexico,2007,"08",809,0.178,15.8,75.6,Americas
Mexico,2007,"08",782,0.178,15.8,75.6,Americas
Mexico,2007,"08",731,0.178,15.8,75.6,Americas
Mexico,2007,"08",820,0.133,15.8,75.6,Americas
Mexico,2007,"08",809,0.133,15.8,75.6,Americas
Mexico,2007,"08",782,0.133,15.8,75.6,Americas
Mexico,2007,"08",731,0.133,15.8,75.6,Americas
Mexico,2007,"08",820,0.123,15.8,75.6,Americas
Mexico,2007,"08",809,0.123,15.8,75.6,Americas
Mexico,2007,"08",782,0.123,15.8,75.6,Americas
Mexico,2007,"08",731,0.123,15.8,75.6,Americas
Mexico,2007,"08",820,0.149,15.8,75.6,Americas
Mexico,2007,"08",809,0.149,15.8,75.6,Americas
Mexico,2007,"08",782,0.149,15.8,75.6,Americas
Mexico,2007,"08",731,0.149,15.8,75.6,Americas
Mexico,2007,"09",1160,0.192,15.8,75.6,Americas
Mexico,2007,"09",1183,0.192,15.8,75.6,Americas
Mexico,2007,"09",1165,0.192,15.8,75.6,Americas
Mexico,2007,"09",957,0.192,15.8,75.6,Americas
Mexico,2007,"09",1070,0.192,15.8,75.6,Americas
Mexico,2007,"09",1160,0.24,15.8,75.6,Americas
Mexico,2007,"09",1183,0.24,15.8,75.6,Americas
Mexico,2007,"09",1165,0.24,15.8,75.6,Americas
Mexico,2007,"09",957,0.24,15.8,75.6,Americas
Mexico,2007,"09",1070,0.24,15.8,75.6,Americas
Mexico,2007,"09",1160,0.186,15.8,75.6,Americas
Mexico,2007,"09",1183,0.186,15.8,75.6,Americas
Mexico,2007,"09",1165,0.186,15.8,75.6,Americas
Mexico,2007,"09",957,0.186,15.8,75.6,Americas
Mexico,2007,"09",1070,0.186,15.8,75.6,Americas
Mexico,2007,"09",1160,0.345,15.8,75.6,Americas
Mexico,2007,"09",1183,0.345,15.8,75.6,Americas
Mexico,2007,"09",1165,0.345,15.8,75.6,Americas
Mexico,2007,"09",957,0.345,15.8,75.6,Americas
Mexico,2007,"09",1070,0.345,15.8,75.6,Americas
Mexico,2007,"09",1160,0.274,15.8,75.6,Americas
Mexico,2007,"09",1183,0.274,15.8,75.6,Americas
Mexico,2007,"09",1165,0.274,15.8,75.6,Americas
Mexico,2007,"09",957,0.274,15.8,75.6,Americas
Mexico,2007,"09",1070,0.274,15.8,75.6,Americas
Mexico,2007,"10",1329,0.529,15.8,75.6,Americas
Mexico,2007,"10",1255,0.529,15.8,75.6,Americas
Mexico,2007,"10",1236,0.529,15.8,75.6,Americas
Mexico,2007,"10",1198,0.529,15.8,75.6,Americas
Mexico,2007,"10",1329,0.488,15.8,75.6,Americas
Mexico,2007,"10",1255,0.488,15.8,75.6,Americas
Mexico,2007,"10",1236,0.488,15.8,75.6,Americas
Mexico,2007,"10",1198,0.488,15.8,75.6,Americas
Mexico,2007,"10",1329,0.586,15.8,75.6,Americas
Mexico,2007,"10",1255,0.586,15.8,75.6,Americas
Mexico,2007,"10",1236,0.586,15.8,75.6,Americas
Mexico,2007,"10",1198,0.586,15.8,75.6,Americas
Mexico,2007,"10",1329,0.363,15.8,75.6,Americas
Mexico,2007,"10",1255,0.363,15.8,75.6,Americas
Mexico,2007,"10",1236,0.363,15.8,75.6,Americas
Mexico,2007,"10",1198,0.363,15.8,75.6,Americas
Mexico,2007,"11",1429,0.162,15.8,75.6,Americas
Mexico,2007,"11",1514,0.162,15.8,75.6,Americas
Mexico,2007,"11",1423,0.162,15.8,75.6,Americas
Mexico,2007,"11",1516,0.162,15.8,75.6,Americas
Mexico,2007,"11",1429,0.287,15.8,75.6,Americas
Mexico,2007,"11",1514,0.287,15.8,75.6,Americas
Mexico,2007,"11",1423,0.287,15.8,75.6,Americas
Mexico,2007,"11",1516,0.287,15.8,75.6,Americas
Mexico,2007,"11",1429,0.397,15.8,75.6,Americas
Mexico,2007,"11",1514,0.397,15.8,75.6,Americas
Mexico,2007,"11",1423,0.397,15.8,75.6,Americas
Mexico,2007,"11",1516,0.397,15.8,75.6,Americas
Mexico,2007,"11",1429,0.214,15.8,75.6,Americas
Mexico,2007,"11",1514,0.214,15.8,75.6,Americas
Mexico,2007,"11",1423,0.214,15.8,75.6,Americas
Mexico,2007,"11",1516,0.214,15.8,75.6,Americas
Mexico,2007,"12",1649,0.088,15.8,75.6,Americas
Mexico,2007,"12",1717,0.088,15.8,75.6,Americas
Mexico,2007,"12",1527,0.088,15.8,75.6,Americas
Mexico,2007,"12",1854,0.088,15.8,75.6,Americas
Mexico,2007,"12",1718,0.088,15.8,75.6,Americas
Mexico,2007,"12",1649,0.058,15.8,75.6,Americas
Mexico,2007,"12",1717,0.058,15.8,75.6,Americas
Mexico,2007,"12",1527,0.058,15.8,75.6,Americas
Mexico,2007,"12",1854,0.058,15.8,75.6,Americas
Mexico,2007,"12",1718,0.058,15.8,75.6,Americas
Mexico,2007,"12",1649,0.069,15.8,75.6,Americas
Mexico,2007,"12",1717,0.069,15.8,75.6,Americas
Mexico,2007,"12",1527,0.069,15.8,75.6,Americas
Mexico,2007,"12",1854,0.069,15.8,75.6,Americas
Mexico,2007,"12",1718,0.069,15.8,75.6,Americas
Mexico,2007,"12",1649,0.159,15.8,75.6,Americas
Mexico,2007,"12",1717,0.159,15.8,75.6,Americas
Mexico,2007,"12",1527,0.159,15.8,75.6,Americas
Mexico,2007,"12",1854,0.159,15.8,75.6,Americas
Mexico,2007,"12",1718,0.159,15.8,75.6,Americas
Mexico,2007,"12",1649,0.115,15.8,75.6,Americas
Mexico,2007,"12",1717,0.115,15.8,75.6,Americas
Mexico,2007,"12",1527,0.115,15.8,75.6,Americas
Mexico,2007,"12",1854,0.115,15.8,75.6,Americas
Mexico,2007,"12",1718,0.115,15.8,75.6,Americas
Mexico,2008,"01",2218,0.057,15.4,75.4,Americas
Mexico,2008,"01",1948,0.057,15.4,75.4,Americas
Mexico,2008,"01",2907,0.057,15.4,75.4,Americas
Mexico,2008,"01",2579,0.057,15.4,75.4,Americas
Mexico,2008,"01",2218,0.063,15.4,75.4,Americas
Mexico,2008,"01",1948,0.063,15.4,75.4,Americas
Mexico,2008,"01",2907,0.063,15.4,75.4,Americas
Mexico,2008,"01",2579,0.063,15.4,75.4,Americas
Mexico,2008,"01",2218,0.063,15.4,75.4,Americas
Mexico,2008,"01",1948,0.063,15.4,75.4,Americas
Mexico,2008,"01",2907,0.063,15.4,75.4,Americas
Mexico,2008,"01",2579,0.063,15.4,75.4,Americas
Mexico,2008,"01",2218,0.055,15.4,75.4,Americas
Mexico,2008,"01",1948,0.055,15.4,75.4,Americas
Mexico,2008,"01",2907,0.055,15.4,75.4,Americas
Mexico,2008,"01",2579,0.055,15.4,75.4,Americas
Mexico,2008,"02",1699,0.064,15.4,75.4,Americas
Mexico,2008,"02",1924,0.064,15.4,75.4,Americas
Mexico,2008,"02",1615,0.064,15.4,75.4,Americas
Mexico,2008,"02",1691,0.064,15.4,75.4,Americas
Mexico,2008,"02",1699,0.062,15.4,75.4,Americas
Mexico,2008,"02",1924,0.062,15.4,75.4,Americas
Mexico,2008,"02",1615,0.062,15.4,75.4,Americas
Mexico,2008,"02",1691,0.062,15.4,75.4,Americas
Mexico,2008,"02",1699,0.058,15.4,75.4,Americas
Mexico,2008,"02",1924,0.058,15.4,75.4,Americas
Mexico,2008,"02",1615,0.058,15.4,75.4,Americas
Mexico,2008,"02",1691,0.058,15.4,75.4,Americas
Mexico,2008,"02",1699,0.063,15.4,75.4,Americas
Mexico,2008,"02",1924,0.063,15.4,75.4,Americas
Mexico,2008,"02",1615,0.063,15.4,75.4,Americas
Mexico,2008,"02",1691,0.063,15.4,75.4,Americas
Mexico,2008,"03",1524,0.065,15.4,75.4,Americas
Mexico,2008,"03",1203,0.065,15.4,75.4,Americas
Mexico,2008,"03",1091,0.065,15.4,75.4,Americas
Mexico,2008,"03",1380,0.065,15.4,75.4,Americas
Mexico,2008,"03",1165,0.065,15.4,75.4,Americas
Mexico,2008,"03",1524,0.054,15.4,75.4,Americas
Mexico,2008,"03",1203,0.054,15.4,75.4,Americas
Mexico,2008,"03",1091,0.054,15.4,75.4,Americas
Mexico,2008,"03",1380,0.054,15.4,75.4,Americas
Mexico,2008,"03",1165,0.054,15.4,75.4,Americas
Mexico,2008,"03",1524,0.069,15.4,75.4,Americas
Mexico,2008,"03",1203,0.069,15.4,75.4,Americas
Mexico,2008,"03",1091,0.069,15.4,75.4,Americas
Mexico,2008,"03",1380,0.069,15.4,75.4,Americas
Mexico,2008,"03",1165,0.069,15.4,75.4,Americas
Mexico,2008,"03",1524,0.065,15.4,75.4,Americas
Mexico,2008,"03",1203,0.065,15.4,75.4,Americas
Mexico,2008,"03",1091,0.065,15.4,75.4,Americas
Mexico,2008,"03",1380,0.065,15.4,75.4,Americas
Mexico,2008,"03",1165,0.065,15.4,75.4,Americas
Mexico,2008,"03",1524,0.055,15.4,75.4,Americas
Mexico,2008,"03",1203,0.055,15.4,75.4,Americas
Mexico,2008,"03",1091,0.055,15.4,75.4,Americas
Mexico,2008,"03",1380,0.055,15.4,75.4,Americas
Mexico,2008,"03",1165,0.055,15.4,75.4,Americas
Mexico,2008,"04",905,0.063,15.4,75.4,Americas
Mexico,2008,"04",1054,0.063,15.4,75.4,Americas
Mexico,2008,"04",1006,0.063,15.4,75.4,Americas
Mexico,2008,"04",1001,0.063,15.4,75.4,Americas
Mexico,2008,"04",905,0.081,15.4,75.4,Americas
Mexico,2008,"04",1054,0.081,15.4,75.4,Americas
Mexico,2008,"04",1006,0.081,15.4,75.4,Americas
Mexico,2008,"04",1001,0.081,15.4,75.4,Americas
Mexico,2008,"04",905,0.078,15.4,75.4,Americas
Mexico,2008,"04",1054,0.078,15.4,75.4,Americas
Mexico,2008,"04",1006,0.078,15.4,75.4,Americas
Mexico,2008,"04",1001,0.078,15.4,75.4,Americas
Mexico,2008,"04",905,0.078,15.4,75.4,Americas
Mexico,2008,"04",1054,0.078,15.4,75.4,Americas
Mexico,2008,"04",1006,0.078,15.4,75.4,Americas
Mexico,2008,"04",1001,0.078,15.4,75.4,Americas
Mexico,2008,"05",851,0.101,15.4,75.4,Americas
Mexico,2008,"05",849,0.101,15.4,75.4,Americas
Mexico,2008,"05",880,0.101,15.4,75.4,Americas
Mexico,2008,"05",849,0.101,15.4,75.4,Americas
Mexico,2008,"05",851,0.071,15.4,75.4,Americas
Mexico,2008,"05",849,0.071,15.4,75.4,Americas
Mexico,2008,"05",880,0.071,15.4,75.4,Americas
Mexico,2008,"05",849,0.071,15.4,75.4,Americas
Mexico,2008,"05",851,0.066,15.4,75.4,Americas
Mexico,2008,"05",849,0.066,15.4,75.4,Americas
Mexico,2008,"05",880,0.066,15.4,75.4,Americas
Mexico,2008,"05",849,0.066,15.4,75.4,Americas
Mexico,2008,"05",851,0.079,15.4,75.4,Americas
Mexico,2008,"05",849,0.079,15.4,75.4,Americas
Mexico,2008,"05",880,0.079,15.4,75.4,Americas
Mexico,2008,"05",849,0.079,15.4,75.4,Americas
Mexico,2008,"06",717,0.097,15.4,75.4,Americas
Mexico,2008,"06",757,0.097,15.4,75.4,Americas
Mexico,2008,"06",790,0.097,15.4,75.4,Americas
Mexico,2008,"06",681,0.097,15.4,75.4,Americas
Mexico,2008,"06",703,0.097,15.4,75.4,Americas
Mexico,2008,"06",717,0.12,15.4,75.4,Americas
Mexico,2008,"06",757,0.12,15.4,75.4,Americas
Mexico,2008,"06",790,0.12,15.4,75.4,Americas
Mexico,2008,"06",681,0.12,15.4,75.4,Americas
Mexico,2008,"06",703,0.12,15.4,75.4,Americas
Mexico,2008,"06",717,0.142,15.4,75.4,Americas
Mexico,2008,"06",757,0.142,15.4,75.4,Americas
Mexico,2008,"06",790,0.142,15.4,75.4,Americas
Mexico,2008,"06",681,0.142,15.4,75.4,Americas
Mexico,2008,"06",703,0.142,15.4,75.4,Americas
Mexico,2008,"06",717,0.103,15.4,75.4,Americas
Mexico,2008,"06",757,0.103,15.4,75.4,Americas
Mexico,2008,"06",790,0.103,15.4,75.4,Americas
Mexico,2008,"06",681,0.103,15.4,75.4,Americas
Mexico,2008,"06",703,0.103,15.4,75.4,Americas
Mexico,2008,"06",717,0.109,15.4,75.4,Americas
Mexico,2008,"06",757,0.109,15.4,75.4,Americas
Mexico,2008,"06",790,0.109,15.4,75.4,Americas
Mexico,2008,"06",681,0.109,15.4,75.4,Americas
Mexico,2008,"06",703,0.109,15.4,75.4,Americas
Mexico,2008,"07",712,0.109,15.4,75.4,Americas
Mexico,2008,"07",681,0.109,15.4,75.4,Americas
Mexico,2008,"07",688,0.109,15.4,75.4,Americas
Mexico,2008,"07",698,0.109,15.4,75.4,Americas
Mexico,2008,"07",712,0.131,15.4,75.4,Americas
Mexico,2008,"07",681,0.131,15.4,75.4,Americas
Mexico,2008,"07",688,0.131,15.4,75.4,Americas
Mexico,2008,"07",698,0.131,15.4,75.4,Americas
Mexico,2008,"07",712,0.132,15.4,75.4,Americas
Mexico,2008,"07",681,0.132,15.4,75.4,Americas
Mexico,2008,"07",688,0.132,15.4,75.4,Americas
Mexico,2008,"07",698,0.132,15.4,75.4,Americas
Mexico,2008,"07",712,0.128,15.4,75.4,Americas
Mexico,2008,"07",681,0.128,15.4,75.4,Americas
Mexico,2008,"07",688,0.128,15.4,75.4,Americas
Mexico,2008,"07",698,0.128,15.4,75.4,Americas
Mexico,2008,"08",799,0.157,15.4,75.4,Americas
Mexico,2008,"08",653,0.157,15.4,75.4,Americas
Mexico,2008,"08",707,0.157,15.4,75.4,Americas
Mexico,2008,"08",633,0.157,15.4,75.4,Americas
Mexico,2008,"08",633,0.157,15.4,75.4,Americas
Mexico,2008,"08",799,0.135,15.4,75.4,Americas
Mexico,2008,"08",653,0.135,15.4,75.4,Americas
Mexico,2008,"08",707,0.135,15.4,75.4,Americas
Mexico,2008,"08",633,0.135,15.4,75.4,Americas
Mexico,2008,"08",633,0.135,15.4,75.4,Americas
Mexico,2008,"08",799,0.125,15.4,75.4,Americas
Mexico,2008,"08",653,0.125,15.4,75.4,Americas
Mexico,2008,"08",707,0.125,15.4,75.4,Americas
Mexico,2008,"08",633,0.125,15.4,75.4,Americas
Mexico,2008,"08",633,0.125,15.4,75.4,Americas
Mexico,2008,"08",799,0.137,15.4,75.4,Americas
Mexico,2008,"08",653,0.137,15.4,75.4,Americas
Mexico,2008,"08",707,0.137,15.4,75.4,Americas
Mexico,2008,"08",633,0.137,15.4,75.4,Americas
Mexico,2008,"08",633,0.137,15.4,75.4,Americas
Mexico,2008,"08",799,0.123,15.4,75.4,Americas
Mexico,2008,"08",653,0.123,15.4,75.4,Americas
Mexico,2008,"08",707,0.123,15.4,75.4,Americas
Mexico,2008,"08",633,0.123,15.4,75.4,Americas
Mexico,2008,"08",633,0.123,15.4,75.4,Americas
Mexico,2008,"09",953,0.2,15.4,75.4,Americas
Mexico,2008,"09",1022,0.2,15.4,75.4,Americas
Mexico,2008,"09",914,0.2,15.4,75.4,Americas
Mexico,2008,"09",865,0.2,15.4,75.4,Americas
Mexico,2008,"09",953,0.208,15.4,75.4,Americas
Mexico,2008,"09",1022,0.208,15.4,75.4,Americas
Mexico,2008,"09",914,0.208,15.4,75.4,Americas
Mexico,2008,"09",865,0.208,15.4,75.4,Americas
Mexico,2008,"09",953,0.259,15.4,75.4,Americas
Mexico,2008,"09",1022,0.259,15.4,75.4,Americas
Mexico,2008,"09",914,0.259,15.4,75.4,Americas
Mexico,2008,"09",865,0.259,15.4,75.4,Americas
Mexico,2008,"09",953,0.191,15.4,75.4,Americas
Mexico,2008,"09",1022,0.191,15.4,75.4,Americas
Mexico,2008,"09",914,0.191,15.4,75.4,Americas
Mexico,2008,"09",865,0.191,15.4,75.4,Americas
Mexico,2008,"10",1142,0.243,15.4,75.4,Americas
Mexico,2008,"10",1018,0.243,15.4,75.4,Americas
Mexico,2008,"10",1035,0.243,15.4,75.4,Americas
Mexico,2008,"10",1101,0.243,15.4,75.4,Americas
Mexico,2008,"10",1142,0.217,15.4,75.4,Americas
Mexico,2008,"10",1018,0.217,15.4,75.4,Americas
Mexico,2008,"10",1035,0.217,15.4,75.4,Americas
Mexico,2008,"10",1101,0.217,15.4,75.4,Americas
Mexico,2008,"10",1142,0.224,15.4,75.4,Americas
Mexico,2008,"10",1018,0.224,15.4,75.4,Americas
Mexico,2008,"10",1035,0.224,15.4,75.4,Americas
Mexico,2008,"10",1101,0.224,15.4,75.4,Americas
Mexico,2008,"10",1142,0.201,15.4,75.4,Americas
Mexico,2008,"10",1018,0.201,15.4,75.4,Americas
Mexico,2008,"10",1035,0.201,15.4,75.4,Americas
Mexico,2008,"10",1101,0.201,15.4,75.4,Americas
Mexico,2008,"11",1297,0.12,15.4,75.4,Americas
Mexico,2008,"11",1285,0.12,15.4,75.4,Americas
Mexico,2008,"11",1376,0.12,15.4,75.4,Americas
Mexico,2008,"11",1241,0.12,15.4,75.4,Americas
Mexico,2008,"11",1254,0.12,15.4,75.4,Americas
Mexico,2008,"11",1297,0.179,15.4,75.4,Americas
Mexico,2008,"11",1285,0.179,15.4,75.4,Americas
Mexico,2008,"11",1376,0.179,15.4,75.4,Americas
Mexico,2008,"11",1241,0.179,15.4,75.4,Americas
Mexico,2008,"11",1254,0.179,15.4,75.4,Americas
Mexico,2008,"11",1297,0.136,15.4,75.4,Americas
Mexico,2008,"11",1285,0.136,15.4,75.4,Americas
Mexico,2008,"11",1376,0.136,15.4,75.4,Americas
Mexico,2008,"11",1241,0.136,15.4,75.4,Americas
Mexico,2008,"11",1254,0.136,15.4,75.4,Americas
Mexico,2008,"11",1297,0.17,15.4,75.4,Americas
Mexico,2008,"11",1285,0.17,15.4,75.4,Americas
Mexico,2008,"11",1376,0.17,15.4,75.4,Americas
Mexico,2008,"11",1241,0.17,15.4,75.4,Americas
Mexico,2008,"11",1254,0.17,15.4,75.4,Americas
Mexico,2008,"11",1297,0.148,15.4,75.4,Americas
Mexico,2008,"11",1285,0.148,15.4,75.4,Americas
Mexico,2008,"11",1376,0.148,15.4,75.4,Americas
Mexico,2008,"11",1241,0.148,15.4,75.4,Americas
Mexico,2008,"11",1254,0.148,15.4,75.4,Americas
Mexico,2008,"12",1424,0.102,15.4,75.4,Americas
Mexico,2008,"12",1471,0.102,15.4,75.4,Americas
Mexico,2008,"12",1450,0.102,15.4,75.4,Americas
Mexico,2008,"12",1535,0.102,15.4,75.4,Americas
Mexico,2008,"12",1424,0.057,15.4,75.4,Americas
Mexico,2008,"12",1471,0.057,15.4,75.4,Americas
Mexico,2008,"12",1450,0.057,15.4,75.4,Americas
Mexico,2008,"12",1535,0.057,15.4,75.4,Americas
Mexico,2008,"12",1424,0.06,15.4,75.4,Americas
Mexico,2008,"12",1471,0.06,15.4,75.4,Americas
Mexico,2008,"12",1450,0.06,15.4,75.4,Americas
Mexico,2008,"12",1535,0.06,15.4,75.4,Americas
Mexico,2008,"12",1424,0.073,15.4,75.4,Americas
Mexico,2008,"12",1471,0.073,15.4,75.4,Americas
Mexico,2008,"12",1450,0.073,15.4,75.4,Americas
Mexico,2008,"12",1535,0.073,15.4,75.4,Americas
Mexico,2009,"01",1925,0.062,15,75.3,Americas
Mexico,2009,"01",2092,0.062,15,75.3,Americas
Mexico,2009,"01",1975,0.062,15,75.3,Americas
Mexico,2009,"01",1441,0.062,15,75.3,Americas
Mexico,2009,"01",1925,0.066,15,75.3,Americas
Mexico,2009,"01",2092,0.066,15,75.3,Americas
Mexico,2009,"01",1975,0.066,15,75.3,Americas
Mexico,2009,"01",1441,0.066,15,75.3,Americas
Mexico,2009,"01",1925,0.058,15,75.3,Americas
Mexico,2009,"01",2092,0.058,15,75.3,Americas
Mexico,2009,"01",1975,0.058,15,75.3,Americas
Mexico,2009,"01",1441,0.058,15,75.3,Americas
Mexico,2009,"01",1925,0.064,15,75.3,Americas
Mexico,2009,"01",2092,0.064,15,75.3,Americas
Mexico,2009,"01",1975,0.064,15,75.3,Americas
Mexico,2009,"01",1441,0.064,15,75.3,Americas
Mexico,2009,"02",1503,0.069,15,75.3,Americas
Mexico,2009,"02",1712,0.069,15,75.3,Americas
Mexico,2009,"02",1578,0.069,15,75.3,Americas
Mexico,2009,"02",1620,0.069,15,75.3,Americas
Mexico,2009,"02",1503,0.07,15,75.3,Americas
Mexico,2009,"02",1712,0.07,15,75.3,Americas
Mexico,2009,"02",1578,0.07,15,75.3,Americas
Mexico,2009,"02",1620,0.07,15,75.3,Americas
Mexico,2009,"02",1503,0.057,15,75.3,Americas
Mexico,2009,"02",1712,0.057,15,75.3,Americas
Mexico,2009,"02",1578,0.057,15,75.3,Americas
Mexico,2009,"02",1620,0.057,15,75.3,Americas
Mexico,2009,"02",1503,0.073,15,75.3,Americas
Mexico,2009,"02",1712,0.073,15,75.3,Americas
Mexico,2009,"02",1578,0.073,15,75.3,Americas
Mexico,2009,"02",1620,0.073,15,75.3,Americas
Mexico,2009,"03",1443,0.086,15,75.3,Americas
Mexico,2009,"03",1257,0.086,15,75.3,Americas
Mexico,2009,"03",1102,0.086,15,75.3,Americas
Mexico,2009,"03",1542,0.086,15,75.3,Americas
Mexico,2009,"03",1185,0.086,15,75.3,Americas
Mexico,2009,"03",1443,0.071,15,75.3,Americas
Mexico,2009,"03",1257,0.071,15,75.3,Americas
Mexico,2009,"03",1102,0.071,15,75.3,Americas
Mexico,2009,"03",1542,0.071,15,75.3,Americas
Mexico,2009,"03",1185,0.071,15,75.3,Americas
Mexico,2009,"03",1443,0.101,15,75.3,Americas
Mexico,2009,"03",1257,0.101,15,75.3,Americas
Mexico,2009,"03",1102,0.101,15,75.3,Americas
Mexico,2009,"03",1542,0.101,15,75.3,Americas
Mexico,2009,"03",1185,0.101,15,75.3,Americas
Mexico,2009,"03",1443,0.071,15,75.3,Americas
Mexico,2009,"03",1257,0.071,15,75.3,Americas
Mexico,2009,"03",1102,0.071,15,75.3,Americas
Mexico,2009,"03",1542,0.071,15,75.3,Americas
Mexico,2009,"03",1185,0.071,15,75.3,Americas
Mexico,2009,"03",1443,0.081,15,75.3,Americas
Mexico,2009,"03",1257,0.081,15,75.3,Americas
Mexico,2009,"03",1102,0.081,15,75.3,Americas
Mexico,2009,"03",1542,0.081,15,75.3,Americas
Mexico,2009,"03",1185,0.081,15,75.3,Americas
Mexico,2009,"04",956,0.121,15,75.3,Americas
Mexico,2009,"04",1207,0.121,15,75.3,Americas
Mexico,2009,"04",913,0.121,15,75.3,Americas
Mexico,2009,"04",998,0.121,15,75.3,Americas
Mexico,2009,"04",956,0.083,15,75.3,Americas
Mexico,2009,"04",1207,0.083,15,75.3,Americas
Mexico,2009,"04",913,0.083,15,75.3,Americas
Mexico,2009,"04",998,0.083,15,75.3,Americas
Mexico,2009,"04",956,0.121,15,75.3,Americas
Mexico,2009,"04",1207,0.121,15,75.3,Americas
Mexico,2009,"04",913,0.121,15,75.3,Americas
Mexico,2009,"04",998,0.121,15,75.3,Americas
Mexico,2009,"04",956,0.079,15,75.3,Americas
Mexico,2009,"04",1207,0.079,15,75.3,Americas
Mexico,2009,"04",913,0.079,15,75.3,Americas
Mexico,2009,"04",998,0.079,15,75.3,Americas
Mexico,2009,"05",801,0.151,15,75.3,Americas
Mexico,2009,"05",794,0.151,15,75.3,Americas
Mexico,2009,"05",870,0.151,15,75.3,Americas
Mexico,2009,"05",876,0.151,15,75.3,Americas
Mexico,2009,"05",758,0.151,15,75.3,Americas
Mexico,2009,"05",801,0.117,15,75.3,Americas
Mexico,2009,"05",794,0.117,15,75.3,Americas
Mexico,2009,"05",870,0.117,15,75.3,Americas
Mexico,2009,"05",876,0.117,15,75.3,Americas
Mexico,2009,"05",758,0.117,15,75.3,Americas
Mexico,2009,"05",801,0.07,15,75.3,Americas
Mexico,2009,"05",794,0.07,15,75.3,Americas
Mexico,2009,"05",870,0.07,15,75.3,Americas
Mexico,2009,"05",876,0.07,15,75.3,Americas
Mexico,2009,"05",758,0.07,15,75.3,Americas
Mexico,2009,"05",801,0.103,15,75.3,Americas
Mexico,2009,"05",794,0.103,15,75.3,Americas
Mexico,2009,"05",870,0.103,15,75.3,Americas
Mexico,2009,"05",876,0.103,15,75.3,Americas
Mexico,2009,"05",758,0.103,15,75.3,Americas
Mexico,2009,"05",801,0.144,15,75.3,Americas
Mexico,2009,"05",794,0.144,15,75.3,Americas
Mexico,2009,"05",870,0.144,15,75.3,Americas
Mexico,2009,"05",876,0.144,15,75.3,Americas
Mexico,2009,"05",758,0.144,15,75.3,Americas
Mexico,2009,"06",787,0.097,15,75.3,Americas
Mexico,2009,"06",840,0.097,15,75.3,Americas
Mexico,2009,"06",740,0.097,15,75.3,Americas
Mexico,2009,"06",702,0.097,15,75.3,Americas
Mexico,2009,"06",787,0.102,15,75.3,Americas
Mexico,2009,"06",840,0.102,15,75.3,Americas
Mexico,2009,"06",740,0.102,15,75.3,Americas
Mexico,2009,"06",702,0.102,15,75.3,Americas
Mexico,2009,"06",787,0.11,15,75.3,Americas
Mexico,2009,"06",840,0.11,15,75.3,Americas
Mexico,2009,"06",740,0.11,15,75.3,Americas
Mexico,2009,"06",702,0.11,15,75.3,Americas
Mexico,2009,"06",787,0.098,15,75.3,Americas
Mexico,2009,"06",840,0.098,15,75.3,Americas
Mexico,2009,"06",740,0.098,15,75.3,Americas
Mexico,2009,"06",702,0.098,15,75.3,Americas
Mexico,2009,"07",689,0.117,15,75.3,Americas
Mexico,2009,"07",705,0.117,15,75.3,Americas
Mexico,2009,"07",685,0.117,15,75.3,Americas
Mexico,2009,"07",669,0.117,15,75.3,Americas
Mexico,2009,"07",689,0.102,15,75.3,Americas
Mexico,2009,"07",705,0.102,15,75.3,Americas
Mexico,2009,"07",685,0.102,15,75.3,Americas
Mexico,2009,"07",669,0.102,15,75.3,Americas
Mexico,2009,"07",689,0.112,15,75.3,Americas
Mexico,2009,"07",705,0.112,15,75.3,Americas
Mexico,2009,"07",685,0.112,15,75.3,Americas
Mexico,2009,"07",669,0.112,15,75.3,Americas
Mexico,2009,"07",689,0.121,15,75.3,Americas
Mexico,2009,"07",705,0.121,15,75.3,Americas
Mexico,2009,"07",685,0.121,15,75.3,Americas
Mexico,2009,"07",669,0.121,15,75.3,Americas
Mexico,2009,"08",643,0.198,15,75.3,Americas
Mexico,2009,"08",653,0.198,15,75.3,Americas
Mexico,2009,"08",810,0.198,15,75.3,Americas
Mexico,2009,"08",663,0.198,15,75.3,Americas
Mexico,2009,"08",677,0.198,15,75.3,Americas
Mexico,2009,"08",643,0.218,15,75.3,Americas
Mexico,2009,"08",653,0.218,15,75.3,Americas
Mexico,2009,"08",810,0.218,15,75.3,Americas
Mexico,2009,"08",663,0.218,15,75.3,Americas
Mexico,2009,"08",677,0.218,15,75.3,Americas
Mexico,2009,"08",643,0.271,15,75.3,Americas
Mexico,2009,"08",653,0.271,15,75.3,Americas
Mexico,2009,"08",810,0.271,15,75.3,Americas
Mexico,2009,"08",663,0.271,15,75.3,Americas
Mexico,2009,"08",677,0.271,15,75.3,Americas
Mexico,2009,"08",643,0.18,15,75.3,Americas
Mexico,2009,"08",653,0.18,15,75.3,Americas
Mexico,2009,"08",810,0.18,15,75.3,Americas
Mexico,2009,"08",663,0.18,15,75.3,Americas
Mexico,2009,"08",677,0.18,15,75.3,Americas
Mexico,2009,"08",643,0.452,15,75.3,Americas
Mexico,2009,"08",653,0.452,15,75.3,Americas
Mexico,2009,"08",810,0.452,15,75.3,Americas
Mexico,2009,"08",663,0.452,15,75.3,Americas
Mexico,2009,"08",677,0.452,15,75.3,Americas
Mexico,2009,"09",1178,0.769,15,75.3,Americas
Mexico,2009,"09",1188,0.769,15,75.3,Americas
Mexico,2009,"09",1003,0.769,15,75.3,Americas
Mexico,2009,"09",1135,0.769,15,75.3,Americas
Mexico,2009,"09",1178,0.943,15,75.3,Americas
Mexico,2009,"09",1188,0.943,15,75.3,Americas
Mexico,2009,"09",1003,0.943,15,75.3,Americas
Mexico,2009,"09",1135,0.943,15,75.3,Americas
Mexico,2009,"09",1178,1,15,75.3,Americas
Mexico,2009,"09",1188,1,15,75.3,Americas
Mexico,2009,"09",1003,1,15,75.3,Americas
Mexico,2009,"09",1135,1,15,75.3,Americas
Mexico,2009,"09",1178,0.652,15,75.3,Americas
Mexico,2009,"09",1188,0.652,15,75.3,Americas
Mexico,2009,"09",1003,0.652,15,75.3,Americas
Mexico,2009,"09",1135,0.652,15,75.3,Americas
Mexico,2009,"10",1123,0.977,15,75.3,Americas
Mexico,2009,"10",1106,0.977,15,75.3,Americas
Mexico,2009,"10",1175,0.977,15,75.3,Americas
Mexico,2009,"10",1131,0.977,15,75.3,Americas
Mexico,2009,"10",1123,0.988,15,75.3,Americas
Mexico,2009,"10",1106,0.988,15,75.3,Americas
Mexico,2009,"10",1175,0.988,15,75.3,Americas
Mexico,2009,"10",1131,0.988,15,75.3,Americas
Mexico,2009,"10",1123,0.847,15,75.3,Americas
Mexico,2009,"10",1106,0.847,15,75.3,Americas
Mexico,2009,"10",1175,0.847,15,75.3,Americas
Mexico,2009,"10",1131,0.847,15,75.3,Americas
Mexico,2009,"10",1123,0.729,15,75.3,Americas
Mexico,2009,"10",1106,0.729,15,75.3,Americas
Mexico,2009,"10",1175,0.729,15,75.3,Americas
Mexico,2009,"10",1131,0.729,15,75.3,Americas
Mexico,2009,"11",1335,0.31,15,75.3,Americas
Mexico,2009,"11",1334,0.31,15,75.3,Americas
Mexico,2009,"11",1242,0.31,15,75.3,Americas
Mexico,2009,"11",1370,0.31,15,75.3,Americas
Mexico,2009,"11",1307,0.31,15,75.3,Americas
Mexico,2009,"11",1335,0.644,15,75.3,Americas
Mexico,2009,"11",1334,0.644,15,75.3,Americas
Mexico,2009,"11",1242,0.644,15,75.3,Americas
Mexico,2009,"11",1370,0.644,15,75.3,Americas
Mexico,2009,"11",1307,0.644,15,75.3,Americas
Mexico,2009,"11",1335,0.567,15,75.3,Americas
Mexico,2009,"11",1334,0.567,15,75.3,Americas
Mexico,2009,"11",1242,0.567,15,75.3,Americas
Mexico,2009,"11",1370,0.567,15,75.3,Americas
Mexico,2009,"11",1307,0.567,15,75.3,Americas
Mexico,2009,"11",1335,0.59,15,75.3,Americas
Mexico,2009,"11",1334,0.59,15,75.3,Americas
Mexico,2009,"11",1242,0.59,15,75.3,Americas
Mexico,2009,"11",1370,0.59,15,75.3,Americas
Mexico,2009,"11",1307,0.59,15,75.3,Americas
Mexico,2009,"11",1335,0.432,15,75.3,Americas
Mexico,2009,"11",1334,0.432,15,75.3,Americas
Mexico,2009,"11",1242,0.432,15,75.3,Americas
Mexico,2009,"11",1370,0.432,15,75.3,Americas
Mexico,2009,"11",1307,0.432,15,75.3,Americas
Mexico,2009,"12",1376,0.13,15,75.3,Americas
Mexico,2009,"12",1478,0.13,15,75.3,Americas
Mexico,2009,"12",1398,0.13,15,75.3,Americas
Mexico,2009,"12",1360,0.13,15,75.3,Americas
Mexico,2009,"12",1376,0.24,15,75.3,Americas
Mexico,2009,"12",1478,0.24,15,75.3,Americas
Mexico,2009,"12",1398,0.24,15,75.3,Americas
Mexico,2009,"12",1360,0.24,15,75.3,Americas
Mexico,2009,"12",1376,0.129,15,75.3,Americas
Mexico,2009,"12",1478,0.129,15,75.3,Americas
Mexico,2009,"12",1398,0.129,15,75.3,Americas
Mexico,2009,"12",1360,0.129,15,75.3,Americas
Mexico,2009,"12",1376,0.185,15,75.3,Americas
Mexico,2009,"12",1478,0.185,15,75.3,Americas
Mexico,2009,"12",1398,0.185,15,75.3,Americas
Mexico,2009,"12",1360,0.185,15,75.3,Americas
Mexico,2010,"01",1713,0.096,14.4,75.4,Americas
Mexico,2010,"01",1518,0.096,14.4,75.4,Americas
Mexico,2010,"01",1781,0.096,14.4,75.4,Americas
Mexico,2010,"01",1435,0.096,14.4,75.4,Americas
Mexico,2010,"01",1527,0.096,14.4,75.4,Americas
Mexico,2010,"01",1713,0.08,14.4,75.4,Americas
Mexico,2010,"01",1518,0.08,14.4,75.4,Americas
Mexico,2010,"01",1781,0.08,14.4,75.4,Americas
Mexico,2010,"01",1435,0.08,14.4,75.4,Americas
Mexico,2010,"01",1527,0.08,14.4,75.4,Americas
Mexico,2010,"01",1713,0.089,14.4,75.4,Americas
Mexico,2010,"01",1518,0.089,14.4,75.4,Americas
Mexico,2010,"01",1781,0.089,14.4,75.4,Americas
Mexico,2010,"01",1435,0.089,14.4,75.4,Americas
Mexico,2010,"01",1527,0.089,14.4,75.4,Americas
Mexico,2010,"01",1713,0.093,14.4,75.4,Americas
Mexico,2010,"01",1518,0.093,14.4,75.4,Americas
Mexico,2010,"01",1781,0.093,14.4,75.4,Americas
Mexico,2010,"01",1435,0.093,14.4,75.4,Americas
Mexico,2010,"01",1527,0.093,14.4,75.4,Americas
Mexico,2010,"01",1713,0.106,14.4,75.4,Americas
Mexico,2010,"01",1518,0.106,14.4,75.4,Americas
Mexico,2010,"01",1781,0.106,14.4,75.4,Americas
Mexico,2010,"01",1435,0.106,14.4,75.4,Americas
Mexico,2010,"01",1527,0.106,14.4,75.4,Americas
Mexico,2010,"02",1627,0.075,14.4,75.4,Americas
Mexico,2010,"02",1739,0.075,14.4,75.4,Americas
Mexico,2010,"02",1599,0.075,14.4,75.4,Americas
Mexico,2010,"02",1567,0.075,14.4,75.4,Americas
Mexico,2010,"02",1627,0.082,14.4,75.4,Americas
Mexico,2010,"02",1739,0.082,14.4,75.4,Americas
Mexico,2010,"02",1599,0.082,14.4,75.4,Americas
Mexico,2010,"02",1567,0.082,14.4,75.4,Americas
Mexico,2010,"02",1627,0.078,14.4,75.4,Americas
Mexico,2010,"02",1739,0.078,14.4,75.4,Americas
Mexico,2010,"02",1599,0.078,14.4,75.4,Americas
Mexico,2010,"02",1567,0.078,14.4,75.4,Americas
Mexico,2010,"02",1627,0.085,14.4,75.4,Americas
Mexico,2010,"02",1739,0.085,14.4,75.4,Americas
Mexico,2010,"02",1599,0.085,14.4,75.4,Americas
Mexico,2010,"02",1567,0.085,14.4,75.4,Americas
Mexico,2010,"03",1037,0.09,14.4,75.4,Americas
Mexico,2010,"03",1515,0.09,14.4,75.4,Americas
Mexico,2010,"03",1351,0.09,14.4,75.4,Americas
Mexico,2010,"03",1667,0.09,14.4,75.4,Americas
Mexico,2010,"03",1037,0.107,14.4,75.4,Americas
Mexico,2010,"03",1515,0.107,14.4,75.4,Americas
Mexico,2010,"03",1351,0.107,14.4,75.4,Americas
Mexico,2010,"03",1667,0.107,14.4,75.4,Americas
Mexico,2010,"03",1037,0.067,14.4,75.4,Americas
Mexico,2010,"03",1515,0.067,14.4,75.4,Americas
Mexico,2010,"03",1351,0.067,14.4,75.4,Americas
Mexico,2010,"03",1667,0.067,14.4,75.4,Americas
Mexico,2010,"03",1037,0.09,14.4,75.4,Americas
Mexico,2010,"03",1515,0.09,14.4,75.4,Americas
Mexico,2010,"03",1351,0.09,14.4,75.4,Americas
Mexico,2010,"03",1667,0.09,14.4,75.4,Americas
Mexico,2010,"04",890,0.085,14.4,75.4,Americas
Mexico,2010,"04",1009,0.085,14.4,75.4,Americas
Mexico,2010,"04",917,0.085,14.4,75.4,Americas
Mexico,2010,"04",907,0.085,14.4,75.4,Americas
Mexico,2010,"04",890,0.109,14.4,75.4,Americas
Mexico,2010,"04",1009,0.109,14.4,75.4,Americas
Mexico,2010,"04",917,0.109,14.4,75.4,Americas
Mexico,2010,"04",907,0.109,14.4,75.4,Americas
Mexico,2010,"04",890,0.103,14.4,75.4,Americas
Mexico,2010,"04",1009,0.103,14.4,75.4,Americas
Mexico,2010,"04",917,0.103,14.4,75.4,Americas
Mexico,2010,"04",907,0.103,14.4,75.4,Americas
Mexico,2010,"04",890,0.099,14.4,75.4,Americas
Mexico,2010,"04",1009,0.099,14.4,75.4,Americas
Mexico,2010,"04",917,0.099,14.4,75.4,Americas
Mexico,2010,"04",907,0.099,14.4,75.4,Americas
Mexico,2010,"05",775,0.105,14.4,75.4,Americas
Mexico,2010,"05",850,0.105,14.4,75.4,Americas
Mexico,2010,"05",811,0.105,14.4,75.4,Americas
Mexico,2010,"05",817,0.105,14.4,75.4,Americas
Mexico,2010,"05",778,0.105,14.4,75.4,Americas
Mexico,2010,"05",775,0.116,14.4,75.4,Americas
Mexico,2010,"05",850,0.116,14.4,75.4,Americas
Mexico,2010,"05",811,0.116,14.4,75.4,Americas
Mexico,2010,"05",817,0.116,14.4,75.4,Americas
Mexico,2010,"05",778,0.116,14.4,75.4,Americas
Mexico,2010,"05",775,0.123,14.4,75.4,Americas
Mexico,2010,"05",850,0.123,14.4,75.4,Americas
Mexico,2010,"05",811,0.123,14.4,75.4,Americas
Mexico,2010,"05",817,0.123,14.4,75.4,Americas
Mexico,2010,"05",778,0.123,14.4,75.4,Americas
Mexico,2010,"05",775,0.117,14.4,75.4,Americas
Mexico,2010,"05",850,0.117,14.4,75.4,Americas
Mexico,2010,"05",811,0.117,14.4,75.4,Americas
Mexico,2010,"05",817,0.117,14.4,75.4,Americas
Mexico,2010,"05",778,0.117,14.4,75.4,Americas
Mexico,2010,"05",775,0.102,14.4,75.4,Americas
Mexico,2010,"05",850,0.102,14.4,75.4,Americas
Mexico,2010,"05",811,0.102,14.4,75.4,Americas
Mexico,2010,"05",817,0.102,14.4,75.4,Americas
Mexico,2010,"05",778,0.102,14.4,75.4,Americas
Mexico,2010,"06",677,0.128,14.4,75.4,Americas
Mexico,2010,"06",715,0.128,14.4,75.4,Americas
Mexico,2010,"06",687,0.128,14.4,75.4,Americas
Mexico,2010,"06",630,0.128,14.4,75.4,Americas
Mexico,2010,"06",677,0.116,14.4,75.4,Americas
Mexico,2010,"06",715,0.116,14.4,75.4,Americas
Mexico,2010,"06",687,0.116,14.4,75.4,Americas
Mexico,2010,"06",630,0.116,14.4,75.4,Americas
Mexico,2010,"06",677,0.118,14.4,75.4,Americas
Mexico,2010,"06",715,0.118,14.4,75.4,Americas
Mexico,2010,"06",687,0.118,14.4,75.4,Americas
Mexico,2010,"06",630,0.118,14.4,75.4,Americas
Mexico,2010,"06",677,0.119,14.4,75.4,Americas
Mexico,2010,"06",715,0.119,14.4,75.4,Americas
Mexico,2010,"06",687,0.119,14.4,75.4,Americas
Mexico,2010,"06",630,0.119,14.4,75.4,Americas
Mexico,2010,"07",673,0.279,14.4,75.4,Americas
Mexico,2010,"07",713,0.279,14.4,75.4,Americas
Mexico,2010,"07",704,0.279,14.4,75.4,Americas
Mexico,2010,"07",615,0.279,14.4,75.4,Americas
Mexico,2010,"07",673,0.197,14.4,75.4,Americas
Mexico,2010,"07",713,0.197,14.4,75.4,Americas
Mexico,2010,"07",704,0.197,14.4,75.4,Americas
Mexico,2010,"07",615,0.197,14.4,75.4,Americas
Mexico,2010,"07",673,0.328,14.4,75.4,Americas
Mexico,2010,"07",713,0.328,14.4,75.4,Americas
Mexico,2010,"07",704,0.328,14.4,75.4,Americas
Mexico,2010,"07",615,0.328,14.4,75.4,Americas
Mexico,2010,"07",673,0.147,14.4,75.4,Americas
Mexico,2010,"07",713,0.147,14.4,75.4,Americas
Mexico,2010,"07",704,0.147,14.4,75.4,Americas
Mexico,2010,"07",615,0.147,14.4,75.4,Americas
Mexico,2010,"08",767,0.333,14.4,75.4,Americas
Mexico,2010,"08",846,0.333,14.4,75.4,Americas
Mexico,2010,"08",753,0.333,14.4,75.4,Americas
Mexico,2010,"08",785,0.333,14.4,75.4,Americas
Mexico,2010,"08",763,0.333,14.4,75.4,Americas
Mexico,2010,"08",767,0.287,14.4,75.4,Americas
Mexico,2010,"08",846,0.287,14.4,75.4,Americas
Mexico,2010,"08",753,0.287,14.4,75.4,Americas
Mexico,2010,"08",785,0.287,14.4,75.4,Americas
Mexico,2010,"08",763,0.287,14.4,75.4,Americas
Mexico,2010,"08",767,0.25,14.4,75.4,Americas
Mexico,2010,"08",846,0.25,14.4,75.4,Americas
Mexico,2010,"08",753,0.25,14.4,75.4,Americas
Mexico,2010,"08",785,0.25,14.4,75.4,Americas
Mexico,2010,"08",763,0.25,14.4,75.4,Americas
Mexico,2010,"08",767,0.227,14.4,75.4,Americas
Mexico,2010,"08",846,0.227,14.4,75.4,Americas
Mexico,2010,"08",753,0.227,14.4,75.4,Americas
Mexico,2010,"08",785,0.227,14.4,75.4,Americas
Mexico,2010,"08",763,0.227,14.4,75.4,Americas
Mexico,2010,"08",767,0.222,14.4,75.4,Americas
Mexico,2010,"08",846,0.222,14.4,75.4,Americas
Mexico,2010,"08",753,0.222,14.4,75.4,Americas
Mexico,2010,"08",785,0.222,14.4,75.4,Americas
Mexico,2010,"08",763,0.222,14.4,75.4,Americas
Mexico,2010,"09",947,0.196,14.4,75.4,Americas
Mexico,2010,"09",969,0.196,14.4,75.4,Americas
Mexico,2010,"09",927,0.196,14.4,75.4,Americas
Mexico,2010,"09",913,0.196,14.4,75.4,Americas
Mexico,2010,"09",947,0.216,14.4,75.4,Americas
Mexico,2010,"09",969,0.216,14.4,75.4,Americas
Mexico,2010,"09",927,0.216,14.4,75.4,Americas
Mexico,2010,"09",913,0.216,14.4,75.4,Americas
Mexico,2010,"09",947,0.209,14.4,75.4,Americas
Mexico,2010,"09",969,0.209,14.4,75.4,Americas
Mexico,2010,"09",927,0.209,14.4,75.4,Americas
Mexico,2010,"09",913,0.209,14.4,75.4,Americas
Mexico,2010,"09",947,0.216,14.4,75.4,Americas
Mexico,2010,"09",969,0.216,14.4,75.4,Americas
Mexico,2010,"09",927,0.216,14.4,75.4,Americas
Mexico,2010,"09",913,0.216,14.4,75.4,Americas
Mexico,2010,"10",1055,0.209,14.4,75.4,Americas
Mexico,2010,"10",1099,0.209,14.4,75.4,Americas
Mexico,2010,"10",1111,0.209,14.4,75.4,Americas
Mexico,2010,"10",1105,0.209,14.4,75.4,Americas
Mexico,2010,"10",1165,0.209,14.4,75.4,Americas
Mexico,2010,"10",1055,0.214,14.4,75.4,Americas
Mexico,2010,"10",1099,0.214,14.4,75.4,Americas
Mexico,2010,"10",1111,0.214,14.4,75.4,Americas
Mexico,2010,"10",1105,0.214,14.4,75.4,Americas
Mexico,2010,"10",1165,0.214,14.4,75.4,Americas
Mexico,2010,"10",1055,0.221,14.4,75.4,Americas
Mexico,2010,"10",1099,0.221,14.4,75.4,Americas
Mexico,2010,"10",1111,0.221,14.4,75.4,Americas
Mexico,2010,"10",1105,0.221,14.4,75.4,Americas
Mexico,2010,"10",1165,0.221,14.4,75.4,Americas
Mexico,2010,"10",1055,0.228,14.4,75.4,Americas
Mexico,2010,"10",1099,0.228,14.4,75.4,Americas
Mexico,2010,"10",1111,0.228,14.4,75.4,Americas
Mexico,2010,"10",1105,0.228,14.4,75.4,Americas
Mexico,2010,"10",1165,0.228,14.4,75.4,Americas
Mexico,2010,"10",1055,0.218,14.4,75.4,Americas
Mexico,2010,"10",1099,0.218,14.4,75.4,Americas
Mexico,2010,"10",1111,0.218,14.4,75.4,Americas
Mexico,2010,"10",1105,0.218,14.4,75.4,Americas
Mexico,2010,"10",1165,0.218,14.4,75.4,Americas
Mexico,2010,"11",1412,0.203,14.4,75.4,Americas
Mexico,2010,"11",1283,0.203,14.4,75.4,Americas
Mexico,2010,"11",1478,0.203,14.4,75.4,Americas
Mexico,2010,"11",1365,0.203,14.4,75.4,Americas
Mexico,2010,"11",1412,0.186,14.4,75.4,Americas
Mexico,2010,"11",1283,0.186,14.4,75.4,Americas
Mexico,2010,"11",1478,0.186,14.4,75.4,Americas
Mexico,2010,"11",1365,0.186,14.4,75.4,Americas
Mexico,2010,"11",1412,0.149,14.4,75.4,Americas
Mexico,2010,"11",1283,0.149,14.4,75.4,Americas
Mexico,2010,"11",1478,0.149,14.4,75.4,Americas
Mexico,2010,"11",1365,0.149,14.4,75.4,Americas
Mexico,2010,"11",1412,0.184,14.4,75.4,Americas
Mexico,2010,"11",1283,0.184,14.4,75.4,Americas
Mexico,2010,"11",1478,0.184,14.4,75.4,Americas
Mexico,2010,"11",1365,0.184,14.4,75.4,Americas
Mexico,2010,"12",1906,0.06,14.4,75.4,Americas
Mexico,2010,"12",1959,0.06,14.4,75.4,Americas
Mexico,2010,"12",1678,0.06,14.4,75.4,Americas
Mexico,2010,"12",1974,0.06,14.4,75.4,Americas
Mexico,2010,"12",1906,0.05,14.4,75.4,Americas
Mexico,2010,"12",1959,0.05,14.4,75.4,Americas
Mexico,2010,"12",1678,0.05,14.4,75.4,Americas
Mexico,2010,"12",1974,0.05,14.4,75.4,Americas
Mexico,2010,"12",1906,0.103,14.4,75.4,Americas
Mexico,2010,"12",1959,0.103,14.4,75.4,Americas
Mexico,2010,"12",1678,0.103,14.4,75.4,Americas
Mexico,2010,"12",1974,0.103,14.4,75.4,Americas
Mexico,2010,"12",1906,0.138,14.4,75.4,Americas
Mexico,2010,"12",1959,0.138,14.4,75.4,Americas
Mexico,2010,"12",1678,0.138,14.4,75.4,Americas
Mexico,2010,"12",1974,0.138,14.4,75.4,Americas
Mexico,2011,"01",1436,0.048,13.8,75.7,Americas
Mexico,2011,"01",1470,0.048,13.8,75.7,Americas
Mexico,2011,"01",1522,0.048,13.8,75.7,Americas
Mexico,2011,"01",1604,0.048,13.8,75.7,Americas
Mexico,2011,"01",1576,0.048,13.8,75.7,Americas
Mexico,2011,"01",1436,0.049,13.8,75.7,Americas
Mexico,2011,"01",1470,0.049,13.8,75.7,Americas
Mexico,2011,"01",1522,0.049,13.8,75.7,Americas
Mexico,2011,"01",1604,0.049,13.8,75.7,Americas
Mexico,2011,"01",1576,0.049,13.8,75.7,Americas
Mexico,2011,"01",1436,0.048,13.8,75.7,Americas
Mexico,2011,"01",1470,0.048,13.8,75.7,Americas
Mexico,2011,"01",1522,0.048,13.8,75.7,Americas
Mexico,2011,"01",1604,0.048,13.8,75.7,Americas
Mexico,2011,"01",1576,0.048,13.8,75.7,Americas
Mexico,2011,"01",1436,0.051,13.8,75.7,Americas
Mexico,2011,"01",1470,0.051,13.8,75.7,Americas
Mexico,2011,"01",1522,0.051,13.8,75.7,Americas
Mexico,2011,"01",1604,0.051,13.8,75.7,Americas
Mexico,2011,"01",1576,0.051,13.8,75.7,Americas
Mexico,2011,"01",1436,0.042,13.8,75.7,Americas
Mexico,2011,"01",1470,0.042,13.8,75.7,Americas
Mexico,2011,"01",1522,0.042,13.8,75.7,Americas
Mexico,2011,"01",1604,0.042,13.8,75.7,Americas
Mexico,2011,"01",1576,0.042,13.8,75.7,Americas
Mexico,2011,"02",1411,0.052,13.8,75.7,Americas
Mexico,2011,"02",1435,0.052,13.8,75.7,Americas
Mexico,2011,"02",1434,0.052,13.8,75.7,Americas
Mexico,2011,"02",1413,0.052,13.8,75.7,Americas
Mexico,2011,"02",1411,0.045,13.8,75.7,Americas
Mexico,2011,"02",1435,0.045,13.8,75.7,Americas
Mexico,2011,"02",1434,0.045,13.8,75.7,Americas
Mexico,2011,"02",1413,0.045,13.8,75.7,Americas
Mexico,2011,"02",1411,0.067,13.8,75.7,Americas
Mexico,2011,"02",1435,0.067,13.8,75.7,Americas
Mexico,2011,"02",1434,0.067,13.8,75.7,Americas
Mexico,2011,"02",1413,0.067,13.8,75.7,Americas
Mexico,2011,"02",1411,0.043,13.8,75.7,Americas
Mexico,2011,"02",1435,0.043,13.8,75.7,Americas
Mexico,2011,"02",1434,0.043,13.8,75.7,Americas
Mexico,2011,"02",1413,0.043,13.8,75.7,Americas
Mexico,2011,"03",1036,0.078,13.8,75.7,Americas
Mexico,2011,"03",1327,0.078,13.8,75.7,Americas
Mexico,2011,"03",1472,0.078,13.8,75.7,Americas
Mexico,2011,"03",1162,0.078,13.8,75.7,Americas
Mexico,2011,"03",1036,0.076,13.8,75.7,Americas
Mexico,2011,"03",1327,0.076,13.8,75.7,Americas
Mexico,2011,"03",1472,0.076,13.8,75.7,Americas
Mexico,2011,"03",1162,0.076,13.8,75.7,Americas
Mexico,2011,"03",1036,0.079,13.8,75.7,Americas
Mexico,2011,"03",1327,0.079,13.8,75.7,Americas
Mexico,2011,"03",1472,0.079,13.8,75.7,Americas
Mexico,2011,"03",1162,0.079,13.8,75.7,Americas
Mexico,2011,"03",1036,0.086,13.8,75.7,Americas
Mexico,2011,"03",1327,0.086,13.8,75.7,Americas
Mexico,2011,"03",1472,0.086,13.8,75.7,Americas
Mexico,2011,"03",1162,0.086,13.8,75.7,Americas
Mexico,2011,"04",735,0.081,13.8,75.7,Americas
Mexico,2011,"04",949,0.081,13.8,75.7,Americas
Mexico,2011,"04",746,0.081,13.8,75.7,Americas
Mexico,2011,"04",861,0.081,13.8,75.7,Americas
Mexico,2011,"04",735,0.085,13.8,75.7,Americas
Mexico,2011,"04",949,0.085,13.8,75.7,Americas
Mexico,2011,"04",746,0.085,13.8,75.7,Americas
Mexico,2011,"04",861,0.085,13.8,75.7,Americas
Mexico,2011,"04",735,0.062,13.8,75.7,Americas
Mexico,2011,"04",949,0.062,13.8,75.7,Americas
Mexico,2011,"04",746,0.062,13.8,75.7,Americas
Mexico,2011,"04",861,0.062,13.8,75.7,Americas
Mexico,2011,"04",735,0.085,13.8,75.7,Americas
Mexico,2011,"04",949,0.085,13.8,75.7,Americas
Mexico,2011,"04",746,0.085,13.8,75.7,Americas
Mexico,2011,"04",861,0.085,13.8,75.7,Americas
Mexico,2011,"05",669,0.084,13.8,75.7,Americas
Mexico,2011,"05",708,0.084,13.8,75.7,Americas
Mexico,2011,"05",683,0.084,13.8,75.7,Americas
Mexico,2011,"05",736,0.084,13.8,75.7,Americas
Mexico,2011,"05",675,0.084,13.8,75.7,Americas
Mexico,2011,"05",669,0.08,13.8,75.7,Americas
Mexico,2011,"05",708,0.08,13.8,75.7,Americas
Mexico,2011,"05",683,0.08,13.8,75.7,Americas
Mexico,2011,"05",736,0.08,13.8,75.7,Americas
Mexico,2011,"05",675,0.08,13.8,75.7,Americas
Mexico,2011,"05",669,0.075,13.8,75.7,Americas
Mexico,2011,"05",708,0.075,13.8,75.7,Americas
Mexico,2011,"05",683,0.075,13.8,75.7,Americas
Mexico,2011,"05",736,0.075,13.8,75.7,Americas
Mexico,2011,"05",675,0.075,13.8,75.7,Americas
Mexico,2011,"05",669,0.082,13.8,75.7,Americas
Mexico,2011,"05",708,0.082,13.8,75.7,Americas
Mexico,2011,"05",683,0.082,13.8,75.7,Americas
Mexico,2011,"05",736,0.082,13.8,75.7,Americas
Mexico,2011,"05",675,0.082,13.8,75.7,Americas
Mexico,2011,"05",669,0.081,13.8,75.7,Americas
Mexico,2011,"05",708,0.081,13.8,75.7,Americas
Mexico,2011,"05",683,0.081,13.8,75.7,Americas
Mexico,2011,"05",736,0.081,13.8,75.7,Americas
Mexico,2011,"05",675,0.081,13.8,75.7,Americas
Mexico,2011,"06",555,0.08,13.8,75.7,Americas
Mexico,2011,"06",542,0.08,13.8,75.7,Americas
Mexico,2011,"06",675,0.08,13.8,75.7,Americas
Mexico,2011,"06",630,0.08,13.8,75.7,Americas
Mexico,2011,"06",555,0.069,13.8,75.7,Americas
Mexico,2011,"06",542,0.069,13.8,75.7,Americas
Mexico,2011,"06",675,0.069,13.8,75.7,Americas
Mexico,2011,"06",630,0.069,13.8,75.7,Americas
Mexico,2011,"06",555,0.073,13.8,75.7,Americas
Mexico,2011,"06",542,0.073,13.8,75.7,Americas
Mexico,2011,"06",675,0.073,13.8,75.7,Americas
Mexico,2011,"06",630,0.073,13.8,75.7,Americas
Mexico,2011,"06",555,0.078,13.8,75.7,Americas
Mexico,2011,"06",542,0.078,13.8,75.7,Americas
Mexico,2011,"06",675,0.078,13.8,75.7,Americas
Mexico,2011,"06",630,0.078,13.8,75.7,Americas
Mexico,2011,"07",600,0.1,13.8,75.7,Americas
Mexico,2011,"07",581,0.1,13.8,75.7,Americas
Mexico,2011,"07",612,0.1,13.8,75.7,Americas
Mexico,2011,"07",594,0.1,13.8,75.7,Americas
Mexico,2011,"07",578,0.1,13.8,75.7,Americas
Mexico,2011,"07",600,0.106,13.8,75.7,Americas
Mexico,2011,"07",581,0.106,13.8,75.7,Americas
Mexico,2011,"07",612,0.106,13.8,75.7,Americas
Mexico,2011,"07",594,0.106,13.8,75.7,Americas
Mexico,2011,"07",578,0.106,13.8,75.7,Americas
Mexico,2011,"07",600,0.098,13.8,75.7,Americas
Mexico,2011,"07",581,0.098,13.8,75.7,Americas
Mexico,2011,"07",612,0.098,13.8,75.7,Americas
Mexico,2011,"07",594,0.098,13.8,75.7,Americas
Mexico,2011,"07",578,0.098,13.8,75.7,Americas
Mexico,2011,"07",600,0.086,13.8,75.7,Americas
Mexico,2011,"07",581,0.086,13.8,75.7,Americas
Mexico,2011,"07",612,0.086,13.8,75.7,Americas
Mexico,2011,"07",594,0.086,13.8,75.7,Americas
Mexico,2011,"07",578,0.086,13.8,75.7,Americas
Mexico,2011,"07",600,0.118,13.8,75.7,Americas
Mexico,2011,"07",581,0.118,13.8,75.7,Americas
Mexico,2011,"07",612,0.118,13.8,75.7,Americas
Mexico,2011,"07",594,0.118,13.8,75.7,Americas
Mexico,2011,"07",578,0.118,13.8,75.7,Americas
Mexico,2011,"08",492,0.104,13.8,75.7,Americas
Mexico,2011,"08",510,0.104,13.8,75.7,Americas
Mexico,2011,"08",543,0.104,13.8,75.7,Americas
Mexico,2011,"08",494,0.104,13.8,75.7,Americas
Mexico,2011,"08",492,0.095,13.8,75.7,Americas
Mexico,2011,"08",510,0.095,13.8,75.7,Americas
Mexico,2011,"08",543,0.095,13.8,75.7,Americas
Mexico,2011,"08",494,0.095,13.8,75.7,Americas
Mexico,2011,"08",492,0.093,13.8,75.7,Americas
Mexico,2011,"08",510,0.093,13.8,75.7,Americas
Mexico,2011,"08",543,0.093,13.8,75.7,Americas
Mexico,2011,"08",494,0.093,13.8,75.7,Americas
Mexico,2011,"08",492,0.094,13.8,75.7,Americas
Mexico,2011,"08",510,0.094,13.8,75.7,Americas
Mexico,2011,"08",543,0.094,13.8,75.7,Americas
Mexico,2011,"08",494,0.094,13.8,75.7,Americas
Mexico,2011,"09",777,0.161,13.8,75.7,Americas
Mexico,2011,"09",709,0.161,13.8,75.7,Americas
Mexico,2011,"09",657,0.161,13.8,75.7,Americas
Mexico,2011,"09",638,0.161,13.8,75.7,Americas
Mexico,2011,"09",777,0.131,13.8,75.7,Americas
Mexico,2011,"09",709,0.131,13.8,75.7,Americas
Mexico,2011,"09",657,0.131,13.8,75.7,Americas
Mexico,2011,"09",638,0.131,13.8,75.7,Americas
Mexico,2011,"09",777,0.118,13.8,75.7,Americas
Mexico,2011,"09",709,0.118,13.8,75.7,Americas
Mexico,2011,"09",657,0.118,13.8,75.7,Americas
Mexico,2011,"09",638,0.118,13.8,75.7,Americas
Mexico,2011,"09",777,0.111,13.8,75.7,Americas
Mexico,2011,"09",709,0.111,13.8,75.7,Americas
Mexico,2011,"09",657,0.111,13.8,75.7,Americas
Mexico,2011,"09",638,0.111,13.8,75.7,Americas
Mexico,2011,"10",822,0.128,13.8,75.7,Americas
Mexico,2011,"10",1067,0.128,13.8,75.7,Americas
Mexico,2011,"10",962,0.128,13.8,75.7,Americas
Mexico,2011,"10",807,0.128,13.8,75.7,Americas
Mexico,2011,"10",1020,0.128,13.8,75.7,Americas
Mexico,2011,"10",822,0.178,13.8,75.7,Americas
Mexico,2011,"10",1067,0.178,13.8,75.7,Americas
Mexico,2011,"10",962,0.178,13.8,75.7,Americas
Mexico,2011,"10",807,0.178,13.8,75.7,Americas
Mexico,2011,"10",1020,0.178,13.8,75.7,Americas
Mexico,2011,"10",822,0.167,13.8,75.7,Americas
Mexico,2011,"10",1067,0.167,13.8,75.7,Americas
Mexico,2011,"10",962,0.167,13.8,75.7,Americas
Mexico,2011,"10",807,0.167,13.8,75.7,Americas
Mexico,2011,"10",1020,0.167,13.8,75.7,Americas
Mexico,2011,"10",822,0.165,13.8,75.7,Americas
Mexico,2011,"10",1067,0.165,13.8,75.7,Americas
Mexico,2011,"10",962,0.165,13.8,75.7,Americas
Mexico,2011,"10",807,0.165,13.8,75.7,Americas
Mexico,2011,"10",1020,0.165,13.8,75.7,Americas
Mexico,2011,"10",822,0.171,13.8,75.7,Americas
Mexico,2011,"10",1067,0.171,13.8,75.7,Americas
Mexico,2011,"10",962,0.171,13.8,75.7,Americas
Mexico,2011,"10",807,0.171,13.8,75.7,Americas
Mexico,2011,"10",1020,0.171,13.8,75.7,Americas
Mexico,2011,"11",1036,0.106,13.8,75.7,Americas
Mexico,2011,"11",1115,0.106,13.8,75.7,Americas
Mexico,2011,"11",1056,0.106,13.8,75.7,Americas
Mexico,2011,"11",1093,0.106,13.8,75.7,Americas
Mexico,2011,"11",1036,0.075,13.8,75.7,Americas
Mexico,2011,"11",1115,0.075,13.8,75.7,Americas
Mexico,2011,"11",1056,0.075,13.8,75.7,Americas
Mexico,2011,"11",1093,0.075,13.8,75.7,Americas
Mexico,2011,"11",1036,0.13,13.8,75.7,Americas
Mexico,2011,"11",1115,0.13,13.8,75.7,Americas
Mexico,2011,"11",1056,0.13,13.8,75.7,Americas
Mexico,2011,"11",1093,0.13,13.8,75.7,Americas
Mexico,2011,"11",1036,0.086,13.8,75.7,Americas
Mexico,2011,"11",1115,0.086,13.8,75.7,Americas
Mexico,2011,"11",1056,0.086,13.8,75.7,Americas
Mexico,2011,"11",1093,0.086,13.8,75.7,Americas
Mexico,2011,"12",1473,0.067,13.8,75.7,Americas
Mexico,2011,"12",1184,0.067,13.8,75.7,Americas
Mexico,2011,"12",1359,0.067,13.8,75.7,Americas
Mexico,2011,"12",1283,0.067,13.8,75.7,Americas
Mexico,2011,"12",1473,0.049,13.8,75.7,Americas
Mexico,2011,"12",1184,0.049,13.8,75.7,Americas
Mexico,2011,"12",1359,0.049,13.8,75.7,Americas
Mexico,2011,"12",1283,0.049,13.8,75.7,Americas
Mexico,2011,"12",1473,0.048,13.8,75.7,Americas
Mexico,2011,"12",1184,0.048,13.8,75.7,Americas
Mexico,2011,"12",1359,0.048,13.8,75.7,Americas
Mexico,2011,"12",1283,0.048,13.8,75.7,Americas
Mexico,2011,"12",1473,0.056,13.8,75.7,Americas
Mexico,2011,"12",1184,0.056,13.8,75.7,Americas
Mexico,2011,"12",1359,0.056,13.8,75.7,Americas
Mexico,2011,"12",1283,0.056,13.8,75.7,Americas
Mexico,2012,"01",1362,0.06,13.1,75.7,Americas
Mexico,2012,"01",1496,0.06,13.1,75.7,Americas
Mexico,2012,"01",1579,0.06,13.1,75.7,Americas
Mexico,2012,"01",1458,0.06,13.1,75.7,Americas
Mexico,2012,"01",1517,0.06,13.1,75.7,Americas
Mexico,2012,"01",1362,0.066,13.1,75.7,Americas
Mexico,2012,"01",1496,0.066,13.1,75.7,Americas
Mexico,2012,"01",1579,0.066,13.1,75.7,Americas
Mexico,2012,"01",1458,0.066,13.1,75.7,Americas
Mexico,2012,"01",1517,0.066,13.1,75.7,Americas
Mexico,2012,"01",1362,0.069,13.1,75.7,Americas
Mexico,2012,"01",1496,0.069,13.1,75.7,Americas
Mexico,2012,"01",1579,0.069,13.1,75.7,Americas
Mexico,2012,"01",1458,0.069,13.1,75.7,Americas
Mexico,2012,"01",1517,0.069,13.1,75.7,Americas
Mexico,2012,"01",1362,0.054,13.1,75.7,Americas
Mexico,2012,"01",1496,0.054,13.1,75.7,Americas
Mexico,2012,"01",1579,0.054,13.1,75.7,Americas
Mexico,2012,"01",1458,0.054,13.1,75.7,Americas
Mexico,2012,"01",1517,0.054,13.1,75.7,Americas
Mexico,2012,"01",1362,0.058,13.1,75.7,Americas
Mexico,2012,"01",1496,0.058,13.1,75.7,Americas
Mexico,2012,"01",1579,0.058,13.1,75.7,Americas
Mexico,2012,"01",1458,0.058,13.1,75.7,Americas
Mexico,2012,"01",1517,0.058,13.1,75.7,Americas
Mexico,2012,"02",1420,0.061,13.1,75.7,Americas
Mexico,2012,"02",1362,0.061,13.1,75.7,Americas
Mexico,2012,"02",1349,0.061,13.1,75.7,Americas
Mexico,2012,"02",1325,0.061,13.1,75.7,Americas
Mexico,2012,"02",1420,0.059,13.1,75.7,Americas
Mexico,2012,"02",1362,0.059,13.1,75.7,Americas
Mexico,2012,"02",1349,0.059,13.1,75.7,Americas
Mexico,2012,"02",1325,0.059,13.1,75.7,Americas
Mexico,2012,"02",1420,0.06,13.1,75.7,Americas
Mexico,2012,"02",1362,0.06,13.1,75.7,Americas
Mexico,2012,"02",1349,0.06,13.1,75.7,Americas
Mexico,2012,"02",1325,0.06,13.1,75.7,Americas
Mexico,2012,"02",1420,0.071,13.1,75.7,Americas
Mexico,2012,"02",1362,0.071,13.1,75.7,Americas
Mexico,2012,"02",1349,0.071,13.1,75.7,Americas
Mexico,2012,"02",1325,0.071,13.1,75.7,Americas
Mexico,2012,"03",1383,0.064,13.1,75.7,Americas
Mexico,2012,"03",1084,0.064,13.1,75.7,Americas
Mexico,2012,"03",1317,0.064,13.1,75.7,Americas
Mexico,2012,"03",1176,0.064,13.1,75.7,Americas
Mexico,2012,"03",1383,0.063,13.1,75.7,Americas
Mexico,2012,"03",1084,0.063,13.1,75.7,Americas
Mexico,2012,"03",1317,0.063,13.1,75.7,Americas
Mexico,2012,"03",1176,0.063,13.1,75.7,Americas
Mexico,2012,"03",1383,0.071,13.1,75.7,Americas
Mexico,2012,"03",1084,0.071,13.1,75.7,Americas
Mexico,2012,"03",1317,0.071,13.1,75.7,Americas
Mexico,2012,"03",1176,0.071,13.1,75.7,Americas
Mexico,2012,"03",1383,0.073,13.1,75.7,Americas
Mexico,2012,"03",1084,0.073,13.1,75.7,Americas
Mexico,2012,"03",1317,0.073,13.1,75.7,Americas
Mexico,2012,"03",1176,0.073,13.1,75.7,Americas
Mexico,2012,"04",816,0.072,13.1,75.7,Americas
Mexico,2012,"04",844,0.072,13.1,75.7,Americas
Mexico,2012,"04",921,0.072,13.1,75.7,Americas
Mexico,2012,"04",877,0.072,13.1,75.7,Americas
Mexico,2012,"04",982,0.072,13.1,75.7,Americas
Mexico,2012,"04",816,0.071,13.1,75.7,Americas
Mexico,2012,"04",844,0.071,13.1,75.7,Americas
Mexico,2012,"04",921,0.071,13.1,75.7,Americas
Mexico,2012,"04",877,0.071,13.1,75.7,Americas
Mexico,2012,"04",982,0.071,13.1,75.7,Americas
Mexico,2012,"04",816,0.07,13.1,75.7,Americas
Mexico,2012,"04",844,0.07,13.1,75.7,Americas
Mexico,2012,"04",921,0.07,13.1,75.7,Americas
Mexico,2012,"04",877,0.07,13.1,75.7,Americas
Mexico,2012,"04",982,0.07,13.1,75.7,Americas
Mexico,2012,"04",816,0.059,13.1,75.7,Americas
Mexico,2012,"04",844,0.059,13.1,75.7,Americas
Mexico,2012,"04",921,0.059,13.1,75.7,Americas
Mexico,2012,"04",877,0.059,13.1,75.7,Americas
Mexico,2012,"04",982,0.059,13.1,75.7,Americas
Mexico,2012,"04",816,0.076,13.1,75.7,Americas
Mexico,2012,"04",844,0.076,13.1,75.7,Americas
Mexico,2012,"04",921,0.076,13.1,75.7,Americas
Mexico,2012,"04",877,0.076,13.1,75.7,Americas
Mexico,2012,"04",982,0.076,13.1,75.7,Americas
Mexico,2012,"05",790,0.075,13.1,75.7,Americas
Mexico,2012,"05",813,0.075,13.1,75.7,Americas
Mexico,2012,"05",791,0.075,13.1,75.7,Americas
Mexico,2012,"05",824,0.075,13.1,75.7,Americas
Mexico,2012,"05",790,0.09,13.1,75.7,Americas
Mexico,2012,"05",813,0.09,13.1,75.7,Americas
Mexico,2012,"05",791,0.09,13.1,75.7,Americas
Mexico,2012,"05",824,0.09,13.1,75.7,Americas
Mexico,2012,"05",790,0.083,13.1,75.7,Americas
Mexico,2012,"05",813,0.083,13.1,75.7,Americas
Mexico,2012,"05",791,0.083,13.1,75.7,Americas
Mexico,2012,"05",824,0.083,13.1,75.7,Americas
Mexico,2012,"05",790,0.068,13.1,75.7,Americas
Mexico,2012,"05",813,0.068,13.1,75.7,Americas
Mexico,2012,"05",791,0.068,13.1,75.7,Americas
Mexico,2012,"05",824,0.068,13.1,75.7,Americas
Mexico,2012,"06",730,0.097,13.1,75.7,Americas
Mexico,2012,"06",796,0.097,13.1,75.7,Americas
Mexico,2012,"06",773,0.097,13.1,75.7,Americas
Mexico,2012,"06",792,0.097,13.1,75.7,Americas
Mexico,2012,"06",730,0.094,13.1,75.7,Americas
Mexico,2012,"06",796,0.094,13.1,75.7,Americas
Mexico,2012,"06",773,0.094,13.1,75.7,Americas
Mexico,2012,"06",792,0.094,13.1,75.7,Americas
Mexico,2012,"06",730,0.111,13.1,75.7,Americas
Mexico,2012,"06",796,0.111,13.1,75.7,Americas
Mexico,2012,"06",773,0.111,13.1,75.7,Americas
Mexico,2012,"06",792,0.111,13.1,75.7,Americas
Mexico,2012,"06",730,0.103,13.1,75.7,Americas
Mexico,2012,"06",796,0.103,13.1,75.7,Americas
Mexico,2012,"06",773,0.103,13.1,75.7,Americas
Mexico,2012,"06",792,0.103,13.1,75.7,Americas
Mexico,2012,"07",680,0.164,13.1,75.7,Americas
Mexico,2012,"07",779,0.164,13.1,75.7,Americas
Mexico,2012,"07",773,0.164,13.1,75.7,Americas
Mexico,2012,"07",771,0.164,13.1,75.7,Americas
Mexico,2012,"07",750,0.164,13.1,75.7,Americas
Mexico,2012,"07",680,0.117,13.1,75.7,Americas
Mexico,2012,"07",779,0.117,13.1,75.7,Americas
Mexico,2012,"07",773,0.117,13.1,75.7,Americas
Mexico,2012,"07",771,0.117,13.1,75.7,Americas
Mexico,2012,"07",750,0.117,13.1,75.7,Americas
Mexico,2012,"07",680,0.141,13.1,75.7,Americas
Mexico,2012,"07",779,0.141,13.1,75.7,Americas
Mexico,2012,"07",773,0.141,13.1,75.7,Americas
Mexico,2012,"07",771,0.141,13.1,75.7,Americas
Mexico,2012,"07",750,0.141,13.1,75.7,Americas
Mexico,2012,"07",680,0.196,13.1,75.7,Americas
Mexico,2012,"07",779,0.196,13.1,75.7,Americas
Mexico,2012,"07",773,0.196,13.1,75.7,Americas
Mexico,2012,"07",771,0.196,13.1,75.7,Americas
Mexico,2012,"07",750,0.196,13.1,75.7,Americas
Mexico,2012,"07",680,0.223,13.1,75.7,Americas
Mexico,2012,"07",779,0.223,13.1,75.7,Americas
Mexico,2012,"07",773,0.223,13.1,75.7,Americas
Mexico,2012,"07",771,0.223,13.1,75.7,Americas
Mexico,2012,"07",750,0.223,13.1,75.7,Americas
Mexico,2012,"08",858,0.288,13.1,75.7,Americas
Mexico,2012,"08",756,0.288,13.1,75.7,Americas
Mexico,2012,"08",750,0.288,13.1,75.7,Americas
Mexico,2012,"08",749,0.288,13.1,75.7,Americas
Mexico,2012,"08",858,0.309,13.1,75.7,Americas
Mexico,2012,"08",756,0.309,13.1,75.7,Americas
Mexico,2012,"08",750,0.309,13.1,75.7,Americas
Mexico,2012,"08",749,0.309,13.1,75.7,Americas
Mexico,2012,"08",858,0.235,13.1,75.7,Americas
Mexico,2012,"08",756,0.235,13.1,75.7,Americas
Mexico,2012,"08",750,0.235,13.1,75.7,Americas
Mexico,2012,"08",749,0.235,13.1,75.7,Americas
Mexico,2012,"08",858,0.258,13.1,75.7,Americas
Mexico,2012,"08",756,0.258,13.1,75.7,Americas
Mexico,2012,"08",750,0.258,13.1,75.7,Americas
Mexico,2012,"08",749,0.258,13.1,75.7,Americas
Mexico,2012,"09",1012,0.311,13.1,75.7,Americas
Mexico,2012,"09",978,0.311,13.1,75.7,Americas
Mexico,2012,"09",1085,0.311,13.1,75.7,Americas
Mexico,2012,"09",1053,0.311,13.1,75.7,Americas
Mexico,2012,"09",994,0.311,13.1,75.7,Americas
Mexico,2012,"09",1012,0.323,13.1,75.7,Americas
Mexico,2012,"09",978,0.323,13.1,75.7,Americas
Mexico,2012,"09",1085,0.323,13.1,75.7,Americas
Mexico,2012,"09",1053,0.323,13.1,75.7,Americas
Mexico,2012,"09",994,0.323,13.1,75.7,Americas
Mexico,2012,"09",1012,0.319,13.1,75.7,Americas
Mexico,2012,"09",978,0.319,13.1,75.7,Americas
Mexico,2012,"09",1085,0.319,13.1,75.7,Americas
Mexico,2012,"09",1053,0.319,13.1,75.7,Americas
Mexico,2012,"09",994,0.319,13.1,75.7,Americas
Mexico,2012,"09",1012,0.337,13.1,75.7,Americas
Mexico,2012,"09",978,0.337,13.1,75.7,Americas
Mexico,2012,"09",1085,0.337,13.1,75.7,Americas
Mexico,2012,"09",1053,0.337,13.1,75.7,Americas
Mexico,2012,"09",994,0.337,13.1,75.7,Americas
Mexico,2012,"09",1012,0.315,13.1,75.7,Americas
Mexico,2012,"09",978,0.315,13.1,75.7,Americas
Mexico,2012,"09",1085,0.315,13.1,75.7,Americas
Mexico,2012,"09",1053,0.315,13.1,75.7,Americas
Mexico,2012,"09",994,0.315,13.1,75.7,Americas
Mexico,2012,"10",1180,0.311,13.1,75.7,Americas
Mexico,2012,"10",1112,0.311,13.1,75.7,Americas
Mexico,2012,"10",1135,0.311,13.1,75.7,Americas
Mexico,2012,"10",1250,0.311,13.1,75.7,Americas
Mexico,2012,"10",1180,0.314,13.1,75.7,Americas
Mexico,2012,"10",1112,0.314,13.1,75.7,Americas
Mexico,2012,"10",1135,0.314,13.1,75.7,Americas
Mexico,2012,"10",1250,0.314,13.1,75.7,Americas
Mexico,2012,"10",1180,0.282,13.1,75.7,Americas
Mexico,2012,"10",1112,0.282,13.1,75.7,Americas
Mexico,2012,"10",1135,0.282,13.1,75.7,Americas
Mexico,2012,"10",1250,0.282,13.1,75.7,Americas
Mexico,2012,"10",1180,0.316,13.1,75.7,Americas
Mexico,2012,"10",1112,0.316,13.1,75.7,Americas
Mexico,2012,"10",1135,0.316,13.1,75.7,Americas
Mexico,2012,"10",1250,0.316,13.1,75.7,Americas
Mexico,2012,"11",1469,0.195,13.1,75.7,Americas
Mexico,2012,"11",1497,0.195,13.1,75.7,Americas
Mexico,2012,"11",1434,0.195,13.1,75.7,Americas
Mexico,2012,"11",1371,0.195,13.1,75.7,Americas
Mexico,2012,"11",1469,0.284,13.1,75.7,Americas
Mexico,2012,"11",1497,0.284,13.1,75.7,Americas
Mexico,2012,"11",1434,0.284,13.1,75.7,Americas
Mexico,2012,"11",1371,0.284,13.1,75.7,Americas
Mexico,2012,"11",1469,0.168,13.1,75.7,Americas
Mexico,2012,"11",1497,0.168,13.1,75.7,Americas
Mexico,2012,"11",1434,0.168,13.1,75.7,Americas
Mexico,2012,"11",1371,0.168,13.1,75.7,Americas
Mexico,2012,"11",1469,0.231,13.1,75.7,Americas
Mexico,2012,"11",1497,0.231,13.1,75.7,Americas
Mexico,2012,"11",1434,0.231,13.1,75.7,Americas
Mexico,2012,"11",1371,0.231,13.1,75.7,Americas
Mexico,2012,"12",1627,0.092,13.1,75.7,Americas
Mexico,2012,"12",1829,0.092,13.1,75.7,Americas
Mexico,2012,"12",2050,0.092,13.1,75.7,Americas
Mexico,2012,"12",1875,0.092,13.1,75.7,Americas
Mexico,2012,"12",1570,0.092,13.1,75.7,Americas
Mexico,2012,"12",1627,0.103,13.1,75.7,Americas
Mexico,2012,"12",1829,0.103,13.1,75.7,Americas
Mexico,2012,"12",2050,0.103,13.1,75.7,Americas
Mexico,2012,"12",1875,0.103,13.1,75.7,Americas
Mexico,2012,"12",1570,0.103,13.1,75.7,Americas
Mexico,2012,"12",1627,0.162,13.1,75.7,Americas
Mexico,2012,"12",1829,0.162,13.1,75.7,Americas
Mexico,2012,"12",2050,0.162,13.1,75.7,Americas
Mexico,2012,"12",1875,0.162,13.1,75.7,Americas
Mexico,2012,"12",1570,0.162,13.1,75.7,Americas
Mexico,2012,"12",1627,0.116,13.1,75.7,Americas
Mexico,2012,"12",1829,0.116,13.1,75.7,Americas
Mexico,2012,"12",2050,0.116,13.1,75.7,Americas
Mexico,2012,"12",1875,0.116,13.1,75.7,Americas
Mexico,2012,"12",1570,0.116,13.1,75.7,Americas
Mexico,2012,"12",1627,0.117,13.1,75.7,Americas
Mexico,2012,"12",1829,0.117,13.1,75.7,Americas
Mexico,2012,"12",2050,0.117,13.1,75.7,Americas
Mexico,2012,"12",1875,0.117,13.1,75.7,Americas
Mexico,2012,"12",1570,0.117,13.1,75.7,Americas
Mexico,2013,"01",1591,0.084,12.5,75.4,Americas
Mexico,2013,"01",1866,0.084,12.5,75.4,Americas
Mexico,2013,"01",1669,0.084,12.5,75.4,Americas
Mexico,2013,"01",1576,0.084,12.5,75.4,Americas
Mexico,2013,"01",1591,0.081,12.5,75.4,Americas
Mexico,2013,"01",1866,0.081,12.5,75.4,Americas
Mexico,2013,"01",1669,0.081,12.5,75.4,Americas
Mexico,2013,"01",1576,0.081,12.5,75.4,Americas
Mexico,2013,"01",1591,0.079,12.5,75.4,Americas
Mexico,2013,"01",1866,0.079,12.5,75.4,Americas
Mexico,2013,"01",1669,0.079,12.5,75.4,Americas
Mexico,2013,"01",1576,0.079,12.5,75.4,Americas
Mexico,2013,"01",1591,0.079,12.5,75.4,Americas
Mexico,2013,"01",1866,0.079,12.5,75.4,Americas
Mexico,2013,"01",1669,0.079,12.5,75.4,Americas
Mexico,2013,"01",1576,0.079,12.5,75.4,Americas
Mexico,2013,"02",1540,0.082,12.5,75.4,Americas
Mexico,2013,"02",1636,0.082,12.5,75.4,Americas
Mexico,2013,"02",1754,0.082,12.5,75.4,Americas
Mexico,2013,"02",1588,0.082,12.5,75.4,Americas
Mexico,2013,"02",1540,0.086,12.5,75.4,Americas
Mexico,2013,"02",1636,0.086,12.5,75.4,Americas
Mexico,2013,"02",1754,0.086,12.5,75.4,Americas
Mexico,2013,"02",1588,0.086,12.5,75.4,Americas
Mexico,2013,"02",1540,0.085,12.5,75.4,Americas
Mexico,2013,"02",1636,0.085,12.5,75.4,Americas
Mexico,2013,"02",1754,0.085,12.5,75.4,Americas
Mexico,2013,"02",1588,0.085,12.5,75.4,Americas
Mexico,2013,"02",1540,0.084,12.5,75.4,Americas
Mexico,2013,"02",1636,0.084,12.5,75.4,Americas
Mexico,2013,"02",1754,0.084,12.5,75.4,Americas
Mexico,2013,"02",1588,0.084,12.5,75.4,Americas
Mexico,2013,"03",1067,0.07,12.5,75.4,Americas
Mexico,2013,"03",1312,0.07,12.5,75.4,Americas
Mexico,2013,"03",1529,0.07,12.5,75.4,Americas
Mexico,2013,"03",1605,0.07,12.5,75.4,Americas
Mexico,2013,"03",1211,0.07,12.5,75.4,Americas
Mexico,2013,"03",1067,0.088,12.5,75.4,Americas
Mexico,2013,"03",1312,0.088,12.5,75.4,Americas
Mexico,2013,"03",1529,0.088,12.5,75.4,Americas
Mexico,2013,"03",1605,0.088,12.5,75.4,Americas
Mexico,2013,"03",1211,0.088,12.5,75.4,Americas
Mexico,2013,"03",1067,0.083,12.5,75.4,Americas
Mexico,2013,"03",1312,0.083,12.5,75.4,Americas
Mexico,2013,"03",1529,0.083,12.5,75.4,Americas
Mexico,2013,"03",1605,0.083,12.5,75.4,Americas
Mexico,2013,"03",1211,0.083,12.5,75.4,Americas
Mexico,2013,"03",1067,0.091,12.5,75.4,Americas
Mexico,2013,"03",1312,0.091,12.5,75.4,Americas
Mexico,2013,"03",1529,0.091,12.5,75.4,Americas
Mexico,2013,"03",1605,0.091,12.5,75.4,Americas
Mexico,2013,"03",1211,0.091,12.5,75.4,Americas
Mexico,2013,"03",1067,0.085,12.5,75.4,Americas
Mexico,2013,"03",1312,0.085,12.5,75.4,Americas
Mexico,2013,"03",1529,0.085,12.5,75.4,Americas
Mexico,2013,"03",1605,0.085,12.5,75.4,Americas
Mexico,2013,"03",1211,0.085,12.5,75.4,Americas
Mexico,2013,"04",992,0.088,12.5,75.4,Americas
Mexico,2013,"04",988,0.088,12.5,75.4,Americas
Mexico,2013,"04",991,0.088,12.5,75.4,Americas
Mexico,2013,"04",1054,0.088,12.5,75.4,Americas
Mexico,2013,"04",992,0.093,12.5,75.4,Americas
Mexico,2013,"04",988,0.093,12.5,75.4,Americas
Mexico,2013,"04",991,0.093,12.5,75.4,Americas
Mexico,2013,"04",1054,0.093,12.5,75.4,Americas
Mexico,2013,"04",992,0.089,12.5,75.4,Americas
Mexico,2013,"04",988,0.089,12.5,75.4,Americas
Mexico,2013,"04",991,0.089,12.5,75.4,Americas
Mexico,2013,"04",1054,0.089,12.5,75.4,Americas
Mexico,2013,"04",992,0.087,12.5,75.4,Americas
Mexico,2013,"04",988,0.087,12.5,75.4,Americas
Mexico,2013,"04",991,0.087,12.5,75.4,Americas
Mexico,2013,"04",1054,0.087,12.5,75.4,Americas
Mexico,2013,"05",966,0.113,12.5,75.4,Americas
Mexico,2013,"05",820,0.113,12.5,75.4,Americas
Mexico,2013,"05",858,0.113,12.5,75.4,Americas
Mexico,2013,"05",919,0.113,12.5,75.4,Americas
Mexico,2013,"05",966,0.104,12.5,75.4,Americas
Mexico,2013,"05",820,0.104,12.5,75.4,Americas
Mexico,2013,"05",858,0.104,12.5,75.4,Americas
Mexico,2013,"05",919,0.104,12.5,75.4,Americas
Mexico,2013,"05",966,0.094,12.5,75.4,Americas
Mexico,2013,"05",820,0.094,12.5,75.4,Americas
Mexico,2013,"05",858,0.094,12.5,75.4,Americas
Mexico,2013,"05",919,0.094,12.5,75.4,Americas
Mexico,2013,"05",966,0.108,12.5,75.4,Americas
Mexico,2013,"05",820,0.108,12.5,75.4,Americas
Mexico,2013,"05",858,0.108,12.5,75.4,Americas
Mexico,2013,"05",919,0.108,12.5,75.4,Americas
Mexico,2013,"06",803,0.163,12.5,75.4,Americas
Mexico,2013,"06",825,0.163,12.5,75.4,Americas
Mexico,2013,"06",798,0.163,12.5,75.4,Americas
Mexico,2013,"06",818,0.163,12.5,75.4,Americas
Mexico,2013,"06",858,0.163,12.5,75.4,Americas
Mexico,2013,"06",803,0.156,12.5,75.4,Americas
Mexico,2013,"06",825,0.156,12.5,75.4,Americas
Mexico,2013,"06",798,0.156,12.5,75.4,Americas
Mexico,2013,"06",818,0.156,12.5,75.4,Americas
Mexico,2013,"06",858,0.156,12.5,75.4,Americas
Mexico,2013,"06",803,0.133,12.5,75.4,Americas
Mexico,2013,"06",825,0.133,12.5,75.4,Americas
Mexico,2013,"06",798,0.133,12.5,75.4,Americas
Mexico,2013,"06",818,0.133,12.5,75.4,Americas
Mexico,2013,"06",858,0.133,12.5,75.4,Americas
Mexico,2013,"06",803,0.184,12.5,75.4,Americas
Mexico,2013,"06",825,0.184,12.5,75.4,Americas
Mexico,2013,"06",798,0.184,12.5,75.4,Americas
Mexico,2013,"06",818,0.184,12.5,75.4,Americas
Mexico,2013,"06",858,0.184,12.5,75.4,Americas
Mexico,2013,"06",803,0.212,12.5,75.4,Americas
Mexico,2013,"06",825,0.212,12.5,75.4,Americas
Mexico,2013,"06",798,0.212,12.5,75.4,Americas
Mexico,2013,"06",818,0.212,12.5,75.4,Americas
Mexico,2013,"06",858,0.212,12.5,75.4,Americas
Mexico,2013,"07",848,0.306,12.5,75.4,Americas
Mexico,2013,"07",835,0.306,12.5,75.4,Americas
Mexico,2013,"07",837,0.306,12.5,75.4,Americas
Mexico,2013,"07",838,0.306,12.5,75.4,Americas
Mexico,2013,"07",848,0.325,12.5,75.4,Americas
Mexico,2013,"07",835,0.325,12.5,75.4,Americas
Mexico,2013,"07",837,0.325,12.5,75.4,Americas
Mexico,2013,"07",838,0.325,12.5,75.4,Americas
Mexico,2013,"07",848,0.279,12.5,75.4,Americas
Mexico,2013,"07",835,0.279,12.5,75.4,Americas
Mexico,2013,"07",837,0.279,12.5,75.4,Americas
Mexico,2013,"07",838,0.279,12.5,75.4,Americas
Mexico,2013,"07",848,0.219,12.5,75.4,Americas
Mexico,2013,"07",835,0.219,12.5,75.4,Americas
Mexico,2013,"07",837,0.219,12.5,75.4,Americas
Mexico,2013,"07",838,0.219,12.5,75.4,Americas
Mexico,2013,"08",898,0.37,12.5,75.4,Americas
Mexico,2013,"08",835,0.37,12.5,75.4,Americas
Mexico,2013,"08",837,0.37,12.5,75.4,Americas
Mexico,2013,"08",852,0.37,12.5,75.4,Americas
Mexico,2013,"08",898,0.361,12.5,75.4,Americas
Mexico,2013,"08",835,0.361,12.5,75.4,Americas
Mexico,2013,"08",837,0.361,12.5,75.4,Americas
Mexico,2013,"08",852,0.361,12.5,75.4,Americas
Mexico,2013,"08",898,0.339,12.5,75.4,Americas
Mexico,2013,"08",835,0.339,12.5,75.4,Americas
Mexico,2013,"08",837,0.339,12.5,75.4,Americas
Mexico,2013,"08",852,0.339,12.5,75.4,Americas
Mexico,2013,"08",898,0.329,12.5,75.4,Americas
Mexico,2013,"08",835,0.329,12.5,75.4,Americas
Mexico,2013,"08",837,0.329,12.5,75.4,Americas
Mexico,2013,"08",852,0.329,12.5,75.4,Americas
Mexico,2013,"09",1157,0.406,12.5,75.4,Americas
Mexico,2013,"09",1186,0.406,12.5,75.4,Americas
Mexico,2013,"09",1119,0.406,12.5,75.4,Americas
Mexico,2013,"09",1234,0.406,12.5,75.4,Americas
Mexico,2013,"09",1040,0.406,12.5,75.4,Americas
Mexico,2013,"09",1157,0.541,12.5,75.4,Americas
Mexico,2013,"09",1186,0.541,12.5,75.4,Americas
Mexico,2013,"09",1119,0.541,12.5,75.4,Americas
Mexico,2013,"09",1234,0.541,12.5,75.4,Americas
Mexico,2013,"09",1040,0.541,12.5,75.4,Americas
Mexico,2013,"09",1157,0.483,12.5,75.4,Americas
Mexico,2013,"09",1186,0.483,12.5,75.4,Americas
Mexico,2013,"09",1119,0.483,12.5,75.4,Americas
Mexico,2013,"09",1234,0.483,12.5,75.4,Americas
Mexico,2013,"09",1040,0.483,12.5,75.4,Americas
Mexico,2013,"09",1157,0.393,12.5,75.4,Americas
Mexico,2013,"09",1186,0.393,12.5,75.4,Americas
Mexico,2013,"09",1119,0.393,12.5,75.4,Americas
Mexico,2013,"09",1234,0.393,12.5,75.4,Americas
Mexico,2013,"09",1040,0.393,12.5,75.4,Americas
Mexico,2013,"09",1157,0.391,12.5,75.4,Americas
Mexico,2013,"09",1186,0.391,12.5,75.4,Americas
Mexico,2013,"09",1119,0.391,12.5,75.4,Americas
Mexico,2013,"09",1234,0.391,12.5,75.4,Americas
Mexico,2013,"09",1040,0.391,12.5,75.4,Americas
Mexico,2013,"10",1277,0.562,12.5,75.4,Americas
Mexico,2013,"10",1312,0.562,12.5,75.4,Americas
Mexico,2013,"10",1266,0.562,12.5,75.4,Americas
Mexico,2013,"10",1279,0.562,12.5,75.4,Americas
Mexico,2013,"10",1277,0.53,12.5,75.4,Americas
Mexico,2013,"10",1312,0.53,12.5,75.4,Americas
Mexico,2013,"10",1266,0.53,12.5,75.4,Americas
Mexico,2013,"10",1279,0.53,12.5,75.4,Americas
Mexico,2013,"10",1277,0.518,12.5,75.4,Americas
Mexico,2013,"10",1312,0.518,12.5,75.4,Americas
Mexico,2013,"10",1266,0.518,12.5,75.4,Americas
Mexico,2013,"10",1279,0.518,12.5,75.4,Americas
Mexico,2013,"10",1277,0.482,12.5,75.4,Americas
Mexico,2013,"10",1312,0.482,12.5,75.4,Americas
Mexico,2013,"10",1266,0.482,12.5,75.4,Americas
Mexico,2013,"10",1279,0.482,12.5,75.4,Americas
Mexico,2013,"11",1376,0.335,12.5,75.4,Americas
Mexico,2013,"11",1372,0.335,12.5,75.4,Americas
Mexico,2013,"11",1389,0.335,12.5,75.4,Americas
Mexico,2013,"11",1368,0.335,12.5,75.4,Americas
Mexico,2013,"11",1376,0.449,12.5,75.4,Americas
Mexico,2013,"11",1372,0.449,12.5,75.4,Americas
Mexico,2013,"11",1389,0.449,12.5,75.4,Americas
Mexico,2013,"11",1368,0.449,12.5,75.4,Americas
Mexico,2013,"11",1376,0.267,12.5,75.4,Americas
Mexico,2013,"11",1372,0.267,12.5,75.4,Americas
Mexico,2013,"11",1389,0.267,12.5,75.4,Americas
Mexico,2013,"11",1368,0.267,12.5,75.4,Americas
Mexico,2013,"11",1376,0.367,12.5,75.4,Americas
Mexico,2013,"11",1372,0.367,12.5,75.4,Americas
Mexico,2013,"11",1389,0.367,12.5,75.4,Americas
Mexico,2013,"11",1368,0.367,12.5,75.4,Americas
Mexico,2013,"12",1914,0.205,12.5,75.4,Americas
Mexico,2013,"12",1992,0.205,12.5,75.4,Americas
Mexico,2013,"12",1633,0.205,12.5,75.4,Americas
Mexico,2013,"12",1486,0.205,12.5,75.4,Americas
Mexico,2013,"12",1851,0.205,12.5,75.4,Americas
Mexico,2013,"12",1914,0.15,12.5,75.4,Americas
Mexico,2013,"12",1992,0.15,12.5,75.4,Americas
Mexico,2013,"12",1633,0.15,12.5,75.4,Americas
Mexico,2013,"12",1486,0.15,12.5,75.4,Americas
Mexico,2013,"12",1851,0.15,12.5,75.4,Americas
Mexico,2013,"12",1914,0.181,12.5,75.4,Americas
Mexico,2013,"12",1992,0.181,12.5,75.4,Americas
Mexico,2013,"12",1633,0.181,12.5,75.4,Americas
Mexico,2013,"12",1486,0.181,12.5,75.4,Americas
Mexico,2013,"12",1851,0.181,12.5,75.4,Americas
Mexico,2013,"12",1914,0.242,12.5,75.4,Americas
Mexico,2013,"12",1992,0.242,12.5,75.4,Americas
Mexico,2013,"12",1633,0.242,12.5,75.4,Americas
Mexico,2013,"12",1486,0.242,12.5,75.4,Americas
Mexico,2013,"12",1851,0.242,12.5,75.4,Americas
Mexico,2013,"12",1914,0.151,12.5,75.4,Americas
Mexico,2013,"12",1992,0.151,12.5,75.4,Americas
Mexico,2013,"12",1633,0.151,12.5,75.4,Americas
Mexico,2013,"12",1486,0.151,12.5,75.4,Americas
Mexico,2013,"12",1851,0.151,12.5,75.4,Americas
Mexico,2014,"01",1995,0.144,11.9,75.6,Americas
Mexico,2014,"01",1734,0.144,11.9,75.6,Americas
Mexico,2014,"01",1786,0.144,11.9,75.6,Americas
Mexico,2014,"01",2087,0.144,11.9,75.6,Americas
Mexico,2014,"01",1995,0.136,11.9,75.6,Americas
Mexico,2014,"01",1734,0.136,11.9,75.6,Americas
Mexico,2014,"01",1786,0.136,11.9,75.6,Americas
Mexico,2014,"01",2087,0.136,11.9,75.6,Americas
Mexico,2014,"01",1995,0.147,11.9,75.6,Americas
Mexico,2014,"01",1734,0.147,11.9,75.6,Americas
Mexico,2014,"01",1786,0.147,11.9,75.6,Americas
Mexico,2014,"01",2087,0.147,11.9,75.6,Americas
Mexico,2014,"01",1995,0.147,11.9,75.6,Americas
Mexico,2014,"01",1734,0.147,11.9,75.6,Americas
Mexico,2014,"01",1786,0.147,11.9,75.6,Americas
Mexico,2014,"01",2087,0.147,11.9,75.6,Americas
Mexico,2014,"02",1764,0.124,11.9,75.6,Americas
Mexico,2014,"02",1773,0.124,11.9,75.6,Americas
Mexico,2014,"02",1956,0.124,11.9,75.6,Americas
Mexico,2014,"02",1615,0.124,11.9,75.6,Americas
Mexico,2014,"02",1764,0.114,11.9,75.6,Americas
Mexico,2014,"02",1773,0.114,11.9,75.6,Americas
Mexico,2014,"02",1956,0.114,11.9,75.6,Americas
Mexico,2014,"02",1615,0.114,11.9,75.6,Americas
Mexico,2014,"02",1764,0.133,11.9,75.6,Americas
Mexico,2014,"02",1773,0.133,11.9,75.6,Americas
Mexico,2014,"02",1956,0.133,11.9,75.6,Americas
Mexico,2014,"02",1615,0.133,11.9,75.6,Americas
Mexico,2014,"02",1764,0.128,11.9,75.6,Americas
Mexico,2014,"02",1773,0.128,11.9,75.6,Americas
Mexico,2014,"02",1956,0.128,11.9,75.6,Americas
Mexico,2014,"02",1615,0.128,11.9,75.6,Americas
Mexico,2014,"03",1595,0.108,11.9,75.6,Americas
Mexico,2014,"03",1243,0.108,11.9,75.6,Americas
Mexico,2014,"03",1533,0.108,11.9,75.6,Americas
Mexico,2014,"03",1418,0.108,11.9,75.6,Americas
Mexico,2014,"03",1302,0.108,11.9,75.6,Americas
Mexico,2014,"03",1595,0.109,11.9,75.6,Americas
Mexico,2014,"03",1243,0.109,11.9,75.6,Americas
Mexico,2014,"03",1533,0.109,11.9,75.6,Americas
Mexico,2014,"03",1418,0.109,11.9,75.6,Americas
Mexico,2014,"03",1302,0.109,11.9,75.6,Americas
Mexico,2014,"03",1595,0.103,11.9,75.6,Americas
Mexico,2014,"03",1243,0.103,11.9,75.6,Americas
Mexico,2014,"03",1533,0.103,11.9,75.6,Americas
Mexico,2014,"03",1418,0.103,11.9,75.6,Americas
Mexico,2014,"03",1302,0.103,11.9,75.6,Americas
Mexico,2014,"03",1595,0.102,11.9,75.6,Americas
Mexico,2014,"03",1243,0.102,11.9,75.6,Americas
Mexico,2014,"03",1533,0.102,11.9,75.6,Americas
Mexico,2014,"03",1418,0.102,11.9,75.6,Americas
Mexico,2014,"03",1302,0.102,11.9,75.6,Americas
Mexico,2014,"03",1595,0.103,11.9,75.6,Americas
Mexico,2014,"03",1243,0.103,11.9,75.6,Americas
Mexico,2014,"03",1533,0.103,11.9,75.6,Americas
Mexico,2014,"03",1418,0.103,11.9,75.6,Americas
Mexico,2014,"03",1302,0.103,11.9,75.6,Americas
Mexico,2014,"04",1218,0.089,11.9,75.6,Americas
Mexico,2014,"04",1003,0.089,11.9,75.6,Americas
Mexico,2014,"04",1243,0.089,11.9,75.6,Americas
Mexico,2014,"04",1108,0.089,11.9,75.6,Americas
Mexico,2014,"04",1218,0.112,11.9,75.6,Americas
Mexico,2014,"04",1003,0.112,11.9,75.6,Americas
Mexico,2014,"04",1243,0.112,11.9,75.6,Americas
Mexico,2014,"04",1108,0.112,11.9,75.6,Americas
Mexico,2014,"04",1218,0.11,11.9,75.6,Americas
Mexico,2014,"04",1003,0.11,11.9,75.6,Americas
Mexico,2014,"04",1243,0.11,11.9,75.6,Americas
Mexico,2014,"04",1108,0.11,11.9,75.6,Americas
Mexico,2014,"04",1218,0.128,11.9,75.6,Americas
Mexico,2014,"04",1003,0.128,11.9,75.6,Americas
Mexico,2014,"04",1243,0.128,11.9,75.6,Americas
Mexico,2014,"04",1108,0.128,11.9,75.6,Americas
Mexico,2014,"05",1082,0.095,11.9,75.6,Americas
Mexico,2014,"05",1057,0.095,11.9,75.6,Americas
Mexico,2014,"05",963,0.095,11.9,75.6,Americas
Mexico,2014,"05",1005,0.095,11.9,75.6,Americas
Mexico,2014,"05",1082,0.114,11.9,75.6,Americas
Mexico,2014,"05",1057,0.114,11.9,75.6,Americas
Mexico,2014,"05",963,0.114,11.9,75.6,Americas
Mexico,2014,"05",1005,0.114,11.9,75.6,Americas
Mexico,2014,"05",1082,0.118,11.9,75.6,Americas
Mexico,2014,"05",1057,0.118,11.9,75.6,Americas
Mexico,2014,"05",963,0.118,11.9,75.6,Americas
Mexico,2014,"05",1005,0.118,11.9,75.6,Americas
Mexico,2014,"05",1082,0.115,11.9,75.6,Americas
Mexico,2014,"05",1057,0.115,11.9,75.6,Americas
Mexico,2014,"05",963,0.115,11.9,75.6,Americas
Mexico,2014,"05",1005,0.115,11.9,75.6,Americas
Mexico,2014,"06",977,0.175,11.9,75.6,Americas
Mexico,2014,"06",906,0.175,11.9,75.6,Americas
Mexico,2014,"06",1091,0.175,11.9,75.6,Americas
Mexico,2014,"06",934,0.175,11.9,75.6,Americas
Mexico,2014,"06",904,0.175,11.9,75.6,Americas
Mexico,2014,"06",977,0.158,11.9,75.6,Americas
Mexico,2014,"06",906,0.158,11.9,75.6,Americas
Mexico,2014,"06",1091,0.158,11.9,75.6,Americas
Mexico,2014,"06",934,0.158,11.9,75.6,Americas
Mexico,2014,"06",904,0.158,11.9,75.6,Americas
Mexico,2014,"06",977,0.142,11.9,75.6,Americas
Mexico,2014,"06",906,0.142,11.9,75.6,Americas
Mexico,2014,"06",1091,0.142,11.9,75.6,Americas
Mexico,2014,"06",934,0.142,11.9,75.6,Americas
Mexico,2014,"06",904,0.142,11.9,75.6,Americas
Mexico,2014,"06",977,0.169,11.9,75.6,Americas
Mexico,2014,"06",906,0.169,11.9,75.6,Americas
Mexico,2014,"06",1091,0.169,11.9,75.6,Americas
Mexico,2014,"06",934,0.169,11.9,75.6,Americas
Mexico,2014,"06",904,0.169,11.9,75.6,Americas
Mexico,2014,"06",977,0.131,11.9,75.6,Americas
Mexico,2014,"06",906,0.131,11.9,75.6,Americas
Mexico,2014,"06",1091,0.131,11.9,75.6,Americas
Mexico,2014,"06",934,0.131,11.9,75.6,Americas
Mexico,2014,"06",904,0.131,11.9,75.6,Americas
Mexico,2014,"07",879,0.194,11.9,75.6,Americas
Mexico,2014,"07",956,0.194,11.9,75.6,Americas
Mexico,2014,"07",947,0.194,11.9,75.6,Americas
Mexico,2014,"07",953,0.194,11.9,75.6,Americas
Mexico,2014,"07",879,0.199,11.9,75.6,Americas
Mexico,2014,"07",956,0.199,11.9,75.6,Americas
Mexico,2014,"07",947,0.199,11.9,75.6,Americas
Mexico,2014,"07",953,0.199,11.9,75.6,Americas
Mexico,2014,"07",879,0.184,11.9,75.6,Americas
Mexico,2014,"07",956,0.184,11.9,75.6,Americas
Mexico,2014,"07",947,0.184,11.9,75.6,Americas
Mexico,2014,"07",953,0.184,11.9,75.6,Americas
Mexico,2014,"07",879,0.2,11.9,75.6,Americas
Mexico,2014,"07",956,0.2,11.9,75.6,Americas
Mexico,2014,"07",947,0.2,11.9,75.6,Americas
Mexico,2014,"07",953,0.2,11.9,75.6,Americas
Mexico,2014,"08",871,0.167,11.9,75.6,Americas
Mexico,2014,"08",820,0.167,11.9,75.6,Americas
Mexico,2014,"08",908,0.167,11.9,75.6,Americas
Mexico,2014,"08",982,0.167,11.9,75.6,Americas
Mexico,2014,"08",829,0.167,11.9,75.6,Americas
Mexico,2014,"08",871,0.181,11.9,75.6,Americas
Mexico,2014,"08",820,0.181,11.9,75.6,Americas
Mexico,2014,"08",908,0.181,11.9,75.6,Americas
Mexico,2014,"08",982,0.181,11.9,75.6,Americas
Mexico,2014,"08",829,0.181,11.9,75.6,Americas
Mexico,2014,"08",871,0.204,11.9,75.6,Americas
Mexico,2014,"08",820,0.204,11.9,75.6,Americas
Mexico,2014,"08",908,0.204,11.9,75.6,Americas
Mexico,2014,"08",982,0.204,11.9,75.6,Americas
Mexico,2014,"08",829,0.204,11.9,75.6,Americas
Mexico,2014,"08",871,0.211,11.9,75.6,Americas
Mexico,2014,"08",820,0.211,11.9,75.6,Americas
Mexico,2014,"08",908,0.211,11.9,75.6,Americas
Mexico,2014,"08",982,0.211,11.9,75.6,Americas
Mexico,2014,"08",829,0.211,11.9,75.6,Americas
Mexico,2014,"08",871,0.173,11.9,75.6,Americas
Mexico,2014,"08",820,0.173,11.9,75.6,Americas
Mexico,2014,"08",908,0.173,11.9,75.6,Americas
Mexico,2014,"08",982,0.173,11.9,75.6,Americas
Mexico,2014,"08",829,0.173,11.9,75.6,Americas
Mexico,2014,"09",1158,0.277,11.9,75.6,Americas
Mexico,2014,"09",1104,0.277,11.9,75.6,Americas
Mexico,2014,"09",1205,0.277,11.9,75.6,Americas
Mexico,2014,"09",1165,0.277,11.9,75.6,Americas
Mexico,2014,"09",1158,0.223,11.9,75.6,Americas
Mexico,2014,"09",1104,0.223,11.9,75.6,Americas
Mexico,2014,"09",1205,0.223,11.9,75.6,Americas
Mexico,2014,"09",1165,0.223,11.9,75.6,Americas
Mexico,2014,"09",1158,0.236,11.9,75.6,Americas
Mexico,2014,"09",1104,0.236,11.9,75.6,Americas
Mexico,2014,"09",1205,0.236,11.9,75.6,Americas
Mexico,2014,"09",1165,0.236,11.9,75.6,Americas
Mexico,2014,"09",1158,0.362,11.9,75.6,Americas
Mexico,2014,"09",1104,0.362,11.9,75.6,Americas
Mexico,2014,"09",1205,0.362,11.9,75.6,Americas
Mexico,2014,"09",1165,0.362,11.9,75.6,Americas
Mexico,2014,"10",1423,0.468,11.9,75.6,Americas
Mexico,2014,"10",1330,0.468,11.9,75.6,Americas
Mexico,2014,"10",1316,0.468,11.9,75.6,Americas
Mexico,2014,"10",1241,0.468,11.9,75.6,Americas
Mexico,2014,"10",1423,0.451,11.9,75.6,Americas
Mexico,2014,"10",1330,0.451,11.9,75.6,Americas
Mexico,2014,"10",1316,0.451,11.9,75.6,Americas
Mexico,2014,"10",1241,0.451,11.9,75.6,Americas
Mexico,2014,"10",1423,0.444,11.9,75.6,Americas
Mexico,2014,"10",1330,0.444,11.9,75.6,Americas
Mexico,2014,"10",1316,0.444,11.9,75.6,Americas
Mexico,2014,"10",1241,0.444,11.9,75.6,Americas
Mexico,2014,"10",1423,0.473,11.9,75.6,Americas
Mexico,2014,"10",1330,0.473,11.9,75.6,Americas
Mexico,2014,"10",1316,0.473,11.9,75.6,Americas
Mexico,2014,"10",1241,0.473,11.9,75.6,Americas
Mexico,2014,"11",1524,0.192,11.9,75.6,Americas
Mexico,2014,"11",1598,0.192,11.9,75.6,Americas
Mexico,2014,"11",1678,0.192,11.9,75.6,Americas
Mexico,2014,"11",1501,0.192,11.9,75.6,Americas
Mexico,2014,"11",1611,0.192,11.9,75.6,Americas
Mexico,2014,"11",1524,0.397,11.9,75.6,Americas
Mexico,2014,"11",1598,0.397,11.9,75.6,Americas
Mexico,2014,"11",1678,0.397,11.9,75.6,Americas
Mexico,2014,"11",1501,0.397,11.9,75.6,Americas
Mexico,2014,"11",1611,0.397,11.9,75.6,Americas
Mexico,2014,"11",1524,0.451,11.9,75.6,Americas
Mexico,2014,"11",1598,0.451,11.9,75.6,Americas
Mexico,2014,"11",1678,0.451,11.9,75.6,Americas
Mexico,2014,"11",1501,0.451,11.9,75.6,Americas
Mexico,2014,"11",1611,0.451,11.9,75.6,Americas
Mexico,2014,"11",1524,0.325,11.9,75.6,Americas
Mexico,2014,"11",1598,0.325,11.9,75.6,Americas
Mexico,2014,"11",1678,0.325,11.9,75.6,Americas
Mexico,2014,"11",1501,0.325,11.9,75.6,Americas
Mexico,2014,"11",1611,0.325,11.9,75.6,Americas
Mexico,2014,"11",1524,0.252,11.9,75.6,Americas
Mexico,2014,"11",1598,0.252,11.9,75.6,Americas
Mexico,2014,"11",1678,0.252,11.9,75.6,Americas
Mexico,2014,"11",1501,0.252,11.9,75.6,Americas
Mexico,2014,"11",1611,0.252,11.9,75.6,Americas
Mexico,2014,"12",2380,0.135,11.9,75.6,Americas
Mexico,2014,"12",2109,0.135,11.9,75.6,Americas
Mexico,2014,"12",2317,0.135,11.9,75.6,Americas
Mexico,2014,"12",1848,0.135,11.9,75.6,Americas
Mexico,2014,"12",2380,0.122,11.9,75.6,Americas
Mexico,2014,"12",2109,0.122,11.9,75.6,Americas
Mexico,2014,"12",2317,0.122,11.9,75.6,Americas
Mexico,2014,"12",1848,0.122,11.9,75.6,Americas
Mexico,2014,"12",2380,0.167,11.9,75.6,Americas
Mexico,2014,"12",2109,0.167,11.9,75.6,Americas
Mexico,2014,"12",2317,0.167,11.9,75.6,Americas
Mexico,2014,"12",1848,0.167,11.9,75.6,Americas
Mexico,2014,"12",2380,0.115,11.9,75.6,Americas
Mexico,2014,"12",2109,0.115,11.9,75.6,Americas
Mexico,2014,"12",2317,0.115,11.9,75.6,Americas
Mexico,2014,"12",1848,0.115,11.9,75.6,Americas
Mexico,2015,"01",2048,0.104,11.3,75.9,Americas
Mexico,2015,"01",1943,0.104,11.3,75.9,Americas
Mexico,2015,"01",1890,0.104,11.3,75.9,Americas
Mexico,2015,"01",1999,0.104,11.3,75.9,Americas
Mexico,2015,"01",2048,0.099,11.3,75.9,Americas
Mexico,2015,"01",1943,0.099,11.3,75.9,Americas
Mexico,2015,"01",1890,0.099,11.3,75.9,Americas
Mexico,2015,"01",1999,0.099,11.3,75.9,Americas
Mexico,2015,"01",2048,0.099,11.3,75.9,Americas
Mexico,2015,"01",1943,0.099,11.3,75.9,Americas
Mexico,2015,"01",1890,0.099,11.3,75.9,Americas
Mexico,2015,"01",1999,0.099,11.3,75.9,Americas
Mexico,2015,"01",2048,0.108,11.3,75.9,Americas
Mexico,2015,"01",1943,0.108,11.3,75.9,Americas
Mexico,2015,"01",1890,0.108,11.3,75.9,Americas
Mexico,2015,"01",1999,0.108,11.3,75.9,Americas
Mexico,2015,"02",1730,0.093,11.3,75.9,Americas
Mexico,2015,"02",1981,0.093,11.3,75.9,Americas
Mexico,2015,"02",1869,0.093,11.3,75.9,Americas
Mexico,2015,"02",1833,0.093,11.3,75.9,Americas
Mexico,2015,"02",1730,0.09,11.3,75.9,Americas
Mexico,2015,"02",1981,0.09,11.3,75.9,Americas
Mexico,2015,"02",1869,0.09,11.3,75.9,Americas
Mexico,2015,"02",1833,0.09,11.3,75.9,Americas
Mexico,2015,"02",1730,0.1,11.3,75.9,Americas
Mexico,2015,"02",1981,0.1,11.3,75.9,Americas
Mexico,2015,"02",1869,0.1,11.3,75.9,Americas
Mexico,2015,"02",1833,0.1,11.3,75.9,Americas
Mexico,2015,"02",1730,0.102,11.3,75.9,Americas
Mexico,2015,"02",1981,0.102,11.3,75.9,Americas
Mexico,2015,"02",1869,0.102,11.3,75.9,Americas
Mexico,2015,"02",1833,0.102,11.3,75.9,Americas
Mexico,2015,"03",1768,0.109,11.3,75.9,Americas
Mexico,2015,"03",1686,0.109,11.3,75.9,Americas
Mexico,2015,"03",1551,0.109,11.3,75.9,Americas
Mexico,2015,"03",1427,0.109,11.3,75.9,Americas
Mexico,2015,"03",1373,0.109,11.3,75.9,Americas
Mexico,2015,"03",1768,0.112,11.3,75.9,Americas
Mexico,2015,"03",1686,0.112,11.3,75.9,Americas
Mexico,2015,"03",1551,0.112,11.3,75.9,Americas
Mexico,2015,"03",1427,0.112,11.3,75.9,Americas
Mexico,2015,"03",1373,0.112,11.3,75.9,Americas
Mexico,2015,"03",1768,0.109,11.3,75.9,Americas
Mexico,2015,"03",1686,0.109,11.3,75.9,Americas
Mexico,2015,"03",1551,0.109,11.3,75.9,Americas
Mexico,2015,"03",1427,0.109,11.3,75.9,Americas
Mexico,2015,"03",1373,0.109,11.3,75.9,Americas
Mexico,2015,"03",1768,0.12,11.3,75.9,Americas
Mexico,2015,"03",1686,0.12,11.3,75.9,Americas
Mexico,2015,"03",1551,0.12,11.3,75.9,Americas
Mexico,2015,"03",1427,0.12,11.3,75.9,Americas
Mexico,2015,"03",1373,0.12,11.3,75.9,Americas
Mexico,2015,"03",1768,0.119,11.3,75.9,Americas
Mexico,2015,"03",1686,0.119,11.3,75.9,Americas
Mexico,2015,"03",1551,0.119,11.3,75.9,Americas
Mexico,2015,"03",1427,0.119,11.3,75.9,Americas
Mexico,2015,"03",1373,0.119,11.3,75.9,Americas
Mexico,2015,"04",1098,0.139,11.3,75.9,Americas
Mexico,2015,"04",1317,0.139,11.3,75.9,Americas
Mexico,2015,"04",1189,0.139,11.3,75.9,Americas
Mexico,2015,"04",1122,0.139,11.3,75.9,Americas
Mexico,2015,"04",1098,0.14,11.3,75.9,Americas
Mexico,2015,"04",1317,0.14,11.3,75.9,Americas
Mexico,2015,"04",1189,0.14,11.3,75.9,Americas
Mexico,2015,"04",1122,0.14,11.3,75.9,Americas
Mexico,2015,"04",1098,0.133,11.3,75.9,Americas
Mexico,2015,"04",1317,0.133,11.3,75.9,Americas
Mexico,2015,"04",1189,0.133,11.3,75.9,Americas
Mexico,2015,"04",1122,0.133,11.3,75.9,Americas
Mexico,2015,"04",1098,0.14,11.3,75.9,Americas
Mexico,2015,"04",1317,0.14,11.3,75.9,Americas
Mexico,2015,"04",1189,0.14,11.3,75.9,Americas
Mexico,2015,"04",1122,0.14,11.3,75.9,Americas
Mexico,2015,"05",1071,0.132,11.3,75.9,Americas
Mexico,2015,"05",1095,0.132,11.3,75.9,Americas
Mexico,2015,"05",1062,0.132,11.3,75.9,Americas
Mexico,2015,"05",1115,0.132,11.3,75.9,Americas
Mexico,2015,"05",1084,0.132,11.3,75.9,Americas
Mexico,2015,"05",1071,0.134,11.3,75.9,Americas
Mexico,2015,"05",1095,0.134,11.3,75.9,Americas
Mexico,2015,"05",1062,0.134,11.3,75.9,Americas
Mexico,2015,"05",1115,0.134,11.3,75.9,Americas
Mexico,2015,"05",1084,0.134,11.3,75.9,Americas
Mexico,2015,"05",1071,0.138,11.3,75.9,Americas
Mexico,2015,"05",1095,0.138,11.3,75.9,Americas
Mexico,2015,"05",1062,0.138,11.3,75.9,Americas
Mexico,2015,"05",1115,0.138,11.3,75.9,Americas
Mexico,2015,"05",1084,0.138,11.3,75.9,Americas
Mexico,2015,"05",1071,0.127,11.3,75.9,Americas
Mexico,2015,"05",1095,0.127,11.3,75.9,Americas
Mexico,2015,"05",1062,0.127,11.3,75.9,Americas
Mexico,2015,"05",1115,0.127,11.3,75.9,Americas
Mexico,2015,"05",1084,0.127,11.3,75.9,Americas
Mexico,2015,"05",1071,0.138,11.3,75.9,Americas
Mexico,2015,"05",1095,0.138,11.3,75.9,Americas
Mexico,2015,"05",1062,0.138,11.3,75.9,Americas
Mexico,2015,"05",1115,0.138,11.3,75.9,Americas
Mexico,2015,"05",1084,0.138,11.3,75.9,Americas
Mexico,2015,"06",1037,0.2,11.3,75.9,Americas
Mexico,2015,"06",1061,0.2,11.3,75.9,Americas
Mexico,2015,"06",1018,0.2,11.3,75.9,Americas
Mexico,2015,"06",1011,0.2,11.3,75.9,Americas
Mexico,2015,"06",1037,0.17,11.3,75.9,Americas
Mexico,2015,"06",1061,0.17,11.3,75.9,Americas
Mexico,2015,"06",1018,0.17,11.3,75.9,Americas
Mexico,2015,"06",1011,0.17,11.3,75.9,Americas
Mexico,2015,"06",1037,0.147,11.3,75.9,Americas
Mexico,2015,"06",1061,0.147,11.3,75.9,Americas
Mexico,2015,"06",1018,0.147,11.3,75.9,Americas
Mexico,2015,"06",1011,0.147,11.3,75.9,Americas
Mexico,2015,"06",1037,0.19,11.3,75.9,Americas
Mexico,2015,"06",1061,0.19,11.3,75.9,Americas
Mexico,2015,"06",1018,0.19,11.3,75.9,Americas
Mexico,2015,"06",1011,0.19,11.3,75.9,Americas
Mexico,2015,"07",1046,0.273,11.3,75.9,Americas
Mexico,2015,"07",992,0.273,11.3,75.9,Americas
Mexico,2015,"07",1057,0.273,11.3,75.9,Americas
Mexico,2015,"07",1075,0.273,11.3,75.9,Americas
Mexico,2015,"07",1046,0.249,11.3,75.9,Americas
Mexico,2015,"07",992,0.249,11.3,75.9,Americas
Mexico,2015,"07",1057,0.249,11.3,75.9,Americas
Mexico,2015,"07",1075,0.249,11.3,75.9,Americas
Mexico,2015,"07",1046,0.22,11.3,75.9,Americas
Mexico,2015,"07",992,0.22,11.3,75.9,Americas
Mexico,2015,"07",1057,0.22,11.3,75.9,Americas
Mexico,2015,"07",1075,0.22,11.3,75.9,Americas
Mexico,2015,"07",1046,0.229,11.3,75.9,Americas
Mexico,2015,"07",992,0.229,11.3,75.9,Americas
Mexico,2015,"07",1057,0.229,11.3,75.9,Americas
Mexico,2015,"07",1075,0.229,11.3,75.9,Americas
Mexico,2015,"08",934,0.283,11.3,75.9,Americas
Mexico,2015,"08",954,0.283,11.3,75.9,Americas
Mexico,2015,"08",934,0.281,11.3,75.9,Americas
Mexico,2015,"08",954,0.281,11.3,75.9,Americas
Netherlands,2002,"12",,,,,
Netherlands,2003,"01",,,,,
Netherlands,2003,"01",,,,,
Netherlands,2003,"01",,,,,
Netherlands,2003,"01",,,,,
Netherlands,2003,"02",,,,,
Netherlands,2003,"02",,,,,
Netherlands,2003,"02",,,,,
Netherlands,2003,"02",,,,,
Netherlands,2003,"03",,,,,
Netherlands,2003,"03",,,,,
Netherlands,2003,"03",,,,,
Netherlands,2003,"03",,,,,
Netherlands,2003,"03",,,,,
Netherlands,2003,"04",,,,,
Netherlands,2003,"04",,,,,
Netherlands,2003,"04",,,,,
Netherlands,2003,"04",,,,,
Netherlands,2003,"05",,,,,
Netherlands,2003,"05",,,,,
Netherlands,2003,"05",,,,,
Netherlands,2003,"05",,,,,
Netherlands,2003,"06",,,,,
Netherlands,2003,"06",,,,,
Netherlands,2003,"06",,,,,
Netherlands,2003,"06",,,,,
Netherlands,2003,"06",,,,,
Netherlands,2003,"07",,,,,
Netherlands,2003,"07",,,,,
Netherlands,2003,"07",,,,,
Netherlands,2003,"07",,,,,
Netherlands,2003,"08",,,,,
Netherlands,2003,"08",,,,,
Netherlands,2003,"08",,,,,
Netherlands,2003,"08",,,,,
Netherlands,2003,"08",,,,,
Netherlands,2003,"09",,,,,
Netherlands,2003,"09",,,,,
Netherlands,2003,"09",,,,,
Netherlands,2003,"09",,,,,
Netherlands,2003,"10",25,,,,
Netherlands,2003,"10",19,,,,
Netherlands,2003,"10",22,,,,
Netherlands,2003,"10",19,,,,
Netherlands,2003,"11",18,,,,
Netherlands,2003,"11",23,,,,
Netherlands,2003,"11",55,,,,
Netherlands,2003,"11",24,,,,
Netherlands,2003,"11",22,,,,
Netherlands,2003,"12",121,,,,
Netherlands,2003,"12",102,,,,
Netherlands,2003,"12",159,,,,
Netherlands,2003,"12",177,,,,
Netherlands,2004,"01",58,,,,
Netherlands,2004,"01",20,,,,
Netherlands,2004,"01",28,,,,
Netherlands,2004,"01",20,,,,
Netherlands,2004,"02",19,,,,
Netherlands,2004,"02",20,,,,
Netherlands,2004,"02",19,,,,
Netherlands,2004,"02",18,,,,
Netherlands,2004,"02",18,,,,
Netherlands,2004,"03",12,,,,
Netherlands,2004,"03",17,,,,
Netherlands,2004,"03",15,,,,
Netherlands,2004,"03",16,,,,
Netherlands,2004,"04",14,,,,
Netherlands,2004,"04",16,,,,
Netherlands,2004,"04",15,,,,
Netherlands,2004,"04",12,,,,
Netherlands,2004,"05",12,,,,
Netherlands,2004,"05",16,,,,
Netherlands,2004,"05",16,,,,
Netherlands,2004,"05",13,,,,
Netherlands,2004,"05",14,,,,
Netherlands,2004,"06",11,,,,
Netherlands,2004,"06",12,,,,
Netherlands,2004,"06",11,,,,
Netherlands,2004,"06",11,,,,
Netherlands,2004,"07",12,,,,
Netherlands,2004,"07",11,,,,
Netherlands,2004,"07",13,,,,
Netherlands,2004,"07",11,,,,
Netherlands,2004,"08",14,,,,
Netherlands,2004,"08",13,,,,
Netherlands,2004,"08",13,,,,
Netherlands,2004,"08",10,,,,
Netherlands,2004,"08",11,,,,
Netherlands,2004,"09",19,,,,
Netherlands,2004,"09",30,,,,
Netherlands,2004,"09",24,,,,
Netherlands,2004,"09",17,,,,
Netherlands,2004,"10",29,,,,
Netherlands,2004,"10",19,,,,
Netherlands,2004,"10",25,,,,
Netherlands,2004,"10",20,,,,
Netherlands,2004,"10",26,,,,
Netherlands,2004,"11",20,,,,
Netherlands,2004,"11",24,,,,
Netherlands,2004,"11",31,,,,
Netherlands,2004,"11",32,,,,
Netherlands,2004,"12",34,,,,
Netherlands,2004,"12",36,,,,
Netherlands,2004,"12",33,,,,
Netherlands,2004,"12",34,,,,
Netherlands,2005,"01",43,,,,
Netherlands,2005,"01",34,,,,
Netherlands,2005,"01",37,,,,
Netherlands,2005,"01",60,,,,
Netherlands,2005,"01",37,,,,
Netherlands,2005,"02",95,,,,
Netherlands,2005,"02",119,,,,
Netherlands,2005,"02",140,,,,
Netherlands,2005,"02",108,,,,
Netherlands,2005,"03",94,,,,
Netherlands,2005,"03",61,,,,
Netherlands,2005,"03",36,,,,
Netherlands,2005,"03",87,,,,
Netherlands,2005,"04",29,,,,
Netherlands,2005,"04",23,,,,
Netherlands,2005,"04",24,,,,
Netherlands,2005,"04",23,,,,
Netherlands,2005,"05",21,,,,
Netherlands,2005,"05",16,,,,
Netherlands,2005,"05",14,,,,
Netherlands,2005,"05",18,,,,
Netherlands,2005,"05",18,,,,
Netherlands,2005,"06",15,,,,
Netherlands,2005,"06",12,,,,
Netherlands,2005,"06",15,,,,
Netherlands,2005,"06",15,,,,
Netherlands,2005,"07",13,,,,
Netherlands,2005,"07",14,,,,
Netherlands,2005,"07",13,,,,
Netherlands,2005,"07",14,,,,
Netherlands,2005,"07",14,,,,
Netherlands,2005,"08",14,,,,
Netherlands,2005,"08",12,,,,
Netherlands,2005,"08",13,,,,
Netherlands,2005,"08",14,,,,
Netherlands,2005,"09",17,,,,
Netherlands,2005,"09",18,,,,
Netherlands,2005,"09",24,,,,
Netherlands,2005,"09",27,,,,
Netherlands,2005,"10",26,,,,
Netherlands,2005,"10",27,,,,
Netherlands,2005,"10",30,,,,
Netherlands,2005,"10",28,,,,
Netherlands,2005,"10",30,,,,
Netherlands,2005,"11",30,,,,
Netherlands,2005,"11",31,,,,
Netherlands,2005,"11",29,,,,
Netherlands,2005,"11",28,,,,
Netherlands,2005,"12",36,,,,
Netherlands,2005,"12",26,,,,
Netherlands,2005,"12",24,,,,
Netherlands,2005,"12",33,,,,
Netherlands,2006,"01",39,,,,
Netherlands,2006,"01",31,,,,
Netherlands,2006,"01",34,,,,
Netherlands,2006,"01",34,,,,
Netherlands,2006,"01",23,,,,
Netherlands,2006,"02",72,,,,
Netherlands,2006,"02",66,,,,
Netherlands,2006,"02",70,,,,
Netherlands,2006,"02",52,,,,
Netherlands,2006,"03",61,,,,
Netherlands,2006,"03",53,,,,
Netherlands,2006,"03",61,,,,
Netherlands,2006,"03",62,,,,
Netherlands,2006,"04",31,,,,
Netherlands,2006,"04",25,,,,
Netherlands,2006,"04",24,,,,
Netherlands,2006,"04",20,,,,
Netherlands,2006,"04",17,,,,
Netherlands,2006,"05",15,,,,
Netherlands,2006,"05",16,,,,
Netherlands,2006,"05",15,,,,
Netherlands,2006,"05",13,,,,
Netherlands,2006,"06",15,,,,
Netherlands,2006,"06",17,,,,
Netherlands,2006,"06",14,,,,
Netherlands,2006,"06",16,,,,
Netherlands,2006,"07",13,,,,
Netherlands,2006,"07",15,,,,
Netherlands,2006,"07",14,,,,
Netherlands,2006,"07",17,,,,
Netherlands,2006,"07",14,,,,
Netherlands,2006,"08",15,,,,
Netherlands,2006,"08",16,,,,
Netherlands,2006,"08",16,,,,
Netherlands,2006,"08",19,,,,
Netherlands,2006,"09",28,,,,
Netherlands,2006,"09",28,,,,
Netherlands,2006,"09",21,,,,
Netherlands,2006,"09",23,,,,
Netherlands,2006,"10",25,,,,
Netherlands,2006,"10",23,,,,
Netherlands,2006,"10",22,,,,
Netherlands,2006,"10",24,,,,
Netherlands,2006,"10",24,,,,
Netherlands,2006,"11",25,,,,
Netherlands,2006,"11",27,,,,
Netherlands,2006,"11",26,,,,
Netherlands,2006,"11",25,,,,
Netherlands,2006,"12",28,,,,
Netherlands,2006,"12",27,,,,
Netherlands,2006,"12",29,,,,
Netherlands,2006,"12",30,,,,
Netherlands,2006,"12",27,,,,
Netherlands,2007,"01",32,,,,
Netherlands,2007,"01",32,,,,
Netherlands,2007,"01",28,,,,
Netherlands,2007,"01",37,,,,
Netherlands,2007,"02",97,,,,
Netherlands,2007,"02",85,,,,
Netherlands,2007,"02",55,,,,
Netherlands,2007,"02",46,,,,
Netherlands,2007,"03",79,,,,
Netherlands,2007,"03",40,,,,
Netherlands,2007,"03",60,,,,
Netherlands,2007,"03",46,,,,
Netherlands,2007,"04",19,,,,
Netherlands,2007,"04",17,,,,
Netherlands,2007,"04",31,,,,
Netherlands,2007,"04",31,,,,
Netherlands,2007,"04",21,,,,
Netherlands,2007,"05",17,,,,
Netherlands,2007,"05",17,,,,
Netherlands,2007,"05",16,,,,
Netherlands,2007,"05",18,,,,
Netherlands,2007,"06",16,,,,
Netherlands,2007,"06",17,,,,
Netherlands,2007,"06",17,,,,
Netherlands,2007,"06",17,,,,
Netherlands,2007,"07",16,,,,
Netherlands,2007,"07",17,,,,
Netherlands,2007,"07",15,,,,
Netherlands,2007,"07",16,,,,
Netherlands,2007,"07",12,,,,
Netherlands,2007,"08",12,,,,
Netherlands,2007,"08",15,,,,
Netherlands,2007,"08",15,,,,
Netherlands,2007,"08",14,,,,
Netherlands,2007,"09",27,,,,
Netherlands,2007,"09",27,,,,
Netherlands,2007,"09",28,,,,
Netherlands,2007,"09",21,,,,
Netherlands,2007,"09",30,,,,
Netherlands,2007,"10",28,,,,
Netherlands,2007,"10",28,,,,
Netherlands,2007,"10",24,,,,
Netherlands,2007,"10",30,,,,
Netherlands,2007,"11",34,,,,
Netherlands,2007,"11",31,,,,
Netherlands,2007,"11",29,,,,
Netherlands,2007,"11",35,,,,
Netherlands,2007,"12",51,,,,
Netherlands,2007,"12",37,,,,
Netherlands,2007,"12",38,,,,
Netherlands,2007,"12",44,,,,
Netherlands,2007,"12",42,,,,
Netherlands,2008,"01",62,,,,
Netherlands,2008,"01",69,,,,
Netherlands,2008,"01",61,,,,
Netherlands,2008,"01",60,,,,
Netherlands,2008,"02",82,,,,
Netherlands,2008,"02",89,,,,
Netherlands,2008,"02",80,,,,
Netherlands,2008,"02",69,,,,
Netherlands,2008,"03",36,,,,
Netherlands,2008,"03",35,,,,
Netherlands,2008,"03",39,,,,
Netherlands,2008,"03",52,,,,
Netherlands,2008,"03",42,,,,
Netherlands,2008,"04",28,,,,
Netherlands,2008,"04",22,,,,
Netherlands,2008,"04",34,,,,
Netherlands,2008,"04",31,,,,
Netherlands,2008,"05",14,,,,
Netherlands,2008,"05",15,,,,
Netherlands,2008,"05",15,,,,
Netherlands,2008,"05",18,,,,
Netherlands,2008,"06",16,,,,
Netherlands,2008,"06",16,,,,
Netherlands,2008,"06",17,,,,
Netherlands,2008,"06",15,,,,
Netherlands,2008,"06",17,,,,
Netherlands,2008,"07",11,,,,
Netherlands,2008,"07",14,,,,
Netherlands,2008,"07",16,,,,
Netherlands,2008,"07",13,,,,
Netherlands,2008,"08",15,,,,
Netherlands,2008,"08",21,,,,
Netherlands,2008,"08",15,,,,
Netherlands,2008,"08",15,,,,
Netherlands,2008,"08",20,,,,
Netherlands,2008,"09",27,,,,
Netherlands,2008,"09",25,,,,
Netherlands,2008,"09",25,,,,
Netherlands,2008,"09",28,,,,
Netherlands,2008,"10",26,,,,
Netherlands,2008,"10",30,,,,
Netherlands,2008,"10",28,,,,
Netherlands,2008,"10",28,,,,
Netherlands,2008,"11",33,,,,
Netherlands,2008,"11",30,,,,
Netherlands,2008,"11",37,,,,
Netherlands,2008,"11",32,,,,
Netherlands,2008,"11",32,,,,
Netherlands,2008,"12",81,,,,
Netherlands,2008,"12",66,,,,
Netherlands,2008,"12",54,,,,
Netherlands,2008,"12",45,,,,
Netherlands,2009,"01",153,,,,
Netherlands,2009,"01",106,,,,
Netherlands,2009,"01",139,,,,
Netherlands,2009,"01",184,,,,
Netherlands,2009,"02",69,,,,
Netherlands,2009,"02",49,,,,
Netherlands,2009,"02",103,,,,
Netherlands,2009,"02",56,,,,
Netherlands,2009,"03",35,,,,
Netherlands,2009,"03",23,,,,
Netherlands,2009,"03",45,,,,
Netherlands,2009,"03",32,,,,
Netherlands,2009,"03",26,,,,
Netherlands,2009,"04",17,,,,
Netherlands,2009,"04",22,,,,
Netherlands,2009,"04",19,,,,
Netherlands,2009,"04",33,,,,
Netherlands,2009,"05",15,,,,
Netherlands,2009,"05",22,,,,
Netherlands,2009,"05",14,,,,
Netherlands,2009,"05",29,,,,
Netherlands,2009,"05",18,,,,
Netherlands,2009,"06",21,,,,
Netherlands,2009,"06",24,,,,
Netherlands,2009,"06",28,,,,
Netherlands,2009,"06",19,,,,
Netherlands,2009,"07",40,,,,
Netherlands,2009,"07",47,,,,
Netherlands,2009,"07",21,,,,
Netherlands,2009,"07",31,,,,
Netherlands,2009,"08",50,,,,
Netherlands,2009,"08",49,,,,
Netherlands,2009,"08",58,,,,
Netherlands,2009,"08",54,,,,
Netherlands,2009,"08",49,,,,
Netherlands,2009,"09",54,,,,
Netherlands,2009,"09",62,,,,
Netherlands,2009,"09",68,,,,
Netherlands,2009,"09",59,,,,
Netherlands,2009,"10",52,,,,
Netherlands,2009,"10",71,,,,
Netherlands,2009,"10",55,,,,
Netherlands,2009,"10",123,,,,
Netherlands,2009,"11",99,,,,
Netherlands,2009,"11",151,,,,
Netherlands,2009,"11",199,,,,
Netherlands,2009,"11",168,,,,
Netherlands,2009,"11",56,,,,
Netherlands,2009,"12",25,,,,
Netherlands,2009,"12",26,,,,
Netherlands,2009,"12",42,,,,
Netherlands,2009,"12",52,,,,
Netherlands,2010,"01",30,,,,
Netherlands,2010,"01",31,,,,
Netherlands,2010,"01",29,,,,
Netherlands,2010,"01",28,,,,
Netherlands,2010,"01",28,,,,
Netherlands,2010,"02",29,,,,
Netherlands,2010,"02",19,,,,
Netherlands,2010,"02",25,,,,
Netherlands,2010,"02",29,,,,
Netherlands,2010,"03",16,,,,
Netherlands,2010,"03",20,,,,
Netherlands,2010,"03",22,,,,
Netherlands,2010,"03",23,,,,
Netherlands,2010,"04",16,,,,
Netherlands,2010,"04",14,,,,
Netherlands,2010,"04",17,,,,
Netherlands,2010,"04",14,,,,
Netherlands,2010,"05",14,,,,
Netherlands,2010,"05",12,,,,
Netherlands,2010,"05",13,,,,
Netherlands,2010,"05",14,,,,
Netherlands,2010,"05",11,,,,
Netherlands,2010,"06",12,,,,
Netherlands,2010,"06",10,,,,
Netherlands,2010,"06",11,,,,
Netherlands,2010,"06",12,,,,
Netherlands,2010,"07",11,,,,
Netherlands,2010,"07",11,,,,
Netherlands,2010,"07",12,,,,
Netherlands,2010,"07",11,,,,
Netherlands,2010,"08",15,,,,
Netherlands,2010,"08",19,,,,
Netherlands,2010,"08",14,,,,
Netherlands,2010,"08",12,,,,
Netherlands,2010,"08",11,,,,
Netherlands,2010,"09",25,,,,
Netherlands,2010,"09",27,,,,
Netherlands,2010,"09",32,,,,
Netherlands,2010,"09",27,,,,
Netherlands,2010,"10",25,,,,
Netherlands,2010,"10",28,,,,
Netherlands,2010,"10",22,,,,
Netherlands,2010,"10",23,,,,
Netherlands,2010,"10",23,,,,
Netherlands,2010,"11",28,,,,
Netherlands,2010,"11",25,,,,
Netherlands,2010,"11",23,,,,
Netherlands,2010,"11",30,,,,
Netherlands,2010,"12",35,,,,
Netherlands,2010,"12",42,,,,
Netherlands,2010,"12",48,,,,
Netherlands,2010,"12",67,,,,
Netherlands,2011,"01",105,,,,
Netherlands,2011,"01",97,,,,
Netherlands,2011,"01",107,,,,
Netherlands,2011,"01",91,,,,
Netherlands,2011,"01",82,,,,
Netherlands,2011,"02",53,,,,
Netherlands,2011,"02",40,,,,
Netherlands,2011,"02",68,,,,
Netherlands,2011,"02",34,,,,
Netherlands,2011,"03",21,,,,
Netherlands,2011,"03",25,,,,
Netherlands,2011,"03",33,,,,
Netherlands,2011,"03",31,,,,
Netherlands,2011,"04",20,,,,
Netherlands,2011,"04",17,,,,
Netherlands,2011,"04",15,,,,
Netherlands,2011,"04",12,,,,
Netherlands,2011,"05",12,,,,
Netherlands,2011,"05",13,,,,
Netherlands,2011,"05",13,,,,
Netherlands,2011,"05",13,,,,
Netherlands,2011,"05",11,,,,
Netherlands,2011,"06",11,,,,
Netherlands,2011,"06",13,,,,
Netherlands,2011,"06",11,,,,
Netherlands,2011,"06",12,,,,
Netherlands,2011,"07",10,,,,
Netherlands,2011,"07",11,,,,
Netherlands,2011,"07",11,,,,
Netherlands,2011,"07",10,,,,
Netherlands,2011,"07",12,,,,
Netherlands,2011,"08",12,,,,
Netherlands,2011,"08",10,,,,
Netherlands,2011,"08",13,,,,
Netherlands,2011,"08",14,,,,
Netherlands,2011,"09",23,,,,
Netherlands,2011,"09",24,,,,
Netherlands,2011,"09",15,,,,
Netherlands,2011,"09",16,,,,
Netherlands,2011,"10",36,,,,
Netherlands,2011,"10",21,,,,
Netherlands,2011,"10",33,,,,
Netherlands,2011,"10",30,,,,
Netherlands,2011,"10",23,,,,
Netherlands,2011,"11",49,,,,
Netherlands,2011,"11",44,,,,
Netherlands,2011,"11",46,,,,
Netherlands,2011,"11",43,,,,
Netherlands,2011,"12",37,,,,
Netherlands,2011,"12",37,,,,
Netherlands,2011,"12",44,,,,
Netherlands,2011,"12",43,,,,
Netherlands,2012,"01",42,,,,
Netherlands,2012,"01",44,,,,
Netherlands,2012,"01",40,,,,
Netherlands,2012,"01",35,,,,
Netherlands,2012,"01",40,,,,
Netherlands,2012,"02",54,,,,
Netherlands,2012,"02",66,,,,
Netherlands,2012,"02",87,,,,
Netherlands,2012,"02",96,,,,
Netherlands,2012,"03",29,,,,
Netherlands,2012,"03",38,,,,
Netherlands,2012,"03",62,,,,
Netherlands,2012,"03",47,,,,
Netherlands,2012,"04",25,,,,
Netherlands,2012,"04",26,,,,
Netherlands,2012,"04",22,,,,
Netherlands,2012,"04",21,,,,
Netherlands,2012,"04",26,,,,
Netherlands,2012,"05",20,,,,
Netherlands,2012,"05",16,,,,
Netherlands,2012,"05",17,,,,
Netherlands,2012,"05",15,,,,
Netherlands,2012,"06",19,,,,
Netherlands,2012,"06",21,,,,
Netherlands,2012,"06",17,,,,
Netherlands,2012,"06",16,,,,
Netherlands,2012,"07",20,,,,
Netherlands,2012,"07",18,,,,
Netherlands,2012,"07",19,,,,
Netherlands,2012,"07",23,,,,
Netherlands,2012,"07",18,,,,
Netherlands,2012,"08",14,,,,
Netherlands,2012,"08",14,,,,
Netherlands,2012,"08",14,,,,
Netherlands,2012,"08",18,,,,
Netherlands,2012,"09",23,,,,
Netherlands,2012,"09",44,,,,
Netherlands,2012,"09",28,,,,
Netherlands,2012,"09",44,,,,
Netherlands,2012,"09",35,,,,
Netherlands,2012,"10",34,,,,
Netherlands,2012,"10",41,,,,
Netherlands,2012,"10",34,,,,
Netherlands,2012,"10",43,,,,
Netherlands,2012,"11",36,,,,
Netherlands,2012,"11",41,,,,
Netherlands,2012,"11",37,,,,
Netherlands,2012,"11",44,,,,
Netherlands,2012,"12",45,,,,
Netherlands,2012,"12",58,,,,
Netherlands,2012,"12",122,,,,
Netherlands,2012,"12",81,,,,
Netherlands,2012,"12",134,,,,
Netherlands,2013,"01",126,,,,
Netherlands,2013,"01",270,,,,
Netherlands,2013,"01",233,,,,
Netherlands,2013,"01",127,,,,
Netherlands,2013,"02",141,,,,
Netherlands,2013,"02",172,,,,
Netherlands,2013,"02",107,,,,
Netherlands,2013,"02",174,,,,
Netherlands,2013,"03",56,,,,
Netherlands,2013,"03",80,,,,
Netherlands,2013,"03",60,,,,
Netherlands,2013,"03",48,,,,
Netherlands,2013,"03",47,,,,
Netherlands,2013,"04",43,,,,
Netherlands,2013,"04",21,,,,
Netherlands,2013,"04",24,,,,
Netherlands,2013,"04",31,,,,
Netherlands,2013,"05",19,,,,
Netherlands,2013,"05",16,,,,
Netherlands,2013,"05",17,,,,
Netherlands,2013,"05",19,,,,
Netherlands,2013,"06",20,,,,
Netherlands,2013,"06",20,,,,
Netherlands,2013,"06",19,,,,
Netherlands,2013,"06",23,,,,
Netherlands,2013,"06",20,,,,
Netherlands,2013,"07",16,,,,
Netherlands,2013,"07",18,,,,
Netherlands,2013,"07",18,,,,
Netherlands,2013,"07",15,,,,
Netherlands,2013,"08",17,,,,
Netherlands,2013,"08",15,,,,
Netherlands,2013,"08",19,,,,
Netherlands,2013,"08",22,,,,
Netherlands,2013,"09",39,,,,
Netherlands,2013,"09",39,,,,
Netherlands,2013,"09",36,,,,
Netherlands,2013,"09",28,,,,
Netherlands,2013,"09",25,,,,
Netherlands,2013,"10",32,,,,
Netherlands,2013,"10",32,,,,
Netherlands,2013,"10",31,,,,
Netherlands,2013,"10",30,,,,
Netherlands,2013,"11",35,,,,
Netherlands,2013,"11",35,,,,
Netherlands,2013,"11",43,,,,
Netherlands,2013,"11",42,,,,
Netherlands,2013,"12",41,,,,
Netherlands,2013,"12",41,,,,
Netherlands,2013,"12",45,,,,
Netherlands,2013,"12",34,,,,
Netherlands,2013,"12",40,,,,
Netherlands,2014,"01",34,,,,
Netherlands,2014,"01",35,,,,
Netherlands,2014,"01",41,,,,
Netherlands,2014,"01",43,,,,
Netherlands,2014,"02",44,,,,
Netherlands,2014,"02",48,,,,
Netherlands,2014,"02",52,,,,
Netherlands,2014,"02",46,,,,
Netherlands,2014,"03",34,,,,
Netherlands,2014,"03",42,,,,
Netherlands,2014,"03",38,,,,
Netherlands,2014,"03",34,,,,
Netherlands,2014,"03",34,,,,
Netherlands,2014,"04",35,,,,
Netherlands,2014,"04",30,,,,
Netherlands,2014,"04",30,,,,
Netherlands,2014,"04",23,,,,
Netherlands,2014,"05",21,,,,
Netherlands,2014,"05",19,,,,
Netherlands,2014,"05",21,,,,
Netherlands,2014,"05",15,,,,
Netherlands,2014,"06",17,,,,
Netherlands,2014,"06",15,,,,
Netherlands,2014,"06",16,,,,
Netherlands,2014,"06",17,,,,
Netherlands,2014,"06",17,,,,
Netherlands,2014,"07",15,,,,
Netherlands,2014,"07",16,,,,
Netherlands,2014,"07",14,,,,
Netherlands,2014,"07",13,,,,
Netherlands,2014,"08",16,,,,
Netherlands,2014,"08",25,,,,
Netherlands,2014,"08",28,,,,
Netherlands,2014,"08",16,,,,
Netherlands,2014,"08",19,,,,
Netherlands,2014,"09",27,,,,
Netherlands,2014,"09",34,,,,
Netherlands,2014,"09",32,,,,
Netherlands,2014,"09",31,,,,
Netherlands,2014,"10",27,,,,
Netherlands,2014,"10",29,,,,
Netherlands,2014,"10",31,,,,
Netherlands,2014,"10",29,,,,
Netherlands,2014,"11",30,,,,
Netherlands,2014,"11",40,,,,
Netherlands,2014,"11",34,,,,
Netherlands,2014,"11",34,,,,
Netherlands,2014,"11",32,,,,
Netherlands,2014,"12",57,,,,
Netherlands,2014,"12",82,,,,
Netherlands,2014,"12",78,,,,
Netherlands,2014,"12",90,,,,
Netherlands,2015,"01",102,,,,
Netherlands,2015,"01",146,,,,
Netherlands,2015,"01",119,,,,
Netherlands,2015,"01",98,,,,
Netherlands,2015,"02",158,,,,
Netherlands,2015,"02",138,,,,
Netherlands,2015,"02",103,,,,
Netherlands,2015,"02",193,,,,
Netherlands,2015,"03",44,,,,
Netherlands,2015,"03",38,,,,
Netherlands,2015,"03",48,,,,
Netherlands,2015,"03",59,,,,
Netherlands,2015,"03",72,,,,
Netherlands,2015,"04",25,,,,
Netherlands,2015,"04",25,,,,
Netherlands,2015,"04",37,,,,
Netherlands,2015,"04",31,,,,
Netherlands,2015,"05",22,,,,
Netherlands,2015,"05",16,,,,
Netherlands,2015,"05",16,,,,
Netherlands,2015,"05",17,,,,
Netherlands,2015,"05",17,,,,
Netherlands,2015,"06",13,,,,
Netherlands,2015,"06",16,,,,
Netherlands,2015,"06",16,,,,
Netherlands,2015,"06",17,,,,
Netherlands,2015,"07",13,,,,
Netherlands,2015,"07",14,,,,
Netherlands,2015,"07",16,,,,
Netherlands,2015,"07",13,,,,
Netherlands,2015,"08",12,,,,
Netherlands,2015,"08",12,,,,
New Zealand,2002,"12",,,,,
New Zealand,2003,"01",,,,,
New Zealand,2003,"01",,,,,
New Zealand,2003,"01",,,,,
New Zealand,2003,"01",,,,,
New Zealand,2003,"02",,,,,
New Zealand,2003,"02",,,,,
New Zealand,2003,"02",,,,,
New Zealand,2003,"02",,,,,
New Zealand,2003,"03",,,,,
New Zealand,2003,"03",,,,,
New Zealand,2003,"03",,,,,
New Zealand,2003,"03",,,,,
New Zealand,2003,"03",,,,,
New Zealand,2003,"04",,,,,
New Zealand,2003,"04",,,,,
New Zealand,2003,"04",,,,,
New Zealand,2003,"04",,,,,
New Zealand,2003,"05",,,,,
New Zealand,2003,"05",,,,,
New Zealand,2003,"05",,,,,
New Zealand,2003,"05",,,,,
New Zealand,2003,"06",,,,,
New Zealand,2003,"06",,,,,
New Zealand,2003,"06",,,,,
New Zealand,2003,"06",,,,,
New Zealand,2003,"06",,,,,
New Zealand,2003,"07",,,,,
New Zealand,2003,"07",,,,,
New Zealand,2003,"07",,,,,
New Zealand,2003,"07",,,,,
New Zealand,2003,"08",,,,,
New Zealand,2003,"08",,,,,
New Zealand,2003,"08",,,,,
New Zealand,2003,"08",,,,,
New Zealand,2003,"08",,,,,
New Zealand,2003,"09",,,,,
New Zealand,2003,"09",,,,,
New Zealand,2003,"09",,,,,
New Zealand,2003,"09",,,,,
New Zealand,2003,"10",,,,,
New Zealand,2003,"10",,,,,
New Zealand,2003,"10",,,,,
New Zealand,2003,"10",,,,,
New Zealand,2003,"11",,,,,
New Zealand,2003,"11",,,,,
New Zealand,2003,"11",,,,,
New Zealand,2003,"11",,,,,
New Zealand,2003,"11",,,,,
New Zealand,2003,"12",,,,,
New Zealand,2003,"12",,,,,
New Zealand,2003,"12",,,,,
New Zealand,2003,"12",,,,,
New Zealand,2004,"01",,,,,
New Zealand,2004,"01",,,,,
New Zealand,2004,"01",,,,,
New Zealand,2004,"01",,,,,
New Zealand,2004,"02",,,,,
New Zealand,2004,"02",,,,,
New Zealand,2004,"02",,,,,
New Zealand,2004,"02",,,,,
New Zealand,2004,"02",,,,,
New Zealand,2004,"03",,,,,
New Zealand,2004,"03",,,,,
New Zealand,2004,"03",,,,,
New Zealand,2004,"03",,,,,
New Zealand,2004,"04",,,,,
New Zealand,2004,"04",,,,,
New Zealand,2004,"04",,,,,
New Zealand,2004,"04",,,,,
New Zealand,2004,"05",,,,,
New Zealand,2004,"05",,,,,
New Zealand,2004,"05",,,,,
New Zealand,2004,"05",,,,,
New Zealand,2004,"05",,,,,
New Zealand,2004,"06",,,,,
New Zealand,2004,"06",,,,,
New Zealand,2004,"06",,,,,
New Zealand,2004,"06",,,,,
New Zealand,2004,"07",,,,,
New Zealand,2004,"07",,,,,
New Zealand,2004,"07",,,,,
New Zealand,2004,"07",,,,,
New Zealand,2004,"08",,,,,
New Zealand,2004,"08",,,,,
New Zealand,2004,"08",,,,,
New Zealand,2004,"08",,,,,
New Zealand,2004,"08",,,,,
New Zealand,2004,"09",,,,,
New Zealand,2004,"09",,,,,
New Zealand,2004,"09",,,,,
New Zealand,2004,"09",,,,,
New Zealand,2004,"10",,,,,
New Zealand,2004,"10",,,,,
New Zealand,2004,"10",,,,,
New Zealand,2004,"10",,,,,
New Zealand,2004,"10",,,,,
New Zealand,2004,"11",,,,,
New Zealand,2004,"11",,,,,
New Zealand,2004,"11",,,,,
New Zealand,2004,"11",,,,,
New Zealand,2004,"12",,,,,
New Zealand,2004,"12",,,,,
New Zealand,2004,"12",,,,,
New Zealand,2004,"12",,,,,
New Zealand,2005,"01",,,,,
New Zealand,2005,"01",,,,,
New Zealand,2005,"01",,,,,
New Zealand,2005,"01",,,,,
New Zealand,2005,"01",,,,,
New Zealand,2005,"02",,,,,
New Zealand,2005,"02",,,,,
New Zealand,2005,"02",,,,,
New Zealand,2005,"02",,,,,
New Zealand,2005,"03",,,,,
New Zealand,2005,"03",,,,,
New Zealand,2005,"03",,,,,
New Zealand,2005,"03",,,,,
New Zealand,2005,"04",,,,,
New Zealand,2005,"04",,,,,
New Zealand,2005,"04",,,,,
New Zealand,2005,"04",,,,,
New Zealand,2005,"05",,,,,
New Zealand,2005,"05",,,,,
New Zealand,2005,"05",,,,,
New Zealand,2005,"05",,,,,
New Zealand,2005,"05",,,,,
New Zealand,2005,"06",,,,,
New Zealand,2005,"06",,,,,
New Zealand,2005,"06",,,,,
New Zealand,2005,"06",,,,,
New Zealand,2005,"07",,,,,
New Zealand,2005,"07",,,,,
New Zealand,2005,"07",,,,,
New Zealand,2005,"07",,,,,
New Zealand,2005,"07",,,,,
New Zealand,2005,"08",,,,,
New Zealand,2005,"08",,,,,
New Zealand,2005,"08",,,,,
New Zealand,2005,"08",,,,,
New Zealand,2005,"09",,,,,
New Zealand,2005,"09",,,,,
New Zealand,2005,"09",,,,,
New Zealand,2005,"09",,,,,
New Zealand,2005,"10",,,,,
New Zealand,2005,"10",,,,,
New Zealand,2005,"10",,,,,
New Zealand,2005,"10",,,,,
New Zealand,2005,"10",,,,,
New Zealand,2005,"11",,,,,
New Zealand,2005,"11",,,,,
New Zealand,2005,"11",,,,,
New Zealand,2005,"11",,,,,
New Zealand,2005,"12",,,,,
New Zealand,2005,"12",,,,,
New Zealand,2005,"12",,,,,
New Zealand,2005,"12",,,,,
New Zealand,2006,"01",17,,,,
New Zealand,2006,"01",10,,,,
New Zealand,2006,"01",11,,,,
New Zealand,2006,"01",8,,,,
New Zealand,2006,"01",8,,,,
New Zealand,2006,"02",9,,,,
New Zealand,2006,"02",21,,,,
New Zealand,2006,"02",9,,,,
New Zealand,2006,"02",11,,,,
New Zealand,2006,"03",16,,,,
New Zealand,2006,"03",13,,,,
New Zealand,2006,"03",14,,,,
New Zealand,2006,"03",20,,,,
New Zealand,2006,"04",18,,,,
New Zealand,2006,"04",16,,,,
New Zealand,2006,"04",14,,,,
New Zealand,2006,"04",19,,,,
New Zealand,2006,"04",13,,,,
New Zealand,2006,"05",26,,,,
New Zealand,2006,"05",31,,,,
New Zealand,2006,"05",16,,,,
New Zealand,2006,"05",21,,,,
New Zealand,2006,"06",28,,,,
New Zealand,2006,"06",80,,,,
New Zealand,2006,"06",47,,,,
New Zealand,2006,"06",36,,,,
New Zealand,2006,"07",55,,,,
New Zealand,2006,"07",73,,,,
New Zealand,2006,"07",68,,,,
New Zealand,2006,"07",102,,,,
New Zealand,2006,"07",83,,,,
New Zealand,2006,"08",60,,,,
New Zealand,2006,"08",58,,,,
New Zealand,2006,"08",59,,,,
New Zealand,2006,"08",54,,,,
New Zealand,2006,"09",35,,,,
New Zealand,2006,"09",52,,,,
New Zealand,2006,"09",44,,,,
New Zealand,2006,"09",37,,,,
New Zealand,2006,"10",13,,,,
New Zealand,2006,"10",12,,,,
New Zealand,2006,"10",14,,,,
New Zealand,2006,"10",21,,,,
New Zealand,2006,"10",21,,,,
New Zealand,2006,"11",11,,,,
New Zealand,2006,"11",11,,,,
New Zealand,2006,"11",13,,,,
New Zealand,2006,"11",15,,,,
New Zealand,2006,"12",9,,,,
New Zealand,2006,"12",7,,,,
New Zealand,2006,"12",6,,,,
New Zealand,2006,"12",15,,,,
New Zealand,2006,"12",12,,,,
New Zealand,2007,"01",4,,,,
New Zealand,2007,"01",7,,,,
New Zealand,2007,"01",6,,,,
New Zealand,2007,"01",3,,,,
New Zealand,2007,"02",4,,,,
New Zealand,2007,"02",7,,,,
New Zealand,2007,"02",6,,,,
New Zealand,2007,"02",4,,,,
New Zealand,2007,"03",7,,,,
New Zealand,2007,"03",8,,,,
New Zealand,2007,"03",8,,,,
New Zealand,2007,"03",9,,,,
New Zealand,2007,"04",19,,,,
New Zealand,2007,"04",13,,,,
New Zealand,2007,"04",20,,,,
New Zealand,2007,"04",13,,,,
New Zealand,2007,"04",12,,,,
New Zealand,2007,"05",17,,,,
New Zealand,2007,"05",13,,,,
New Zealand,2007,"05",32,,,,
New Zealand,2007,"05",31,,,,
New Zealand,2007,"06",32,,,,
New Zealand,2007,"06",47,,,,
New Zealand,2007,"06",41,,,,
New Zealand,2007,"06",29,,,,
New Zealand,2007,"07",75,,,,
New Zealand,2007,"07",57,,,,
New Zealand,2007,"07",62,,,,
New Zealand,2007,"07",74,,,,
New Zealand,2007,"07",76,,,,
New Zealand,2007,"08",87,,,,
New Zealand,2007,"08",72,,,,
New Zealand,2007,"08",73,,,,
New Zealand,2007,"08",72,,,,
New Zealand,2007,"09",19,,,,
New Zealand,2007,"09",45,,,,
New Zealand,2007,"09",32,,,,
New Zealand,2007,"09",53,,,,
New Zealand,2007,"09",62,,,,
New Zealand,2007,"10",23,,,,
New Zealand,2007,"10",15,,,,
New Zealand,2007,"10",22,,,,
New Zealand,2007,"10",14,,,,
New Zealand,2007,"11",11,,,,
New Zealand,2007,"11",11,,,,
New Zealand,2007,"11",7,,,,
New Zealand,2007,"11",9,,,,
New Zealand,2007,"12",9,,,,
New Zealand,2007,"12",7,,,,
New Zealand,2007,"12",6,,,,
New Zealand,2007,"12",9,,,,
New Zealand,2007,"12",4,,,,
New Zealand,2008,"01",10,,,,
New Zealand,2008,"01",10,,,,
New Zealand,2008,"01",7,,,,
New Zealand,2008,"01",8,,,,
New Zealand,2008,"02",9,,,,
New Zealand,2008,"02",7,,,,
New Zealand,2008,"02",16,,,,
New Zealand,2008,"02",12,,,,
New Zealand,2008,"03",14,,,,
New Zealand,2008,"03",14,,,,
New Zealand,2008,"03",16,,,,
New Zealand,2008,"03",17,,,,
New Zealand,2008,"03",17,,,,
New Zealand,2008,"04",17,,,,
New Zealand,2008,"04",16,,,,
New Zealand,2008,"04",24,,,,
New Zealand,2008,"04",17,,,,
New Zealand,2008,"05",23,,,,
New Zealand,2008,"05",29,,,,
New Zealand,2008,"05",27,,,,
New Zealand,2008,"05",20,,,,
New Zealand,2008,"06",32,,,,
New Zealand,2008,"06",42,,,,
New Zealand,2008,"06",66,,,,
New Zealand,2008,"06",54,,,,
New Zealand,2008,"06",71,,,,
New Zealand,2008,"07",80,,,,
New Zealand,2008,"07",70,,,,
New Zealand,2008,"07",85,,,,
New Zealand,2008,"07",78,,,,
New Zealand,2008,"08",102,,,,
New Zealand,2008,"08",111,,,,
New Zealand,2008,"08",120,,,,
New Zealand,2008,"08",121,,,,
New Zealand,2008,"08",93,,,,
New Zealand,2008,"09",52,,,,
New Zealand,2008,"09",75,,,,
New Zealand,2008,"09",57,,,,
New Zealand,2008,"09",35,,,,
New Zealand,2008,"10",22,,,,
New Zealand,2008,"10",19,,,,
New Zealand,2008,"10",21,,,,
New Zealand,2008,"10",27,,,,
New Zealand,2008,"11",15,,,,
New Zealand,2008,"11",17,,,,
New Zealand,2008,"11",12,,,,
New Zealand,2008,"11",9,,,,
New Zealand,2008,"11",19,,,,
New Zealand,2008,"12",10,,,,
New Zealand,2008,"12",15,,,,
New Zealand,2008,"12",10,,,,
New Zealand,2008,"12",13,,,,
New Zealand,2009,"01",6,,,,
New Zealand,2009,"01",13,,,,
New Zealand,2009,"01",8,,,,
New Zealand,2009,"01",6,,,,
New Zealand,2009,"02",12,,,,
New Zealand,2009,"02",12,,,,
New Zealand,2009,"02",6,,,,
New Zealand,2009,"02",6,,,,
New Zealand,2009,"03",12,,,,
New Zealand,2009,"03",13,,,,
New Zealand,2009,"03",14,,,,
New Zealand,2009,"03",16,,,,
New Zealand,2009,"03",18,,,,
New Zealand,2009,"04",35,,,,
New Zealand,2009,"04",15,,,,
New Zealand,2009,"04",14,,,,
New Zealand,2009,"04",19,,,,
New Zealand,2009,"05",42,,,,
New Zealand,2009,"05",38,,,,
New Zealand,2009,"05",30,,,,
New Zealand,2009,"05",53,,,,
New Zealand,2009,"05",31,,,,
New Zealand,2009,"06",91,,,,
New Zealand,2009,"06",159,,,,
New Zealand,2009,"06",139,,,,
New Zealand,2009,"06",262,,,,
New Zealand,2009,"07",266,,,,
New Zealand,2009,"07",120,,,,
New Zealand,2009,"07",190,,,,
New Zealand,2009,"07",155,,,,
New Zealand,2009,"08",62,,,,
New Zealand,2009,"08",64,,,,
New Zealand,2009,"08",76,,,,
New Zealand,2009,"08",100,,,,
New Zealand,2009,"08",56,,,,
New Zealand,2009,"09",39,,,,
New Zealand,2009,"09",48,,,,
New Zealand,2009,"09",43,,,,
New Zealand,2009,"09",43,,,,
New Zealand,2009,"10",30,,,,
New Zealand,2009,"10",35,,,,
New Zealand,2009,"10",38,,,,
New Zealand,2009,"10",39,,,,
New Zealand,2009,"11",22,,,,
New Zealand,2009,"11",26,,,,
New Zealand,2009,"11",17,,,,
New Zealand,2009,"11",21,,,,
New Zealand,2009,"11",26,,,,
New Zealand,2009,"12",14,,,,
New Zealand,2009,"12",12,,,,
New Zealand,2009,"12",14,,,,
New Zealand,2009,"12",18,,,,
New Zealand,2010,"01",13,,,,
New Zealand,2010,"01",8,,,,
New Zealand,2010,"01",9,,,,
New Zealand,2010,"01",8,,,,
New Zealand,2010,"01",11,,,,
New Zealand,2010,"02",10,,,,
New Zealand,2010,"02",10,,,,
New Zealand,2010,"02",12,,,,
New Zealand,2010,"02",12,,,,
New Zealand,2010,"03",16,,,,
New Zealand,2010,"03",15,,,,
New Zealand,2010,"03",17,,,,
New Zealand,2010,"03",17,,,,
New Zealand,2010,"04",19,,,,
New Zealand,2010,"04",12,,,,
New Zealand,2010,"04",19,,,,
New Zealand,2010,"04",16,,,,
New Zealand,2010,"05",25,,,,
New Zealand,2010,"05",28,,,,
New Zealand,2010,"05",20,,,,
New Zealand,2010,"05",26,,,,
New Zealand,2010,"05",28,,,,
New Zealand,2010,"06",45,,,,
New Zealand,2010,"06",37,,,,
New Zealand,2010,"06",41,,,,
New Zealand,2010,"06",31,,,,
New Zealand,2010,"07",110,,,,
New Zealand,2010,"07",52,,,,
New Zealand,2010,"07",62,,,,
New Zealand,2010,"07",81,,,,
New Zealand,2010,"08",95,,,,
New Zealand,2010,"08",93,,,,
New Zealand,2010,"08",65,,,,
New Zealand,2010,"08",123,,,,
New Zealand,2010,"08",130,,,,
New Zealand,2010,"09",37,,,,
New Zealand,2010,"09",52,,,,
New Zealand,2010,"09",39,,,,
New Zealand,2010,"09",47,,,,
New Zealand,2010,"10",22,,,,
New Zealand,2010,"10",25,,,,
New Zealand,2010,"10",29,,,,
New Zealand,2010,"10",23,,,,
New Zealand,2010,"10",32,,,,
New Zealand,2010,"11",16,,,,
New Zealand,2010,"11",23,,,,
New Zealand,2010,"11",16,,,,
New Zealand,2010,"11",16,,,,
New Zealand,2010,"12",12,,,,
New Zealand,2010,"12",13,,,,
New Zealand,2010,"12",11,,,,
New Zealand,2010,"12",13,,,,
New Zealand,2011,"01",9,,,,
New Zealand,2011,"01",9,,,,
New Zealand,2011,"01",10,,,,
New Zealand,2011,"01",10,,,,
New Zealand,2011,"01",9,,,,
New Zealand,2011,"02",11,,,,
New Zealand,2011,"02",10,,,,
New Zealand,2011,"02",14,,,,
New Zealand,2011,"02",9,,,,
New Zealand,2011,"03",14,,,,
New Zealand,2011,"03",17,,,,
New Zealand,2011,"03",19,,,,
New Zealand,2011,"03",14,,,,
New Zealand,2011,"04",18,,,,
New Zealand,2011,"04",18,,,,
New Zealand,2011,"04",16,,,,
New Zealand,2011,"04",19,,,,
New Zealand,2011,"05",28,,,,
New Zealand,2011,"05",22,,,,
New Zealand,2011,"05",34,,,,
New Zealand,2011,"05",23,,,,
New Zealand,2011,"05",24,,,,
New Zealand,2011,"06",45,,,,
New Zealand,2011,"06",46,,,,
New Zealand,2011,"06",42,,,,
New Zealand,2011,"06",51,,,,
New Zealand,2011,"07",71,,,,
New Zealand,2011,"07",76,,,,
New Zealand,2011,"07",68,,,,
New Zealand,2011,"07",65,,,,
New Zealand,2011,"07",60,,,,
New Zealand,2011,"08",65,,,,
New Zealand,2011,"08",62,,,,
New Zealand,2011,"08",82,,,,
New Zealand,2011,"08",69,,,,
New Zealand,2011,"09",65,,,,
New Zealand,2011,"09",52,,,,
New Zealand,2011,"09",45,,,,
New Zealand,2011,"09",57,,,,
New Zealand,2011,"10",50,,,,
New Zealand,2011,"10",25,,,,
New Zealand,2011,"10",34,,,,
New Zealand,2011,"10",36,,,,
New Zealand,2011,"10",24,,,,
New Zealand,2011,"11",20,,,,
New Zealand,2011,"11",17,,,,
New Zealand,2011,"11",18,,,,
New Zealand,2011,"11",15,,,,
New Zealand,2011,"12",12,,,,
New Zealand,2011,"12",18,,,,
New Zealand,2011,"12",12,,,,
New Zealand,2011,"12",15,,,,
New Zealand,2012,"01",10,,,,
New Zealand,2012,"01",11,,,,
New Zealand,2012,"01",10,,,,
New Zealand,2012,"01",14,,,,
New Zealand,2012,"01",10,,,,
New Zealand,2012,"02",13,,,,
New Zealand,2012,"02",11,,,,
New Zealand,2012,"02",10,,,,
New Zealand,2012,"02",16,,,,
New Zealand,2012,"03",21,,,,
New Zealand,2012,"03",18,,,,
New Zealand,2012,"03",17,,,,
New Zealand,2012,"03",17,,,,
New Zealand,2012,"04",21,,,,
New Zealand,2012,"04",23,,,,
New Zealand,2012,"04",21,,,,
New Zealand,2012,"04",20,,,,
New Zealand,2012,"04",22,,,,
New Zealand,2012,"05",37,,,,
New Zealand,2012,"05",46,,,,
New Zealand,2012,"05",28,,,,
New Zealand,2012,"05",27,,,,
New Zealand,2012,"06",62,,,,
New Zealand,2012,"06",61,,,,
New Zealand,2012,"06",47,,,,
New Zealand,2012,"06",81,,,,
New Zealand,2012,"07",129,,,,
New Zealand,2012,"07",136,,,,
New Zealand,2012,"07",92,,,,
New Zealand,2012,"07",148,,,,
New Zealand,2012,"07",132,,,,
New Zealand,2012,"08",101,,,,
New Zealand,2012,"08",130,,,,
New Zealand,2012,"08",110,,,,
New Zealand,2012,"08",105,,,,
New Zealand,2012,"09",42,,,,
New Zealand,2012,"09",64,,,,
New Zealand,2012,"09",57,,,,
New Zealand,2012,"09",65,,,,
New Zealand,2012,"09",95,,,,
New Zealand,2012,"10",40,,,,
New Zealand,2012,"10",35,,,,
New Zealand,2012,"10",30,,,,
New Zealand,2012,"10",24,,,,
New Zealand,2012,"11",25,,,,
New Zealand,2012,"11",21,,,,
New Zealand,2012,"11",21,,,,
New Zealand,2012,"11",20,,,,
New Zealand,2012,"12",19,,,,
New Zealand,2012,"12",15,,,,
New Zealand,2012,"12",14,,,,
New Zealand,2012,"12",12,,,,
New Zealand,2012,"12",17,,,,
New Zealand,2013,"01",12,,,,
New Zealand,2013,"01",10,,,,
New Zealand,2013,"01",12,,,,
New Zealand,2013,"01",13,,,,
New Zealand,2013,"02",17,,,,
New Zealand,2013,"02",10,,,,
New Zealand,2013,"02",19,,,,
New Zealand,2013,"02",13,,,,
New Zealand,2013,"03",21,,,,
New Zealand,2013,"03",21,,,,
New Zealand,2013,"03",21,,,,
New Zealand,2013,"03",18,,,,
New Zealand,2013,"03",18,,,,
New Zealand,2013,"04",25,,,,
New Zealand,2013,"04",23,,,,
New Zealand,2013,"04",27,,,,
New Zealand,2013,"04",23,,,,
New Zealand,2013,"05",42,,,,
New Zealand,2013,"05",32,,,,
New Zealand,2013,"05",22,,,,
New Zealand,2013,"05",32,,,,
New Zealand,2013,"06",63,,,,
New Zealand,2013,"06",46,,,,
New Zealand,2013,"06",71,,,,
New Zealand,2013,"06",52,,,,
New Zealand,2013,"06",48,,,,
New Zealand,2013,"07",93,,,,
New Zealand,2013,"07",76,,,,
New Zealand,2013,"07",76,,,,
New Zealand,2013,"07",73,,,,
New Zealand,2013,"08",91,,,,
New Zealand,2013,"08",94,,,,
New Zealand,2013,"08",103,,,,
New Zealand,2013,"08",86,,,,
New Zealand,2013,"09",91,,,,
New Zealand,2013,"09",91,,,,
New Zealand,2013,"09",123,,,,
New Zealand,2013,"09",73,,,,
New Zealand,2013,"09",110,,,,
New Zealand,2013,"10",54,,,,
New Zealand,2013,"10",44,,,,
New Zealand,2013,"10",35,,,,
New Zealand,2013,"10",39,,,,
New Zealand,2013,"11",30,,,,
New Zealand,2013,"11",31,,,,
New Zealand,2013,"11",21,,,,
New Zealand,2013,"11",23,,,,
New Zealand,2013,"12",18,,,,
New Zealand,2013,"12",20,,,,
New Zealand,2013,"12",18,,,,
New Zealand,2013,"12",20,,,,
New Zealand,2013,"12",16,,,,
New Zealand,2014,"01",19,,,,
New Zealand,2014,"01",13,,,,
New Zealand,2014,"01",19,,,,
New Zealand,2014,"01",10,,,,
New Zealand,2014,"02",17,,,,
New Zealand,2014,"02",16,,,,
New Zealand,2014,"02",12,,,,
New Zealand,2014,"02",16,,,,
New Zealand,2014,"03",31,,,,
New Zealand,2014,"03",28,,,,
New Zealand,2014,"03",24,,,,
New Zealand,2014,"03",21,,,,
New Zealand,2014,"03",25,,,,
New Zealand,2014,"04",38,,,,
New Zealand,2014,"04",30,,,,
New Zealand,2014,"04",28,,,,
New Zealand,2014,"04",25,,,,
New Zealand,2014,"05",53,,,,
New Zealand,2014,"05",35,,,,
New Zealand,2014,"05",66,,,,
New Zealand,2014,"05",45,,,,
New Zealand,2014,"06",114,,,,
New Zealand,2014,"06",79,,,,
New Zealand,2014,"06",81,,,,
New Zealand,2014,"06",84,,,,
New Zealand,2014,"06",132,,,,
New Zealand,2014,"07",157,,,,
New Zealand,2014,"07",174,,,,
New Zealand,2014,"07",171,,,,
New Zealand,2014,"07",166,,,,
New Zealand,2014,"08",176,,,,
New Zealand,2014,"08",139,,,,
New Zealand,2014,"08",159,,,,
New Zealand,2014,"08",159,,,,
New Zealand,2014,"08",202,,,,
New Zealand,2014,"09",95,,,,
New Zealand,2014,"09",79,,,,
New Zealand,2014,"09",63,,,,
New Zealand,2014,"09",115,,,,
New Zealand,2014,"10",41,,,,
New Zealand,2014,"10",55,,,,
New Zealand,2014,"10",52,,,,
New Zealand,2014,"10",38,,,,
New Zealand,2014,"11",29,,,,
New Zealand,2014,"11",28,,,,
New Zealand,2014,"11",35,,,,
New Zealand,2014,"11",22,,,,
New Zealand,2014,"11",20,,,,
New Zealand,2014,"12",23,,,,
New Zealand,2014,"12",19,,,,
New Zealand,2014,"12",21,,,,
New Zealand,2014,"12",23,,,,
New Zealand,2015,"01",22,,,,
New Zealand,2015,"01",12,,,,
New Zealand,2015,"01",15,,,,
New Zealand,2015,"01",11,,,,
New Zealand,2015,"02",22,,,,
New Zealand,2015,"02",16,,,,
New Zealand,2015,"02",14,,,,
New Zealand,2015,"02",19,,,,
New Zealand,2015,"03",19,,,,
New Zealand,2015,"03",23,,,,
New Zealand,2015,"03",22,,,,
New Zealand,2015,"03",15,,,,
New Zealand,2015,"03",14,,,,
New Zealand,2015,"04",15,,,,
New Zealand,2015,"04",16,,,,
New Zealand,2015,"04",16,,,,
New Zealand,2015,"04",15,,,,
New Zealand,2015,"05",19,,,,
New Zealand,2015,"05",17,,,,
New Zealand,2015,"05",16,,,,
New Zealand,2015,"05",19,,,,
New Zealand,2015,"05",15,,,,
New Zealand,2015,"06",29,,,,
New Zealand,2015,"06",22,,,,
New Zealand,2015,"06",43,,,,
New Zealand,2015,"06",35,,,,
New Zealand,2015,"07",43,,,,
New Zealand,2015,"07",55,,,,
New Zealand,2015,"07",44,,,,
New Zealand,2015,"07",57,,,,
New Zealand,2015,"08",52,,,,
New Zealand,2015,"08",55,,,,
Norway,2002,"12",,,,,
Norway,2003,"01",,,,,
Norway,2003,"01",,,,,
Norway,2003,"01",,,,,
Norway,2003,"01",,,,,
Norway,2003,"02",,,,,
Norway,2003,"02",,,,,
Norway,2003,"02",,,,,
Norway,2003,"02",,,,,
Norway,2003,"03",,,,,
Norway,2003,"03",,,,,
Norway,2003,"03",,,,,
Norway,2003,"03",,,,,
Norway,2003,"03",,,,,
Norway,2003,"04",,,,,
Norway,2003,"04",,,,,
Norway,2003,"04",,,,,
Norway,2003,"04",,,,,
Norway,2003,"05",,,,,
Norway,2003,"05",,,,,
Norway,2003,"05",,,,,
Norway,2003,"05",,,,,
Norway,2003,"06",,,,,
Norway,2003,"06",,,,,
Norway,2003,"06",,,,,
Norway,2003,"06",,,,,
Norway,2003,"06",,,,,
Norway,2003,"07",,,,,
Norway,2003,"07",,,,,
Norway,2003,"07",,,,,
Norway,2003,"07",,,,,
Norway,2003,"08",,,,,
Norway,2003,"08",,,,,
Norway,2003,"08",,,,,
Norway,2003,"08",,,,,
Norway,2003,"08",,,,,
Norway,2003,"09",,,,,
Norway,2003,"09",,,,,
Norway,2003,"09",,,,,
Norway,2003,"09",,,,,
Norway,2003,"10",,,,,
Norway,2003,"10",,,,,
Norway,2003,"10",,,,,
Norway,2003,"10",,,,,
Norway,2003,"11",,,,,
Norway,2003,"11",,,,,
Norway,2003,"11",,,,,
Norway,2003,"11",,,,,
Norway,2003,"11",,,,,
Norway,2003,"12",,,,,
Norway,2003,"12",,,,,
Norway,2003,"12",,,,,
Norway,2003,"12",,,,,
Norway,2004,"01",,,,,
Norway,2004,"01",,,,,
Norway,2004,"01",,,,,
Norway,2004,"01",,,,,
Norway,2004,"02",,,,,
Norway,2004,"02",,,,,
Norway,2004,"02",,,,,
Norway,2004,"02",,,,,
Norway,2004,"02",,,,,
Norway,2004,"03",,,,,
Norway,2004,"03",,,,,
Norway,2004,"03",,,,,
Norway,2004,"03",,,,,
Norway,2004,"04",,,,,
Norway,2004,"04",,,,,
Norway,2004,"04",,,,,
Norway,2004,"04",,,,,
Norway,2004,"05",,,,,
Norway,2004,"05",,,,,
Norway,2004,"05",,,,,
Norway,2004,"05",,,,,
Norway,2004,"05",,,,,
Norway,2004,"06",,,,,
Norway,2004,"06",,,,,
Norway,2004,"06",,,,,
Norway,2004,"06",,,,,
Norway,2004,"07",,,,,
Norway,2004,"07",,,,,
Norway,2004,"07",,,,,
Norway,2004,"07",,,,,
Norway,2004,"08",,,,,
Norway,2004,"08",,,,,
Norway,2004,"08",,,,,
Norway,2004,"08",,,,,
Norway,2004,"08",,,,,
Norway,2004,"09",,,,,
Norway,2004,"09",,,,,
Norway,2004,"09",,,,,
Norway,2004,"09",,,,,
Norway,2004,"10",,,,,
Norway,2004,"10",,,,,
Norway,2004,"10",,,,,
Norway,2004,"10",,,,,
Norway,2004,"10",,,,,
Norway,2004,"11",12,,,,
Norway,2004,"11",13,,,,
Norway,2004,"11",13,,,,
Norway,2004,"11",,,,,
Norway,2004,"12",13,,,,
Norway,2004,"12",12,,,,
Norway,2004,"12",14,,,,
Norway,2004,"12",12,,,,
Norway,2005,"01",13,,,,
Norway,2005,"01",14,,,,
Norway,2005,"01",15,,,,
Norway,2005,"01",14,,,,
Norway,2005,"01",21,,,,
Norway,2005,"02",29,,,,
Norway,2005,"02",56,,,,
Norway,2005,"02",72,,,,
Norway,2005,"02",47,,,,
Norway,2005,"03",77,,,,
Norway,2005,"03",81,,,,
Norway,2005,"03",81,,,,
Norway,2005,"03",70,,,,
Norway,2005,"04",35,,,,
Norway,2005,"04",61,,,,
Norway,2005,"04",49,,,,
Norway,2005,"04",41,,,,
Norway,2005,"05",23,,,,
Norway,2005,"05",24,,,,
Norway,2005,"05",31,,,,
Norway,2005,"05",27,,,,
Norway,2005,"05",29,,,,
Norway,2005,"06",15,,,,
Norway,2005,"06",19,,,,
Norway,2005,"06",18,,,,
Norway,2005,"06",17,,,,
Norway,2005,"07",15,,,,
Norway,2005,"07",16,,,,
Norway,2005,"07",18,,,,
Norway,2005,"07",15,,,,
Norway,2005,"07",15,,,,
Norway,2005,"08",19,,,,
Norway,2005,"08",18,,,,
Norway,2005,"08",20,,,,
Norway,2005,"08",26,,,,
Norway,2005,"09",29,,,,
Norway,2005,"09",29,,,,
Norway,2005,"09",29,,,,
Norway,2005,"09",35,,,,
Norway,2005,"10",27,,,,
Norway,2005,"10",27,,,,
Norway,2005,"10",40,,,,
Norway,2005,"10",34,,,,
Norway,2005,"10",27,,,,
Norway,2005,"11",61,,,,
Norway,2005,"11",61,,,,
Norway,2005,"11",69,,,,
Norway,2005,"11",72,,,,
Norway,2005,"12",48,,,,
Norway,2005,"12",58,,,,
Norway,2005,"12",54,,,,
Norway,2005,"12",63,,,,
Norway,2006,"01",37,,,,
Norway,2006,"01",46,,,,
Norway,2006,"01",43,,,,
Norway,2006,"01",60,,,,
Norway,2006,"01",40,,,,
Norway,2006,"02",61,,,,
Norway,2006,"02",75,,,,
Norway,2006,"02",91,,,,
Norway,2006,"02",85,,,,
Norway,2006,"03",42,,,,
Norway,2006,"03",42,,,,
Norway,2006,"03",43,,,,
Norway,2006,"03",42,,,,
Norway,2006,"04",29,,,,
Norway,2006,"04",22,,,,
Norway,2006,"04",25,,,,
Norway,2006,"04",33,,,,
Norway,2006,"04",31,,,,
Norway,2006,"05",16,,,,
Norway,2006,"05",14,,,,
Norway,2006,"05",14,,,,
Norway,2006,"05",17,,,,
Norway,2006,"06",11,,,,
Norway,2006,"06",12,,,,
Norway,2006,"06",15,,,,
Norway,2006,"06",15,,,,
Norway,2006,"07",10,,,,
Norway,2006,"07",10,,,,
Norway,2006,"07",8,,,,
Norway,2006,"07",8,,,,
Norway,2006,"07",9,,,,
Norway,2006,"08",8,,,,
Norway,2006,"08",10,,,,
Norway,2006,"08",11,,,,
Norway,2006,"08",12,,,,
Norway,2006,"09",24,,,,
Norway,2006,"09",23,,,,
Norway,2006,"09",28,,,,
Norway,2006,"09",19,,,,
Norway,2006,"10",25,,,,
Norway,2006,"10",26,,,,
Norway,2006,"10",26,,,,
Norway,2006,"10",25,,,,
Norway,2006,"10",24,,,,
Norway,2006,"11",23,,,,
Norway,2006,"11",23,,,,
Norway,2006,"11",23,,,,
Norway,2006,"11",24,,,,
Norway,2006,"12",24,,,,
Norway,2006,"12",22,,,,
Norway,2006,"12",22,,,,
Norway,2006,"12",21,,,,
Norway,2006,"12",25,,,,
Norway,2007,"01",133,,,,
Norway,2007,"01",73,,,,
Norway,2007,"01",38,,,,
Norway,2007,"01",39,,,,
Norway,2007,"02",199,,,,
Norway,2007,"02",149,,,,
Norway,2007,"02",256,,,,
Norway,2007,"02",295,,,,
Norway,2007,"03",57,,,,
Norway,2007,"03",29,,,,
Norway,2007,"03",38,,,,
Norway,2007,"03",85,,,,
Norway,2007,"04",16,,,,
Norway,2007,"04",21,,,,
Norway,2007,"04",16,,,,
Norway,2007,"04",25,,,,
Norway,2007,"04",17,,,,
Norway,2007,"05",15,,,,
Norway,2007,"05",14,,,,
Norway,2007,"05",17,,,,
Norway,2007,"05",15,,,,
Norway,2007,"06",15,,,,
Norway,2007,"06",13,,,,
Norway,2007,"06",14,,,,
Norway,2007,"06",11,,,,
Norway,2007,"07",9,,,,
Norway,2007,"07",9,,,,
Norway,2007,"07",8,,,,
Norway,2007,"07",9,,,,
Norway,2007,"07",10,,,,
Norway,2007,"08",9,,,,
Norway,2007,"08",10,,,,
Norway,2007,"08",9,,,,
Norway,2007,"08",14,,,,
Norway,2007,"09",18,,,,
Norway,2007,"09",23,,,,
Norway,2007,"09",17,,,,
Norway,2007,"09",22,,,,
Norway,2007,"09",24,,,,
Norway,2007,"10",22,,,,
Norway,2007,"10",36,,,,
Norway,2007,"10",27,,,,
Norway,2007,"10",34,,,,
Norway,2007,"11",27,,,,
Norway,2007,"11",28,,,,
Norway,2007,"11",39,,,,
Norway,2007,"11",39,,,,
Norway,2007,"12",32,,,,
Norway,2007,"12",43,,,,
Norway,2007,"12",43,,,,
Norway,2007,"12",32,,,,
Norway,2007,"12",38,,,,
Norway,2008,"01",44,,,,
Norway,2008,"01",47,,,,
Norway,2008,"01",61,,,,
Norway,2008,"01",79,,,,
Norway,2008,"02",93,,,,
Norway,2008,"02",96,,,,
Norway,2008,"02",59,,,,
Norway,2008,"02",86,,,,
Norway,2008,"03",43,,,,
Norway,2008,"03",42,,,,
Norway,2008,"03",39,,,,
Norway,2008,"03",47,,,,
Norway,2008,"03",56,,,,
Norway,2008,"04",43,,,,
Norway,2008,"04",34,,,,
Norway,2008,"04",48,,,,
Norway,2008,"04",38,,,,
Norway,2008,"05",31,,,,
Norway,2008,"05",33,,,,
Norway,2008,"05",21,,,,
Norway,2008,"05",27,,,,
Norway,2008,"06",12,,,,
Norway,2008,"06",25,,,,
Norway,2008,"06",16,,,,
Norway,2008,"06",14,,,,
Norway,2008,"06",36,,,,
Norway,2008,"07",11,,,,
Norway,2008,"07",11,,,,
Norway,2008,"07",12,,,,
Norway,2008,"07",12,,,,
Norway,2008,"08",16,,,,
Norway,2008,"08",24,,,,
Norway,2008,"08",27,,,,
Norway,2008,"08",13,,,,
Norway,2008,"08",13,,,,
Norway,2008,"09",33,,,,
Norway,2008,"09",35,,,,
Norway,2008,"09",29,,,,
Norway,2008,"09",32,,,,
Norway,2008,"10",28,,,,
Norway,2008,"10",35,,,,
Norway,2008,"10",26,,,,
Norway,2008,"10",27,,,,
Norway,2008,"11",30,,,,
Norway,2008,"11",34,,,,
Norway,2008,"11",42,,,,
Norway,2008,"11",29,,,,
Norway,2008,"11",53,,,,
Norway,2008,"12",236,,,,
Norway,2008,"12",63,,,,
Norway,2008,"12",129,,,,
Norway,2008,"12",101,,,,
Norway,2009,"01",160,,,,
Norway,2009,"01",202,,,,
Norway,2009,"01",230,,,,
Norway,2009,"01",236,,,,
Norway,2009,"02",146,,,,
Norway,2009,"02",108,,,,
Norway,2009,"02",83,,,,
Norway,2009,"02",110,,,,
Norway,2009,"03",53,,,,
Norway,2009,"03",43,,,,
Norway,2009,"03",53,,,,
Norway,2009,"03",47,,,,
Norway,2009,"03",54,,,,
Norway,2009,"04",29,,,,
Norway,2009,"04",33,,,,
Norway,2009,"04",43,,,,
Norway,2009,"04",37,,,,
Norway,2009,"05",45,,,,
Norway,2009,"05",45,,,,
Norway,2009,"05",35,,,,
Norway,2009,"05",45,,,,
Norway,2009,"05",23,,,,
Norway,2009,"06",25,,,,
Norway,2009,"06",24,,,,
Norway,2009,"06",27,,,,
Norway,2009,"06",27,,,,
Norway,2009,"07",21,,,,
Norway,2009,"07",124,,,,
Norway,2009,"07",32,,,,
Norway,2009,"07",67,,,,
Norway,2009,"08",264,,,,
Norway,2009,"08",117,,,,
Norway,2009,"08",211,,,,
Norway,2009,"08",267,,,,
Norway,2009,"08",135,,,,
Norway,2009,"09",214,,,,
Norway,2009,"09",131,,,,
Norway,2009,"09",77,,,,
Norway,2009,"09",94,,,,
Norway,2009,"10",236,,,,
Norway,2009,"10",535,,,,
Norway,2009,"10",98,,,,
Norway,2009,"10",87,,,,
Norway,2009,"11",618,,,,
Norway,2009,"11",110,,,,
Norway,2009,"11",324,,,,
Norway,2009,"11",751,,,,
Norway,2009,"11",152,,,,
Norway,2009,"12",42,,,,
Norway,2009,"12",108,,,,
Norway,2009,"12",63,,,,
Norway,2009,"12",36,,,,
Norway,2010,"01",55,,,,
Norway,2010,"01",48,,,,
Norway,2010,"01",42,,,,
Norway,2010,"01",60,,,,
Norway,2010,"01",45,,,,
Norway,2010,"02",58,,,,
Norway,2010,"02",44,,,,
Norway,2010,"02",64,,,,
Norway,2010,"02",54,,,,
Norway,2010,"03",29,,,,
Norway,2010,"03",50,,,,
Norway,2010,"03",52,,,,
Norway,2010,"03",49,,,,
Norway,2010,"04",36,,,,
Norway,2010,"04",28,,,,
Norway,2010,"04",34,,,,
Norway,2010,"04",26,,,,
Norway,2010,"05",54,,,,
Norway,2010,"05",59,,,,
Norway,2010,"05",32,,,,
Norway,2010,"05",36,,,,
Norway,2010,"05",53,,,,
Norway,2010,"06",22,,,,
Norway,2010,"06",23,,,,
Norway,2010,"06",24,,,,
Norway,2010,"06",29,,,,
Norway,2010,"07",24,,,,
Norway,2010,"07",21,,,,
Norway,2010,"07",21,,,,
Norway,2010,"07",19,,,,
Norway,2010,"08",28,,,,
Norway,2010,"08",23,,,,
Norway,2010,"08",84,,,,
Norway,2010,"08",49,,,,
Norway,2010,"08",35,,,,
Norway,2010,"09",97,,,,
Norway,2010,"09",69,,,,
Norway,2010,"09",71,,,,
Norway,2010,"09",64,,,,
Norway,2010,"10",55,,,,
Norway,2010,"10",62,,,,
Norway,2010,"10",91,,,,
Norway,2010,"10",75,,,,
Norway,2010,"10",59,,,,
Norway,2010,"11",75,,,,
Norway,2010,"11",70,,,,
Norway,2010,"11",77,,,,
Norway,2010,"11",71,,,,
Norway,2010,"12",267,,,,
Norway,2010,"12",194,,,,
Norway,2010,"12",115,,,,
Norway,2010,"12",416,,,,
Norway,2011,"01",601,,,,
Norway,2011,"01",423,,,,
Norway,2011,"01",625,,,,
Norway,2011,"01",522,,,,
Norway,2011,"01",341,,,,
Norway,2011,"02",97,,,,
Norway,2011,"02",73,,,,
Norway,2011,"02",232,,,,
Norway,2011,"02",163,,,,
Norway,2011,"03",59,,,,
Norway,2011,"03",40,,,,
Norway,2011,"03",48,,,,
Norway,2011,"03",37,,,,
Norway,2011,"04",25,,,,
Norway,2011,"04",20,,,,
Norway,2011,"04",18,,,,
Norway,2011,"04",36,,,,
Norway,2011,"05",27,,,,
Norway,2011,"05",18,,,,
Norway,2011,"05",40,,,,
Norway,2011,"05",20,,,,
Norway,2011,"05",34,,,,
Norway,2011,"06",21,,,,
Norway,2011,"06",35,,,,
Norway,2011,"06",21,,,,
Norway,2011,"06",20,,,,
Norway,2011,"07",20,,,,
Norway,2011,"07",24,,,,
Norway,2011,"07",15,,,,
Norway,2011,"07",19,,,,
Norway,2011,"07",22,,,,
Norway,2011,"08",25,,,,
Norway,2011,"08",20,,,,
Norway,2011,"08",29,,,,
Norway,2011,"08",23,,,,
Norway,2011,"09",48,,,,
Norway,2011,"09",35,,,,
Norway,2011,"09",64,,,,
Norway,2011,"09",44,,,,
Norway,2011,"10",53,,,,
Norway,2011,"10",53,,,,
Norway,2011,"10",52,,,,
Norway,2011,"10",52,,,,
Norway,2011,"10",52,,,,
Norway,2011,"11",77,,,,
Norway,2011,"11",80,,,,
Norway,2011,"11",64,,,,
Norway,2011,"11",72,,,,
Norway,2011,"12",70,,,,
Norway,2011,"12",93,,,,
Norway,2011,"12",66,,,,
Norway,2011,"12",84,,,,
Norway,2012,"01",210,,,,
Norway,2012,"01",117,,,,
Norway,2012,"01",122,,,,
Norway,2012,"01",136,,,,
Norway,2012,"01",183,,,,
Norway,2012,"02",294,,,,
Norway,2012,"02",349,,,,
Norway,2012,"02",340,,,,
Norway,2012,"02",285,,,,
Norway,2012,"03",181,,,,
Norway,2012,"03",79,,,,
Norway,2012,"03",202,,,,
Norway,2012,"03",112,,,,
Norway,2012,"04",48,,,,
Norway,2012,"04",38,,,,
Norway,2012,"04",56,,,,
Norway,2012,"04",62,,,,
Norway,2012,"04",37,,,,
Norway,2012,"05",37,,,,
Norway,2012,"05",49,,,,
Norway,2012,"05",26,,,,
Norway,2012,"05",50,,,,
Norway,2012,"06",28,,,,
Norway,2012,"06",22,,,,
Norway,2012,"06",30,,,,
Norway,2012,"06",23,,,,
Norway,2012,"07",20,,,,
Norway,2012,"07",19,,,,
Norway,2012,"07",25,,,,
Norway,2012,"07",18,,,,
Norway,2012,"07",17,,,,
Norway,2012,"08",19,,,,
Norway,2012,"08",21,,,,
Norway,2012,"08",25,,,,
Norway,2012,"08",32,,,,
Norway,2012,"09",73,,,,
Norway,2012,"09",73,,,,
Norway,2012,"09",60,,,,
Norway,2012,"09",75,,,,
Norway,2012,"09",53,,,,
Norway,2012,"10",47,,,,
Norway,2012,"10",57,,,,
Norway,2012,"10",43,,,,
Norway,2012,"10",64,,,,
Norway,2012,"11",61,,,,
Norway,2012,"11",58,,,,
Norway,2012,"11",64,,,,
Norway,2012,"11",53,,,,
Norway,2012,"12",68,,,,
Norway,2012,"12",49,,,,
Norway,2012,"12",106,,,,
Norway,2012,"12",103,,,,
Norway,2012,"12",187,,,,
Norway,2013,"01",470,,,,
Norway,2013,"01",270,,,,
Norway,2013,"01",267,,,,
Norway,2013,"01",321,,,,
Norway,2013,"02",224,,,,
Norway,2013,"02",194,,,,
Norway,2013,"02",199,,,,
Norway,2013,"02",147,,,,
Norway,2013,"03",119,,,,
Norway,2013,"03",65,,,,
Norway,2013,"03",105,,,,
Norway,2013,"03",157,,,,
Norway,2013,"03",149,,,,
Norway,2013,"04",45,,,,
Norway,2013,"04",51,,,,
Norway,2013,"04",53,,,,
Norway,2013,"04",50,,,,
Norway,2013,"05",36,,,,
Norway,2013,"05",44,,,,
Norway,2013,"05",47,,,,
Norway,2013,"05",47,,,,
Norway,2013,"06",19,,,,
Norway,2013,"06",24,,,,
Norway,2013,"06",23,,,,
Norway,2013,"06",22,,,,
Norway,2013,"06",26,,,,
Norway,2013,"07",21,,,,
Norway,2013,"07",18,,,,
Norway,2013,"07",19,,,,
Norway,2013,"07",21,,,,
Norway,2013,"08",47,,,,
Norway,2013,"08",30,,,,
Norway,2013,"08",77,,,,
Norway,2013,"08",24,,,,
Norway,2013,"09",58,,,,
Norway,2013,"09",88,,,,
Norway,2013,"09",87,,,,
Norway,2013,"09",96,,,,
Norway,2013,"09",93,,,,
Norway,2013,"10",36,,,,
Norway,2013,"10",52,,,,
Norway,2013,"10",39,,,,
Norway,2013,"10",49,,,,
Norway,2013,"11",53,,,,
Norway,2013,"11",43,,,,
Norway,2013,"11",55,,,,
Norway,2013,"11",54,,,,
Norway,2013,"12",96,,,,
Norway,2013,"12",83,,,,
Norway,2013,"12",113,,,,
Norway,2013,"12",73,,,,
Norway,2013,"12",55,,,,
Norway,2014,"01",145,,,,
Norway,2014,"01",134,,,,
Norway,2014,"01",95,,,,
Norway,2014,"01",123,,,,
Norway,2014,"02",198,,,,
Norway,2014,"02",131,,,,
Norway,2014,"02",134,,,,
Norway,2014,"02",228,,,,
Norway,2014,"03",82,,,,
Norway,2014,"03",113,,,,
Norway,2014,"03",85,,,,
Norway,2014,"03",82,,,,
Norway,2014,"03",96,,,,
Norway,2014,"04",72,,,,
Norway,2014,"04",43,,,,
Norway,2014,"04",45,,,,
Norway,2014,"04",58,,,,
Norway,2014,"05",69,,,,
Norway,2014,"05",64,,,,
Norway,2014,"05",48,,,,
Norway,2014,"05",61,,,,
Norway,2014,"06",33,,,,
Norway,2014,"06",37,,,,
Norway,2014,"06",33,,,,
Norway,2014,"06",43,,,,
Norway,2014,"06",34,,,,
Norway,2014,"07",19,,,,
Norway,2014,"07",18,,,,
Norway,2014,"07",20,,,,
Norway,2014,"07",26,,,,
Norway,2014,"08",22,,,,
Norway,2014,"08",60,,,,
Norway,2014,"08",25,,,,
Norway,2014,"08",36,,,,
Norway,2014,"08",78,,,,
Norway,2014,"09",65,,,,
Norway,2014,"09",90,,,,
Norway,2014,"09",77,,,,
Norway,2014,"09",71,,,,
Norway,2014,"10",113,,,,
Norway,2014,"10",117,,,,
Norway,2014,"10",105,,,,
Norway,2014,"10",97,,,,
Norway,2014,"11",64,,,,
Norway,2014,"11",63,,,,
Norway,2014,"11",70,,,,
Norway,2014,"11",70,,,,
Norway,2014,"11",81,,,,
Norway,2014,"12",93,,,,
Norway,2014,"12",145,,,,
Norway,2014,"12",89,,,,
Norway,2014,"12",72,,,,
Norway,2015,"01",178,,,,
Norway,2015,"01",237,,,,
Norway,2015,"01",160,,,,
Norway,2015,"01",203,,,,
Norway,2015,"02",459,,,,
Norway,2015,"02",443,,,,
Norway,2015,"02",353,,,,
Norway,2015,"02",503,,,,
Norway,2015,"03",64,,,,
Norway,2015,"03",287,,,,
Norway,2015,"03",26,,,,
Norway,2015,"03",466,,,,
Norway,2015,"03",29,,,,
Norway,2015,"04",56,,,,
Norway,2015,"04",38,,,,
Norway,2015,"04",44,,,,
Norway,2015,"04",33,,,,
Norway,2015,"05",38,,,,
Norway,2015,"05",51,,,,
Norway,2015,"05",46,,,,
Norway,2015,"05",31,,,,
Norway,2015,"05",53,,,,
Norway,2015,"06",30,,,,
Norway,2015,"06",30,,,,
Norway,2015,"06",28,,,,
Norway,2015,"06",32,,,,
Norway,2015,"07",31,,,,
Norway,2015,"07",28,,,,
Norway,2015,"07",31,,,,
Norway,2015,"07",25,,,,
Norway,2015,"08",32,,,,
Norway,2015,"08",29,,,,
Paraguay,2002,"12",,,,,
Paraguay,2003,"01",,,,,
Paraguay,2003,"01",,,,,
Paraguay,2003,"01",,,,,
Paraguay,2003,"01",,,,,
Paraguay,2003,"02",,,,,
Paraguay,2003,"02",,,,,
Paraguay,2003,"02",,,,,
Paraguay,2003,"02",,,,,
Paraguay,2003,"03",,,,,
Paraguay,2003,"03",,,,,
Paraguay,2003,"03",,,,,
Paraguay,2003,"03",,,,,
Paraguay,2003,"03",,,,,
Paraguay,2003,"04",,,,,
Paraguay,2003,"04",,,,,
Paraguay,2003,"04",,,,,
Paraguay,2003,"04",,,,,
Paraguay,2003,"05",,,,,
Paraguay,2003,"05",,,,,
Paraguay,2003,"05",,,,,
Paraguay,2003,"05",,,,,
Paraguay,2003,"06",,,,,
Paraguay,2003,"06",,,,,
Paraguay,2003,"06",,,,,
Paraguay,2003,"06",,,,,
Paraguay,2003,"06",,,,,
Paraguay,2003,"07",,,,,
Paraguay,2003,"07",,,,,
Paraguay,2003,"07",,,,,
Paraguay,2003,"07",,,,,
Paraguay,2003,"08",,,,,
Paraguay,2003,"08",,,,,
Paraguay,2003,"08",,,,,
Paraguay,2003,"08",,,,,
Paraguay,2003,"08",,,,,
Paraguay,2003,"09",,,,,
Paraguay,2003,"09",,,,,
Paraguay,2003,"09",,,,,
Paraguay,2003,"09",,,,,
Paraguay,2003,"10",,,,,
Paraguay,2003,"10",,,,,
Paraguay,2003,"10",,,,,
Paraguay,2003,"10",,,,,
Paraguay,2003,"11",,,,,
Paraguay,2003,"11",,,,,
Paraguay,2003,"11",,,,,
Paraguay,2003,"11",,,,,
Paraguay,2003,"11",,,,,
Paraguay,2003,"12",,,,,
Paraguay,2003,"12",,,,,
Paraguay,2003,"12",,,,,
Paraguay,2003,"12",,,,,
Paraguay,2004,"01",,,,,
Paraguay,2004,"01",,,,,
Paraguay,2004,"01",,,,,
Paraguay,2004,"01",,,,,
Paraguay,2004,"02",,,,,
Paraguay,2004,"02",,,,,
Paraguay,2004,"02",,,,,
Paraguay,2004,"02",,,,,
Paraguay,2004,"02",,,,,
Paraguay,2004,"03",,,,,
Paraguay,2004,"03",,,,,
Paraguay,2004,"03",,,,,
Paraguay,2004,"03",,,,,
Paraguay,2004,"04",,,,,
Paraguay,2004,"04",,,,,
Paraguay,2004,"04",,,,,
Paraguay,2004,"04",,,,,
Paraguay,2004,"05",,,,,
Paraguay,2004,"05",,,,,
Paraguay,2004,"05",,,,,
Paraguay,2004,"05",,,,,
Paraguay,2004,"05",,,,,
Paraguay,2004,"06",,,,,
Paraguay,2004,"06",,,,,
Paraguay,2004,"06",,,,,
Paraguay,2004,"06",,,,,
Paraguay,2004,"07",,,,,
Paraguay,2004,"07",,,,,
Paraguay,2004,"07",,,,,
Paraguay,2004,"07",,,,,
Paraguay,2004,"08",,,,,
Paraguay,2004,"08",,,,,
Paraguay,2004,"08",,,,,
Paraguay,2004,"08",,,,,
Paraguay,2004,"08",,,,,
Paraguay,2004,"09",,,,,
Paraguay,2004,"09",,,,,
Paraguay,2004,"09",,,,,
Paraguay,2004,"09",,,,,
Paraguay,2004,"10",,,,,
Paraguay,2004,"10",,,,,
Paraguay,2004,"10",,,,,
Paraguay,2004,"10",,,,,
Paraguay,2004,"10",,,,,
Paraguay,2004,"11",,,,,
Paraguay,2004,"11",,,,,
Paraguay,2004,"11",,,,,
Paraguay,2004,"11",,,,,
Paraguay,2004,"12",,,,,
Paraguay,2004,"12",,,,,
Paraguay,2004,"12",,,,,
Paraguay,2004,"12",,,,,
Paraguay,2005,"01",,,,,
Paraguay,2005,"01",,,,,
Paraguay,2005,"01",,,,,
Paraguay,2005,"01",,,,,
Paraguay,2005,"01",,,,,
Paraguay,2005,"02",,,,,
Paraguay,2005,"02",,,,,
Paraguay,2005,"02",,,,,
Paraguay,2005,"02",,,,,
Paraguay,2005,"03",,,,,
Paraguay,2005,"03",,,,,
Paraguay,2005,"03",,,,,
Paraguay,2005,"03",,,,,
Paraguay,2005,"04",,,,,
Paraguay,2005,"04",,,,,
Paraguay,2005,"04",,,,,
Paraguay,2005,"04",,,,,
Paraguay,2005,"05",,,,,
Paraguay,2005,"05",,,,,
Paraguay,2005,"05",263,,,,
Paraguay,2005,"05",,,,,
Paraguay,2005,"05",230,,,,
Paraguay,2005,"06",286,,,,
Paraguay,2005,"06",333,,,,
Paraguay,2005,"06",379,,,,
Paraguay,2005,"06",400,,,,
Paraguay,2005,"07",375,,,,
Paraguay,2005,"07",361,,,,
Paraguay,2005,"07",408,,,,
Paraguay,2005,"07",346,,,,
Paraguay,2005,"07",404,,,,
Paraguay,2005,"08",462,,,,
Paraguay,2005,"08",388,,,,
Paraguay,2005,"08",357,,,,
Paraguay,2005,"08",402,,,,
Paraguay,2005,"09",307,,,,
Paraguay,2005,"09",293,,,,
Paraguay,2005,"09",304,,,,
Paraguay,2005,"09",321,,,,
Paraguay,2005,"10",316,,,,
Paraguay,2005,"10",343,,,,
Paraguay,2005,"10",324,,,,
Paraguay,2005,"10",321,,,,
Paraguay,2005,"10",347,,,,
Paraguay,2005,"11",287,,,,
Paraguay,2005,"11",274,,,,
Paraguay,2005,"11",305,,,,
Paraguay,2005,"11",278,,,,
Paraguay,2005,"12",271,,,,
Paraguay,2005,"12",259,,,,
Paraguay,2005,"12",291,,,,
Paraguay,2005,"12",287,,,,
Paraguay,2006,"01",258,,,,
Paraguay,2006,"01",260,,,,
Paraguay,2006,"01",251,,,,
Paraguay,2006,"01",262,,,,
Paraguay,2006,"01",257,,,,
Paraguay,2006,"02",210,,,,
Paraguay,2006,"02",245,,,,
Paraguay,2006,"02",224,,,,
Paraguay,2006,"02",222,,,,
Paraguay,2006,"03",209,,,,
Paraguay,2006,"03",207,,,,
Paraguay,2006,"03",219,,,,
Paraguay,2006,"03",196,,,,
Paraguay,2006,"04",253,,,,
Paraguay,2006,"04",237,,,,
Paraguay,2006,"04",207,,,,
Paraguay,2006,"04",202,,,,
Paraguay,2006,"04",287,,,,
Paraguay,2006,"05",281,,,,
Paraguay,2006,"05",255,,,,
Paraguay,2006,"05",287,,,,
Paraguay,2006,"05",276,,,,
Paraguay,2006,"06",330,,,,
Paraguay,2006,"06",335,,,,
Paraguay,2006,"06",344,,,,
Paraguay,2006,"06",313,,,,
Paraguay,2006,"07",423,,,,
Paraguay,2006,"07",488,,,,
Paraguay,2006,"07",549,,,,
Paraguay,2006,"07",454,,,,
Paraguay,2006,"07",340,,,,
Paraguay,2006,"08",420,,,,
Paraguay,2006,"08",379,,,,
Paraguay,2006,"08",387,,,,
Paraguay,2006,"08",486,,,,
Paraguay,2006,"09",469,,,,
Paraguay,2006,"09",596,,,,
Paraguay,2006,"09",566,,,,
Paraguay,2006,"09",531,,,,
Paraguay,2006,"10",305,,,,
Paraguay,2006,"10",285,,,,
Paraguay,2006,"10",363,,,,
Paraguay,2006,"10",400,,,,
Paraguay,2006,"10",330,,,,
Paraguay,2006,"11",259,,,,
Paraguay,2006,"11",263,,,,
Paraguay,2006,"11",242,,,,
Paraguay,2006,"11",277,,,,
Paraguay,2006,"12",192,,,,
Paraguay,2006,"12",202,,,,
Paraguay,2006,"12",197,,,,
Paraguay,2006,"12",214,,,,
Paraguay,2006,"12",234,,,,
Paraguay,2007,"01",181,,,,
Paraguay,2007,"01",178,,,,
Paraguay,2007,"01",177,,,,
Paraguay,2007,"01",181,,,,
Paraguay,2007,"02",182,,,,
Paraguay,2007,"02",237,,,,
Paraguay,2007,"02",192,,,,
Paraguay,2007,"02",275,,,,
Paraguay,2007,"03",322,,,,
Paraguay,2007,"03",299,,,,
Paraguay,2007,"03",323,,,,
Paraguay,2007,"03",310,,,,
Paraguay,2007,"04",337,,,,
Paraguay,2007,"04",398,,,,
Paraguay,2007,"04",313,,,,
Paraguay,2007,"04",322,,,,
Paraguay,2007,"04",301,,,,
Paraguay,2007,"05",374,,,,
Paraguay,2007,"05",427,,,,
Paraguay,2007,"05",384,,,,
Paraguay,2007,"05",395,,,,
Paraguay,2007,"06",454,,,,
Paraguay,2007,"06",440,,,,
Paraguay,2007,"06",480,,,,
Paraguay,2007,"06",483,,,,
Paraguay,2007,"07",490,,,,
Paraguay,2007,"07",435,,,,
Paraguay,2007,"07",483,,,,
Paraguay,2007,"07",533,,,,
Paraguay,2007,"07",449,,,,
Paraguay,2007,"08",347,,,,
Paraguay,2007,"08",347,,,,
Paraguay,2007,"08",378,,,,
Paraguay,2007,"08",352,,,,
Paraguay,2007,"09",327,,,,
Paraguay,2007,"09",264,,,,
Paraguay,2007,"09",305,,,,
Paraguay,2007,"09",339,,,,
Paraguay,2007,"09",289,,,,
Paraguay,2007,"10",233,,,,
Paraguay,2007,"10",243,,,,
Paraguay,2007,"10",238,,,,
Paraguay,2007,"10",219,,,,
Paraguay,2007,"11",271,,,,
Paraguay,2007,"11",260,,,,
Paraguay,2007,"11",249,,,,
Paraguay,2007,"11",256,,,,
Paraguay,2007,"12",183,,,,
Paraguay,2007,"12",198,,,,
Paraguay,2007,"12",215,,,,
Paraguay,2007,"12",238,,,,
Paraguay,2007,"12",263,,,,
Paraguay,2008,"01",155,,,,
Paraguay,2008,"01",166,,,,
Paraguay,2008,"01",165,,,,
Paraguay,2008,"01",171,,,,
Paraguay,2008,"02",173,,,,
Paraguay,2008,"02",155,,,,
Paraguay,2008,"02",208,,,,
Paraguay,2008,"02",146,,,,
Paraguay,2008,"03",285,,,,
Paraguay,2008,"03",279,,,,
Paraguay,2008,"03",238,,,,
Paraguay,2008,"03",283,,,,
Paraguay,2008,"03",283,,,,
Paraguay,2008,"04",262,,,,
Paraguay,2008,"04",252,,,,
Paraguay,2008,"04",257,,,,
Paraguay,2008,"04",268,,,,
Paraguay,2008,"05",300,,,,
Paraguay,2008,"05",336,,,,
Paraguay,2008,"05",398,,,,
Paraguay,2008,"05",285,,,,
Paraguay,2008,"06",572,,,,
Paraguay,2008,"06",573,,,,
Paraguay,2008,"06",491,,,,
Paraguay,2008,"06",457,,,,
Paraguay,2008,"06",444,,,,
Paraguay,2008,"07",490,,,,
Paraguay,2008,"07",387,,,,
Paraguay,2008,"07",452,,,,
Paraguay,2008,"07",515,,,,
Paraguay,2008,"08",305,,,,
Paraguay,2008,"08",259,,,,
Paraguay,2008,"08",351,,,,
Paraguay,2008,"08",282,,,,
Paraguay,2008,"08",290,,,,
Paraguay,2008,"09",317,,,,
Paraguay,2008,"09",281,,,,
Paraguay,2008,"09",274,,,,
Paraguay,2008,"09",313,,,,
Paraguay,2008,"10",223,,,,
Paraguay,2008,"10",238,,,,
Paraguay,2008,"10",246,,,,
Paraguay,2008,"10",283,,,,
Paraguay,2008,"11",200,,,,
Paraguay,2008,"11",201,,,,
Paraguay,2008,"11",198,,,,
Paraguay,2008,"11",196,,,,
Paraguay,2008,"11",207,,,,
Paraguay,2008,"12",163,,,,
Paraguay,2008,"12",181,,,,
Paraguay,2008,"12",173,,,,
Paraguay,2008,"12",193,,,,
Paraguay,2009,"01",152,,,,
Paraguay,2009,"01",135,,,,
Paraguay,2009,"01",130,,,,
Paraguay,2009,"01",144,,,,
Paraguay,2009,"02",127,,,,
Paraguay,2009,"02",132,,,,
Paraguay,2009,"02",126,,,,
Paraguay,2009,"02",126,,,,
Paraguay,2009,"03",182,,,,
Paraguay,2009,"03",142,,,,
Paraguay,2009,"03",199,,,,
Paraguay,2009,"03",139,,,,
Paraguay,2009,"03",158,,,,
Paraguay,2009,"04",213,,,,
Paraguay,2009,"04",281,,,,
Paraguay,2009,"04",217,,,,
Paraguay,2009,"04",221,,,,
Paraguay,2009,"05",320,,,,
Paraguay,2009,"05",359,,,,
Paraguay,2009,"05",335,,,,
Paraguay,2009,"05",331,,,,
Paraguay,2009,"05",315,,,,
Paraguay,2009,"06",487,,,,
Paraguay,2009,"06",596,,,,
Paraguay,2009,"06",508,,,,
Paraguay,2009,"06",444,,,,
Paraguay,2009,"07",825,,,,
Paraguay,2009,"07",606,,,,
Paraguay,2009,"07",420,,,,
Paraguay,2009,"07",498,,,,
Paraguay,2009,"08",344,,,,
Paraguay,2009,"08",305,,,,
Paraguay,2009,"08",353,,,,
Paraguay,2009,"08",332,,,,
Paraguay,2009,"08",413,,,,
Paraguay,2009,"09",246,,,,
Paraguay,2009,"09",260,,,,
Paraguay,2009,"09",248,,,,
Paraguay,2009,"09",283,,,,
Paraguay,2009,"10",189,,,,
Paraguay,2009,"10",216,,,,
Paraguay,2009,"10",249,,,,
Paraguay,2009,"10",264,,,,
Paraguay,2009,"11",156,,,,
Paraguay,2009,"11",153,,,,
Paraguay,2009,"11",162,,,,
Paraguay,2009,"11",177,,,,
Paraguay,2009,"11",147,,,,
Paraguay,2009,"12",131,,,,
Paraguay,2009,"12",141,,,,
Paraguay,2009,"12",131,,,,
Paraguay,2009,"12",126,,,,
Paraguay,2010,"01",100,,,,
Paraguay,2010,"01",95,,,,
Paraguay,2010,"01",108,,,,
Paraguay,2010,"01",108,,,,
Paraguay,2010,"01",118,,,,
Paraguay,2010,"02",108,,,,
Paraguay,2010,"02",96,,,,
Paraguay,2010,"02",104,,,,
Paraguay,2010,"02",96,,,,
Paraguay,2010,"03",133,,,,
Paraguay,2010,"03",149,,,,
Paraguay,2010,"03",174,,,,
Paraguay,2010,"03",188,,,,
Paraguay,2010,"04",262,,,,
Paraguay,2010,"04",223,,,,
Paraguay,2010,"04",259,,,,
Paraguay,2010,"04",213,,,,
Paraguay,2010,"05",237,,,,
Paraguay,2010,"05",229,,,,
Paraguay,2010,"05",216,,,,
Paraguay,2010,"05",229,,,,
Paraguay,2010,"05",246,,,,
Paraguay,2010,"06",192,,,,
Paraguay,2010,"06",228,,,,
Paraguay,2010,"06",248,,,,
Paraguay,2010,"06",216,,,,
Paraguay,2010,"07",223,,,,
Paraguay,2010,"07",198,,,,
Paraguay,2010,"07",192,,,,
Paraguay,2010,"07",235,,,,
Paraguay,2010,"08",292,,,,
Paraguay,2010,"08",239,,,,
Paraguay,2010,"08",257,,,,
Paraguay,2010,"08",241,,,,
Paraguay,2010,"08",277,,,,
Paraguay,2010,"09",207,,,,
Paraguay,2010,"09",212,,,,
Paraguay,2010,"09",202,,,,
Paraguay,2010,"09",248,,,,
Paraguay,2010,"10",202,,,,
Paraguay,2010,"10",202,,,,
Paraguay,2010,"10",195,,,,
Paraguay,2010,"10",204,,,,
Paraguay,2010,"10",208,,,,
Paraguay,2010,"11",188,,,,
Paraguay,2010,"11",203,,,,
Paraguay,2010,"11",196,,,,
Paraguay,2010,"11",198,,,,
Paraguay,2010,"12",158,,,,
Paraguay,2010,"12",168,,,,
Paraguay,2010,"12",152,,,,
Paraguay,2010,"12",145,,,,
Paraguay,2011,"01",130,,,,
Paraguay,2011,"01",148,,,,
Paraguay,2011,"01",140,,,,
Paraguay,2011,"01",124,,,,
Paraguay,2011,"01",130,,,,
Paraguay,2011,"02",133,,,,
Paraguay,2011,"02",120,,,,
Paraguay,2011,"02",122,,,,
Paraguay,2011,"02",124,,,,
Paraguay,2011,"03",235,,,,
Paraguay,2011,"03",223,,,,
Paraguay,2011,"03",153,,,,
Paraguay,2011,"03",192,,,,
Paraguay,2011,"04",255,,,,
Paraguay,2011,"04",249,,,,
Paraguay,2011,"04",255,,,,
Paraguay,2011,"04",275,,,,
Paraguay,2011,"05",225,,,,
Paraguay,2011,"05",231,,,,
Paraguay,2011,"05",252,,,,
Paraguay,2011,"05",230,,,,
Paraguay,2011,"05",212,,,,
Paraguay,2011,"06",234,,,,
Paraguay,2011,"06",237,,,,
Paraguay,2011,"06",228,,,,
Paraguay,2011,"06",226,,,,
Paraguay,2011,"07",217,,,,
Paraguay,2011,"07",187,,,,
Paraguay,2011,"07",204,,,,
Paraguay,2011,"07",215,,,,
Paraguay,2011,"07",183,,,,
Paraguay,2011,"08",186,,,,
Paraguay,2011,"08",198,,,,
Paraguay,2011,"08",186,,,,
Paraguay,2011,"08",206,,,,
Paraguay,2011,"09",175,,,,
Paraguay,2011,"09",172,,,,
Paraguay,2011,"09",194,,,,
Paraguay,2011,"09",182,,,,
Paraguay,2011,"10",145,,,,
Paraguay,2011,"10",146,,,,
Paraguay,2011,"10",138,,,,
Paraguay,2011,"10",156,,,,
Paraguay,2011,"10",145,,,,
Paraguay,2011,"11",149,,,,
Paraguay,2011,"11",151,,,,
Paraguay,2011,"11",145,,,,
Paraguay,2011,"11",132,,,,
Paraguay,2011,"12",107,,,,
Paraguay,2011,"12",99,,,,
Paraguay,2011,"12",117,,,,
Paraguay,2011,"12",129,,,,
Paraguay,2012,"01",83,,,,
Paraguay,2012,"01",93,,,,
Paraguay,2012,"01",92,,,,
Paraguay,2012,"01",85,,,,
Paraguay,2012,"01",97,,,,
Paraguay,2012,"02",91,,,,
Paraguay,2012,"02",92,,,,
Paraguay,2012,"02",90,,,,
Paraguay,2012,"02",86,,,,
Paraguay,2012,"03",114,,,,
Paraguay,2012,"03",144,,,,
Paraguay,2012,"03",125,,,,
Paraguay,2012,"03",101,,,,
Paraguay,2012,"04",169,,,,
Paraguay,2012,"04",179,,,,
Paraguay,2012,"04",166,,,,
Paraguay,2012,"04",157,,,,
Paraguay,2012,"04",172,,,,
Paraguay,2012,"05",181,,,,
Paraguay,2012,"05",192,,,,
Paraguay,2012,"05",200,,,,
Paraguay,2012,"05",198,,,,
Paraguay,2012,"06",259,,,,
Paraguay,2012,"06",287,,,,
Paraguay,2012,"06",239,,,,
Paraguay,2012,"06",208,,,,
Paraguay,2012,"07",289,,,,
Paraguay,2012,"07",283,,,,
Paraguay,2012,"07",311,,,,
Paraguay,2012,"07",257,,,,
Paraguay,2012,"07",307,,,,
Paraguay,2012,"08",226,,,,
Paraguay,2012,"08",225,,,,
Paraguay,2012,"08",246,,,,
Paraguay,2012,"08",215,,,,
Paraguay,2012,"09",209,,,,
Paraguay,2012,"09",212,,,,
Paraguay,2012,"09",157,,,,
Paraguay,2012,"09",189,,,,
Paraguay,2012,"09",166,,,,
Paraguay,2012,"10",141,,,,
Paraguay,2012,"10",149,,,,
Paraguay,2012,"10",157,,,,
Paraguay,2012,"10",153,,,,
Paraguay,2012,"11",132,,,,
Paraguay,2012,"11",153,,,,
Paraguay,2012,"11",151,,,,
Paraguay,2012,"11",141,,,,
Paraguay,2012,"12",120,,,,
Paraguay,2012,"12",141,,,,
Paraguay,2012,"12",134,,,,
Paraguay,2012,"12",127,,,,
Paraguay,2012,"12",119,,,,
Paraguay,2013,"01",140,,,,
Paraguay,2013,"01",136,,,,
Paraguay,2013,"01",134,,,,
Paraguay,2013,"01",147,,,,
Paraguay,2013,"02",133,,,,
Paraguay,2013,"02",129,,,,
Paraguay,2013,"02",145,,,,
Paraguay,2013,"02",135,,,,
Paraguay,2013,"03",203,,,,
Paraguay,2013,"03",143,,,,
Paraguay,2013,"03",196,,,,
Paraguay,2013,"03",188,,,,
Paraguay,2013,"03",167,,,,
Paraguay,2013,"04",224,,,,
Paraguay,2013,"04",229,,,,
Paraguay,2013,"04",219,,,,
Paraguay,2013,"04",235,,,,
Paraguay,2013,"05",258,,,,
Paraguay,2013,"05",263,,,,
Paraguay,2013,"05",220,,,,
Paraguay,2013,"05",229,,,,
Paraguay,2013,"06",315,,,,
Paraguay,2013,"06",381,,,,
Paraguay,2013,"06",330,,,,
Paraguay,2013,"06",283,,,,
Paraguay,2013,"06",368,,,,
Paraguay,2013,"07",361,,,,
Paraguay,2013,"07",319,,,,
Paraguay,2013,"07",334,,,,
Paraguay,2013,"07",273,,,,
Paraguay,2013,"08",260,,,,
Paraguay,2013,"08",261,,,,
Paraguay,2013,"08",244,,,,
Paraguay,2013,"08",257,,,,
Paraguay,2013,"09",227,,,,
Paraguay,2013,"09",263,,,,
Paraguay,2013,"09",240,,,,
Paraguay,2013,"09",249,,,,
Paraguay,2013,"09",241,,,,
Paraguay,2013,"10",271,,,,
Paraguay,2013,"10",242,,,,
Paraguay,2013,"10",269,,,,
Paraguay,2013,"10",210,,,,
Paraguay,2013,"11",208,,,,
Paraguay,2013,"11",205,,,,
Paraguay,2013,"11",202,,,,
Paraguay,2013,"11",214,,,,
Paraguay,2013,"12",167,,,,
Paraguay,2013,"12",176,,,,
Paraguay,2013,"12",178,,,,
Paraguay,2013,"12",170,,,,
Paraguay,2013,"12",164,,,,
Paraguay,2014,"01",159,,,,
Paraguay,2014,"01",166,,,,
Paraguay,2014,"01",159,,,,
Paraguay,2014,"01",149,,,,
Paraguay,2014,"02",145,,,,
Paraguay,2014,"02",130,,,,
Paraguay,2014,"02",132,,,,
Paraguay,2014,"02",140,,,,
Paraguay,2014,"03",150,,,,
Paraguay,2014,"03",190,,,,
Paraguay,2014,"03",214,,,,
Paraguay,2014,"03",224,,,,
Paraguay,2014,"03",216,,,,
Paraguay,2014,"04",222,,,,
Paraguay,2014,"04",221,,,,
Paraguay,2014,"04",203,,,,
Paraguay,2014,"04",213,,,,
Paraguay,2014,"05",313,,,,
Paraguay,2014,"05",291,,,,
Paraguay,2014,"05",356,,,,
Paraguay,2014,"05",272,,,,
Paraguay,2014,"06",351,,,,
Paraguay,2014,"06",353,,,,
Paraguay,2014,"06",351,,,,
Paraguay,2014,"06",324,,,,
Paraguay,2014,"06",352,,,,
Paraguay,2014,"07",378,,,,
Paraguay,2014,"07",398,,,,
Paraguay,2014,"07",415,,,,
Paraguay,2014,"07",364,,,,
Paraguay,2014,"08",325,,,,
Paraguay,2014,"08",375,,,,
Paraguay,2014,"08",368,,,,
Paraguay,2014,"08",311,,,,
Paraguay,2014,"08",352,,,,
Paraguay,2014,"09",253,,,,
Paraguay,2014,"09",251,,,,
Paraguay,2014,"09",322,,,,
Paraguay,2014,"09",284,,,,
Paraguay,2014,"10",243,,,,
Paraguay,2014,"10",236,,,,
Paraguay,2014,"10",237,,,,
Paraguay,2014,"10",258,,,,
Paraguay,2014,"11",236,,,,
Paraguay,2014,"11",227,,,,
Paraguay,2014,"11",208,,,,
Paraguay,2014,"11",234,,,,
Paraguay,2014,"11",268,,,,
Paraguay,2014,"12",202,,,,
Paraguay,2014,"12",166,,,,
Paraguay,2014,"12",149,,,,
Paraguay,2014,"12",186,,,,
Paraguay,2015,"01",140,,,,
Paraguay,2015,"01",153,,,,
Paraguay,2015,"01",144,,,,
Paraguay,2015,"01",159,,,,
Paraguay,2015,"02",165,,,,
Paraguay,2015,"02",166,,,,
Paraguay,2015,"02",228,,,,
Paraguay,2015,"02",157,,,,
Paraguay,2015,"03",246,,,,
Paraguay,2015,"03",288,,,,
Paraguay,2015,"03",265,,,,
Paraguay,2015,"03",279,,,,
Paraguay,2015,"03",231,,,,
Paraguay,2015,"04",261,,,,
Paraguay,2015,"04",323,,,,
Paraguay,2015,"04",280,,,,
Paraguay,2015,"04",289,,,,
Paraguay,2015,"05",329,,,,
Paraguay,2015,"05",403,,,,
Paraguay,2015,"05",334,,,,
Paraguay,2015,"05",344,,,,
Paraguay,2015,"05",384,,,,
Paraguay,2015,"06",461,,,,
Paraguay,2015,"06",566,,,,
Paraguay,2015,"06",513,,,,
Paraguay,2015,"06",535,,,,
Paraguay,2015,"07",398,,,,
Paraguay,2015,"07",372,,,,
Paraguay,2015,"07",374,,,,
Paraguay,2015,"07",457,,,,
Paraguay,2015,"08",313,,,,
Paraguay,2015,"08",337,,,,
Peru,2002,"12",329,,,,
Peru,2003,"01",315,,,,
Peru,2003,"01",314,,,,
Peru,2003,"01",241,,,,
Peru,2003,"01",267,,,,
Peru,2003,"02",250,,,,
Peru,2003,"02",227,,,,
Peru,2003,"02",274,,,,
Peru,2003,"02",236,,,,
Peru,2003,"03",340,,,,
Peru,2003,"03",312,,,,
Peru,2003,"03",270,,,,
Peru,2003,"03",350,,,,
Peru,2003,"03",301,,,,
Peru,2003,"04",567,,,,
Peru,2003,"04",508,,,,
Peru,2003,"04",527,,,,
Peru,2003,"04",401,,,,
Peru,2003,"05",494,,,,
Peru,2003,"05",456,,,,
Peru,2003,"05",450,,,,
Peru,2003,"05",441,,,,
Peru,2003,"06",497,,,,
Peru,2003,"06",427,,,,
Peru,2003,"06",394,,,,
Peru,2003,"06",358,,,,
Peru,2003,"06",410,,,,
Peru,2003,"07",382,,,,
Peru,2003,"07",371,,,,
Peru,2003,"07",394,,,,
Peru,2003,"07",441,,,,
Peru,2003,"08",418,,,,
Peru,2003,"08",510,,,,
Peru,2003,"08",468,,,,
Peru,2003,"08",388,,,,
Peru,2003,"08",383,,,,
Peru,2003,"09",544,,,,
Peru,2003,"09",582,,,,
Peru,2003,"09",630,,,,
Peru,2003,"09",576,,,,
Peru,2003,"10",385,,,,
Peru,2003,"10",450,,,,
Peru,2003,"10",472,,,,
Peru,2003,"10",395,,,,
Peru,2003,"11",364,,,,
Peru,2003,"11",316,,,,
Peru,2003,"11",327,,,,
Peru,2003,"11",380,,,,
Peru,2003,"11",351,,,,
Peru,2003,"12",333,,,,
Peru,2003,"12",257,,,,
Peru,2003,"12",322,,,,
Peru,2003,"12",375,,,,
Peru,2004,"01",266,,,,
Peru,2004,"01",303,,,,
Peru,2004,"01",275,,,,
Peru,2004,"01",284,,,,
Peru,2004,"02",289,,,,
Peru,2004,"02",220,,,,
Peru,2004,"02",261,,,,
Peru,2004,"02",208,,,,
Peru,2004,"02",228,,,,
Peru,2004,"03",231,,,,
Peru,2004,"03",267,,,,
Peru,2004,"03",284,,,,
Peru,2004,"03",301,,,,
Peru,2004,"04",321,,,,
Peru,2004,"04",386,,,,
Peru,2004,"04",369,,,,
Peru,2004,"04",279,,,,
Peru,2004,"05",434,,,,
Peru,2004,"05",353,,,,
Peru,2004,"05",380,,,,
Peru,2004,"05",388,,,,
Peru,2004,"05",292,,,,
Peru,2004,"06",327,,,,
Peru,2004,"06",385,,,,
Peru,2004,"06",328,,,,
Peru,2004,"06",351,,,,
Peru,2004,"07",349,,,,
Peru,2004,"07",291,,,,
Peru,2004,"07",354,,,,
Peru,2004,"07",373,,,,
Peru,2004,"08",367,,,,
Peru,2004,"08",367,,,,
Peru,2004,"08",332,,,,
Peru,2004,"08",345,,,,
Peru,2004,"08",353,,,,
Peru,2004,"09",421,,,,
Peru,2004,"09",411,,,,
Peru,2004,"09",387,,,,
Peru,2004,"09",411,,,,
Peru,2004,"10",353,,,,
Peru,2004,"10",353,,,,
Peru,2004,"10",400,,,,
Peru,2004,"10",383,,,,
Peru,2004,"10",367,,,,
Peru,2004,"11",360,,,,
Peru,2004,"11",424,,,,
Peru,2004,"11",343,,,,
Peru,2004,"11",320,,,,
Peru,2004,"12",202,,,,
Peru,2004,"12",341,,,,
Peru,2004,"12",256,,,,
Peru,2004,"12",270,,,,
Peru,2005,"01",271,,,,
Peru,2005,"01",255,,,,
Peru,2005,"01",268,,,,
Peru,2005,"01",244,,,,
Peru,2005,"01",218,,,,
Peru,2005,"02",230,,,,
Peru,2005,"02",207,,,,
Peru,2005,"02",249,,,,
Peru,2005,"02",242,,,,
Peru,2005,"03",227,,,,
Peru,2005,"03",226,,,,
Peru,2005,"03",236,,,,
Peru,2005,"03",269,,,,
Peru,2005,"04",288,,,,
Peru,2005,"04",297,,,,
Peru,2005,"04",287,,,,
Peru,2005,"04",299,,,,
Peru,2005,"05",345,,,,
Peru,2005,"05",307,,,,
Peru,2005,"05",396,,,,
Peru,2005,"05",320,,,,
Peru,2005,"05",419,,,,
Peru,2005,"06",340,,,,
Peru,2005,"06",354,,,,
Peru,2005,"06",355,,,,
Peru,2005,"06",371,,,,
Peru,2005,"07",291,,,,
Peru,2005,"07",246,,,,
Peru,2005,"07",281,,,,
Peru,2005,"07",335,,,,
Peru,2005,"07",296,,,,
Peru,2005,"08",339,,,,
Peru,2005,"08",358,,,,
Peru,2005,"08",391,,,,
Peru,2005,"08",309,,,,
Peru,2005,"09",403,,,,
Peru,2005,"09",367,,,,
Peru,2005,"09",320,,,,
Peru,2005,"09",379,,,,
Peru,2005,"10",407,,,,
Peru,2005,"10",367,,,,
Peru,2005,"10",349,,,,
Peru,2005,"10",382,,,,
Peru,2005,"10",376,,,,
Peru,2005,"11",358,,,,
Peru,2005,"11",265,,,,
Peru,2005,"11",315,,,,
Peru,2005,"11",435,,,,
Peru,2005,"12",202,,,,
Peru,2005,"12",241,,,,
Peru,2005,"12",304,,,,
Peru,2005,"12",204,,,,
Peru,2006,"01",227,,,,
Peru,2006,"01",218,,,,
Peru,2006,"01",201,,,,
Peru,2006,"01",213,,,,
Peru,2006,"01",194,,,,
Peru,2006,"02",207,,,,
Peru,2006,"02",258,,,,
Peru,2006,"02",211,,,,
Peru,2006,"02",192,,,,
Peru,2006,"03",232,,,,
Peru,2006,"03",210,,,,
Peru,2006,"03",247,,,,
Peru,2006,"03",229,,,,
Peru,2006,"04",331,,,,
Peru,2006,"04",334,,,,
Peru,2006,"04",311,,,,
Peru,2006,"04",235,,,,
Peru,2006,"04",256,,,,
Peru,2006,"05",394,,,,
Peru,2006,"05",364,,,,
Peru,2006,"05",376,,,,
Peru,2006,"05",358,,,,
Peru,2006,"06",316,,,,
Peru,2006,"06",355,,,,
Peru,2006,"06",313,,,,
Peru,2006,"06",304,,,,
Peru,2006,"07",278,,,,
Peru,2006,"07",296,,,,
Peru,2006,"07",328,,,,
Peru,2006,"07",251,,,,
Peru,2006,"07",260,,,,
Peru,2006,"08",268,,,,
Peru,2006,"08",287,,,,
Peru,2006,"08",338,,,,
Peru,2006,"08",337,,,,
Peru,2006,"09",364,,,,
Peru,2006,"09",372,,,,
Peru,2006,"09",337,,,,
Peru,2006,"09",370,,,,
Peru,2006,"10",326,,,,
Peru,2006,"10",300,,,,
Peru,2006,"10",284,,,,
Peru,2006,"10",338,,,,
Peru,2006,"10",359,,,,
Peru,2006,"11",301,,,,
Peru,2006,"11",282,,,,
Peru,2006,"11",287,,,,
Peru,2006,"11",298,,,,
Peru,2006,"12",192,,,,
Peru,2006,"12",227,,,,
Peru,2006,"12",177,,,,
Peru,2006,"12",193,,,,
Peru,2006,"12",258,,,,
Peru,2007,"01",237,,,,
Peru,2007,"01",208,,,,
Peru,2007,"01",209,,,,
Peru,2007,"01",183,,,,
Peru,2007,"02",199,,,,
Peru,2007,"02",188,,,,
Peru,2007,"02",209,,,,
Peru,2007,"02",215,,,,
Peru,2007,"03",195,,,,
Peru,2007,"03",227,,,,
Peru,2007,"03",233,,,,
Peru,2007,"03",199,,,,
Peru,2007,"04",285,,,,
Peru,2007,"04",314,,,,
Peru,2007,"04",263,,,,
Peru,2007,"04",285,,,,
Peru,2007,"04",315,,,,
Peru,2007,"05",301,,,,
Peru,2007,"05",289,,,,
Peru,2007,"05",299,,,,
Peru,2007,"05",307,,,,
Peru,2007,"06",303,,,,
Peru,2007,"06",319,,,,
Peru,2007,"06",284,,,,
Peru,2007,"06",272,,,,
Peru,2007,"07",240,,,,
Peru,2007,"07",261,,,,
Peru,2007,"07",229,,,,
Peru,2007,"07",280,,,,
Peru,2007,"07",259,,,,
Peru,2007,"08",256,,,,
Peru,2007,"08",268,,,,
Peru,2007,"08",255,,,,
Peru,2007,"08",276,,,,
Peru,2007,"09",308,,,,
Peru,2007,"09",342,,,,
Peru,2007,"09",336,,,,
Peru,2007,"09",313,,,,
Peru,2007,"09",312,,,,
Peru,2007,"10",318,,,,
Peru,2007,"10",283,,,,
Peru,2007,"10",323,,,,
Peru,2007,"10",299,,,,
Peru,2007,"11",311,,,,
Peru,2007,"11",291,,,,
Peru,2007,"11",312,,,,
Peru,2007,"11",275,,,,
Peru,2007,"12",215,,,,
Peru,2007,"12",249,,,,
Peru,2007,"12",184,,,,
Peru,2007,"12",186,,,,
Peru,2007,"12",251,,,,
Peru,2008,"01",176,,,,
Peru,2008,"01",201,,,,
Peru,2008,"01",179,,,,
Peru,2008,"01",170,,,,
Peru,2008,"02",190,,,,
Peru,2008,"02",203,,,,
Peru,2008,"02",189,,,,
Peru,2008,"02",203,,,,
Peru,2008,"03",209,,,,
Peru,2008,"03",212,,,,
Peru,2008,"03",228,,,,
Peru,2008,"03",198,,,,
Peru,2008,"03",192,,,,
Peru,2008,"04",284,,,,
Peru,2008,"04",246,,,,
Peru,2008,"04",254,,,,
Peru,2008,"04",264,,,,
Peru,2008,"05",242,,,,
Peru,2008,"05",265,,,,
Peru,2008,"05",273,,,,
Peru,2008,"05",226,,,,
Peru,2008,"06",248,,,,
Peru,2008,"06",258,,,,
Peru,2008,"06",251,,,,
Peru,2008,"06",284,,,,
Peru,2008,"06",257,,,,
Peru,2008,"07",247,,,,
Peru,2008,"07",179,,,,
Peru,2008,"07",205,,,,
Peru,2008,"07",231,,,,
Peru,2008,"08",222,,,,
Peru,2008,"08",222,,,,
Peru,2008,"08",259,,,,
Peru,2008,"08",248,,,,
Peru,2008,"08",260,,,,
Peru,2008,"09",275,,,,
Peru,2008,"09",269,,,,
Peru,2008,"09",292,,,,
Peru,2008,"09",293,,,,
Peru,2008,"10",243,,,,
Peru,2008,"10",247,,,,
Peru,2008,"10",240,,,,
Peru,2008,"10",252,,,,
Peru,2008,"11",238,,,,
Peru,2008,"11",206,,,,
Peru,2008,"11",244,,,,
Peru,2008,"11",243,,,,
Peru,2008,"11",229,,,,
Peru,2008,"12",152,,,,
Peru,2008,"12",197,,,,
Peru,2008,"12",167,,,,
Peru,2008,"12",184,,,,
Peru,2009,"01",178,,,,
Peru,2009,"01",166,,,,
Peru,2009,"01",170,,,,
Peru,2009,"01",168,,,,
Peru,2009,"02",152,,,,
Peru,2009,"02",160,,,,
Peru,2009,"02",141,,,,
Peru,2009,"02",148,,,,
Peru,2009,"03",178,,,,
Peru,2009,"03",162,,,,
Peru,2009,"03",169,,,,
Peru,2009,"03",178,,,,
Peru,2009,"03",188,,,,
Peru,2009,"04",250,,,,
Peru,2009,"04",197,,,,
Peru,2009,"04",213,,,,
Peru,2009,"04",233,,,,
Peru,2009,"05",247,,,,
Peru,2009,"05",231,,,,
Peru,2009,"05",247,,,,
Peru,2009,"05",218,,,,
Peru,2009,"05",246,,,,
Peru,2009,"06",242,,,,
Peru,2009,"06",236,,,,
Peru,2009,"06",251,,,,
Peru,2009,"06",218,,,,
Peru,2009,"07",213,,,,
Peru,2009,"07",256,,,,
Peru,2009,"07",267,,,,
Peru,2009,"07",181,,,,
Peru,2009,"08",215,,,,
Peru,2009,"08",203,,,,
Peru,2009,"08",233,,,,
Peru,2009,"08",191,,,,
Peru,2009,"08",205,,,,
Peru,2009,"09",240,,,,
Peru,2009,"09",230,,,,
Peru,2009,"09",216,,,,
Peru,2009,"09",212,,,,
Peru,2009,"10",216,,,,
Peru,2009,"10",202,,,,
Peru,2009,"10",208,,,,
Peru,2009,"10",213,,,,
Peru,2009,"11",188,,,,
Peru,2009,"11",199,,,,
Peru,2009,"11",204,,,,
Peru,2009,"11",192,,,,
Peru,2009,"11",213,,,,
Peru,2009,"12",151,,,,
Peru,2009,"12",109,,,,
Peru,2009,"12",167,,,,
Peru,2009,"12",121,,,,
Peru,2010,"01",113,,,,
Peru,2010,"01",122,,,,
Peru,2010,"01",119,,,,
Peru,2010,"01",115,,,,
Peru,2010,"01",125,,,,
Peru,2010,"02",117,,,,
Peru,2010,"02",121,,,,
Peru,2010,"02",122,,,,
Peru,2010,"02",121,,,,
Peru,2010,"03",151,,,,
Peru,2010,"03",135,,,,
Peru,2010,"03",151,,,,
Peru,2010,"03",160,,,,
Peru,2010,"04",199,,,,
Peru,2010,"04",162,,,,
Peru,2010,"04",193,,,,
Peru,2010,"04",187,,,,
Peru,2010,"05",186,,,,
Peru,2010,"05",195,,,,
Peru,2010,"05",186,,,,
Peru,2010,"05",187,,,,
Peru,2010,"05",175,,,,
Peru,2010,"06",188,,,,
Peru,2010,"06",190,,,,
Peru,2010,"06",178,,,,
Peru,2010,"06",198,,,,
Peru,2010,"07",175,,,,
Peru,2010,"07",131,,,,
Peru,2010,"07",169,,,,
Peru,2010,"07",174,,,,
Peru,2010,"08",175,,,,
Peru,2010,"08",181,,,,
Peru,2010,"08",173,,,,
Peru,2010,"08",147,,,,
Peru,2010,"08",172,,,,
Peru,2010,"09",182,,,,
Peru,2010,"09",197,,,,
Peru,2010,"09",206,,,,
Peru,2010,"09",208,,,,
Peru,2010,"10",168,,,,
Peru,2010,"10",191,,,,
Peru,2010,"10",193,,,,
Peru,2010,"10",194,,,,
Peru,2010,"10",183,,,,
Peru,2010,"11",166,,,,
Peru,2010,"11",178,,,,
Peru,2010,"11",188,,,,
Peru,2010,"11",197,,,,
Peru,2010,"12",155,,,,
Peru,2010,"12",132,,,,
Peru,2010,"12",109,,,,
Peru,2010,"12",101,,,,
Peru,2011,"01",96,,,,
Peru,2011,"01",106,,,,
Peru,2011,"01",110,,,,
Peru,2011,"01",106,,,,
Peru,2011,"01",108,,,,
Peru,2011,"02",96,,,,
Peru,2011,"02",96,,,,
Peru,2011,"02",104,,,,
Peru,2011,"02",94,,,,
Peru,2011,"03",157,,,,
Peru,2011,"03",124,,,,
Peru,2011,"03",140,,,,
Peru,2011,"03",102,,,,
Peru,2011,"04",152,,,,
Peru,2011,"04",144,,,,
Peru,2011,"04",150,,,,
Peru,2011,"04",163,,,,
Peru,2011,"05",162,,,,
Peru,2011,"05",169,,,,
Peru,2011,"05",182,,,,
Peru,2011,"05",175,,,,
Peru,2011,"05",185,,,,
Peru,2011,"06",160,,,,
Peru,2011,"06",167,,,,
Peru,2011,"06",172,,,,
Peru,2011,"06",168,,,,
Peru,2011,"07",129,,,,
Peru,2011,"07",156,,,,
Peru,2011,"07",139,,,,
Peru,2011,"07",150,,,,
Peru,2011,"07",118,,,,
Peru,2011,"08",181,,,,
Peru,2011,"08",137,,,,
Peru,2011,"08",157,,,,
Peru,2011,"08",154,,,,
Peru,2011,"09",142,,,,
Peru,2011,"09",162,,,,
Peru,2011,"09",137,,,,
Peru,2011,"09",182,,,,
Peru,2011,"10",124,,,,
Peru,2011,"10",128,,,,
Peru,2011,"10",132,,,,
Peru,2011,"10",131,,,,
Peru,2011,"10",129,,,,
Peru,2011,"11",123,,,,
Peru,2011,"11",128,,,,
Peru,2011,"11",118,,,,
Peru,2011,"11",118,,,,
Peru,2011,"12",87,,,,
Peru,2011,"12",114,,,,
Peru,2011,"12",86,,,,
Peru,2011,"12",103,,,,
Peru,2012,"01",97,,,,
Peru,2012,"01",92,,,,
Peru,2012,"01",93,,,,
Peru,2012,"01",90,,,,
Peru,2012,"01",97,,,,
Peru,2012,"02",95,,,,
Peru,2012,"02",90,,,,
Peru,2012,"02",90,,,,
Peru,2012,"02",84,,,,
Peru,2012,"03",116,,,,
Peru,2012,"03",92,,,,
Peru,2012,"03",99,,,,
Peru,2012,"03",127,,,,
Peru,2012,"04",150,,,,
Peru,2012,"04",159,,,,
Peru,2012,"04",161,,,,
Peru,2012,"04",138,,,,
Peru,2012,"04",124,,,,
Peru,2012,"05",140,,,,
Peru,2012,"05",158,,,,
Peru,2012,"05",145,,,,
Peru,2012,"05",160,,,,
Peru,2012,"06",150,,,,
Peru,2012,"06",146,,,,
Peru,2012,"06",153,,,,
Peru,2012,"06",148,,,,
Peru,2012,"07",150,,,,
Peru,2012,"07",135,,,,
Peru,2012,"07",153,,,,
Peru,2012,"07",140,,,,
Peru,2012,"07",157,,,,
Peru,2012,"08",139,,,,
Peru,2012,"08",144,,,,
Peru,2012,"08",142,,,,
Peru,2012,"08",134,,,,
Peru,2012,"09",156,,,,
Peru,2012,"09",147,,,,
Peru,2012,"09",133,,,,
Peru,2012,"09",141,,,,
Peru,2012,"09",147,,,,
Peru,2012,"10",129,,,,
Peru,2012,"10",134,,,,
Peru,2012,"10",128,,,,
Peru,2012,"10",136,,,,
Peru,2012,"11",125,,,,
Peru,2012,"11",127,,,,
Peru,2012,"11",126,,,,
Peru,2012,"11",130,,,,
Peru,2012,"12",102,,,,
Peru,2012,"12",120,,,,
Peru,2012,"12",108,,,,
Peru,2012,"12",95,,,,
Peru,2012,"12",97,,,,
Peru,2013,"01",98,,,,
Peru,2013,"01",108,,,,
Peru,2013,"01",88,,,,
Peru,2013,"01",105,,,,
Peru,2013,"02",98,,,,
Peru,2013,"02",96,,,,
Peru,2013,"02",103,,,,
Peru,2013,"02",103,,,,
Peru,2013,"03",107,,,,
Peru,2013,"03",136,,,,
Peru,2013,"03",121,,,,
Peru,2013,"03",131,,,,
Peru,2013,"03",100,,,,
Peru,2013,"04",153,,,,
Peru,2013,"04",149,,,,
Peru,2013,"04",148,,,,
Peru,2013,"04",151,,,,
Peru,2013,"05",144,,,,
Peru,2013,"05",148,,,,
Peru,2013,"05",140,,,,
Peru,2013,"05",142,,,,
Peru,2013,"06",152,,,,
Peru,2013,"06",145,,,,
Peru,2013,"06",146,,,,
Peru,2013,"06",140,,,,
Peru,2013,"06",143,,,,
Peru,2013,"07",149,,,,
Peru,2013,"07",146,,,,
Peru,2013,"07",132,,,,
Peru,2013,"07",146,,,,
Peru,2013,"08",147,,,,
Peru,2013,"08",143,,,,
Peru,2013,"08",152,,,,
Peru,2013,"08",144,,,,
Peru,2013,"09",160,,,,
Peru,2013,"09",137,,,,
Peru,2013,"09",143,,,,
Peru,2013,"09",149,,,,
Peru,2013,"09",148,,,,
Peru,2013,"10",126,,,,
Peru,2013,"10",137,,,,
Peru,2013,"10",135,,,,
Peru,2013,"10",135,,,,
Peru,2013,"11",125,,,,
Peru,2013,"11",123,,,,
Peru,2013,"11",125,,,,
Peru,2013,"11",135,,,,
Peru,2013,"12",102,,,,
Peru,2013,"12",121,,,,
Peru,2013,"12",115,,,,
Peru,2013,"12",105,,,,
Peru,2013,"12",102,,,,
Peru,2014,"01",90,,,,
Peru,2014,"01",92,,,,
Peru,2014,"01",105,,,,
Peru,2014,"01",87,,,,
Peru,2014,"02",94,,,,
Peru,2014,"02",95,,,,
Peru,2014,"02",91,,,,
Peru,2014,"02",93,,,,
Peru,2014,"03",113,,,,
Peru,2014,"03",126,,,,
Peru,2014,"03",103,,,,
Peru,2014,"03",109,,,,
Peru,2014,"03",135,,,,
Peru,2014,"04",142,,,,
Peru,2014,"04",136,,,,
Peru,2014,"04",142,,,,
Peru,2014,"04",134,,,,
Peru,2014,"05",144,,,,
Peru,2014,"05",141,,,,
Peru,2014,"05",143,,,,
Peru,2014,"05",138,,,,
Peru,2014,"06",137,,,,
Peru,2014,"06",143,,,,
Peru,2014,"06",142,,,,
Peru,2014,"06",140,,,,
Peru,2014,"06",134,,,,
Peru,2014,"07",135,,,,
Peru,2014,"07",141,,,,
Peru,2014,"07",134,,,,
Peru,2014,"07",143,,,,
Peru,2014,"08",141,,,,
Peru,2014,"08",141,,,,
Peru,2014,"08",141,,,,
Peru,2014,"08",142,,,,
Peru,2014,"08",148,,,,
Peru,2014,"09",141,,,,
Peru,2014,"09",135,,,,
Peru,2014,"09",143,,,,
Peru,2014,"09",145,,,,
Peru,2014,"10",129,,,,
Peru,2014,"10",137,,,,
Peru,2014,"10",118,,,,
Peru,2014,"10",127,,,,
Peru,2014,"11",124,,,,
Peru,2014,"11",125,,,,
Peru,2014,"11",133,,,,
Peru,2014,"11",129,,,,
Peru,2014,"11",134,,,,
Peru,2014,"12",112,,,,
Peru,2014,"12",94,,,,
Peru,2014,"12",101,,,,
Peru,2014,"12",113,,,,
Peru,2015,"01",105,,,,
Peru,2015,"01",94,,,,
Peru,2015,"01",89,,,,
Peru,2015,"01",99,,,,
Peru,2015,"02",90,,,,
Peru,2015,"02",89,,,,
Peru,2015,"02",87,,,,
Peru,2015,"02",102,,,,
Peru,2015,"03",119,,,,
Peru,2015,"03",107,,,,
Peru,2015,"03",107,,,,
Peru,2015,"03",114,,,,
Peru,2015,"03",113,,,,
Peru,2015,"04",148,,,,
Peru,2015,"04",138,,,,
Peru,2015,"04",137,,,,
Peru,2015,"04",138,,,,
Peru,2015,"05",148,,,,
Peru,2015,"05",138,,,,
Peru,2015,"05",148,,,,
Peru,2015,"05",150,,,,
Peru,2015,"05",150,,,,
Peru,2015,"06",157,,,,
Peru,2015,"06",159,,,,
Peru,2015,"06",160,,,,
Peru,2015,"06",148,,,,
Peru,2015,"07",127,,,,
Peru,2015,"07",131,,,,
Peru,2015,"07",138,,,,
Peru,2015,"07",146,,,,
Peru,2015,"08",121,,,,
Peru,2015,"08",123,,,,
Poland,2002,"12",,,,,
Poland,2003,"01",,,,,
Poland,2003,"01",,,,,
Poland,2003,"01",,,,,
Poland,2003,"01",,,,,
Poland,2003,"02",,,,,
Poland,2003,"02",,,,,
Poland,2003,"02",,,,,
Poland,2003,"02",,,,,
Poland,2003,"03",,,,,
Poland,2003,"03",,,,,
Poland,2003,"03",,,,,
Poland,2003,"03",,,,,
Poland,2003,"03",,,,,
Poland,2003,"04",,,,,
Poland,2003,"04",,,,,
Poland,2003,"04",,,,,
Poland,2003,"04",,,,,
Poland,2003,"05",,,,,
Poland,2003,"05",,,,,
Poland,2003,"05",,,,,
Poland,2003,"05",,,,,
Poland,2003,"06",,,,,
Poland,2003,"06",,,,,
Poland,2003,"06",,,,,
Poland,2003,"06",,,,,
Poland,2003,"06",,,,,
Poland,2003,"07",,,,,
Poland,2003,"07",,,,,
Poland,2003,"07",,,,,
Poland,2003,"07",,,,,
Poland,2003,"08",,,,,
Poland,2003,"08",,,,,
Poland,2003,"08",,,,,
Poland,2003,"08",,,,,
Poland,2003,"08",,,,,
Poland,2003,"09",,,,,
Poland,2003,"09",,,,,
Poland,2003,"09",,,,,
Poland,2003,"09",,,,,
Poland,2003,"10",,,,,
Poland,2003,"10",,,,,
Poland,2003,"10",,,,,
Poland,2003,"10",,,,,
Poland,2003,"11",,,,,
Poland,2003,"11",,,,,
Poland,2003,"11",,,,,
Poland,2003,"11",,,,,
Poland,2003,"11",,,,,
Poland,2003,"12",,,,,
Poland,2003,"12",,,,,
Poland,2003,"12",,,,,
Poland,2003,"12",,,,,
Poland,2004,"01",,,,,
Poland,2004,"01",,,,,
Poland,2004,"01",,,,,
Poland,2004,"01",,,,,
Poland,2004,"02",,,,,
Poland,2004,"02",,,,,
Poland,2004,"02",,,,,
Poland,2004,"02",,,,,
Poland,2004,"02",,,,,
Poland,2004,"03",,,,,
Poland,2004,"03",,,,,
Poland,2004,"03",,,,,
Poland,2004,"03",,,,,
Poland,2004,"04",,,,,
Poland,2004,"04",,,,,
Poland,2004,"04",,,,,
Poland,2004,"04",,,,,
Poland,2004,"05",,,,,
Poland,2004,"05",,,,,
Poland,2004,"05",,,,,
Poland,2004,"05",,,,,
Poland,2004,"05",,,,,
Poland,2004,"06",,,,,
Poland,2004,"06",,,,,
Poland,2004,"06",,,,,
Poland,2004,"06",,,,,
Poland,2004,"07",,,,,
Poland,2004,"07",,,,,
Poland,2004,"07",,,,,
Poland,2004,"07",,,,,
Poland,2004,"08",,,,,
Poland,2004,"08",,,,,
Poland,2004,"08",,,,,
Poland,2004,"08",,,,,
Poland,2004,"08",,,,,
Poland,2004,"09",,,,,
Poland,2004,"09",,,,,
Poland,2004,"09",,,,,
Poland,2004,"09",19,,,,
Poland,2004,"10",62,,,,
Poland,2004,"10",61,,,,
Poland,2004,"10",56,,,,
Poland,2004,"10",57,,,,
Poland,2004,"10",28,,,,
Poland,2004,"11",56,,,,
Poland,2004,"11",49,,,,
Poland,2004,"11",48,,,,
Poland,2004,"11",46,,,,
Poland,2004,"12",44,,,,
Poland,2004,"12",43,,,,
Poland,2004,"12",43,,,,
Poland,2004,"12",40,,,,
Poland,2005,"01",47,,,,
Poland,2005,"01",62,,,,
Poland,2005,"01",271,,,,
Poland,2005,"01",52,,,,
Poland,2005,"01",53,,,,
Poland,2005,"02",404,,,,
Poland,2005,"02",392,,,,
Poland,2005,"02",466,,,,
Poland,2005,"02",423,,,,
Poland,2005,"03",442,,,,
Poland,2005,"03",182,,,,
Poland,2005,"03",267,,,,
Poland,2005,"03",156,,,,
Poland,2005,"04",76,,,,
Poland,2005,"04",59,,,,
Poland,2005,"04",49,,,,
Poland,2005,"04",98,,,,
Poland,2005,"05",43,,,,
Poland,2005,"05",32,,,,
Poland,2005,"05",25,,,,
Poland,2005,"05",36,,,,
Poland,2005,"05",29,,,,
Poland,2005,"06",20,,,,
Poland,2005,"06",17,,,,
Poland,2005,"06",22,,,,
Poland,2005,"06",18,,,,
Poland,2005,"07",12,,,,
Poland,2005,"07",13,,,,
Poland,2005,"07",12,,,,
Poland,2005,"07",14,,,,
Poland,2005,"07",16,,,,
Poland,2005,"08",12,,,,
Poland,2005,"08",12,,,,
Poland,2005,"08",12,,,,
Poland,2005,"08",12,,,,
Poland,2005,"09",14,,,,
Poland,2005,"09",23,,,,
Poland,2005,"09",61,,,,
Poland,2005,"09",37,,,,
Poland,2005,"10",75,,,,
Poland,2005,"10",109,,,,
Poland,2005,"10",66,,,,
Poland,2005,"10",122,,,,
Poland,2005,"10",88,,,,
Poland,2005,"11",57,,,,
Poland,2005,"11",60,,,,
Poland,2005,"11",66,,,,
Poland,2005,"11",49,,,,
Poland,2005,"12",49,,,,
Poland,2005,"12",53,,,,
Poland,2005,"12",51,,,,
Poland,2005,"12",50,,,,
Poland,2006,"01",54,,,,
Poland,2006,"01",51,,,,
Poland,2006,"01",55,,,,
Poland,2006,"01",57,,,,
Poland,2006,"01",54,,,,
Poland,2006,"02",63,,,,
Poland,2006,"02",93,,,,
Poland,2006,"02",79,,,,
Poland,2006,"02",55,,,,
Poland,2006,"03",116,,,,
Poland,2006,"03",116,,,,
Poland,2006,"03",150,,,,
Poland,2006,"03",130,,,,
Poland,2006,"04",43,,,,
Poland,2006,"04",57,,,,
Poland,2006,"04",115,,,,
Poland,2006,"04",82,,,,
Poland,2006,"04",37,,,,
Poland,2006,"05",23,,,,
Poland,2006,"05",32,,,,
Poland,2006,"05",24,,,,
Poland,2006,"05",28,,,,
Poland,2006,"06",23,,,,
Poland,2006,"06",19,,,,
Poland,2006,"06",19,,,,
Poland,2006,"06",21,,,,
Poland,2006,"07",16,,,,
Poland,2006,"07",15,,,,
Poland,2006,"07",17,,,,
Poland,2006,"07",14,,,,
Poland,2006,"07",13,,,,
Poland,2006,"08",11,,,,
Poland,2006,"08",13,,,,
Poland,2006,"08",12,,,,
Poland,2006,"08",12,,,,
Poland,2006,"09",44,,,,
Poland,2006,"09",12,,,,
Poland,2006,"09",22,,,,
Poland,2006,"09",10,,,,
Poland,2006,"10",61,,,,
Poland,2006,"10",70,,,,
Poland,2006,"10",49,,,,
Poland,2006,"10",76,,,,
Poland,2006,"10",52,,,,
Poland,2006,"11",47,,,,
Poland,2006,"11",50,,,,
Poland,2006,"11",46,,,,
Poland,2006,"11",57,,,,
Poland,2006,"12",37,,,,
Poland,2006,"12",46,,,,
Poland,2006,"12",36,,,,
Poland,2006,"12",42,,,,
Poland,2006,"12",45,,,,
Poland,2007,"01",41,,,,
Poland,2007,"01",67,,,,
Poland,2007,"01",54,,,,
Poland,2007,"01",49,,,,
Poland,2007,"02",141,,,,
Poland,2007,"02",216,,,,
Poland,2007,"02",136,,,,
Poland,2007,"02",194,,,,
Poland,2007,"03",232,,,,
Poland,2007,"03",159,,,,
Poland,2007,"03",116,,,,
Poland,2007,"03",87,,,,
Poland,2007,"04",51,,,,
Poland,2007,"04",32,,,,
Poland,2007,"04",36,,,,
Poland,2007,"04",40,,,,
Poland,2007,"04",61,,,,
Poland,2007,"05",21,,,,
Poland,2007,"05",19,,,,
Poland,2007,"05",22,,,,
Poland,2007,"05",26,,,,
Poland,2007,"06",13,,,,
Poland,2007,"06",16,,,,
Poland,2007,"06",14,,,,
Poland,2007,"06",16,,,,
Poland,2007,"07",11,,,,
Poland,2007,"07",10,,,,
Poland,2007,"07",11,,,,
Poland,2007,"07",10,,,,
Poland,2007,"07",9,,,,
Poland,2007,"08",8,,,,
Poland,2007,"08",8,,,,
Poland,2007,"08",8,,,,
Poland,2007,"08",9,,,,
Poland,2007,"09",26,,,,
Poland,2007,"09",55,,,,
Poland,2007,"09",12,,,,
Poland,2007,"09",9,,,,
Poland,2007,"09",56,,,,
Poland,2007,"10",59,,,,
Poland,2007,"10",49,,,,
Poland,2007,"10",53,,,,
Poland,2007,"10",46,,,,
Poland,2007,"11",60,,,,
Poland,2007,"11",52,,,,
Poland,2007,"11",49,,,,
Poland,2007,"11",45,,,,
Poland,2007,"12",48,,,,
Poland,2007,"12",47,,,,
Poland,2007,"12",48,,,,
Poland,2007,"12",47,,,,
Poland,2007,"12",50,,,,
Poland,2008,"01",98,,,,
Poland,2008,"01",67,,,,
Poland,2008,"01",82,,,,
Poland,2008,"01",109,,,,
Poland,2008,"02",109,,,,
Poland,2008,"02",97,,,,
Poland,2008,"02",136,,,,
Poland,2008,"02",126,,,,
Poland,2008,"03",85,,,,
Poland,2008,"03",71,,,,
Poland,2008,"03",128,,,,
Poland,2008,"03",99,,,,
Poland,2008,"03",78,,,,
Poland,2008,"04",33,,,,
Poland,2008,"04",49,,,,
Poland,2008,"04",63,,,,
Poland,2008,"04",40,,,,
Poland,2008,"05",26,,,,
Poland,2008,"05",21,,,,
Poland,2008,"05",23,,,,
Poland,2008,"05",30,,,,
Poland,2008,"06",14,,,,
Poland,2008,"06",21,,,,
Poland,2008,"06",15,,,,
Poland,2008,"06",19,,,,
Poland,2008,"06",17,,,,
Poland,2008,"07",11,,,,
Poland,2008,"07",12,,,,
Poland,2008,"07",11,,,,
Poland,2008,"07",10,,,,
Poland,2008,"08",9,,,,
Poland,2008,"08",8,,,,
Poland,2008,"08",8,,,,
Poland,2008,"08",9,,,,
Poland,2008,"08",8,,,,
Poland,2008,"09",68,,,,
Poland,2008,"09",21,,,,
Poland,2008,"09",65,,,,
Poland,2008,"09",9,,,,
Poland,2008,"10",43,,,,
Poland,2008,"10",53,,,,
Poland,2008,"10",45,,,,
Poland,2008,"10",46,,,,
Poland,2008,"11",37,,,,
Poland,2008,"11",43,,,,
Poland,2008,"11",36,,,,
Poland,2008,"11",39,,,,
Poland,2008,"11",61,,,,
Poland,2008,"12",71,,,,
Poland,2008,"12",100,,,,
Poland,2008,"12",71,,,,
Poland,2008,"12",67,,,,
Poland,2009,"01",179,,,,
Poland,2009,"01",357,,,,
Poland,2009,"01",120,,,,
Poland,2009,"01",432,,,,
Poland,2009,"02",228,,,,
Poland,2009,"02",347,,,,
Poland,2009,"02",143,,,,
Poland,2009,"02",97,,,,
Poland,2009,"03",46,,,,
Poland,2009,"03",58,,,,
Poland,2009,"03",76,,,,
Poland,2009,"03",66,,,,
Poland,2009,"03",94,,,,
Poland,2009,"04",29,,,,
Poland,2009,"04",33,,,,
Poland,2009,"04",157,,,,
Poland,2009,"04",39,,,,
Poland,2009,"05",50,,,,
Poland,2009,"05",39,,,,
Poland,2009,"05",88,,,,
Poland,2009,"05",30,,,,
Poland,2009,"05",25,,,,
Poland,2009,"06",19,,,,
Poland,2009,"06",20,,,,
Poland,2009,"06",18,,,,
Poland,2009,"06",22,,,,
Poland,2009,"07",18,,,,
Poland,2009,"07",16,,,,
Poland,2009,"07",17,,,,
Poland,2009,"07",16,,,,
Poland,2009,"08",17,,,,
Poland,2009,"08",20,,,,
Poland,2009,"08",18,,,,
Poland,2009,"08",21,,,,
Poland,2009,"08",18,,,,
Poland,2009,"09",25,,,,
Poland,2009,"09",75,,,,
Poland,2009,"09",48,,,,
Poland,2009,"09",68,,,,
Poland,2009,"10",50,,,,
Poland,2009,"10",54,,,,
Poland,2009,"10",79,,,,
Poland,2009,"10",58,,,,
Poland,2009,"11",251,,,,
Poland,2009,"11",410,,,,
Poland,2009,"11",486,,,,
Poland,2009,"11",203,,,,
Poland,2009,"11",273,,,,
Poland,2009,"12",83,,,,
Poland,2009,"12",194,,,,
Poland,2009,"12",67,,,,
Poland,2009,"12",124,,,,
Poland,2010,"01",36,,,,
Poland,2010,"01",44,,,,
Poland,2010,"01",59,,,,
Poland,2010,"01",51,,,,
Poland,2010,"01",40,,,,
Poland,2010,"02",34,,,,
Poland,2010,"02",35,,,,
Poland,2010,"02",33,,,,
Poland,2010,"02",31,,,,
Poland,2010,"03",22,,,,
Poland,2010,"03",25,,,,
Poland,2010,"03",27,,,,
Poland,2010,"03",28,,,,
Poland,2010,"04",16,,,,
Poland,2010,"04",18,,,,
Poland,2010,"04",20,,,,
Poland,2010,"04",14,,,,
Poland,2010,"05",12,,,,
Poland,2010,"05",13,,,,
Poland,2010,"05",12,,,,
Poland,2010,"05",13,,,,
Poland,2010,"05",13,,,,
Poland,2010,"06",12,,,,
Poland,2010,"06",12,,,,
Poland,2010,"06",10,,,,
Poland,2010,"06",11,,,,
Poland,2010,"07",8,,,,
Poland,2010,"07",8,,,,
Poland,2010,"07",9,,,,
Poland,2010,"07",9,,,,
Poland,2010,"08",7,,,,
Poland,2010,"08",6,,,,
Poland,2010,"08",6,,,,
Poland,2010,"08",7,,,,
Poland,2010,"08",7,,,,
Poland,2010,"09",44,,,,
Poland,2010,"09",8,,,,
Poland,2010,"09",14,,,,
Poland,2010,"09",41,,,,
Poland,2010,"10",34,,,,
Poland,2010,"10",34,,,,
Poland,2010,"10",34,,,,
Poland,2010,"10",38,,,,
Poland,2010,"10",31,,,,
Poland,2010,"11",27,,,,
Poland,2010,"11",28,,,,
Poland,2010,"11",29,,,,
Poland,2010,"11",29,,,,
Poland,2010,"12",42,,,,
Poland,2010,"12",32,,,,
Poland,2010,"12",38,,,,
Poland,2010,"12",53,,,,
Poland,2011,"01",97,,,,
Poland,2011,"01",186,,,,
Poland,2011,"01",200,,,,
Poland,2011,"01",187,,,,
Poland,2011,"01",159,,,,
Poland,2011,"02",120,,,,
Poland,2011,"02",126,,,,
Poland,2011,"02",183,,,,
Poland,2011,"02",121,,,,
Poland,2011,"03",55,,,,
Poland,2011,"03",42,,,,
Poland,2011,"03",74,,,,
Poland,2011,"03",102,,,,
Poland,2011,"04",32,,,,
Poland,2011,"04",21,,,,
Poland,2011,"04",27,,,,
Poland,2011,"04",23,,,,
Poland,2011,"05",16,,,,
Poland,2011,"05",19,,,,
Poland,2011,"05",14,,,,
Poland,2011,"05",14,,,,
Poland,2011,"05",17,,,,
Poland,2011,"06",10,,,,
Poland,2011,"06",11,,,,
Poland,2011,"06",12,,,,
Poland,2011,"06",10,,,,
Poland,2011,"07",7,,,,
Poland,2011,"07",8,,,,
Poland,2011,"07",7,,,,
Poland,2011,"07",8,,,,
Poland,2011,"07",9,,,,
Poland,2011,"08",6,,,,
Poland,2011,"08",7,,,,
Poland,2011,"08",7,,,,
Poland,2011,"08",7,,,,
Poland,2011,"09",8,,,,
Poland,2011,"09",7,,,,
Poland,2011,"09",12,,,,
Poland,2011,"09",25,,,,
Poland,2011,"10",27,,,,
Poland,2011,"10",30,,,,
Poland,2011,"10",31,,,,
Poland,2011,"10",29,,,,
Poland,2011,"10",28,,,,
Poland,2011,"11",28,,,,
Poland,2011,"11",28,,,,
Poland,2011,"11",28,,,,
Poland,2011,"11",27,,,,
Poland,2011,"12",32,,,,
Poland,2011,"12",29,,,,
Poland,2011,"12",33,,,,
Poland,2011,"12",31,,,,
Poland,2012,"01",31,,,,
Poland,2012,"01",31,,,,
Poland,2012,"01",32,,,,
Poland,2012,"01",34,,,,
Poland,2012,"01",31,,,,
Poland,2012,"02",37,,,,
Poland,2012,"02",35,,,,
Poland,2012,"02",34,,,,
Poland,2012,"02",31,,,,
Poland,2012,"03",38,,,,
Poland,2012,"03",39,,,,
Poland,2012,"03",42,,,,
Poland,2012,"03",35,,,,
Poland,2012,"04",29,,,,
Poland,2012,"04",32,,,,
Poland,2012,"04",25,,,,
Poland,2012,"04",24,,,,
Poland,2012,"04",22,,,,
Poland,2012,"05",13,,,,
Poland,2012,"05",15,,,,
Poland,2012,"05",16,,,,
Poland,2012,"05",19,,,,
Poland,2012,"06",12,,,,
Poland,2012,"06",12,,,,
Poland,2012,"06",12,,,,
Poland,2012,"06",11,,,,
Poland,2012,"07",10,,,,
Poland,2012,"07",11,,,,
Poland,2012,"07",9,,,,
Poland,2012,"07",11,,,,
Poland,2012,"07",9,,,,
Poland,2012,"08",8,,,,
Poland,2012,"08",7,,,,
Poland,2012,"08",7,,,,
Poland,2012,"08",8,,,,
Poland,2012,"09",40,,,,
Poland,2012,"09",7,,,,
Poland,2012,"09",28,,,,
Poland,2012,"09",8,,,,
Poland,2012,"09",13,,,,
Poland,2012,"10",35,,,,
Poland,2012,"10",31,,,,
Poland,2012,"10",39,,,,
Poland,2012,"10",30,,,,
Poland,2012,"11",34,,,,
Poland,2012,"11",34,,,,
Poland,2012,"11",33,,,,
Poland,2012,"11",34,,,,
Poland,2012,"12",36,,,,
Poland,2012,"12",151,,,,
Poland,2012,"12",202,,,,
Poland,2012,"12",94,,,,
Poland,2012,"12",49,,,,
Poland,2013,"01",330,,,,
Poland,2013,"01",168,,,,
Poland,2013,"01",268,,,,
Poland,2013,"01",413,,,,
Poland,2013,"02",70,,,,
Poland,2013,"02",78,,,,
Poland,2013,"02",112,,,,
Poland,2013,"02",69,,,,
Poland,2013,"03",59,,,,
Poland,2013,"03",64,,,,
Poland,2013,"03",63,,,,
Poland,2013,"03",65,,,,
Poland,2013,"03",62,,,,
Poland,2013,"04",36,,,,
Poland,2013,"04",51,,,,
Poland,2013,"04",28,,,,
Poland,2013,"04",24,,,,
Poland,2013,"05",14,,,,
Poland,2013,"05",17,,,,
Poland,2013,"05",19,,,,
Poland,2013,"05",15,,,,
Poland,2013,"06",12,,,,
Poland,2013,"06",13,,,,
Poland,2013,"06",13,,,,
Poland,2013,"06",13,,,,
Poland,2013,"06",13,,,,
Poland,2013,"07",12,,,,
Poland,2013,"07",12,,,,
Poland,2013,"07",12,,,,
Poland,2013,"07",12,,,,
Poland,2013,"08",12,,,,
Poland,2013,"08",11,,,,
Poland,2013,"08",12,,,,
Poland,2013,"08",12,,,,
Poland,2013,"09",11,,,,
Poland,2013,"09",45,,,,
Poland,2013,"09",41,,,,
Poland,2013,"09",12,,,,
Poland,2013,"09",22,,,,
Poland,2013,"10",40,,,,
Poland,2013,"10",30,,,,
Poland,2013,"10",35,,,,
Poland,2013,"10",26,,,,
Poland,2013,"11",26,,,,
Poland,2013,"11",24,,,,
Poland,2013,"11",27,,,,
Poland,2013,"11",25,,,,
Poland,2013,"12",27,,,,
Poland,2013,"12",28,,,,
Poland,2013,"12",38,,,,
Poland,2013,"12",29,,,,
Poland,2013,"12",32,,,,
Poland,2014,"01",32,,,,
Poland,2014,"01",41,,,,
Poland,2014,"01",33,,,,
Poland,2014,"01",28,,,,
Poland,2014,"02",54,,,,
Poland,2014,"02",51,,,,
Poland,2014,"02",62,,,,
Poland,2014,"02",54,,,,
Poland,2014,"03",84,,,,
Poland,2014,"03",41,,,,
Poland,2014,"03",52,,,,
Poland,2014,"03",75,,,,
Poland,2014,"03",80,,,,
Poland,2014,"04",32,,,,
Poland,2014,"04",26,,,,
Poland,2014,"04",20,,,,
Poland,2014,"04",23,,,,
Poland,2014,"05",17,,,,
Poland,2014,"05",15,,,,
Poland,2014,"05",17,,,,
Poland,2014,"05",17,,,,
Poland,2014,"06",15,,,,
Poland,2014,"06",14,,,,
Poland,2014,"06",13,,,,
Poland,2014,"06",15,,,,
Poland,2014,"06",16,,,,
Poland,2014,"07",10,,,,
Poland,2014,"07",12,,,,
Poland,2014,"07",10,,,,
Poland,2014,"07",11,,,,
Poland,2014,"08",8,,,,
Poland,2014,"08",9,,,,
Poland,2014,"08",8,,,,
Poland,2014,"08",8,,,,
Poland,2014,"08",8,,,,
Poland,2014,"09",13,,,,
Poland,2014,"09",9,,,,
Poland,2014,"09",32,,,,
Poland,2014,"09",24,,,,
Poland,2014,"10",36,,,,
Poland,2014,"10",37,,,,
Poland,2014,"10",35,,,,
Poland,2014,"10",34,,,,
Poland,2014,"11",33,,,,
Poland,2014,"11",30,,,,
Poland,2014,"11",31,,,,
Poland,2014,"11",34,,,,
Poland,2014,"11",35,,,,
Poland,2014,"12",35,,,,
Poland,2014,"12",35,,,,
Poland,2014,"12",37,,,,
Poland,2014,"12",35,,,,
Poland,2015,"01",35,,,,
Poland,2015,"01",70,,,,
Poland,2015,"01",38,,,,
Poland,2015,"01",41,,,,
Poland,2015,"02",275,,,,
Poland,2015,"02",221,,,,
Poland,2015,"02",140,,,,
Poland,2015,"02",92,,,,
Poland,2015,"03",123,,,,
Poland,2015,"03",84,,,,
Poland,2015,"03",206,,,,
Poland,2015,"03",61,,,,
Poland,2015,"03",200,,,,
Poland,2015,"04",35,,,,
Poland,2015,"04",45,,,,
Poland,2015,"04",55,,,,
Poland,2015,"04",28,,,,
Poland,2015,"05",20,,,,
Poland,2015,"05",17,,,,
Poland,2015,"05",16,,,,
Poland,2015,"05",23,,,,
Poland,2015,"05",19,,,,
Poland,2015,"06",11,,,,
Poland,2015,"06",13,,,,
Poland,2015,"06",15,,,,
Poland,2015,"06",14,,,,
Poland,2015,"07",11,,,,
Poland,2015,"07",9,,,,
Poland,2015,"07",11,,,,
Poland,2015,"07",10,,,,
Poland,2015,"08",9,,,,
Poland,2015,"08",9,,,,
Romania,2002,"12",,,,,
Romania,2003,"01",,,,,
Romania,2003,"01",,,,,
Romania,2003,"01",,,,,
Romania,2003,"01",,,,,
Romania,2003,"02",740,,,,
Romania,2003,"02",,,,,
Romania,2003,"02",736,,,,
Romania,2003,"02",664,,,,
Romania,2003,"03",864,,,,
Romania,2003,"03",821,,,,
Romania,2003,"03",824,,,,
Romania,2003,"03",819,,,,
Romania,2003,"03",753,,,,
Romania,2003,"04",757,,,,
Romania,2003,"04",777,,,,
Romania,2003,"04",726,,,,
Romania,2003,"04",703,,,,
Romania,2003,"05",613,,,,
Romania,2003,"05",657,,,,
Romania,2003,"05",639,,,,
Romania,2003,"05",655,,,,
Romania,2003,"06",584,,,,
Romania,2003,"06",561,,,,
Romania,2003,"06",553,,,,
Romania,2003,"06",553,,,,
Romania,2003,"06",568,,,,
Romania,2003,"07",541,,,,
Romania,2003,"07",545,,,,
Romania,2003,"07",522,,,,
Romania,2003,"07",528,,,,
Romania,2003,"08",502,,,,
Romania,2003,"08",500,,,,
Romania,2003,"08",496,,,,
Romania,2003,"08",509,,,,
Romania,2003,"08",510,,,,
Romania,2003,"09",509,,,,
Romania,2003,"09",490,,,,
Romania,2003,"09",491,,,,
Romania,2003,"09",539,,,,
Romania,2003,"10",642,,,,
Romania,2003,"10",702,,,,
Romania,2003,"10",706,,,,
Romania,2003,"10",736,,,,
Romania,2003,"11",844,,,,
Romania,2003,"11",788,,,,
Romania,2003,"11",677,,,,
Romania,2003,"11",725,,,,
Romania,2003,"11",655,,,,
Romania,2003,"12",1304,,,,
Romania,2003,"12",1142,,,,
Romania,2003,"12",1434,,,,
Romania,2003,"12",1165,,,,
Romania,2004,"01",818,,,,
Romania,2004,"01",782,,,,
Romania,2004,"01",932,,,,
Romania,2004,"01",815,,,,
Romania,2004,"02",811,,,,
Romania,2004,"02",761,,,,
Romania,2004,"02",754,,,,
Romania,2004,"02",729,,,,
Romania,2004,"02",769,,,,
Romania,2004,"03",757,,,,
Romania,2004,"03",703,,,,
Romania,2004,"03",774,,,,
Romania,2004,"03",770,,,,
Romania,2004,"04",734,,,,
Romania,2004,"04",671,,,,
Romania,2004,"04",663,,,,
Romania,2004,"04",686,,,,
Romania,2004,"05",637,,,,
Romania,2004,"05",661,,,,
Romania,2004,"05",613,,,,
Romania,2004,"05",683,,,,
Romania,2004,"05",599,,,,
Romania,2004,"06",689,,,,
Romania,2004,"06",747,,,,
Romania,2004,"06",741,,,,
Romania,2004,"06",663,,,,
Romania,2004,"07",646,,,,
Romania,2004,"07",665,,,,
Romania,2004,"07",627,,,,
Romania,2004,"07",606,,,,
Romania,2004,"08",592,,,,
Romania,2004,"08",615,,,,
Romania,2004,"08",607,,,,
Romania,2004,"08",582,,,,
Romania,2004,"08",593,,,,
Romania,2004,"09",672,,,,
Romania,2004,"09",793,,,,
Romania,2004,"09",597,,,,
Romania,2004,"09",627,,,,
Romania,2004,"10",809,,,,
Romania,2004,"10",796,,,,
Romania,2004,"10",801,,,,
Romania,2004,"10",800,,,,
Romania,2004,"10",818,,,,
Romania,2004,"11",824,,,,
Romania,2004,"11",800,,,,
Romania,2004,"11",813,,,,
Romania,2004,"11",795,,,,
Romania,2004,"12",710,,,,
Romania,2004,"12",720,,,,
Romania,2004,"12",755,,,,
Romania,2004,"12",768,,,,
Romania,2005,"01",840,,,,
Romania,2005,"01",779,,,,
Romania,2005,"01",747,,,,
Romania,2005,"01",735,,,,
Romania,2005,"01",884,,,,
Romania,2005,"02",919,,,,
Romania,2005,"02",870,,,,
Romania,2005,"02",913,,,,
Romania,2005,"02",882,,,,
Romania,2005,"03",1277,,,,
Romania,2005,"03",1058,,,,
Romania,2005,"03",1080,,,,
Romania,2005,"03",1117,,,,
Romania,2005,"04",880,,,,
Romania,2005,"04",809,,,,
Romania,2005,"04",914,,,,
Romania,2005,"04",858,,,,
Romania,2005,"05",719,,,,
Romania,2005,"05",636,,,,
Romania,2005,"05",626,,,,
Romania,2005,"05",665,,,,
Romania,2005,"05",689,,,,
Romania,2005,"06",617,,,,
Romania,2005,"06",598,,,,
Romania,2005,"06",656,,,,
Romania,2005,"06",709,,,,
Romania,2005,"07",662,,,,
Romania,2005,"07",591,,,,
Romania,2005,"07",600,,,,
Romania,2005,"07",621,,,,
Romania,2005,"07",628,,,,
Romania,2005,"08",662,,,,
Romania,2005,"08",604,,,,
Romania,2005,"08",675,,,,
Romania,2005,"08",646,,,,
Romania,2005,"09",713,,,,
Romania,2005,"09",662,,,,
Romania,2005,"09",683,,,,
Romania,2005,"09",696,,,,
Romania,2005,"10",775,,,,
Romania,2005,"10",918,,,,
Romania,2005,"10",863,,,,
Romania,2005,"10",870,,,,
Romania,2005,"10",793,,,,
Romania,2005,"11",700,,,,
Romania,2005,"11",731,,,,
Romania,2005,"11",724,,,,
Romania,2005,"11",729,,,,
Romania,2005,"12",778,,,,
Romania,2005,"12",819,,,,
Romania,2005,"12",877,,,,
Romania,2005,"12",787,,,,
Romania,2006,"01",831,,,,
Romania,2006,"01",744,,,,
Romania,2006,"01",802,,,,
Romania,2006,"01",793,,,,
Romania,2006,"01",789,,,,
Romania,2006,"02",768,,,,
Romania,2006,"02",698,,,,
Romania,2006,"02",753,,,,
Romania,2006,"02",742,,,,
Romania,2006,"03",866,,,,
Romania,2006,"03",756,,,,
Romania,2006,"03",849,,,,
Romania,2006,"03",813,,,,
Romania,2006,"04",760,,,,
Romania,2006,"04",732,,,,
Romania,2006,"04",893,,,,
Romania,2006,"04",887,,,,
Romania,2006,"04",796,,,,
Romania,2006,"05",694,,,,
Romania,2006,"05",729,,,,
Romania,2006,"05",796,,,,
Romania,2006,"05",723,,,,
Romania,2006,"06",668,,,,
Romania,2006,"06",678,,,,
Romania,2006,"06",705,,,,
Romania,2006,"06",622,,,,
Romania,2006,"07",582,,,,
Romania,2006,"07",595,,,,
Romania,2006,"07",631,,,,
Romania,2006,"07",552,,,,
Romania,2006,"07",641,,,,
Romania,2006,"08",627,,,,
Romania,2006,"08",580,,,,
Romania,2006,"08",605,,,,
Romania,2006,"08",650,,,,
Romania,2006,"09",613,,,,
Romania,2006,"09",660,,,,
Romania,2006,"09",639,,,,
Romania,2006,"09",709,,,,
Romania,2006,"10",851,,,,
Romania,2006,"10",735,,,,
Romania,2006,"10",709,,,,
Romania,2006,"10",869,,,,
Romania,2006,"10",726,,,,
Romania,2006,"11",873,,,,
Romania,2006,"11",786,,,,
Romania,2006,"11",850,,,,
Romania,2006,"11",827,,,,
Romania,2006,"12",1256,,,,
Romania,2006,"12",1085,,,,
Romania,2006,"12",1293,,,,
Romania,2006,"12",920,,,,
Romania,2006,"12",962,,,,
Romania,2007,"01",1497,,,,
Romania,2007,"01",1358,,,,
Romania,2007,"01",1270,,,,
Romania,2007,"01",1261,,,,
Romania,2007,"02",1029,,,,
Romania,2007,"02",949,,,,
Romania,2007,"02",1174,,,,
Romania,2007,"02",983,,,,
Romania,2007,"03",897,,,,
Romania,2007,"03",745,,,,
Romania,2007,"03",817,,,,
Romania,2007,"03",925,,,,
Romania,2007,"04",662,,,,
Romania,2007,"04",789,,,,
Romania,2007,"04",729,,,,
Romania,2007,"04",692,,,,
Romania,2007,"04",751,,,,
Romania,2007,"05",672,,,,
Romania,2007,"05",600,,,,
Romania,2007,"05",709,,,,
Romania,2007,"05",646,,,,
Romania,2007,"06",584,,,,
Romania,2007,"06",580,,,,
Romania,2007,"06",602,,,,
Romania,2007,"06",589,,,,
Romania,2007,"07",526,,,,
Romania,2007,"07",507,,,,
Romania,2007,"07",557,,,,
Romania,2007,"07",530,,,,
Romania,2007,"07",574,,,,
Romania,2007,"08",606,,,,
Romania,2007,"08",604,,,,
Romania,2007,"08",650,,,,
Romania,2007,"08",560,,,,
Romania,2007,"09",609,,,,
Romania,2007,"09",554,,,,
Romania,2007,"09",777,,,,
Romania,2007,"09",658,,,,
Romania,2007,"09",827,,,,
Romania,2007,"10",821,,,,
Romania,2007,"10",765,,,,
Romania,2007,"10",862,,,,
Romania,2007,"10",786,,,,
Romania,2007,"11",761,,,,
Romania,2007,"11",786,,,,
Romania,2007,"11",755,,,,
Romania,2007,"11",700,,,,
Romania,2007,"12",881,,,,
Romania,2007,"12",772,,,,
Romania,2007,"12",754,,,,
Romania,2007,"12",797,,,,
Romania,2007,"12",759,,,,
Romania,2008,"01",1060,,,,
Romania,2008,"01",1183,,,,
Romania,2008,"01",956,,,,
Romania,2008,"01",1305,,,,
Romania,2008,"02",974,,,,
Romania,2008,"02",970,,,,
Romania,2008,"02",1158,,,,
Romania,2008,"02",900,,,,
Romania,2008,"03",837,,,,
Romania,2008,"03",982,,,,
Romania,2008,"03",849,,,,
Romania,2008,"03",876,,,,
Romania,2008,"03",903,,,,
Romania,2008,"04",676,,,,
Romania,2008,"04",861,,,,
Romania,2008,"04",771,,,,
Romania,2008,"04",690,,,,
Romania,2008,"05",650,,,,
Romania,2008,"05",602,,,,
Romania,2008,"05",583,,,,
Romania,2008,"05",612,,,,
Romania,2008,"06",538,,,,
Romania,2008,"06",578,,,,
Romania,2008,"06",593,,,,
Romania,2008,"06",566,,,,
Romania,2008,"06",595,,,,
Romania,2008,"07",538,,,,
Romania,2008,"07",573,,,,
Romania,2008,"07",554,,,,
Romania,2008,"07",529,,,,
Romania,2008,"08",580,,,,
Romania,2008,"08",591,,,,
Romania,2008,"08",574,,,,
Romania,2008,"08",579,,,,
Romania,2008,"08",572,,,,
Romania,2008,"09",845,,,,
Romania,2008,"09",612,,,,
Romania,2008,"09",566,,,,
Romania,2008,"09",741,,,,
Romania,2008,"10",816,,,,
Romania,2008,"10",828,,,,
Romania,2008,"10",867,,,,
Romania,2008,"10",824,,,,
Romania,2008,"11",767,,,,
Romania,2008,"11",752,,,,
Romania,2008,"11",770,,,,
Romania,2008,"11",728,,,,
Romania,2008,"11",784,,,,
Romania,2008,"12",739,,,,
Romania,2008,"12",743,,,,
Romania,2008,"12",713,,,,
Romania,2008,"12",809,,,,
Romania,2009,"01",972,,,,
Romania,2009,"01",925,,,,
Romania,2009,"01",804,,,,
Romania,2009,"01",894,,,,
Romania,2009,"02",887,,,,
Romania,2009,"02",950,,,,
Romania,2009,"02",883,,,,
Romania,2009,"02",920,,,,
Romania,2009,"03",1026,,,,
Romania,2009,"03",987,,,,
Romania,2009,"03",1047,,,,
Romania,2009,"03",990,,,,
Romania,2009,"03",994,,,,
Romania,2009,"04",830,,,,
Romania,2009,"04",746,,,,
Romania,2009,"04",749,,,,
Romania,2009,"04",733,,,,
Romania,2009,"05",650,,,,
Romania,2009,"05",708,,,,
Romania,2009,"05",651,,,,
Romania,2009,"05",703,,,,
Romania,2009,"05",665,,,,
Romania,2009,"06",664,,,,
Romania,2009,"06",546,,,,
Romania,2009,"06",577,,,,
Romania,2009,"06",628,,,,
Romania,2009,"07",535,,,,
Romania,2009,"07",547,,,,
Romania,2009,"07",560,,,,
Romania,2009,"07",550,,,,
Romania,2009,"08",581,,,,
Romania,2009,"08",569,,,,
Romania,2009,"08",589,,,,
Romania,2009,"08",591,,,,
Romania,2009,"08",551,,,,
Romania,2009,"09",723,,,,
Romania,2009,"09",685,,,,
Romania,2009,"09",621,,,,
Romania,2009,"09",590,,,,
Romania,2009,"10",737,,,,
Romania,2009,"10",878,,,,
Romania,2009,"10",808,,,,
Romania,2009,"10",776,,,,
Romania,2009,"11",1110,,,,
Romania,2009,"11",1036,,,,
Romania,2009,"11",1034,,,,
Romania,2009,"11",988,,,,
Romania,2009,"11",1151,,,,
Romania,2009,"12",1030,,,,
Romania,2009,"12",825,,,,
Romania,2009,"12",897,,,,
Romania,2009,"12",1088,,,,
Romania,2010,"01",760,,,,
Romania,2010,"01",645,,,,
Romania,2010,"01",848,,,,
Romania,2010,"01",703,,,,
Romania,2010,"01",880,,,,
Romania,2010,"02",657,,,,
Romania,2010,"02",620,,,,
Romania,2010,"02",648,,,,
Romania,2010,"02",640,,,,
Romania,2010,"03",680,,,,
Romania,2010,"03",667,,,,
Romania,2010,"03",669,,,,
Romania,2010,"03",618,,,,
Romania,2010,"04",573,,,,
Romania,2010,"04",588,,,,
Romania,2010,"04",604,,,,
Romania,2010,"04",598,,,,
Romania,2010,"05",537,,,,
Romania,2010,"05",519,,,,
Romania,2010,"05",557,,,,
Romania,2010,"05",527,,,,
Romania,2010,"05",576,,,,
Romania,2010,"06",475,,,,
Romania,2010,"06",525,,,,
Romania,2010,"06",507,,,,
Romania,2010,"06",447,,,,
Romania,2010,"07",512,,,,
Romania,2010,"07",468,,,,
Romania,2010,"07",446,,,,
Romania,2010,"07",445,,,,
Romania,2010,"08",559,,,,
Romania,2010,"08",518,,,,
Romania,2010,"08",569,,,,
Romania,2010,"08",552,,,,
Romania,2010,"08",571,,,,
Romania,2010,"09",612,,,,
Romania,2010,"09",755,,,,
Romania,2010,"09",647,,,,
Romania,2010,"09",695,,,,
Romania,2010,"10",736,,,,
Romania,2010,"10",673,,,,
Romania,2010,"10",742,,,,
Romania,2010,"10",720,,,,
Romania,2010,"10",687,,,,
Romania,2010,"11",637,,,,
Romania,2010,"11",652,,,,
Romania,2010,"11",681,,,,
Romania,2010,"11",634,,,,
Romania,2010,"12",675,,,,
Romania,2010,"12",639,,,,
Romania,2010,"12",681,,,,
Romania,2010,"12",672,,,,
Romania,2011,"01",932,,,,
Romania,2011,"01",953,,,,
Romania,2011,"01",832,,,,
Romania,2011,"01",723,,,,
Romania,2011,"01",789,,,,
Romania,2011,"02",1143,,,,
Romania,2011,"02",1088,,,,
Romania,2011,"02",955,,,,
Romania,2011,"02",1046,,,,
Romania,2011,"03",790,,,,
Romania,2011,"03",970,,,,
Romania,2011,"03",1013,,,,
Romania,2011,"03",855,,,,
Romania,2011,"04",614,,,,
Romania,2011,"04",731,,,,
Romania,2011,"04",679,,,,
Romania,2011,"04",617,,,,
Romania,2011,"05",602,,,,
Romania,2011,"05",584,,,,
Romania,2011,"05",589,,,,
Romania,2011,"05",583,,,,
Romania,2011,"05",577,,,,
Romania,2011,"06",503,,,,
Romania,2011,"06",532,,,,
Romania,2011,"06",566,,,,
Romania,2011,"06",522,,,,
Romania,2011,"07",480,,,,
Romania,2011,"07",467,,,,
Romania,2011,"07",492,,,,
Romania,2011,"07",494,,,,
Romania,2011,"07",464,,,,
Romania,2011,"08",472,,,,
Romania,2011,"08",481,,,,
Romania,2011,"08",473,,,,
Romania,2011,"08",483,,,,
Romania,2011,"09",487,,,,
Romania,2011,"09",516,,,,
Romania,2011,"09",586,,,,
Romania,2011,"09",499,,,,
Romania,2011,"10",679,,,,
Romania,2011,"10",675,,,,
Romania,2011,"10",655,,,,
Romania,2011,"10",758,,,,
Romania,2011,"10",722,,,,
Romania,2011,"11",653,,,,
Romania,2011,"11",649,,,,
Romania,2011,"11",624,,,,
Romania,2011,"11",647,,,,
Romania,2011,"12",600,,,,
Romania,2011,"12",627,,,,
Romania,2011,"12",604,,,,
Romania,2011,"12",611,,,,
Romania,2012,"01",645,,,,
Romania,2012,"01",627,,,,
Romania,2012,"01",630,,,,
Romania,2012,"01",726,,,,
Romania,2012,"01",629,,,,
Romania,2012,"02",872,,,,
Romania,2012,"02",762,,,,
Romania,2012,"02",785,,,,
Romania,2012,"02",832,,,,
Romania,2012,"03",862,,,,
Romania,2012,"03",950,,,,
Romania,2012,"03",743,,,,
Romania,2012,"03",870,,,,
Romania,2012,"04",658,,,,
Romania,2012,"04",591,,,,
Romania,2012,"04",521,,,,
Romania,2012,"04",539,,,,
Romania,2012,"04",506,,,,
Romania,2012,"05",488,,,,
Romania,2012,"05",471,,,,
Romania,2012,"05",488,,,,
Romania,2012,"05",479,,,,
Romania,2012,"06",494,,,,
Romania,2012,"06",503,,,,
Romania,2012,"06",486,,,,
Romania,2012,"06",481,,,,
Romania,2012,"07",506,,,,
Romania,2012,"07",486,,,,
Romania,2012,"07",474,,,,
Romania,2012,"07",529,,,,
Romania,2012,"07",533,,,,
Romania,2012,"08",534,,,,
Romania,2012,"08",521,,,,
Romania,2012,"08",527,,,,
Romania,2012,"08",517,,,,
Romania,2012,"09",538,,,,
Romania,2012,"09",514,,,,
Romania,2012,"09",522,,,,
Romania,2012,"09",622,,,,
Romania,2012,"09",571,,,,
Romania,2012,"10",642,,,,
Romania,2012,"10",690,,,,
Romania,2012,"10",649,,,,
Romania,2012,"10",674,,,,
Romania,2012,"11",616,,,,
Romania,2012,"11",641,,,,
Romania,2012,"11",625,,,,
Romania,2012,"11",659,,,,
Romania,2012,"12",591,,,,
Romania,2012,"12",618,,,,
Romania,2012,"12",608,,,,
Romania,2012,"12",592,,,,
Romania,2012,"12",651,,,,
Romania,2013,"01",778,,,,
Romania,2013,"01",662,,,,
Romania,2013,"01",696,,,,
Romania,2013,"01",651,,,,
Romania,2013,"02",880,,,,
Romania,2013,"02",968,,,,
Romania,2013,"02",971,,,,
Romania,2013,"02",821,,,,
Romania,2013,"03",765,,,,
Romania,2013,"03",928,,,,
Romania,2013,"03",795,,,,
Romania,2013,"03",858,,,,
Romania,2013,"03",948,,,,
Romania,2013,"04",627,,,,
Romania,2013,"04",719,,,,
Romania,2013,"04",595,,,,
Romania,2013,"04",669,,,,
Romania,2013,"05",525,,,,
Romania,2013,"05",514,,,,
Romania,2013,"05",569,,,,
Romania,2013,"05",546,,,,
Romania,2013,"06",514,,,,
Romania,2013,"06",507,,,,
Romania,2013,"06",529,,,,
Romania,2013,"06",526,,,,
Romania,2013,"06",509,,,,
Romania,2013,"07",505,,,,
Romania,2013,"07",502,,,,
Romania,2013,"07",506,,,,
Romania,2013,"07",502,,,,
Romania,2013,"08",540,,,,
Romania,2013,"08",545,,,,
Romania,2013,"08",538,,,,
Romania,2013,"08",513,,,,
Romania,2013,"09",557,,,,
Romania,2013,"09",590,,,,
Romania,2013,"09",630,,,,
Romania,2013,"09",539,,,,
Romania,2013,"09",532,,,,
Romania,2013,"10",662,,,,
Romania,2013,"10",687,,,,
Romania,2013,"10",695,,,,
Romania,2013,"10",674,,,,
Romania,2013,"11",677,,,,
Romania,2013,"11",646,,,,
Romania,2013,"11",628,,,,
Romania,2013,"11",624,,,,
Romania,2013,"12",702,,,,
Romania,2013,"12",719,,,,
Romania,2013,"12",670,,,,
Romania,2013,"12",692,,,,
Romania,2013,"12",754,,,,
Romania,2014,"01",687,,,,
Romania,2014,"01",758,,,,
Romania,2014,"01",714,,,,
Romania,2014,"01",708,,,,
Romania,2014,"02",740,,,,
Romania,2014,"02",791,,,,
Romania,2014,"02",732,,,,
Romania,2014,"02",856,,,,
Romania,2014,"03",913,,,,
Romania,2014,"03",823,,,,
Romania,2014,"03",966,,,,
Romania,2014,"03",942,,,,
Romania,2014,"03",910,,,,
Romania,2014,"04",722,,,,
Romania,2014,"04",613,,,,
Romania,2014,"04",650,,,,
Romania,2014,"04",640,,,,
Romania,2014,"05",602,,,,
Romania,2014,"05",604,,,,
Romania,2014,"05",616,,,,
Romania,2014,"05",601,,,,
Romania,2014,"06",532,,,,
Romania,2014,"06",532,,,,
Romania,2014,"06",562,,,,
Romania,2014,"06",523,,,,
Romania,2014,"06",538,,,,
Romania,2014,"07",522,,,,
Romania,2014,"07",517,,,,
Romania,2014,"07",527,,,,
Romania,2014,"07",528,,,,
Romania,2014,"08",546,,,,
Romania,2014,"08",569,,,,
Romania,2014,"08",515,,,,
Romania,2014,"08",566,,,,
Romania,2014,"08",515,,,,
Romania,2014,"09",567,,,,
Romania,2014,"09",606,,,,
Romania,2014,"09",696,,,,
Romania,2014,"09",582,,,,
Romania,2014,"10",733,,,,
Romania,2014,"10",748,,,,
Romania,2014,"10",724,,,,
Romania,2014,"10",722,,,,
Romania,2014,"11",660,,,,
Romania,2014,"11",722,,,,
Romania,2014,"11",662,,,,
Romania,2014,"11",617,,,,
Romania,2014,"11",622,,,,
Romania,2014,"12",658,,,,
Romania,2014,"12",693,,,,
Romania,2014,"12",707,,,,
Romania,2014,"12",685,,,,
Romania,2015,"01",701,,,,
Romania,2015,"01",774,,,,
Romania,2015,"01",910,,,,
Romania,2015,"01",985,,,,
Romania,2015,"02",1023,,,,
Romania,2015,"02",1147,,,,
Romania,2015,"02",1248,,,,
Romania,2015,"02",1003,,,,
Romania,2015,"03",1072,,,,
Romania,2015,"03",1121,,,,
Romania,2015,"03",809,,,,
Romania,2015,"03",989,,,,
Romania,2015,"03",902,,,,
Romania,2015,"04",709,,,,
Romania,2015,"04",721,,,,
Romania,2015,"04",643,,,,
Romania,2015,"04",681,,,,
Romania,2015,"05",615,,,,
Romania,2015,"05",598,,,,
Romania,2015,"05",589,,,,
Romania,2015,"05",608,,,,
Romania,2015,"05",590,,,,
Romania,2015,"06",552,,,,
Romania,2015,"06",578,,,,
Romania,2015,"06",533,,,,
Romania,2015,"06",526,,,,
Romania,2015,"07",502,,,,
Romania,2015,"07",522,,,,
Romania,2015,"07",508,,,,
Romania,2015,"07",508,,,,
Romania,2015,"08",508,,,,
Romania,2015,"08",504,,,,
Russia,2002,"12",,,,,
Russia,2003,"01",,,,,
Russia,2003,"01",,,,,
Russia,2003,"01",,,,,
Russia,2003,"01",,,,,
Russia,2003,"02",,,,,
Russia,2003,"02",,,,,
Russia,2003,"02",,,,,
Russia,2003,"02",,,,,
Russia,2003,"03",,,,,
Russia,2003,"03",,,,,
Russia,2003,"03",,,,,
Russia,2003,"03",,,,,
Russia,2003,"03",,,,,
Russia,2003,"04",,,,,
Russia,2003,"04",,,,,
Russia,2003,"04",,,,,
Russia,2003,"04",,,,,
Russia,2003,"05",,,,,
Russia,2003,"05",,,,,
Russia,2003,"05",,,,,
Russia,2003,"05",,,,,
Russia,2003,"06",,,,,
Russia,2003,"06",,,,,
Russia,2003,"06",,,,,
Russia,2003,"06",,,,,
Russia,2003,"06",,,,,
Russia,2003,"07",,,,,
Russia,2003,"07",,,,,
Russia,2003,"07",,,,,
Russia,2003,"07",,,,,
Russia,2003,"08",,,,,
Russia,2003,"08",,,,,
Russia,2003,"08",,,,,
Russia,2003,"08",,,,,
Russia,2003,"08",,,,,
Russia,2003,"09",,,,,
Russia,2003,"09",,,,,
Russia,2003,"09",,,,,
Russia,2003,"09",,,,,
Russia,2003,"10",,,,,
Russia,2003,"10",,,,,
Russia,2003,"10",,,,,
Russia,2003,"10",,,,,
Russia,2003,"11",,,,,
Russia,2003,"11",,,,,
Russia,2003,"11",,,,,
Russia,2003,"11",,,,,
Russia,2003,"11",,,,,
Russia,2003,"12",,,,,
Russia,2003,"12",,,,,
Russia,2003,"12",,,,,
Russia,2003,"12",,,,,
Russia,2004,"01",,,,,
Russia,2004,"01",,,,,
Russia,2004,"01",,,,,
Russia,2004,"01",,,,,
Russia,2004,"02",,,,,
Russia,2004,"02",,,,,
Russia,2004,"02",,,,,
Russia,2004,"02",,,,,
Russia,2004,"02",,,,,
Russia,2004,"03",,,,,
Russia,2004,"03",,,,,
Russia,2004,"03",,,,,
Russia,2004,"03",,,,,
Russia,2004,"04",,,,,
Russia,2004,"04",,,,,
Russia,2004,"04",,,,,
Russia,2004,"04",,,,,
Russia,2004,"05",,,,,
Russia,2004,"05",,,,,
Russia,2004,"05",,,,,
Russia,2004,"05",,,,,
Russia,2004,"05",,,,,
Russia,2004,"06",,,,,
Russia,2004,"06",,,,,
Russia,2004,"06",,,,,
Russia,2004,"06",,,,,
Russia,2004,"07",,,,,
Russia,2004,"07",,,,,
Russia,2004,"07",,,,,
Russia,2004,"07",,,,,
Russia,2004,"08",,,,,
Russia,2004,"08",,,,,
Russia,2004,"08",,,,,
Russia,2004,"08",,,,,
Russia,2004,"08",,,,,
Russia,2004,"09",,,,,
Russia,2004,"09",,,,,
Russia,2004,"09",,,,,
Russia,2004,"09",,,,,
Russia,2004,"10",284,,,,
Russia,2004,"10",168,,,,
Russia,2004,"10",150,,,,
Russia,2004,"10",242,,,,
Russia,2004,"10",311,,,,
Russia,2004,"11",339,,,,
Russia,2004,"11",366,,,,
Russia,2004,"11",356,,,,
Russia,2004,"11",354,,,,
Russia,2004,"12",383,,,,
Russia,2004,"12",419,,,,
Russia,2004,"12",395,,,,
Russia,2004,"12",364,,,,
Russia,2005,"01",336,,,,
Russia,2005,"01",390,,,,
Russia,2005,"01",299,,,,
Russia,2005,"01",401,,,,
Russia,2005,"01",282,,,,
Russia,2005,"02",348,,,,
Russia,2005,"02",296,,,,
Russia,2005,"02",295,,,,
Russia,2005,"02",327,,,,
Russia,2005,"03",342,,,,
Russia,2005,"03",369,,,,
Russia,2005,"03",358,,,,
Russia,2005,"03",333,,,,
Russia,2005,"04",291,,,,
Russia,2005,"04",283,,,,
Russia,2005,"04",249,,,,
Russia,2005,"04",268,,,,
Russia,2005,"05",222,,,,
Russia,2005,"05",218,,,,
Russia,2005,"05",192,,,,
Russia,2005,"05",235,,,,
Russia,2005,"05",206,,,,
Russia,2005,"06",183,,,,
Russia,2005,"06",158,,,,
Russia,2005,"06",155,,,,
Russia,2005,"06",170,,,,
Russia,2005,"07",113,,,,
Russia,2005,"07",138,,,,
Russia,2005,"07",112,,,,
Russia,2005,"07",127,,,,
Russia,2005,"07",125,,,,
Russia,2005,"08",111,,,,
Russia,2005,"08",110,,,,
Russia,2005,"08",109,,,,
Russia,2005,"08",105,,,,
Russia,2005,"09",164,,,,
Russia,2005,"09",176,,,,
Russia,2005,"09",127,,,,
Russia,2005,"09",242,,,,
Russia,2005,"10",411,,,,
Russia,2005,"10",329,,,,
Russia,2005,"10",307,,,,
Russia,2005,"10",296,,,,
Russia,2005,"10",300,,,,
Russia,2005,"11",417,,,,
Russia,2005,"11",371,,,,
Russia,2005,"11",341,,,,
Russia,2005,"11",316,,,,
Russia,2005,"12",357,,,,
Russia,2005,"12",415,,,,
Russia,2005,"12",409,,,,
Russia,2005,"12",362,,,,
Russia,2006,"01",327,,,,
Russia,2006,"01",313,,,,
Russia,2006,"01",362,,,,
Russia,2006,"01",436,,,,
Russia,2006,"01",304,,,,
Russia,2006,"02",329,,,,
Russia,2006,"02",413,,,,
Russia,2006,"02",344,,,,
Russia,2006,"02",436,,,,
Russia,2006,"03",486,,,,
Russia,2006,"03",434,,,,
Russia,2006,"03",509,,,,
Russia,2006,"03",442,,,,
Russia,2006,"04",316,,,,
Russia,2006,"04",187,,,,
Russia,2006,"04",253,,,,
Russia,2006,"04",211,,,,
Russia,2006,"04",389,,,,
Russia,2006,"05",258,,,,
Russia,2006,"05",254,,,,
Russia,2006,"05",189,,,,
Russia,2006,"05",191,,,,
Russia,2006,"06",250,,,,
Russia,2006,"06",241,,,,
Russia,2006,"06",232,,,,
Russia,2006,"06",264,,,,
Russia,2006,"07",206,,,,
Russia,2006,"07",146,,,,
Russia,2006,"07",178,,,,
Russia,2006,"07",136,,,,
Russia,2006,"07",143,,,,
Russia,2006,"08",171,,,,
Russia,2006,"08",163,,,,
Russia,2006,"08",145,,,,
Russia,2006,"08",140,,,,
Russia,2006,"09",190,,,,
Russia,2006,"09",243,,,,
Russia,2006,"09",349,,,,
Russia,2006,"09",320,,,,
Russia,2006,"10",379,,,,
Russia,2006,"10",358,,,,
Russia,2006,"10",341,,,,
Russia,2006,"10",410,,,,
Russia,2006,"10",343,,,,
Russia,2006,"11",340,,,,
Russia,2006,"11",339,,,,
Russia,2006,"11",319,,,,
Russia,2006,"11",305,,,,
Russia,2006,"12",330,,,,
Russia,2006,"12",320,,,,
Russia,2006,"12",342,,,,
Russia,2006,"12",338,,,,
Russia,2006,"12",329,,,,
Russia,2007,"01",330,,,,
Russia,2007,"01",337,,,,
Russia,2007,"01",332,,,,
Russia,2007,"01",300,,,,
Russia,2007,"02",408,,,,
Russia,2007,"02",761,,,,
Russia,2007,"02",447,,,,
Russia,2007,"02",606,,,,
Russia,2007,"03",359,,,,
Russia,2007,"03",432,,,,
Russia,2007,"03",612,,,,
Russia,2007,"03",327,,,,
Russia,2007,"04",294,,,,
Russia,2007,"04",249,,,,
Russia,2007,"04",318,,,,
Russia,2007,"04",236,,,,
Russia,2007,"04",364,,,,
Russia,2007,"05",232,,,,
Russia,2007,"05",200,,,,
Russia,2007,"05",259,,,,
Russia,2007,"05",221,,,,
Russia,2007,"06",139,,,,
Russia,2007,"06",175,,,,
Russia,2007,"06",132,,,,
Russia,2007,"06",125,,,,
Russia,2007,"07",121,,,,
Russia,2007,"07",134,,,,
Russia,2007,"07",123,,,,
Russia,2007,"07",126,,,,
Russia,2007,"07",149,,,,
Russia,2007,"08",143,,,,
Russia,2007,"08",148,,,,
Russia,2007,"08",149,,,,
Russia,2007,"08",152,,,,
Russia,2007,"09",178,,,,
Russia,2007,"09",255,,,,
Russia,2007,"09",452,,,,
Russia,2007,"09",406,,,,
Russia,2007,"09",427,,,,
Russia,2007,"10",405,,,,
Russia,2007,"10",410,,,,
Russia,2007,"10",381,,,,
Russia,2007,"10",360,,,,
Russia,2007,"11",364,,,,
Russia,2007,"11",379,,,,
Russia,2007,"11",417,,,,
Russia,2007,"11",350,,,,
Russia,2007,"12",510,,,,
Russia,2007,"12",436,,,,
Russia,2007,"12",404,,,,
Russia,2007,"12",511,,,,
Russia,2007,"12",505,,,,
Russia,2008,"01",369,,,,
Russia,2008,"01",669,,,,
Russia,2008,"01",486,,,,
Russia,2008,"01",479,,,,
Russia,2008,"02",883,,,,
Russia,2008,"02",776,,,,
Russia,2008,"02",552,,,,
Russia,2008,"02",950,,,,
Russia,2008,"03",755,,,,
Russia,2008,"03",626,,,,
Russia,2008,"03",470,,,,
Russia,2008,"03",694,,,,
Russia,2008,"03",456,,,,
Russia,2008,"04",443,,,,
Russia,2008,"04",336,,,,
Russia,2008,"04",381,,,,
Russia,2008,"04",374,,,,
Russia,2008,"05",289,,,,
Russia,2008,"05",283,,,,
Russia,2008,"05",312,,,,
Russia,2008,"05",288,,,,
Russia,2008,"06",241,,,,
Russia,2008,"06",171,,,,
Russia,2008,"06",193,,,,
Russia,2008,"06",262,,,,
Russia,2008,"06",157,,,,
Russia,2008,"07",112,,,,
Russia,2008,"07",123,,,,
Russia,2008,"07",125,,,,
Russia,2008,"07",101,,,,
Russia,2008,"08",120,,,,
Russia,2008,"08",224,,,,
Russia,2008,"08",157,,,,
Russia,2008,"08",118,,,,
Russia,2008,"08",225,,,,
Russia,2008,"09",466,,,,
Russia,2008,"09",530,,,,
Russia,2008,"09",505,,,,
Russia,2008,"09",342,,,,
Russia,2008,"10",411,,,,
Russia,2008,"10",502,,,,
Russia,2008,"10",461,,,,
Russia,2008,"10",440,,,,
Russia,2008,"11",452,,,,
Russia,2008,"11",495,,,,
Russia,2008,"11",462,,,,
Russia,2008,"11",444,,,,
Russia,2008,"11",391,,,,
Russia,2008,"12",483,,,,
Russia,2008,"12",506,,,,
Russia,2008,"12",437,,,,
Russia,2008,"12",449,,,,
Russia,2009,"01",536,,,,
Russia,2009,"01",407,,,,
Russia,2009,"01",499,,,,
Russia,2009,"01",450,,,,
Russia,2009,"02",1006,,,,
Russia,2009,"02",754,,,,
Russia,2009,"02",880,,,,
Russia,2009,"02",648,,,,
Russia,2009,"03",565,,,,
Russia,2009,"03",975,,,,
Russia,2009,"03",453,,,,
Russia,2009,"03",907,,,,
Russia,2009,"03",718,,,,
Russia,2009,"04",448,,,,
Russia,2009,"04",533,,,,
Russia,2009,"04",390,,,,
Russia,2009,"04",428,,,,
Russia,2009,"05",270,,,,
Russia,2009,"05",442,,,,
Russia,2009,"05",283,,,,
Russia,2009,"05",263,,,,
Russia,2009,"05",353,,,,
Russia,2009,"06",204,,,,
Russia,2009,"06",217,,,,
Russia,2009,"06",184,,,,
Russia,2009,"06",196,,,,
Russia,2009,"07",168,,,,
Russia,2009,"07",204,,,,
Russia,2009,"07",162,,,,
Russia,2009,"07",205,,,,
Russia,2009,"08",234,,,,
Russia,2009,"08",310,,,,
Russia,2009,"08",216,,,,
Russia,2009,"08",224,,,,
Russia,2009,"08",264,,,,
Russia,2009,"09",419,,,,
Russia,2009,"09",583,,,,
Russia,2009,"09",609,,,,
Russia,2009,"09",478,,,,
Russia,2009,"10",946,,,,
Russia,2009,"10",570,,,,
Russia,2009,"10",666,,,,
Russia,2009,"10",526,,,,
Russia,2009,"11",1383,,,,
Russia,2009,"11",1742,,,,
Russia,2009,"11",1380,,,,
Russia,2009,"11",994,,,,
Russia,2009,"11",1649,,,,
Russia,2009,"12",605,,,,
Russia,2009,"12",621,,,,
Russia,2009,"12",492,,,,
Russia,2009,"12",702,,,,
Russia,2010,"01",640,,,,
Russia,2010,"01",554,,,,
Russia,2010,"01",526,,,,
Russia,2010,"01",524,,,,
Russia,2010,"01",615,,,,
Russia,2010,"02",720,,,,
Russia,2010,"02",646,,,,
Russia,2010,"02",719,,,,
Russia,2010,"02",527,,,,
Russia,2010,"03",421,,,,
Russia,2010,"03",477,,,,
Russia,2010,"03",470,,,,
Russia,2010,"03",389,,,,
Russia,2010,"04",419,,,,
Russia,2010,"04",521,,,,
Russia,2010,"04",456,,,,
Russia,2010,"04",469,,,,
Russia,2010,"05",305,,,,
Russia,2010,"05",356,,,,
Russia,2010,"05",408,,,,
Russia,2010,"05",295,,,,
Russia,2010,"05",484,,,,
Russia,2010,"06",249,,,,
Russia,2010,"06",223,,,,
Russia,2010,"06",276,,,,
Russia,2010,"06",272,,,,
Russia,2010,"07",208,,,,
Russia,2010,"07",213,,,,
Russia,2010,"07",214,,,,
Russia,2010,"07",193,,,,
Russia,2010,"08",241,,,,
Russia,2010,"08",367,,,,
Russia,2010,"08",208,,,,
Russia,2010,"08",324,,,,
Russia,2010,"08",260,,,,
Russia,2010,"09",595,,,,
Russia,2010,"09",775,,,,
Russia,2010,"09",653,,,,
Russia,2010,"09",669,,,,
Russia,2010,"10",603,,,,
Russia,2010,"10",419,,,,
Russia,2010,"10",511,,,,
Russia,2010,"10",537,,,,
Russia,2010,"10",477,,,,
Russia,2010,"11",436,,,,
Russia,2010,"11",418,,,,
Russia,2010,"11",495,,,,
Russia,2010,"11",393,,,,
Russia,2010,"12",469,,,,
Russia,2010,"12",587,,,,
Russia,2010,"12",493,,,,
Russia,2010,"12",603,,,,
Russia,2011,"01",914,,,,
Russia,2011,"01",808,,,,
Russia,2011,"01",890,,,,
Russia,2011,"01",1737,,,,
Russia,2011,"01",1303,,,,
Russia,2011,"02",1754,,,,
Russia,2011,"02",1320,,,,
Russia,2011,"02",1161,,,,
Russia,2011,"02",976,,,,
Russia,2011,"03",848,,,,
Russia,2011,"03",540,,,,
Russia,2011,"03",496,,,,
Russia,2011,"03",679,,,,
Russia,2011,"04",437,,,,
Russia,2011,"04",439,,,,
Russia,2011,"04",396,,,,
Russia,2011,"04",378,,,,
Russia,2011,"05",275,,,,
Russia,2011,"05",345,,,,
Russia,2011,"05",317,,,,
Russia,2011,"05",239,,,,
Russia,2011,"05",377,,,,
Russia,2011,"06",157,,,,
Russia,2011,"06",172,,,,
Russia,2011,"06",200,,,,
Russia,2011,"06",175,,,,
Russia,2011,"07",157,,,,
Russia,2011,"07",170,,,,
Russia,2011,"07",155,,,,
Russia,2011,"07",151,,,,
Russia,2011,"07",144,,,,
Russia,2011,"08",193,,,,
Russia,2011,"08",189,,,,
Russia,2011,"08",229,,,,
Russia,2011,"08",176,,,,
Russia,2011,"09",510,,,,
Russia,2011,"09",538,,,,
Russia,2011,"09",415,,,,
Russia,2011,"09",319,,,,
Russia,2011,"10",450,,,,
Russia,2011,"10",500,,,,
Russia,2011,"10",456,,,,
Russia,2011,"10",467,,,,
Russia,2011,"10",458,,,,
Russia,2011,"11",414,,,,
Russia,2011,"11",428,,,,
Russia,2011,"11",394,,,,
Russia,2011,"11",420,,,,
Russia,2011,"12",422,,,,
Russia,2011,"12",433,,,,
Russia,2011,"12",368,,,,
Russia,2011,"12",463,,,,
Russia,2012,"01",471,,,,
Russia,2012,"01",448,,,,
Russia,2012,"01",474,,,,
Russia,2012,"01",419,,,,
Russia,2012,"01",453,,,,
Russia,2012,"02",612,,,,
Russia,2012,"02",588,,,,
Russia,2012,"02",591,,,,
Russia,2012,"02",554,,,,
Russia,2012,"03",614,,,,
Russia,2012,"03",562,,,,
Russia,2012,"03",551,,,,
Russia,2012,"03",528,,,,
Russia,2012,"04",516,,,,
Russia,2012,"04",512,,,,
Russia,2012,"04",448,,,,
Russia,2012,"04",504,,,,
Russia,2012,"04",467,,,,
Russia,2012,"05",452,,,,
Russia,2012,"05",455,,,,
Russia,2012,"05",381,,,,
Russia,2012,"05",467,,,,
Russia,2012,"06",360,,,,
Russia,2012,"06",240,,,,
Russia,2012,"06",312,,,,
Russia,2012,"06",270,,,,
Russia,2012,"07",210,,,,
Russia,2012,"07",189,,,,
Russia,2012,"07",220,,,,
Russia,2012,"07",215,,,,
Russia,2012,"07",243,,,,
Russia,2012,"08",333,,,,
Russia,2012,"08",214,,,,
Russia,2012,"08",226,,,,
Russia,2012,"08",280,,,,
Russia,2012,"09",657,,,,
Russia,2012,"09",773,,,,
Russia,2012,"09",719,,,,
Russia,2012,"09",449,,,,
Russia,2012,"09",770,,,,
Russia,2012,"10",676,,,,
Russia,2012,"10",628,,,,
Russia,2012,"10",676,,,,
Russia,2012,"10",599,,,,
Russia,2012,"11",669,,,,
Russia,2012,"11",680,,,,
Russia,2012,"11",701,,,,
Russia,2012,"11",724,,,,
Russia,2012,"12",786,,,,
Russia,2012,"12",765,,,,
Russia,2012,"12",807,,,,
Russia,2012,"12",953,,,,
Russia,2012,"12",802,,,,
Russia,2013,"01",924,,,,
Russia,2013,"01",1239,,,,
Russia,2013,"01",827,,,,
Russia,2013,"01",869,,,,
Russia,2013,"02",1458,,,,
Russia,2013,"02",1757,,,,
Russia,2013,"02",1668,,,,
Russia,2013,"02",1453,,,,
Russia,2013,"03",873,,,,
Russia,2013,"03",1209,,,,
Russia,2013,"03",1389,,,,
Russia,2013,"03",998,,,,
Russia,2013,"03",733,,,,
Russia,2013,"04",574,,,,
Russia,2013,"04",537,,,,
Russia,2013,"04",644,,,,
Russia,2013,"04",471,,,,
Russia,2013,"05",376,,,,
Russia,2013,"05",323,,,,
Russia,2013,"05",331,,,,
Russia,2013,"05",440,,,,
Russia,2013,"06",307,,,,
Russia,2013,"06",282,,,,
Russia,2013,"06",310,,,,
Russia,2013,"06",238,,,,
Russia,2013,"06",278,,,,
Russia,2013,"07",243,,,,
Russia,2013,"07",225,,,,
Russia,2013,"07",215,,,,
Russia,2013,"07",240,,,,
Russia,2013,"08",347,,,,
Russia,2013,"08",260,,,,
Russia,2013,"08",297,,,,
Russia,2013,"08",305,,,,
Russia,2013,"09",764,,,,
Russia,2013,"09",426,,,,
Russia,2013,"09",712,,,,
Russia,2013,"09",591,,,,
Russia,2013,"09",758,,,,
Russia,2013,"10",546,,,,
Russia,2013,"10",498,,,,
Russia,2013,"10",614,,,,
Russia,2013,"10",653,,,,
Russia,2013,"11",523,,,,
Russia,2013,"11",502,,,,
Russia,2013,"11",474,,,,
Russia,2013,"11",477,,,,
Russia,2013,"12",596,,,,
Russia,2013,"12",591,,,,
Russia,2013,"12",601,,,,
Russia,2013,"12",611,,,,
Russia,2013,"12",557,,,,
Russia,2014,"01",539,,,,
Russia,2014,"01",592,,,,
Russia,2014,"01",606,,,,
Russia,2014,"01",726,,,,
Russia,2014,"02",802,,,,
Russia,2014,"02",792,,,,
Russia,2014,"02",993,,,,
Russia,2014,"02",881,,,,
Russia,2014,"03",990,,,,
Russia,2014,"03",701,,,,
Russia,2014,"03",1002,,,,
Russia,2014,"03",761,,,,
Russia,2014,"03",767,,,,
Russia,2014,"04",637,,,,
Russia,2014,"04",640,,,,
Russia,2014,"04",687,,,,
Russia,2014,"04",643,,,,
Russia,2014,"05",404,,,,
Russia,2014,"05",588,,,,
Russia,2014,"05",448,,,,
Russia,2014,"05",358,,,,
Russia,2014,"06",291,,,,
Russia,2014,"06",312,,,,
Russia,2014,"06",280,,,,
Russia,2014,"06",281,,,,
Russia,2014,"06",274,,,,
Russia,2014,"07",257,,,,
Russia,2014,"07",239,,,,
Russia,2014,"07",279,,,,
Russia,2014,"07",249,,,,
Russia,2014,"08",281,,,,
Russia,2014,"08",424,,,,
Russia,2014,"08",298,,,,
Russia,2014,"08",254,,,,
Russia,2014,"08",264,,,,
Russia,2014,"09",823,,,,
Russia,2014,"09",873,,,,
Russia,2014,"09",604,,,,
Russia,2014,"09",836,,,,
Russia,2014,"10",656,,,,
Russia,2014,"10",713,,,,
Russia,2014,"10",791,,,,
Russia,2014,"10",625,,,,
Russia,2014,"11",617,,,,
Russia,2014,"11",618,,,,
Russia,2014,"11",647,,,,
Russia,2014,"11",678,,,,
Russia,2014,"11",648,,,,
Russia,2014,"12",789,,,,
Russia,2014,"12",833,,,,
Russia,2014,"12",753,,,,
Russia,2014,"12",922,,,,
Russia,2015,"01",936,,,,
Russia,2015,"01",937,,,,
Russia,2015,"01",785,,,,
Russia,2015,"01",737,,,,
Russia,2015,"02",1676,,,,
Russia,2015,"02",1219,,,,
Russia,2015,"02",1720,,,,
Russia,2015,"02",1999,,,,
Russia,2015,"03",1300,,,,
Russia,2015,"03",680,,,,
Russia,2015,"03",1110,,,,
Russia,2015,"03",840,,,,
Russia,2015,"03",785,,,,
Russia,2015,"04",513,,,,
Russia,2015,"04",592,,,,
Russia,2015,"04",551,,,,
Russia,2015,"04",625,,,,
Russia,2015,"05",322,,,,
Russia,2015,"05",364,,,,
Russia,2015,"05",307,,,,
Russia,2015,"05",457,,,,
Russia,2015,"05",473,,,,
Russia,2015,"06",223,,,,
Russia,2015,"06",289,,,,
Russia,2015,"06",240,,,,
Russia,2015,"06",279,,,,
Russia,2015,"07",227,,,,
Russia,2015,"07",227,,,,
Russia,2015,"07",263,,,,
Russia,2015,"07",247,,,,
Russia,2015,"08",267,,,,
Russia,2015,"08",257,,,,
South Africa,2002,"12",,,,,
South Africa,2003,"01",,,,,
South Africa,2003,"01",,,,,
South Africa,2003,"01",,,,,
South Africa,2003,"01",,,,,
South Africa,2003,"02",,,,,
South Africa,2003,"02",,,,,
South Africa,2003,"02",,,,,
South Africa,2003,"02",,,,,
South Africa,2003,"03",,,,,
South Africa,2003,"03",,,,,
South Africa,2003,"03",,,,,
South Africa,2003,"03",,,,,
South Africa,2003,"03",,,,,
South Africa,2003,"04",,,,,
South Africa,2003,"04",,,,,
South Africa,2003,"04",,,,,
South Africa,2003,"04",,,,,
South Africa,2003,"05",,,,,
South Africa,2003,"05",,,,,
South Africa,2003,"05",,,,,
South Africa,2003,"05",,,,,
South Africa,2003,"06",,,,,
South Africa,2003,"06",,,,,
South Africa,2003,"06",,,,,
South Africa,2003,"06",,,,,
South Africa,2003,"06",,,,,
South Africa,2003,"07",,,,,
South Africa,2003,"07",,,,,
South Africa,2003,"07",,,,,
South Africa,2003,"07",,,,,
South Africa,2003,"08",,,,,
South Africa,2003,"08",,,,,
South Africa,2003,"08",,,,,
South Africa,2003,"08",,,,,
South Africa,2003,"08",,,,,
South Africa,2003,"09",,,,,
South Africa,2003,"09",,,,,
South Africa,2003,"09",,,,,
South Africa,2003,"09",,,,,
South Africa,2003,"10",,,,,
South Africa,2003,"10",,,,,
South Africa,2003,"10",,,,,
South Africa,2003,"10",,,,,
South Africa,2003,"11",,,,,
South Africa,2003,"11",,,,,
South Africa,2003,"11",,,,,
South Africa,2003,"11",,,,,
South Africa,2003,"11",,,,,
South Africa,2003,"12",,,,,
South Africa,2003,"12",,,,,
South Africa,2003,"12",,,,,
South Africa,2003,"12",,,,,
South Africa,2004,"01",,,,,
South Africa,2004,"01",,,,,
South Africa,2004,"01",,,,,
South Africa,2004,"01",,,,,
South Africa,2004,"02",,,,,
South Africa,2004,"02",,,,,
South Africa,2004,"02",,,,,
South Africa,2004,"02",,,,,
South Africa,2004,"02",,,,,
South Africa,2004,"03",,,,,
South Africa,2004,"03",,,,,
South Africa,2004,"03",,,,,
South Africa,2004,"03",,,,,
South Africa,2004,"04",,,,,
South Africa,2004,"04",,,,,
South Africa,2004,"04",,,,,
South Africa,2004,"04",,,,,
South Africa,2004,"05",,,,,
South Africa,2004,"05",,,,,
South Africa,2004,"05",,,,,
South Africa,2004,"05",,,,,
South Africa,2004,"05",,,,,
South Africa,2004,"06",,,,,
South Africa,2004,"06",,,,,
South Africa,2004,"06",,,,,
South Africa,2004,"06",,,,,
South Africa,2004,"07",,,,,
South Africa,2004,"07",,,,,
South Africa,2004,"07",,,,,
South Africa,2004,"07",,,,,
South Africa,2004,"08",,,,,
South Africa,2004,"08",,,,,
South Africa,2004,"08",,,,,
South Africa,2004,"08",,,,,
South Africa,2004,"08",,,,,
South Africa,2004,"09",,,,,
South Africa,2004,"09",,,,,
South Africa,2004,"09",,,,,
South Africa,2004,"09",,,,,
South Africa,2004,"10",,,,,
South Africa,2004,"10",,,,,
South Africa,2004,"10",,,,,
South Africa,2004,"10",,,,,
South Africa,2004,"10",,,,,
South Africa,2004,"11",,,,,
South Africa,2004,"11",,,,,
South Africa,2004,"11",,,,,
South Africa,2004,"11",,,,,
South Africa,2004,"12",,,,,
South Africa,2004,"12",,,,,
South Africa,2004,"12",,,,,
South Africa,2004,"12",,,,,
South Africa,2005,"01",,,,,
South Africa,2005,"01",,,,,
South Africa,2005,"01",,,,,
South Africa,2005,"01",,,,,
South Africa,2005,"01",,,,,
South Africa,2005,"02",,,,,
South Africa,2005,"02",,,,,
South Africa,2005,"02",,,,,
South Africa,2005,"02",,,,,
South Africa,2005,"03",,,,,
South Africa,2005,"03",,,,,
South Africa,2005,"03",,,,,
South Africa,2005,"03",,,,,
South Africa,2005,"04",,,,,
South Africa,2005,"04",,,,,
South Africa,2005,"04",,,,,
South Africa,2005,"04",,,,,
South Africa,2005,"05",,,,,
South Africa,2005,"05",,,,,
South Africa,2005,"05",,,,,
South Africa,2005,"05",,,,,
South Africa,2005,"05",,,,,
South Africa,2005,"06",,,,,
South Africa,2005,"06",,,,,
South Africa,2005,"06",,,,,
South Africa,2005,"06",,,,,
South Africa,2005,"07",,,,,
South Africa,2005,"07",,,,,
South Africa,2005,"07",,,,,
South Africa,2005,"07",,,,,
South Africa,2005,"07",,,,,
South Africa,2005,"08",,,,,
South Africa,2005,"08",,,,,
South Africa,2005,"08",,,,,
South Africa,2005,"08",,,,,
South Africa,2005,"09",,,,,
South Africa,2005,"09",,,,,
South Africa,2005,"09",,,,,
South Africa,2005,"09",,,,,
South Africa,2005,"10",,,,,
South Africa,2005,"10",,,,,
South Africa,2005,"10",,,,,
South Africa,2005,"10",,,,,
South Africa,2005,"10",,,,,
South Africa,2005,"11",,,,,
South Africa,2005,"11",,,,,
South Africa,2005,"11",,,,,
South Africa,2005,"11",,,,,
South Africa,2005,"12",,,,,
South Africa,2005,"12",,,,,
South Africa,2005,"12",,,,,
South Africa,2005,"12",,,,,
South Africa,2006,"01",,,,,
South Africa,2006,"01",,,,,
South Africa,2006,"01",1835,,,,
South Africa,2006,"01",1866,,,,
South Africa,2006,"01",1991,,,,
South Africa,2006,"02",2169,,,,
South Africa,2006,"02",2244,,,,
South Africa,2006,"02",1958,,,,
South Africa,2006,"02",2380,,,,
South Africa,2006,"03",2179,,,,
South Africa,2006,"03",2160,,,,
South Africa,2006,"03",2782,,,,
South Africa,2006,"03",2199,,,,
South Africa,2006,"04",2398,,,,
South Africa,2006,"04",2343,,,,
South Africa,2006,"04",2312,,,,
South Africa,2006,"04",2573,,,,
South Africa,2006,"04",2241,,,,
South Africa,2006,"05",3975,,,,
South Africa,2006,"05",3212,,,,
South Africa,2006,"05",4159,,,,
South Africa,2006,"05",3048,,,,
South Africa,2006,"06",4619,,,,
South Africa,2006,"06",3571,,,,
South Africa,2006,"06",4707,,,,
South Africa,2006,"06",3344,,,,
South Africa,2006,"07",3623,,,,
South Africa,2006,"07",4091,,,,
South Africa,2006,"07",2975,,,,
South Africa,2006,"07",3205,,,,
South Africa,2006,"07",3225,,,,
South Africa,2006,"08",3130,,,,
South Africa,2006,"08",3062,,,,
South Africa,2006,"08",3002,,,,
South Africa,2006,"08",2950,,,,
South Africa,2006,"09",3332,,,,
South Africa,2006,"09",3072,,,,
South Africa,2006,"09",2798,,,,
South Africa,2006,"09",2687,,,,
South Africa,2006,"10",2650,,,,
South Africa,2006,"10",2390,,,,
South Africa,2006,"10",1857,,,,
South Africa,2006,"10",2298,,,,
South Africa,2006,"10",2596,,,,
South Africa,2006,"11",2019,,,,
South Africa,2006,"11",2125,,,,
South Africa,2006,"11",2256,,,,
South Africa,2006,"11",2376,,,,
South Africa,2006,"12",2141,,,,
South Africa,2006,"12",1626,,,,
South Africa,2006,"12",2284,,,,
South Africa,2006,"12",1786,,,,
South Africa,2006,"12",1928,,,,
South Africa,2007,"01",2046,,,,
South Africa,2007,"01",1714,,,,
South Africa,2007,"01",1844,,,,
South Africa,2007,"01",1662,,,,
South Africa,2007,"02",1858,,,,
South Africa,2007,"02",1797,,,,
South Africa,2007,"02",2414,,,,
South Africa,2007,"02",2136,,,,
South Africa,2007,"03",2002,,,,
South Africa,2007,"03",2198,,,,
South Africa,2007,"03",2338,,,,
South Africa,2007,"03",2124,,,,
South Africa,2007,"04",2221,,,,
South Africa,2007,"04",1944,,,,
South Africa,2007,"04",2220,,,,
South Africa,2007,"04",2628,,,,
South Africa,2007,"04",2508,,,,
South Africa,2007,"05",2947,,,,
South Africa,2007,"05",2821,,,,
South Africa,2007,"05",3481,,,,
South Africa,2007,"05",2928,,,,
South Africa,2007,"06",3235,,,,
South Africa,2007,"06",2954,,,,
South Africa,2007,"06",3367,,,,
South Africa,2007,"06",3329,,,,
South Africa,2007,"07",3665,,,,
South Africa,2007,"07",3146,,,,
South Africa,2007,"07",3816,,,,
South Africa,2007,"07",3580,,,,
South Africa,2007,"07",3743,,,,
South Africa,2007,"08",3900,,,,
South Africa,2007,"08",4253,,,,
South Africa,2007,"08",3889,,,,
South Africa,2007,"08",3648,,,,
South Africa,2007,"09",2291,,,,
South Africa,2007,"09",3002,,,,
South Africa,2007,"09",2896,,,,
South Africa,2007,"09",3293,,,,
South Africa,2007,"09",2801,,,,
South Africa,2007,"10",2343,,,,
South Africa,2007,"10",2251,,,,
South Africa,2007,"10",2553,,,,
South Africa,2007,"10",2655,,,,
South Africa,2007,"11",1968,,,,
South Africa,2007,"11",1755,,,,
South Africa,2007,"11",2083,,,,
South Africa,2007,"11",1839,,,,
South Africa,2007,"12",2014,,,,
South Africa,2007,"12",1725,,,,
South Africa,2007,"12",1944,,,,
South Africa,2007,"12",1915,,,,
South Africa,2007,"12",1838,,,,
South Africa,2008,"01",1799,,,,
South Africa,2008,"01",1874,,,,
South Africa,2008,"01",1777,,,,
South Africa,2008,"01",1630,,,,
South Africa,2008,"02",2362,,,,
South Africa,2008,"02",2044,,,,
South Africa,2008,"02",2203,,,,
South Africa,2008,"02",2116,,,,
South Africa,2008,"03",2029,,,,
South Africa,2008,"03",2369,,,,
South Africa,2008,"03",2428,,,,
South Africa,2008,"03",1973,,,,
South Africa,2008,"03",2161,,,,
South Africa,2008,"04",2438,,,,
South Africa,2008,"04",2499,,,,
South Africa,2008,"04",2506,,,,
South Africa,2008,"04",2450,,,,
South Africa,2008,"05",2465,,,,
South Africa,2008,"05",2485,,,,
South Africa,2008,"05",2697,,,,
South Africa,2008,"05",2706,,,,
South Africa,2008,"06",3497,,,,
South Africa,2008,"06",3121,,,,
South Africa,2008,"06",3691,,,,
South Africa,2008,"06",3771,,,,
South Africa,2008,"06",3758,,,,
South Africa,2008,"07",3806,,,,
South Africa,2008,"07",3971,,,,
South Africa,2008,"07",3874,,,,
South Africa,2008,"07",4149,,,,
South Africa,2008,"08",3594,,,,
South Africa,2008,"08",3494,,,,
South Africa,2008,"08",2849,,,,
South Africa,2008,"08",3687,,,,
South Africa,2008,"08",3073,,,,
South Africa,2008,"09",2728,,,,
South Africa,2008,"09",2778,,,,
South Africa,2008,"09",2938,,,,
South Africa,2008,"09",2375,,,,
South Africa,2008,"10",2005,,,,
South Africa,2008,"10",2680,,,,
South Africa,2008,"10",2097,,,,
South Africa,2008,"10",2548,,,,
South Africa,2008,"11",1825,,,,
South Africa,2008,"11",2080,,,,
South Africa,2008,"11",2146,,,,
South Africa,2008,"11",1920,,,,
South Africa,2008,"11",1976,,,,
South Africa,2008,"12",1928,,,,
South Africa,2008,"12",2126,,,,
South Africa,2008,"12",2096,,,,
South Africa,2008,"12",1785,,,,
South Africa,2009,"01",1766,,,,
South Africa,2009,"01",1475,,,,
South Africa,2009,"01",1783,,,,
South Africa,2009,"01",1609,,,,
South Africa,2009,"02",2154,,,,
South Africa,2009,"02",2182,,,,
South Africa,2009,"02",1989,,,,
South Africa,2009,"02",2490,,,,
South Africa,2009,"03",2420,,,,
South Africa,2009,"03",2515,,,,
South Africa,2009,"03",2584,,,,
South Africa,2009,"03",2498,,,,
South Africa,2009,"03",2066,,,,
South Africa,2009,"04",3069,,,,
South Africa,2009,"04",2524,,,,
South Africa,2009,"04",2453,,,,
South Africa,2009,"04",2591,,,,
South Africa,2009,"05",3326,,,,
South Africa,2009,"05",4172,,,,
South Africa,2009,"05",2809,,,,
South Africa,2009,"05",3644,,,,
South Africa,2009,"05",3473,,,,
South Africa,2009,"06",4406,,,,
South Africa,2009,"06",4000,,,,
South Africa,2009,"06",3559,,,,
South Africa,2009,"06",3929,,,,
South Africa,2009,"07",3446,,,,
South Africa,2009,"07",3231,,,,
South Africa,2009,"07",3256,,,,
South Africa,2009,"07",4079,,,,
South Africa,2009,"08",6514,,,,
South Africa,2009,"08",5529,,,,
South Africa,2009,"08",3958,,,,
South Africa,2009,"08",5780,,,,
South Africa,2009,"08",4987,,,,
South Africa,2009,"09",3249,,,,
South Africa,2009,"09",2538,,,,
South Africa,2009,"09",2805,,,,
South Africa,2009,"09",2624,,,,
South Africa,2009,"10",2306,,,,
South Africa,2009,"10",2284,,,,
South Africa,2009,"10",2575,,,,
South Africa,2009,"10",2168,,,,
South Africa,2009,"11",2228,,,,
South Africa,2009,"11",1960,,,,
South Africa,2009,"11",2027,,,,
South Africa,2009,"11",1723,,,,
South Africa,2009,"11",2134,,,,
South Africa,2009,"12",1895,,,,
South Africa,2009,"12",1917,,,,
South Africa,2009,"12",1722,,,,
South Africa,2009,"12",1923,,,,
South Africa,2010,"01",1628,,,,
South Africa,2010,"01",1670,,,,
South Africa,2010,"01",1643,,,,
South Africa,2010,"01",1730,,,,
South Africa,2010,"01",1632,,,,
South Africa,2010,"02",1991,,,,
South Africa,2010,"02",2019,,,,
South Africa,2010,"02",1915,,,,
South Africa,2010,"02",1967,,,,
South Africa,2010,"03",2138,,,,
South Africa,2010,"03",2153,,,,
South Africa,2010,"03",2044,,,,
South Africa,2010,"03",2288,,,,
South Africa,2010,"04",2350,,,,
South Africa,2010,"04",2224,,,,
South Africa,2010,"04",2417,,,,
South Africa,2010,"04",2747,,,,
South Africa,2010,"05",2799,,,,
South Africa,2010,"05",3121,,,,
South Africa,2010,"05",3065,,,,
South Africa,2010,"05",3178,,,,
South Africa,2010,"05",2687,,,,
South Africa,2010,"06",3117,,,,
South Africa,2010,"06",3071,,,,
South Africa,2010,"06",3300,,,,
South Africa,2010,"06",3322,,,,
South Africa,2010,"07",3177,,,,
South Africa,2010,"07",3403,,,,
South Africa,2010,"07",3096,,,,
South Africa,2010,"07",3281,,,,
South Africa,2010,"08",3732,,,,
South Africa,2010,"08",3106,,,,
South Africa,2010,"08",3969,,,,
South Africa,2010,"08",3446,,,,
South Africa,2010,"08",3772,,,,
South Africa,2010,"09",2312,,,,
South Africa,2010,"09",2710,,,,
South Africa,2010,"09",2970,,,,
South Africa,2010,"09",2508,,,,
South Africa,2010,"10",2238,,,,
South Africa,2010,"10",2165,,,,
South Africa,2010,"10",2289,,,,
South Africa,2010,"10",2063,,,,
South Africa,2010,"10",2038,,,,
South Africa,2010,"11",1817,,,,
South Africa,2010,"11",1824,,,,
South Africa,2010,"11",1934,,,,
South Africa,2010,"11",1865,,,,
South Africa,2010,"12",2059,,,,
South Africa,2010,"12",1867,,,,
South Africa,2010,"12",1827,,,,
South Africa,2010,"12",1855,,,,
South Africa,2011,"01",1642,,,,
South Africa,2011,"01",1695,,,,
South Africa,2011,"01",2146,,,,
South Africa,2011,"01",1776,,,,
South Africa,2011,"01",1784,,,,
South Africa,2011,"02",2062,,,,
South Africa,2011,"02",2232,,,,
South Africa,2011,"02",2004,,,,
South Africa,2011,"02",2311,,,,
South Africa,2011,"03",2101,,,,
South Africa,2011,"03",2126,,,,
South Africa,2011,"03",1928,,,,
South Africa,2011,"03",2058,,,,
South Africa,2011,"04",2297,,,,
South Africa,2011,"04",2532,,,,
South Africa,2011,"04",2216,,,,
South Africa,2011,"04",2096,,,,
South Africa,2011,"05",3226,,,,
South Africa,2011,"05",3095,,,,
South Africa,2011,"05",2700,,,,
South Africa,2011,"05",3052,,,,
South Africa,2011,"05",3719,,,,
South Africa,2011,"06",4060,,,,
South Africa,2011,"06",2971,,,,
South Africa,2011,"06",4046,,,,
South Africa,2011,"06",3679,,,,
South Africa,2011,"07",2886,,,,
South Africa,2011,"07",3161,,,,
South Africa,2011,"07",3143,,,,
South Africa,2011,"07",3078,,,,
South Africa,2011,"07",3197,,,,
South Africa,2011,"08",2641,,,,
South Africa,2011,"08",3051,,,,
South Africa,2011,"08",2468,,,,
South Africa,2011,"08",3043,,,,
South Africa,2011,"09",2588,,,,
South Africa,2011,"09",2773,,,,
South Africa,2011,"09",2724,,,,
South Africa,2011,"09",2757,,,,
South Africa,2011,"10",2359,,,,
South Africa,2011,"10",1933,,,,
South Africa,2011,"10",2526,,,,
South Africa,2011,"10",2108,,,,
South Africa,2011,"10",2089,,,,
South Africa,2011,"11",1695,,,,
South Africa,2011,"11",1790,,,,
South Africa,2011,"11",1622,,,,
South Africa,2011,"11",2028,,,,
South Africa,2011,"12",2034,,,,
South Africa,2011,"12",1973,,,,
South Africa,2011,"12",1956,,,,
South Africa,2011,"12",1973,,,,
South Africa,2012,"01",1572,,,,
South Africa,2012,"01",1620,,,,
South Africa,2012,"01",1695,,,,
South Africa,2012,"01",1627,,,,
South Africa,2012,"01",2017,,,,
South Africa,2012,"02",1801,,,,
South Africa,2012,"02",1872,,,,
South Africa,2012,"02",1884,,,,
South Africa,2012,"02",2056,,,,
South Africa,2012,"03",2031,,,,
South Africa,2012,"03",2067,,,,
South Africa,2012,"03",1926,,,,
South Africa,2012,"03",2039,,,,
South Africa,2012,"04",2120,,,,
South Africa,2012,"04",2312,,,,
South Africa,2012,"04",2642,,,,
South Africa,2012,"04",2698,,,,
South Africa,2012,"04",2490,,,,
South Africa,2012,"05",2832,,,,
South Africa,2012,"05",2734,,,,
South Africa,2012,"05",3136,,,,
South Africa,2012,"05",3382,,,,
South Africa,2012,"06",3775,,,,
South Africa,2012,"06",3344,,,,
South Africa,2012,"06",3667,,,,
South Africa,2012,"06",3354,,,,
South Africa,2012,"07",3611,,,,
South Africa,2012,"07",3159,,,,
South Africa,2012,"07",3429,,,,
South Africa,2012,"07",3191,,,,
South Africa,2012,"07",3710,,,,
South Africa,2012,"08",4232,,,,
South Africa,2012,"08",3858,,,,
South Africa,2012,"08",3437,,,,
South Africa,2012,"08",3890,,,,
South Africa,2012,"09",2701,,,,
South Africa,2012,"09",2728,,,,
South Africa,2012,"09",3032,,,,
South Africa,2012,"09",2940,,,,
South Africa,2012,"09",2568,,,,
South Africa,2012,"10",2381,,,,
South Africa,2012,"10",2211,,,,
South Africa,2012,"10",2512,,,,
South Africa,2012,"10",2138,,,,
South Africa,2012,"11",2284,,,,
South Africa,2012,"11",2018,,,,
South Africa,2012,"11",1944,,,,
South Africa,2012,"11",2072,,,,
South Africa,2012,"12",1976,,,,
South Africa,2012,"12",1996,,,,
South Africa,2012,"12",1877,,,,
South Africa,2012,"12",2083,,,,
South Africa,2012,"12",1848,,,,
South Africa,2013,"01",1758,,,,
South Africa,2013,"01",1854,,,,
South Africa,2013,"01",1813,,,,
South Africa,2013,"01",1796,,,,
South Africa,2013,"02",1913,,,,
South Africa,2013,"02",1854,,,,
South Africa,2013,"02",2037,,,,
South Africa,2013,"02",1983,,,,
South Africa,2013,"03",2242,,,,
South Africa,2013,"03",2184,,,,
South Africa,2013,"03",2173,,,,
South Africa,2013,"03",2341,,,,
South Africa,2013,"03",2024,,,,
South Africa,2013,"04",2683,,,,
South Africa,2013,"04",2381,,,,
South Africa,2013,"04",2675,,,,
South Africa,2013,"04",2418,,,,
South Africa,2013,"05",3439,,,,
South Africa,2013,"05",3120,,,,
South Africa,2013,"05",3166,,,,
South Africa,2013,"05",3307,,,,
South Africa,2013,"06",3470,,,,
South Africa,2013,"06",3563,,,,
South Africa,2013,"06",4008,,,,
South Africa,2013,"06",4204,,,,
South Africa,2013,"06",3891,,,,
South Africa,2013,"07",2933,,,,
South Africa,2013,"07",3252,,,,
South Africa,2013,"07",3222,,,,
South Africa,2013,"07",2983,,,,
South Africa,2013,"08",3783,,,,
South Africa,2013,"08",3433,,,,
South Africa,2013,"08",3231,,,,
South Africa,2013,"08",3586,,,,
South Africa,2013,"09",3454,,,,
South Africa,2013,"09",3265,,,,
South Africa,2013,"09",3390,,,,
South Africa,2013,"09",3095,,,,
South Africa,2013,"09",2964,,,,
South Africa,2013,"10",2756,,,,
South Africa,2013,"10",2529,,,,
South Africa,2013,"10",2362,,,,
South Africa,2013,"10",2356,,,,
South Africa,2013,"11",2454,,,,
South Africa,2013,"11",1929,,,,
South Africa,2013,"11",2130,,,,
South Africa,2013,"11",2365,,,,
South Africa,2013,"12",2422,,,,
South Africa,2013,"12",1973,,,,
South Africa,2013,"12",2001,,,,
South Africa,2013,"12",2226,,,,
South Africa,2013,"12",2280,,,,
South Africa,2014,"01",2013,,,,
South Africa,2014,"01",2136,,,,
South Africa,2014,"01",1846,,,,
South Africa,2014,"01",1863,,,,
South Africa,2014,"02",2615,,,,
South Africa,2014,"02",2199,,,,
South Africa,2014,"02",2416,,,,
South Africa,2014,"02",2434,,,,
South Africa,2014,"03",2970,,,,
South Africa,2014,"03",2822,,,,
South Africa,2014,"03",2852,,,,
South Africa,2014,"03",2611,,,,
South Africa,2014,"03",2319,,,,
South Africa,2014,"04",2883,,,,
South Africa,2014,"04",2774,,,,
South Africa,2014,"04",3022,,,,
South Africa,2014,"04",3123,,,,
South Africa,2014,"05",3338,,,,
South Africa,2014,"05",2792,,,,
South Africa,2014,"05",3088,,,,
South Africa,2014,"05",3223,,,,
South Africa,2014,"06",4283,,,,
South Africa,2014,"06",3587,,,,
South Africa,2014,"06",3492,,,,
South Africa,2014,"06",4010,,,,
South Africa,2014,"06",4634,,,,
South Africa,2014,"07",3763,,,,
South Africa,2014,"07",4472,,,,
South Africa,2014,"07",4200,,,,
South Africa,2014,"07",3603,,,,
South Africa,2014,"08",4253,,,,
South Africa,2014,"08",3902,,,,
South Africa,2014,"08",3681,,,,
South Africa,2014,"08",4365,,,,
South Africa,2014,"08",4309,,,,
South Africa,2014,"09",3786,,,,
South Africa,2014,"09",3042,,,,
South Africa,2014,"09",2832,,,,
South Africa,2014,"09",3567,,,,
South Africa,2014,"10",2639,,,,
South Africa,2014,"10",2325,,,,
South Africa,2014,"10",2999,,,,
South Africa,2014,"10",2878,,,,
South Africa,2014,"11",2174,,,,
South Africa,2014,"11",2346,,,,
South Africa,2014,"11",2321,,,,
South Africa,2014,"11",2351,,,,
South Africa,2014,"11",2043,,,,
South Africa,2014,"12",2211,,,,
South Africa,2014,"12",2095,,,,
South Africa,2014,"12",1952,,,,
South Africa,2014,"12",2123,,,,
South Africa,2015,"01",2067,,,,
South Africa,2015,"01",2132,,,,
South Africa,2015,"01",2120,,,,
South Africa,2015,"01",2358,,,,
South Africa,2015,"02",2466,,,,
South Africa,2015,"02",2483,,,,
South Africa,2015,"02",2520,,,,
South Africa,2015,"02",2470,,,,
South Africa,2015,"03",2492,,,,
South Africa,2015,"03",2491,,,,
South Africa,2015,"03",2626,,,,
South Africa,2015,"03",2483,,,,
South Africa,2015,"03",2349,,,,
South Africa,2015,"04",2859,,,,
South Africa,2015,"04",2677,,,,
South Africa,2015,"04",2789,,,,
South Africa,2015,"04",2959,,,,
South Africa,2015,"05",4074,,,,
South Africa,2015,"05",3463,,,,
South Africa,2015,"05",3704,,,,
South Africa,2015,"05",3955,,,,
South Africa,2015,"05",4376,,,,
South Africa,2015,"06",4964,,,,
South Africa,2015,"06",3814,,,,
South Africa,2015,"06",4919,,,,
South Africa,2015,"06",4461,,,,
South Africa,2015,"07",2751,,,,
South Africa,2015,"07",2963,,,,
South Africa,2015,"07",3394,,,,
South Africa,2015,"07",2967,,,,
South Africa,2015,"08",3348,,,,
South Africa,2015,"08",3446,,,,
Spain,2002,"12",,,,,
Spain,2003,"01",,,,,
Spain,2003,"01",,,,,
Spain,2003,"01",,,,,
Spain,2003,"01",,,,,
Spain,2003,"02",,,,,
Spain,2003,"02",,,,,
Spain,2003,"02",,,,,
Spain,2003,"02",,,,,
Spain,2003,"03",,,,,
Spain,2003,"03",,,,,
Spain,2003,"03",,,,,
Spain,2003,"03",,,,,
Spain,2003,"03",,,,,
Spain,2003,"04",,,,,
Spain,2003,"04",,,,,
Spain,2003,"04",,,,,
Spain,2003,"04",,,,,
Spain,2003,"05",,,,,
Spain,2003,"05",,,,,
Spain,2003,"05",,,,,
Spain,2003,"05",,,,,
Spain,2003,"06",,,,,
Spain,2003,"06",,,,,
Spain,2003,"06",,,,,
Spain,2003,"06",,,,,
Spain,2003,"06",,,,,
Spain,2003,"07",,,,,
Spain,2003,"07",,,,,
Spain,2003,"07",,,,,
Spain,2003,"07",,,,,
Spain,2003,"08",,,,,
Spain,2003,"08",,,,,
Spain,2003,"08",,,,,
Spain,2003,"08",,,,,
Spain,2003,"08",,,,,
Spain,2003,"09",,,,,
Spain,2003,"09",,,,,
Spain,2003,"09",26,,,,
Spain,2003,"09",,,,,
Spain,2003,"10",46,,,,
Spain,2003,"10",43,,,,
Spain,2003,"10",77,,,,
Spain,2003,"10",23,,,,
Spain,2003,"11",130,,,,
Spain,2003,"11",158,,,,
Spain,2003,"11",73,,,,
Spain,2003,"11",141,,,,
Spain,2003,"11",170,,,,
Spain,2003,"12",53,,,,
Spain,2003,"12",33,,,,
Spain,2003,"12",83,,,,
Spain,2003,"12",27,,,,
Spain,2004,"01",19,,,,
Spain,2004,"01",23,,,,
Spain,2004,"01",46,,,,
Spain,2004,"01",18,,,,
Spain,2004,"02",10,,,,
Spain,2004,"02",19,,,,
Spain,2004,"02",15,,,,
Spain,2004,"02",16,,,,
Spain,2004,"02",13,,,,
Spain,2004,"03",19,,,,
Spain,2004,"03",23,,,,
Spain,2004,"03",14,,,,
Spain,2004,"03",28,,,,
Spain,2004,"04",16,,,,
Spain,2004,"04",12,,,,
Spain,2004,"04",9,,,,
Spain,2004,"04",12,,,,
Spain,2004,"05",13,,,,
Spain,2004,"05",16,,,,
Spain,2004,"05",18,,,,
Spain,2004,"05",18,,,,
Spain,2004,"05",9,,,,
Spain,2004,"06",14,,,,
Spain,2004,"06",9,,,,
Spain,2004,"06",17,,,,
Spain,2004,"06",12,,,,
Spain,2004,"07",16,,,,
Spain,2004,"07",15,,,,
Spain,2004,"07",16,,,,
Spain,2004,"07",10,,,,
Spain,2004,"08",9,,,,
Spain,2004,"08",17,,,,
Spain,2004,"08",11,,,,
Spain,2004,"08",13,,,,
Spain,2004,"08",18,,,,
Spain,2004,"09",11,,,,
Spain,2004,"09",20,,,,
Spain,2004,"09",34,,,,
Spain,2004,"09",15,,,,
Spain,2004,"10",33,,,,
Spain,2004,"10",34,,,,
Spain,2004,"10",47,,,,
Spain,2004,"10",26,,,,
Spain,2004,"10",43,,,,
Spain,2004,"11",31,,,,
Spain,2004,"11",29,,,,
Spain,2004,"11",34,,,,
Spain,2004,"11",26,,,,
Spain,2004,"12",326,,,,
Spain,2004,"12",42,,,,
Spain,2004,"12",68,,,,
Spain,2004,"12",55,,,,
Spain,2005,"01",137,,,,
Spain,2005,"01",478,,,,
Spain,2005,"01",579,,,,
Spain,2005,"01",209,,,,
Spain,2005,"01",538,,,,
Spain,2005,"02",57,,,,
Spain,2005,"02",88,,,,
Spain,2005,"02",56,,,,
Spain,2005,"02",51,,,,
Spain,2005,"03",32,,,,
Spain,2005,"03",50,,,,
Spain,2005,"03",52,,,,
Spain,2005,"03",75,,,,
Spain,2005,"04",25,,,,
Spain,2005,"04",27,,,,
Spain,2005,"04",24,,,,
Spain,2005,"04",24,,,,
Spain,2005,"05",26,,,,
Spain,2005,"05",31,,,,
Spain,2005,"05",14,,,,
Spain,2005,"05",26,,,,
Spain,2005,"05",22,,,,
Spain,2005,"06",14,,,,
Spain,2005,"06",17,,,,
Spain,2005,"06",13,,,,
Spain,2005,"06",14,,,,
Spain,2005,"07",9,,,,
Spain,2005,"07",10,,,,
Spain,2005,"07",10,,,,
Spain,2005,"07",11,,,,
Spain,2005,"07",11,,,,
Spain,2005,"08",14,,,,
Spain,2005,"08",9,,,,
Spain,2005,"08",15,,,,
Spain,2005,"08",18,,,,
Spain,2005,"09",18,,,,
Spain,2005,"09",33,,,,
Spain,2005,"09",26,,,,
Spain,2005,"09",11,,,,
Spain,2005,"10",29,,,,
Spain,2005,"10",41,,,,
Spain,2005,"10",34,,,,
Spain,2005,"10",41,,,,
Spain,2005,"10",38,,,,
Spain,2005,"11",35,,,,
Spain,2005,"11",33,,,,
Spain,2005,"11",28,,,,
Spain,2005,"11",30,,,,
Spain,2005,"12",20,,,,
Spain,2005,"12",25,,,,
Spain,2005,"12",24,,,,
Spain,2005,"12",26,,,,
Spain,2006,"01",23,,,,
Spain,2006,"01",26,,,,
Spain,2006,"01",34,,,,
Spain,2006,"01",25,,,,
Spain,2006,"01",32,,,,
Spain,2006,"02",87,,,,
Spain,2006,"02",46,,,,
Spain,2006,"02",41,,,,
Spain,2006,"02",59,,,,
Spain,2006,"03",114,,,,
Spain,2006,"03",136,,,,
Spain,2006,"03",98,,,,
Spain,2006,"03",132,,,,
Spain,2006,"04",51,,,,
Spain,2006,"04",29,,,,
Spain,2006,"04",31,,,,
Spain,2006,"04",33,,,,
Spain,2006,"04",37,,,,
Spain,2006,"05",24,,,,
Spain,2006,"05",25,,,,
Spain,2006,"05",23,,,,
Spain,2006,"05",19,,,,
Spain,2006,"06",20,,,,
Spain,2006,"06",17,,,,
Spain,2006,"06",18,,,,
Spain,2006,"06",20,,,,
Spain,2006,"07",13,,,,
Spain,2006,"07",19,,,,
Spain,2006,"07",10,,,,
Spain,2006,"07",17,,,,
Spain,2006,"07",14,,,,
Spain,2006,"08",21,,,,
Spain,2006,"08",20,,,,
Spain,2006,"08",16,,,,
Spain,2006,"08",16,,,,
Spain,2006,"09",33,,,,
Spain,2006,"09",16,,,,
Spain,2006,"09",26,,,,
Spain,2006,"09",13,,,,
Spain,2006,"10",33,,,,
Spain,2006,"10",35,,,,
Spain,2006,"10",42,,,,
Spain,2006,"10",32,,,,
Spain,2006,"10",48,,,,
Spain,2006,"11",35,,,,
Spain,2006,"11",38,,,,
Spain,2006,"11",39,,,,
Spain,2006,"11",36,,,,
Spain,2006,"12",64,,,,
Spain,2006,"12",34,,,,
Spain,2006,"12",50,,,,
Spain,2006,"12",32,,,,
Spain,2006,"12",109,,,,
Spain,2007,"01",169,,,,
Spain,2007,"01",130,,,,
Spain,2007,"01",279,,,,
Spain,2007,"01",188,,,,
Spain,2007,"02",161,,,,
Spain,2007,"02",52,,,,
Spain,2007,"02",97,,,,
Spain,2007,"02",303,,,,
Spain,2007,"03",35,,,,
Spain,2007,"03",41,,,,
Spain,2007,"03",34,,,,
Spain,2007,"03",40,,,,
Spain,2007,"04",36,,,,
Spain,2007,"04",21,,,,
Spain,2007,"04",29,,,,
Spain,2007,"04",23,,,,
Spain,2007,"04",35,,,,
Spain,2007,"05",24,,,,
Spain,2007,"05",22,,,,
Spain,2007,"05",26,,,,
Spain,2007,"05",18,,,,
Spain,2007,"06",19,,,,
Spain,2007,"06",20,,,,
Spain,2007,"06",12,,,,
Spain,2007,"06",12,,,,
Spain,2007,"07",8,,,,
Spain,2007,"07",10,,,,
Spain,2007,"07",13,,,,
Spain,2007,"07",12,,,,
Spain,2007,"07",12,,,,
Spain,2007,"08",11,,,,
Spain,2007,"08",16,,,,
Spain,2007,"08",14,,,,
Spain,2007,"08",15,,,,
Spain,2007,"09",17,,,,
Spain,2007,"09",30,,,,
Spain,2007,"09",13,,,,
Spain,2007,"09",20,,,,
Spain,2007,"09",30,,,,
Spain,2007,"10",32,,,,
Spain,2007,"10",29,,,,
Spain,2007,"10",43,,,,
Spain,2007,"10",36,,,,
Spain,2007,"11",47,,,,
Spain,2007,"11",49,,,,
Spain,2007,"11",37,,,,
Spain,2007,"11",36,,,,
Spain,2007,"12",300,,,,
Spain,2007,"12",77,,,,
Spain,2007,"12",115,,,,
Spain,2007,"12",62,,,,
Spain,2007,"12",336,,,,
Spain,2008,"01",242,,,,
Spain,2008,"01",73,,,,
Spain,2008,"01",144,,,,
Spain,2008,"01",98,,,,
Spain,2008,"02",75,,,,
Spain,2008,"02",72,,,,
Spain,2008,"02",48,,,,
Spain,2008,"02",71,,,,
Spain,2008,"03",26,,,,
Spain,2008,"03",27,,,,
Spain,2008,"03",30,,,,
Spain,2008,"03",20,,,,
Spain,2008,"03",26,,,,
Spain,2008,"04",17,,,,
Spain,2008,"04",19,,,,
Spain,2008,"04",17,,,,
Spain,2008,"04",13,,,,
Spain,2008,"05",11,,,,
Spain,2008,"05",15,,,,
Spain,2008,"05",14,,,,
Spain,2008,"05",16,,,,
Spain,2008,"06",11,,,,
Spain,2008,"06",8,,,,
Spain,2008,"06",8,,,,
Spain,2008,"06",8,,,,
Spain,2008,"06",7,,,,
Spain,2008,"07",8,,,,
Spain,2008,"07",7,,,,
Spain,2008,"07",7,,,,
Spain,2008,"07",8,,,,
Spain,2008,"08",8,,,,
Spain,2008,"08",8,,,,
Spain,2008,"08",6,,,,
Spain,2008,"08",7,,,,
Spain,2008,"08",8,,,,
Spain,2008,"09",27,,,,
Spain,2008,"09",8,,,,
Spain,2008,"09",16,,,,
Spain,2008,"09",14,,,,
Spain,2008,"10",24,,,,
Spain,2008,"10",30,,,,
Spain,2008,"10",19,,,,
Spain,2008,"10",27,,,,
Spain,2008,"11",19,,,,
Spain,2008,"11",26,,,,
Spain,2008,"11",28,,,,
Spain,2008,"11",31,,,,
Spain,2008,"11",25,,,,
Spain,2008,"12",194,,,,
Spain,2008,"12",420,,,,
Spain,2008,"12",73,,,,
Spain,2008,"12",45,,,,
Spain,2009,"01",132,,,,
Spain,2009,"01",267,,,,
Spain,2009,"01",72,,,,
Spain,2009,"01",223,,,,
Spain,2009,"02",37,,,,
Spain,2009,"02",29,,,,
Spain,2009,"02",30,,,,
Spain,2009,"02",28,,,,
Spain,2009,"03",12,,,,
Spain,2009,"03",19,,,,
Spain,2009,"03",20,,,,
Spain,2009,"03",29,,,,
Spain,2009,"03",23,,,,
Spain,2009,"04",16,,,,
Spain,2009,"04",15,,,,
Spain,2009,"04",14,,,,
Spain,2009,"04",40,,,,
Spain,2009,"05",18,,,,
Spain,2009,"05",17,,,,
Spain,2009,"05",13,,,,
Spain,2009,"05",17,,,,
Spain,2009,"05",33,,,,
Spain,2009,"06",13,,,,
Spain,2009,"06",10,,,,
Spain,2009,"06",8,,,,
Spain,2009,"06",15,,,,
Spain,2009,"07",14,,,,
Spain,2009,"07",39,,,,
Spain,2009,"07",31,,,,
Spain,2009,"07",52,,,,
Spain,2009,"08",39,,,,
Spain,2009,"08",87,,,,
Spain,2009,"08",57,,,,
Spain,2009,"08",61,,,,
Spain,2009,"08",99,,,,
Spain,2009,"09",49,,,,
Spain,2009,"09",111,,,,
Spain,2009,"09",93,,,,
Spain,2009,"09",51,,,,
Spain,2009,"10",161,,,,
Spain,2009,"10",268,,,,
Spain,2009,"10",126,,,,
Spain,2009,"10",137,,,,
Spain,2009,"11",348,,,,
Spain,2009,"11",181,,,,
Spain,2009,"11",304,,,,
Spain,2009,"11",313,,,,
Spain,2009,"11",84,,,,
Spain,2009,"12",37,,,,
Spain,2009,"12",50,,,,
Spain,2009,"12",45,,,,
Spain,2009,"12",24,,,,
Spain,2010,"01",13,,,,
Spain,2010,"01",20,,,,
Spain,2010,"01",17,,,,
Spain,2010,"01",11,,,,
Spain,2010,"01",12,,,,
Spain,2010,"02",10,,,,
Spain,2010,"02",8,,,,
Spain,2010,"02",11,,,,
Spain,2010,"02",9,,,,
Spain,2010,"03",5,,,,
Spain,2010,"03",8,,,,
Spain,2010,"03",8,,,,
Spain,2010,"03",10,,,,
Spain,2010,"04",5,,,,
Spain,2010,"04",6,,,,
Spain,2010,"04",8,,,,
Spain,2010,"04",5,,,,
Spain,2010,"05",8,,,,
Spain,2010,"05",6,,,,
Spain,2010,"05",6,,,,
Spain,2010,"05",7,,,,
Spain,2010,"05",6,,,,
Spain,2010,"06",3,,,,
Spain,2010,"06",4,,,,
Spain,2010,"06",4,,,,
Spain,2010,"06",4,,,,
Spain,2010,"07",3,,,,
Spain,2010,"07",4,,,,
Spain,2010,"07",3,,,,
Spain,2010,"07",3,,,,
Spain,2010,"08",7,,,,
Spain,2010,"08",7,,,,
Spain,2010,"08",4,,,,
Spain,2010,"08",6,,,,
Spain,2010,"08",4,,,,
Spain,2010,"09",15,,,,
Spain,2010,"09",7,,,,
Spain,2010,"09",6,,,,
Spain,2010,"09",9,,,,
Spain,2010,"10",15,,,,
Spain,2010,"10",15,,,,
Spain,2010,"10",16,,,,
Spain,2010,"10",13,,,,
Spain,2010,"10",14,,,,
Spain,2010,"11",13,,,,
Spain,2010,"11",12,,,,
Spain,2010,"11",12,,,,
Spain,2010,"11",16,,,,
Spain,2010,"12",26,,,,
Spain,2010,"12",209,,,,
Spain,2010,"12",20,,,,
Spain,2010,"12",54,,,,
Spain,2011,"01",89,,,,
Spain,2011,"01",256,,,,
Spain,2011,"01",69,,,,
Spain,2011,"01",60,,,,
Spain,2011,"01",170,,,,
Spain,2011,"02",40,,,,
Spain,2011,"02",27,,,,
Spain,2011,"02",61,,,,
Spain,2011,"02",20,,,,
Spain,2011,"03",18,,,,
Spain,2011,"03",16,,,,
Spain,2011,"03",12,,,,
Spain,2011,"03",12,,,,
Spain,2011,"04",6,,,,
Spain,2011,"04",6,,,,
Spain,2011,"04",9,,,,
Spain,2011,"04",10,,,,
Spain,2011,"05",5,,,,
Spain,2011,"05",6,,,,
Spain,2011,"05",6,,,,
Spain,2011,"05",6,,,,
Spain,2011,"05",5,,,,
Spain,2011,"06",4,,,,
Spain,2011,"06",3,,,,
Spain,2011,"06",5,,,,
Spain,2011,"06",5,,,,
Spain,2011,"07",2,,,,
Spain,2011,"07",2,,,,
Spain,2011,"07",2,,,,
Spain,2011,"07",3,,,,
Spain,2011,"07",3,,,,
Spain,2011,"08",4,,,,
Spain,2011,"08",2,,,,
Spain,2011,"08",3,,,,
Spain,2011,"08",3,,,,
Spain,2011,"09",5,,,,
Spain,2011,"09",4,,,,
Spain,2011,"09",4,,,,
Spain,2011,"09",11,,,,
Spain,2011,"10",14,,,,
Spain,2011,"10",15,,,,
Spain,2011,"10",14,,,,
Spain,2011,"10",19,,,,
Spain,2011,"10",13,,,,
Spain,2011,"11",18,,,,
Spain,2011,"11",16,,,,
Spain,2011,"11",19,,,,
Spain,2011,"11",16,,,,
Spain,2011,"12",45,,,,
Spain,2011,"12",22,,,,
Spain,2011,"12",18,,,,
Spain,2011,"12",21,,,,
Spain,2012,"01",77,,,,
Spain,2012,"01",53,,,,
Spain,2012,"01",57,,,,
Spain,2012,"01",49,,,,
Spain,2012,"01",90,,,,
Spain,2012,"02",87,,,,
Spain,2012,"02",206,,,,
Spain,2012,"02",155,,,,
Spain,2012,"02",181,,,,
Spain,2012,"03",37,,,,
Spain,2012,"03",33,,,,
Spain,2012,"03",26,,,,
Spain,2012,"03",25,,,,
Spain,2012,"04",18,,,,
Spain,2012,"04",22,,,,
Spain,2012,"04",24,,,,
Spain,2012,"04",21,,,,
Spain,2012,"04",20,,,,
Spain,2012,"05",21,,,,
Spain,2012,"05",15,,,,
Spain,2012,"05",16,,,,
Spain,2012,"05",18,,,,
Spain,2012,"06",13,,,,
Spain,2012,"06",10,,,,
Spain,2012,"06",14,,,,
Spain,2012,"06",10,,,,
Spain,2012,"07",9,,,,
Spain,2012,"07",10,,,,
Spain,2012,"07",9,,,,
Spain,2012,"07",9,,,,
Spain,2012,"07",10,,,,
Spain,2012,"08",11,,,,
Spain,2012,"08",13,,,,
Spain,2012,"08",13,,,,
Spain,2012,"08",12,,,,
Spain,2012,"09",18,,,,
Spain,2012,"09",12,,,,
Spain,2012,"09",21,,,,
Spain,2012,"09",34,,,,
Spain,2012,"09",14,,,,
Spain,2012,"10",43,,,,
Spain,2012,"10",25,,,,
Spain,2012,"10",35,,,,
Spain,2012,"10",23,,,,
Spain,2012,"11",21,,,,
Spain,2012,"11",26,,,,
Spain,2012,"11",24,,,,
Spain,2012,"11",26,,,,
Spain,2012,"12",54,,,,
Spain,2012,"12",32,,,,
Spain,2012,"12",29,,,,
Spain,2012,"12",29,,,,
Spain,2012,"12",78,,,,
Spain,2013,"01",80,,,,
Spain,2013,"01",81,,,,
Spain,2013,"01",169,,,,
Spain,2013,"01",99,,,,
Spain,2013,"02",266,,,,
Spain,2013,"02",258,,,,
Spain,2013,"02",157,,,,
Spain,2013,"02",183,,,,
Spain,2013,"03",80,,,,
Spain,2013,"03",46,,,,
Spain,2013,"03",66,,,,
Spain,2013,"03",32,,,,
Spain,2013,"03",168,,,,
Spain,2013,"04",21,,,,
Spain,2013,"04",18,,,,
Spain,2013,"04",27,,,,
Spain,2013,"04",22,,,,
Spain,2013,"05",14,,,,
Spain,2013,"05",22,,,,
Spain,2013,"05",16,,,,
Spain,2013,"05",17,,,,
Spain,2013,"06",11,,,,
Spain,2013,"06",9,,,,
Spain,2013,"06",9,,,,
Spain,2013,"06",14,,,,
Spain,2013,"06",8,,,,
Spain,2013,"07",7,,,,
Spain,2013,"07",8,,,,
Spain,2013,"07",7,,,,
Spain,2013,"07",8,,,,
Spain,2013,"08",11,,,,
Spain,2013,"08",9,,,,
Spain,2013,"08",12,,,,
Spain,2013,"08",11,,,,
Spain,2013,"09",10,,,,
Spain,2013,"09",18,,,,
Spain,2013,"09",25,,,,
Spain,2013,"09",9,,,,
Spain,2013,"09",29,,,,
Spain,2013,"10",28,,,,
Spain,2013,"10",28,,,,
Spain,2013,"10",35,,,,
Spain,2013,"10",29,,,,
Spain,2013,"11",23,,,,
Spain,2013,"11",27,,,,
Spain,2013,"11",25,,,,
Spain,2013,"11",27,,,,
Spain,2013,"12",38,,,,
Spain,2013,"12",44,,,,
Spain,2013,"12",32,,,,
Spain,2013,"12",265,,,,
Spain,2013,"12",111,,,,
Spain,2014,"01",294,,,,
Spain,2014,"01",363,,,,
Spain,2014,"01",349,,,,
Spain,2014,"01",387,,,,
Spain,2014,"02",54,,,,
Spain,2014,"02",107,,,,
Spain,2014,"02",204,,,,
Spain,2014,"02",78,,,,
Spain,2014,"03",34,,,,
Spain,2014,"03",53,,,,
Spain,2014,"03",44,,,,
Spain,2014,"03",36,,,,
Spain,2014,"03",33,,,,
Spain,2014,"04",21,,,,
Spain,2014,"04",26,,,,
Spain,2014,"04",28,,,,
Spain,2014,"04",23,,,,
Spain,2014,"05",20,,,,
Spain,2014,"05",18,,,,
Spain,2014,"05",18,,,,
Spain,2014,"05",18,,,,
Spain,2014,"06",8,,,,
Spain,2014,"06",11,,,,
Spain,2014,"06",17,,,,
Spain,2014,"06",12,,,,
Spain,2014,"06",10,,,,
Spain,2014,"07",9,,,,
Spain,2014,"07",9,,,,
Spain,2014,"07",9,,,,
Spain,2014,"07",5,,,,
Spain,2014,"08",5,,,,
Spain,2014,"08",5,,,,
Spain,2014,"08",4,,,,
Spain,2014,"08",5,,,,
Spain,2014,"08",4,,,,
Spain,2014,"09",5,,,,
Spain,2014,"09",12,,,,
Spain,2014,"09",4,,,,
Spain,2014,"09",10,,,,
Spain,2014,"10",30,,,,
Spain,2014,"10",18,,,,
Spain,2014,"10",37,,,,
Spain,2014,"10",20,,,,
Spain,2014,"11",24,,,,
Spain,2014,"11",20,,,,
Spain,2014,"11",15,,,,
Spain,2014,"11",16,,,,
Spain,2014,"11",40,,,,
Spain,2014,"12",59,,,,
Spain,2014,"12",56,,,,
Spain,2014,"12",219,,,,
Spain,2014,"12",104,,,,
Spain,2015,"01",493,,,,
Spain,2015,"01",703,,,,
Spain,2015,"01",1020,,,,
Spain,2015,"01",353,,,,
Spain,2015,"02",597,,,,
Spain,2015,"02",486,,,,
Spain,2015,"02",405,,,,
Spain,2015,"02",198,,,,
Spain,2015,"03",46,,,,
Spain,2015,"03",45,,,,
Spain,2015,"03",59,,,,
Spain,2015,"03",80,,,,
Spain,2015,"03",127,,,,
Spain,2015,"04",31,,,,
Spain,2015,"04",27,,,,
Spain,2015,"04",25,,,,
Spain,2015,"04",18,,,,
Spain,2015,"05",18,,,,
Spain,2015,"05",12,,,,
Spain,2015,"05",14,,,,
Spain,2015,"05",14,,,,
Spain,2015,"05",20,,,,
Spain,2015,"06",10,,,,
Spain,2015,"06",7,,,,
Spain,2015,"06",8,,,,
Spain,2015,"06",8,,,,
Spain,2015,"07",6,,,,
Spain,2015,"07",6,,,,
Spain,2015,"07",7,,,,
Spain,2015,"07",7,,,,
Spain,2015,"08",6,,,,
Spain,2015,"08",7,,,,
Sweden,2002,"12",,,,,
Sweden,2003,"01",,,,,
Sweden,2003,"01",,,,,
Sweden,2003,"01",,,,,
Sweden,2003,"01",,,,,
Sweden,2003,"02",,,,,
Sweden,2003,"02",,,,,
Sweden,2003,"02",,,,,
Sweden,2003,"02",,,,,
Sweden,2003,"03",,,,,
Sweden,2003,"03",,,,,
Sweden,2003,"03",,,,,
Sweden,2003,"03",,,,,
Sweden,2003,"03",,,,,
Sweden,2003,"04",,,,,
Sweden,2003,"04",,,,,
Sweden,2003,"04",,,,,
Sweden,2003,"04",,,,,
Sweden,2003,"05",,,,,
Sweden,2003,"05",,,,,
Sweden,2003,"05",,,,,
Sweden,2003,"05",,,,,
Sweden,2003,"06",,,,,
Sweden,2003,"06",,,,,
Sweden,2003,"06",,,,,
Sweden,2003,"06",,,,,
Sweden,2003,"06",,,,,
Sweden,2003,"07",,,,,
Sweden,2003,"07",,,,,
Sweden,2003,"07",,,,,
Sweden,2003,"07",,,,,
Sweden,2003,"08",,,,,
Sweden,2003,"08",,,,,
Sweden,2003,"08",,,,,
Sweden,2003,"08",,,,,
Sweden,2003,"08",,,,,
Sweden,2003,"09",,,,,
Sweden,2003,"09",,,,,
Sweden,2003,"09",,,,,
Sweden,2003,"09",,,,,
Sweden,2003,"10",,,,,
Sweden,2003,"10",,,,,
Sweden,2003,"10",,,,,
Sweden,2003,"10",,,,,
Sweden,2003,"11",,,,,
Sweden,2003,"11",,,,,
Sweden,2003,"11",,,,,
Sweden,2003,"11",,,,,
Sweden,2003,"11",,,,,
Sweden,2003,"12",,,,,
Sweden,2003,"12",,,,,
Sweden,2003,"12",,,,,
Sweden,2003,"12",,,,,
Sweden,2004,"01",,,,,
Sweden,2004,"01",,,,,
Sweden,2004,"01",,,,,
Sweden,2004,"01",,,,,
Sweden,2004,"02",,,,,
Sweden,2004,"02",,,,,
Sweden,2004,"02",,,,,
Sweden,2004,"02",,,,,
Sweden,2004,"02",,,,,
Sweden,2004,"03",,,,,
Sweden,2004,"03",,,,,
Sweden,2004,"03",,,,,
Sweden,2004,"03",,,,,
Sweden,2004,"04",,,,,
Sweden,2004,"04",,,,,
Sweden,2004,"04",,,,,
Sweden,2004,"04",,,,,
Sweden,2004,"05",,,,,
Sweden,2004,"05",,,,,
Sweden,2004,"05",,,,,
Sweden,2004,"05",,,,,
Sweden,2004,"05",,,,,
Sweden,2004,"06",,,,,
Sweden,2004,"06",,,,,
Sweden,2004,"06",,,,,
Sweden,2004,"06",,,,,
Sweden,2004,"07",,,,,
Sweden,2004,"07",,,,,
Sweden,2004,"07",,,,,
Sweden,2004,"07",,,,,
Sweden,2004,"08",,,,,
Sweden,2004,"08",,,,,
Sweden,2004,"08",,,,,
Sweden,2004,"08",,,,,
Sweden,2004,"08",,,,,
Sweden,2004,"09",,,,,
Sweden,2004,"09",,,,,
Sweden,2004,"09",,,,,
Sweden,2004,"09",,,,,
Sweden,2004,"10",,,,,
Sweden,2004,"10",,,,,
Sweden,2004,"10",,,,,
Sweden,2004,"10",,,,,
Sweden,2004,"10",,,,,
Sweden,2004,"11",,,,,
Sweden,2004,"11",,,,,
Sweden,2004,"11",,,,,
Sweden,2004,"11",,,,,
Sweden,2004,"12",,,,,
Sweden,2004,"12",,,,,
Sweden,2004,"12",,,,,
Sweden,2004,"12",,,,,
Sweden,2005,"01",,,,,
Sweden,2005,"01",,,,,
Sweden,2005,"01",,,,,
Sweden,2005,"01",,,,,
Sweden,2005,"01",,,,,
Sweden,2005,"02",,,,,
Sweden,2005,"02",,,,,
Sweden,2005,"02",,,,,
Sweden,2005,"02",,,,,
Sweden,2005,"03",,,,,
Sweden,2005,"03",,,,,
Sweden,2005,"03",,,,,
Sweden,2005,"03",,,,,
Sweden,2005,"04",,,,,
Sweden,2005,"04",,,,,
Sweden,2005,"04",,,,,
Sweden,2005,"04",,,,,
Sweden,2005,"05",,,,,
Sweden,2005,"05",,,,,
Sweden,2005,"05",,,,,
Sweden,2005,"05",,,,,
Sweden,2005,"05",,,,,
Sweden,2005,"06",,,,,
Sweden,2005,"06",,,,,
Sweden,2005,"06",,,,,
Sweden,2005,"06",,,,,
Sweden,2005,"07",,,,,
Sweden,2005,"07",,,,,
Sweden,2005,"07",,,,,
Sweden,2005,"07",,,,,
Sweden,2005,"07",,,,,
Sweden,2005,"08",,,,,
Sweden,2005,"08",,,,,
Sweden,2005,"08",,,,,
Sweden,2005,"08",,,,,
Sweden,2005,"09",,,,,
Sweden,2005,"09",,,,,
Sweden,2005,"09",,,,,
Sweden,2005,"09",,,,,
Sweden,2005,"10",,,,,
Sweden,2005,"10",,,,,
Sweden,2005,"10",,,,,
Sweden,2005,"10",,,,,
Sweden,2005,"10",,,,,
Sweden,2005,"11",3,,,,
Sweden,2005,"11",,,,,
Sweden,2005,"11",4,,,,
Sweden,2005,"11",3,,,,
Sweden,2005,"12",4,,,,
Sweden,2005,"12",3,,,,
Sweden,2005,"12",4,,,,
Sweden,2005,"12",3,,,,
Sweden,2006,"01",4,,,,
Sweden,2006,"01",3,,,,
Sweden,2006,"01",5,,,,
Sweden,2006,"01",3,,,,
Sweden,2006,"01",3,,,,
Sweden,2006,"02",7,,,,
Sweden,2006,"02",9,,,,
Sweden,2006,"02",11,,,,
Sweden,2006,"02",6,,,,
Sweden,2006,"03",5,,,,
Sweden,2006,"03",7,,,,
Sweden,2006,"03",5,,,,
Sweden,2006,"03",9,,,,
Sweden,2006,"04",3,,,,
Sweden,2006,"04",4,,,,
Sweden,2006,"04",4,,,,
Sweden,2006,"04",2,,,,
Sweden,2006,"04",3,,,,
Sweden,2006,"05",1,,,,
Sweden,2006,"05",1,,,,
Sweden,2006,"05",1,,,,
Sweden,2006,"05",1,,,,
Sweden,2006,"06",2,,,,
Sweden,2006,"06",1,,,,
Sweden,2006,"06",1,,,,
Sweden,2006,"06",1,,,,
Sweden,2006,"07",1,,,,
Sweden,2006,"07",1,,,,
Sweden,2006,"07",1,,,,
Sweden,2006,"07",1,,,,
Sweden,2006,"07",1,,,,
Sweden,2006,"08",1,,,,
Sweden,2006,"08",1,,,,
Sweden,2006,"08",1,,,,
Sweden,2006,"08",1,,,,
Sweden,2006,"09",2,,,,
Sweden,2006,"09",2,,,,
Sweden,2006,"09",2,,,,
Sweden,2006,"09",2,,,,
Sweden,2006,"10",2,,,,
Sweden,2006,"10",2,,,,
Sweden,2006,"10",2,,,,
Sweden,2006,"10",2,,,,
Sweden,2006,"10",2,,,,
Sweden,2006,"11",2,,,,
Sweden,2006,"11",3,,,,
Sweden,2006,"11",3,,,,
Sweden,2006,"11",2,,,,
Sweden,2006,"12",2,,,,
Sweden,2006,"12",2,,,,
Sweden,2006,"12",2,,,,
Sweden,2006,"12",3,,,,
Sweden,2006,"12",5,,,,
Sweden,2007,"01",3,,,,
Sweden,2007,"01",4,,,,
Sweden,2007,"01",5,,,,
Sweden,2007,"01",3,,,,
Sweden,2007,"02",9,,,,
Sweden,2007,"02",19,,,,
Sweden,2007,"02",11,,,,
Sweden,2007,"02",5,,,,
Sweden,2007,"03",4,,,,
Sweden,2007,"03",26,,,,
Sweden,2007,"03",5,,,,
Sweden,2007,"03",14,,,,
Sweden,2007,"04",3,,,,
Sweden,2007,"04",2,,,,
Sweden,2007,"04",2,,,,
Sweden,2007,"04",3,,,,
Sweden,2007,"04",1,,,,
Sweden,2007,"05",1,,,,
Sweden,2007,"05",1,,,,
Sweden,2007,"05",1,,,,
Sweden,2007,"05",1,,,,
Sweden,2007,"06",1,,,,
Sweden,2007,"06",1,,,,
Sweden,2007,"06",1,,,,
Sweden,2007,"06",1,,,,
Sweden,2007,"07",1,,,,
Sweden,2007,"07",1,,,,
Sweden,2007,"07",1,,,,
Sweden,2007,"07",1,,,,
Sweden,2007,"07",1,,,,
Sweden,2007,"08",1,,,,
Sweden,2007,"08",1,,,,
Sweden,2007,"08",1,,,,
Sweden,2007,"08",1,,,,
Sweden,2007,"09",2,,,,
Sweden,2007,"09",2,,,,
Sweden,2007,"09",2,,,,
Sweden,2007,"09",1,,,,
Sweden,2007,"09",2,,,,
Sweden,2007,"10",2,,,,
Sweden,2007,"10",3,,,,
Sweden,2007,"10",2,,,,
Sweden,2007,"10",2,,,,
Sweden,2007,"11",2,,,,
Sweden,2007,"11",2,,,,
Sweden,2007,"11",2,,,,
Sweden,2007,"11",3,,,,
Sweden,2007,"12",3,,,,
Sweden,2007,"12",4,,,,
Sweden,2007,"12",2,,,,
Sweden,2007,"12",3,,,,
Sweden,2007,"12",4,,,,
Sweden,2008,"01",7,,,,
Sweden,2008,"01",3,,,,
Sweden,2008,"01",4,,,,
Sweden,2008,"01",3,,,,
Sweden,2008,"02",8,,,,
Sweden,2008,"02",6,,,,
Sweden,2008,"02",8,,,,
Sweden,2008,"02",9,,,,
Sweden,2008,"03",5,,,,
Sweden,2008,"03",6,,,,
Sweden,2008,"03",5,,,,
Sweden,2008,"03",6,,,,
Sweden,2008,"03",4,,,,
Sweden,2008,"04",2,,,,
Sweden,2008,"04",2,,,,
Sweden,2008,"04",4,,,,
Sweden,2008,"04",2,,,,
Sweden,2008,"05",1,,,,
Sweden,2008,"05",1,,,,
Sweden,2008,"05",2,,,,
Sweden,2008,"05",2,,,,
Sweden,2008,"06",1,,,,
Sweden,2008,"06",1,,,,
Sweden,2008,"06",1,,,,
Sweden,2008,"06",1,,,,
Sweden,2008,"06",1,,,,
Sweden,2008,"07",1,,,,
Sweden,2008,"07",1,,,,
Sweden,2008,"07",1,,,,
Sweden,2008,"07",1,,,,
Sweden,2008,"08",1,,,,
Sweden,2008,"08",1,,,,
Sweden,2008,"08",1,,,,
Sweden,2008,"08",1,,,,
Sweden,2008,"08",2,,,,
Sweden,2008,"09",2,,,,
Sweden,2008,"09",2,,,,
Sweden,2008,"09",2,,,,
Sweden,2008,"09",2,,,,
Sweden,2008,"10",2,,,,
Sweden,2008,"10",2,,,,
Sweden,2008,"10",2,,,,
Sweden,2008,"10",2,,,,
Sweden,2008,"11",3,,,,
Sweden,2008,"11",3,,,,
Sweden,2008,"11",3,,,,
Sweden,2008,"11",3,,,,
Sweden,2008,"11",4,,,,
Sweden,2008,"12",5,,,,
Sweden,2008,"12",7,,,,
Sweden,2008,"12",14,,,,
Sweden,2008,"12",6,,,,
Sweden,2009,"01",17,,,,
Sweden,2009,"01",23,,,,
Sweden,2009,"01",27,,,,
Sweden,2009,"01",17,,,,
Sweden,2009,"02",5,,,,
Sweden,2009,"02",11,,,,
Sweden,2009,"02",9,,,,
Sweden,2009,"02",19,,,,
Sweden,2009,"03",3,,,,
Sweden,2009,"03",3,,,,
Sweden,2009,"03",3,,,,
Sweden,2009,"03",6,,,,
Sweden,2009,"03",3,,,,
Sweden,2009,"04",2,,,,
Sweden,2009,"04",2,,,,
Sweden,2009,"04",8,,,,
Sweden,2009,"04",2,,,,
Sweden,2009,"05",2,,,,
Sweden,2009,"05",4,,,,
Sweden,2009,"05",3,,,,
Sweden,2009,"05",2,,,,
Sweden,2009,"05",2,,,,
Sweden,2009,"06",2,,,,
Sweden,2009,"06",2,,,,
Sweden,2009,"06",2,,,,
Sweden,2009,"06",1,,,,
Sweden,2009,"07",6,,,,
Sweden,2009,"07",1,,,,
Sweden,2009,"07",5,,,,
Sweden,2009,"07",3,,,,
Sweden,2009,"08",8,,,,
Sweden,2009,"08",3,,,,
Sweden,2009,"08",4,,,,
Sweden,2009,"08",26,,,,
Sweden,2009,"08",2,,,,
Sweden,2009,"09",10,,,,
Sweden,2009,"09",5,,,,
Sweden,2009,"09",7,,,,
Sweden,2009,"09",20,,,,
Sweden,2009,"10",4,,,,
Sweden,2009,"10",10,,,,
Sweden,2009,"10",6,,,,
Sweden,2009,"10",13,,,,
Sweden,2009,"11",34,,,,
Sweden,2009,"11",15,,,,
Sweden,2009,"11",41,,,,
Sweden,2009,"11",51,,,,
Sweden,2009,"11",7,,,,
Sweden,2009,"12",3,,,,
Sweden,2009,"12",3,,,,
Sweden,2009,"12",2,,,,
Sweden,2009,"12",5,,,,
Sweden,2010,"01",4,,,,
Sweden,2010,"01",3,,,,
Sweden,2010,"01",2,,,,
Sweden,2010,"01",2,,,,
Sweden,2010,"01",3,,,,
Sweden,2010,"02",3,,,,
Sweden,2010,"02",3,,,,
Sweden,2010,"02",2,,,,
Sweden,2010,"02",2,,,,
Sweden,2010,"03",2,,,,
Sweden,2010,"03",2,,,,
Sweden,2010,"03",3,,,,
Sweden,2010,"03",3,,,,
Sweden,2010,"04",2,,,,
Sweden,2010,"04",2,,,,
Sweden,2010,"04",2,,,,
Sweden,2010,"04",2,,,,
Sweden,2010,"05",1,,,,
Sweden,2010,"05",1,,,,
Sweden,2010,"05",2,,,,
Sweden,2010,"05",1,,,,
Sweden,2010,"05",1,,,,
Sweden,2010,"06",1,,,,
Sweden,2010,"06",1,,,,
Sweden,2010,"06",1,,,,
Sweden,2010,"06",1,,,,
Sweden,2010,"07",1,,,,
Sweden,2010,"07",1,,,,
Sweden,2010,"07",1,,,,
Sweden,2010,"07",1,,,,
Sweden,2010,"08",1,,,,
Sweden,2010,"08",1,,,,
Sweden,2010,"08",2,,,,
Sweden,2010,"08",2,,,,
Sweden,2010,"08",1,,,,
Sweden,2010,"09",2,,,,
Sweden,2010,"09",2,,,,
Sweden,2010,"09",2,,,,
Sweden,2010,"09",2,,,,
Sweden,2010,"10",2,,,,
Sweden,2010,"10",2,,,,
Sweden,2010,"10",2,,,,
Sweden,2010,"10",3,,,,
Sweden,2010,"10",2,,,,
Sweden,2010,"11",2,,,,
Sweden,2010,"11",2,,,,
Sweden,2010,"11",3,,,,
Sweden,2010,"11",3,,,,
Sweden,2010,"12",5,,,,
Sweden,2010,"12",4,,,,
Sweden,2010,"12",3,,,,
Sweden,2010,"12",2,,,,
Sweden,2011,"01",7,,,,
Sweden,2011,"01",9,,,,
Sweden,2011,"01",10,,,,
Sweden,2011,"01",8,,,,
Sweden,2011,"01",7,,,,
Sweden,2011,"02",14,,,,
Sweden,2011,"02",15,,,,
Sweden,2011,"02",14,,,,
Sweden,2011,"02",16,,,,
Sweden,2011,"03",10,,,,
Sweden,2011,"03",8,,,,
Sweden,2011,"03",6,,,,
Sweden,2011,"03",4,,,,
Sweden,2011,"04",2,,,,
Sweden,2011,"04",2,,,,
Sweden,2011,"04",1,,,,
Sweden,2011,"04",3,,,,
Sweden,2011,"05",1,,,,
Sweden,2011,"05",1,,,,
Sweden,2011,"05",1,,,,
Sweden,2011,"05",1,,,,
Sweden,2011,"05",1,,,,
Sweden,2011,"06",1,,,,
Sweden,2011,"06",1,,,,
Sweden,2011,"06",0,,,,
Sweden,2011,"06",1,,,,
Sweden,2011,"07",0,,,,
Sweden,2011,"07",1,,,,
Sweden,2011,"07",1,,,,
Sweden,2011,"07",1,,,,
Sweden,2011,"07",1,,,,
Sweden,2011,"08",1,,,,
Sweden,2011,"08",1,,,,
Sweden,2011,"08",1,,,,
Sweden,2011,"08",1,,,,
Sweden,2011,"09",1,,,,
Sweden,2011,"09",2,,,,
Sweden,2011,"09",1,,,,
Sweden,2011,"09",1,,,,
Sweden,2011,"10",3,,,,
Sweden,2011,"10",2,,,,
Sweden,2011,"10",3,,,,
Sweden,2011,"10",2,,,,
Sweden,2011,"10",3,,,,
Sweden,2011,"11",4,,,,
Sweden,2011,"11",4,,,,
Sweden,2011,"11",3,,,,
Sweden,2011,"11",4,,,,
Sweden,2011,"12",4,,,,
Sweden,2011,"12",5,,,,
Sweden,2011,"12",3,,,,
Sweden,2011,"12",4,,,,
Sweden,2012,"01",4,,,,
Sweden,2012,"01",8,,,,
Sweden,2012,"01",4,,,,
Sweden,2012,"01",5,,,,
Sweden,2012,"01",4,,,,
Sweden,2012,"02",11,,,,
Sweden,2012,"02",34,,,,
Sweden,2012,"02",17,,,,
Sweden,2012,"02",23,,,,
Sweden,2012,"03",50,,,,
Sweden,2012,"03",20,,,,
Sweden,2012,"03",45,,,,
Sweden,2012,"03",12,,,,
Sweden,2012,"04",7,,,,
Sweden,2012,"04",2,,,,
Sweden,2012,"04",4,,,,
Sweden,2012,"04",5,,,,
Sweden,2012,"04",2,,,,
Sweden,2012,"05",2,,,,
Sweden,2012,"05",2,,,,
Sweden,2012,"05",1,,,,
Sweden,2012,"05",2,,,,
Sweden,2012,"06",1,,,,
Sweden,2012,"06",1,,,,
Sweden,2012,"06",1,,,,
Sweden,2012,"06",1,,,,
Sweden,2012,"07",1,,,,
Sweden,2012,"07",1,,,,
Sweden,2012,"07",1,,,,
Sweden,2012,"07",1,,,,
Sweden,2012,"07",1,,,,
Sweden,2012,"08",1,,,,
Sweden,2012,"08",2,,,,
Sweden,2012,"08",1,,,,
Sweden,2012,"08",1,,,,
Sweden,2012,"09",3,,,,
Sweden,2012,"09",3,,,,
Sweden,2012,"09",4,,,,
Sweden,2012,"09",2,,,,
Sweden,2012,"09",3,,,,
Sweden,2012,"10",3,,,,
Sweden,2012,"10",2,,,,
Sweden,2012,"10",3,,,,
Sweden,2012,"10",3,,,,
Sweden,2012,"11",3,,,,
Sweden,2012,"11",4,,,,
Sweden,2012,"11",3,,,,
Sweden,2012,"11",5,,,,
Sweden,2012,"12",20,,,,
Sweden,2012,"12",6,,,,
Sweden,2012,"12",10,,,,
Sweden,2012,"12",6,,,,
Sweden,2012,"12",7,,,,
Sweden,2013,"01",28,,,,
Sweden,2013,"01",71,,,,
Sweden,2013,"01",25,,,,
Sweden,2013,"01",17,,,,
Sweden,2013,"02",42,,,,
Sweden,2013,"02",73,,,,
Sweden,2013,"02",67,,,,
Sweden,2013,"02",30,,,,
Sweden,2013,"03",19,,,,
Sweden,2013,"03",13,,,,
Sweden,2013,"03",16,,,,
Sweden,2013,"03",15,,,,
Sweden,2013,"03",27,,,,
Sweden,2013,"04",4,,,,
Sweden,2013,"04",5,,,,
Sweden,2013,"04",3,,,,
Sweden,2013,"04",10,,,,
Sweden,2013,"05",2,,,,
Sweden,2013,"05",2,,,,
Sweden,2013,"05",2,,,,
Sweden,2013,"05",3,,,,
Sweden,2013,"06",2,,,,
Sweden,2013,"06",2,,,,
Sweden,2013,"06",1,,,,
Sweden,2013,"06",1,,,,
Sweden,2013,"06",1,,,,
Sweden,2013,"07",1,,,,
Sweden,2013,"07",1,,,,
Sweden,2013,"07",1,,,,
Sweden,2013,"07",1,,,,
Sweden,2013,"08",2,,,,
Sweden,2013,"08",1,,,,
Sweden,2013,"08",2,,,,
Sweden,2013,"08",1,,,,
Sweden,2013,"09",3,,,,
Sweden,2013,"09",2,,,,
Sweden,2013,"09",2,,,,
Sweden,2013,"09",3,,,,
Sweden,2013,"09",3,,,,
Sweden,2013,"10",3,,,,
Sweden,2013,"10",3,,,,
Sweden,2013,"10",4,,,,
Sweden,2013,"10",2,,,,
Sweden,2013,"11",4,,,,
Sweden,2013,"11",4,,,,
Sweden,2013,"11",4,,,,
Sweden,2013,"11",4,,,,
Sweden,2013,"12",5,,,,
Sweden,2013,"12",4,,,,
Sweden,2013,"12",5,,,,
Sweden,2013,"12",5,,,,
Sweden,2013,"12",5,,,,
Sweden,2014,"01",12,,,,
Sweden,2014,"01",5,,,,
Sweden,2014,"01",6,,,,
Sweden,2014,"01",7,,,,
Sweden,2014,"02",15,,,,
Sweden,2014,"02",12,,,,
Sweden,2014,"02",18,,,,
Sweden,2014,"02",19,,,,
Sweden,2014,"03",8,,,,
Sweden,2014,"03",5,,,,
Sweden,2014,"03",9,,,,
Sweden,2014,"03",6,,,,
Sweden,2014,"03",9,,,,
Sweden,2014,"04",4,,,,
Sweden,2014,"04",6,,,,
Sweden,2014,"04",5,,,,
Sweden,2014,"04",3,,,,
Sweden,2014,"05",3,,,,
Sweden,2014,"05",2,,,,
Sweden,2014,"05",3,,,,
Sweden,2014,"05",3,,,,
Sweden,2014,"06",2,,,,
Sweden,2014,"06",2,,,,
Sweden,2014,"06",2,,,,
Sweden,2014,"06",2,,,,
Sweden,2014,"06",2,,,,
Sweden,2014,"07",2,,,,
Sweden,2014,"07",1,,,,
Sweden,2014,"07",2,,,,
Sweden,2014,"07",2,,,,
Sweden,2014,"08",2,,,,
Sweden,2014,"08",1,,,,
Sweden,2014,"08",2,,,,
Sweden,2014,"08",4,,,,
Sweden,2014,"08",4,,,,
Sweden,2014,"09",4,,,,
Sweden,2014,"09",4,,,,
Sweden,2014,"09",3,,,,
Sweden,2014,"09",3,,,,
Sweden,2014,"10",4,,,,
Sweden,2014,"10",4,,,,
Sweden,2014,"10",4,,,,
Sweden,2014,"10",4,,,,
Sweden,2014,"11",5,,,,
Sweden,2014,"11",4,,,,
Sweden,2014,"11",5,,,,
Sweden,2014,"11",4,,,,
Sweden,2014,"11",5,,,,
Sweden,2014,"12",6,,,,
Sweden,2014,"12",6,,,,
Sweden,2014,"12",7,,,,
Sweden,2014,"12",4,,,,
Sweden,2015,"01",6,,,,
Sweden,2015,"01",7,,,,
Sweden,2015,"01",12,,,,
Sweden,2015,"01",8,,,,
Sweden,2015,"02",17,,,,
Sweden,2015,"02",30,,,,
Sweden,2015,"02",33,,,,
Sweden,2015,"02",28,,,,
Sweden,2015,"03",26,,,,
Sweden,2015,"03",21,,,,
Sweden,2015,"03",19,,,,
Sweden,2015,"03",30,,,,
Sweden,2015,"03",23,,,,
Sweden,2015,"04",15,,,,
Sweden,2015,"04",4,,,,
Sweden,2015,"04",10,,,,
Sweden,2015,"04",7,,,,
Sweden,2015,"05",4,,,,
Sweden,2015,"05",5,,,,
Sweden,2015,"05",2,,,,
Sweden,2015,"05",2,,,,
Sweden,2015,"05",3,,,,
Sweden,2015,"06",2,,,,
Sweden,2015,"06",2,,,,
Sweden,2015,"06",1,,,,
Sweden,2015,"06",1,,,,
Sweden,2015,"07",2,,,,
Sweden,2015,"07",1,,,,
Sweden,2015,"07",1,,,,
Sweden,2015,"07",2,,,,
Sweden,2015,"08",2,,,,
Sweden,2015,"08",2,,,,
Switzerland,2002,"12",,,,,
Switzerland,2003,"01",,,,,
Switzerland,2003,"01",,,,,
Switzerland,2003,"01",,,,,
Switzerland,2003,"01",,,,,
Switzerland,2003,"02",,,,,
Switzerland,2003,"02",,,,,
Switzerland,2003,"02",,,,,
Switzerland,2003,"02",,,,,
Switzerland,2003,"03",,,,,
Switzerland,2003,"03",,,,,
Switzerland,2003,"03",,,,,
Switzerland,2003,"03",,,,,
Switzerland,2003,"03",,,,,
Switzerland,2003,"04",,,,,
Switzerland,2003,"04",,,,,
Switzerland,2003,"04",,,,,
Switzerland,2003,"04",,,,,
Switzerland,2003,"05",,,,,
Switzerland,2003,"05",,,,,
Switzerland,2003,"05",,,,,
Switzerland,2003,"05",,,,,
Switzerland,2003,"06",,,,,
Switzerland,2003,"06",,,,,
Switzerland,2003,"06",,,,,
Switzerland,2003,"06",,,,,
Switzerland,2003,"06",,,,,
Switzerland,2003,"07",,,,,
Switzerland,2003,"07",,,,,
Switzerland,2003,"07",,,,,
Switzerland,2003,"07",,,,,
Switzerland,2003,"08",,,,,
Switzerland,2003,"08",,,,,
Switzerland,2003,"08",,,,,
Switzerland,2003,"08",,,,,
Switzerland,2003,"08",,,,,
Switzerland,2003,"09",,,,,
Switzerland,2003,"09",,,,,
Switzerland,2003,"09",,,,,
Switzerland,2003,"09",,,,,
Switzerland,2003,"10",,,,,
Switzerland,2003,"10",,,,,
Switzerland,2003,"10",,,,,
Switzerland,2003,"10",,,,,
Switzerland,2003,"11",20,,,,
Switzerland,2003,"11",42,,,,
Switzerland,2003,"11",19,,,,
Switzerland,2003,"11",20,,,,
Switzerland,2003,"11",17,,,,
Switzerland,2003,"12",504,,,,
Switzerland,2003,"12",187,,,,
Switzerland,2003,"12",303,,,,
Switzerland,2003,"12",110,,,,
Switzerland,2004,"01",252,,,,
Switzerland,2004,"01",82,,,,
Switzerland,2004,"01",354,,,,
Switzerland,2004,"01",133,,,,
Switzerland,2004,"02",24,,,,
Switzerland,2004,"02",53,,,,
Switzerland,2004,"02",20,,,,
Switzerland,2004,"02",37,,,,
Switzerland,2004,"02",29,,,,
Switzerland,2004,"03",17,,,,
Switzerland,2004,"03",15,,,,
Switzerland,2004,"03",16,,,,
Switzerland,2004,"03",13,,,,
Switzerland,2004,"04",12,,,,
Switzerland,2004,"04",9,,,,
Switzerland,2004,"04",11,,,,
Switzerland,2004,"04",12,,,,
Switzerland,2004,"05",6,,,,
Switzerland,2004,"05",7,,,,
Switzerland,2004,"05",8,,,,
Switzerland,2004,"05",6,,,,
Switzerland,2004,"05",8,,,,
Switzerland,2004,"06",6,,,,
Switzerland,2004,"06",6,,,,
Switzerland,2004,"06",6,,,,
Switzerland,2004,"06",6,,,,
Switzerland,2004,"07",6,,,,
Switzerland,2004,"07",7,,,,
Switzerland,2004,"07",6,,,,
Switzerland,2004,"07",7,,,,
Switzerland,2004,"08",7,,,,
Switzerland,2004,"08",6,,,,
Switzerland,2004,"08",6,,,,
Switzerland,2004,"08",7,,,,
Switzerland,2004,"08",7,,,,
Switzerland,2004,"09",8,,,,
Switzerland,2004,"09",8,,,,
Switzerland,2004,"09",8,,,,
Switzerland,2004,"09",11,,,,
Switzerland,2004,"10",16,,,,
Switzerland,2004,"10",11,,,,
Switzerland,2004,"10",15,,,,
Switzerland,2004,"10",12,,,,
Switzerland,2004,"10",19,,,,
Switzerland,2004,"11",29,,,,
Switzerland,2004,"11",39,,,,
Switzerland,2004,"11",34,,,,
Switzerland,2004,"11",38,,,,
Switzerland,2004,"12",38,,,,
Switzerland,2004,"12",35,,,,
Switzerland,2004,"12",34,,,,
Switzerland,2004,"12",38,,,,
Switzerland,2005,"01",497,,,,
Switzerland,2005,"01",134,,,,
Switzerland,2005,"01",320,,,,
Switzerland,2005,"01",260,,,,
Switzerland,2005,"01",53,,,,
Switzerland,2005,"02",350,,,,
Switzerland,2005,"02",166,,,,
Switzerland,2005,"02",628,,,,
Switzerland,2005,"02",515,,,,
Switzerland,2005,"03",45,,,,
Switzerland,2005,"03",117,,,,
Switzerland,2005,"03",30,,,,
Switzerland,2005,"03",78,,,,
Switzerland,2005,"04",14,,,,
Switzerland,2005,"04",13,,,,
Switzerland,2005,"04",17,,,,
Switzerland,2005,"04",22,,,,
Switzerland,2005,"05",11,,,,
Switzerland,2005,"05",11,,,,
Switzerland,2005,"05",10,,,,
Switzerland,2005,"05",11,,,,
Switzerland,2005,"05",11,,,,
Switzerland,2005,"06",9,,,,
Switzerland,2005,"06",11,,,,
Switzerland,2005,"06",9,,,,
Switzerland,2005,"06",11,,,,
Switzerland,2005,"07",10,,,,
Switzerland,2005,"07",10,,,,
Switzerland,2005,"07",9,,,,
Switzerland,2005,"07",10,,,,
Switzerland,2005,"07",9,,,,
Switzerland,2005,"08",9,,,,
Switzerland,2005,"08",9,,,,
Switzerland,2005,"08",7,,,,
Switzerland,2005,"08",9,,,,
Switzerland,2005,"09",11,,,,
Switzerland,2005,"09",13,,,,
Switzerland,2005,"09",10,,,,
Switzerland,2005,"09",14,,,,
Switzerland,2005,"10",19,,,,
Switzerland,2005,"10",25,,,,
Switzerland,2005,"10",34,,,,
Switzerland,2005,"10",31,,,,
Switzerland,2005,"10",36,,,,
Switzerland,2005,"11",35,,,,
Switzerland,2005,"11",24,,,,
Switzerland,2005,"11",27,,,,
Switzerland,2005,"11",26,,,,
Switzerland,2005,"12",21,,,,
Switzerland,2005,"12",30,,,,
Switzerland,2005,"12",34,,,,
Switzerland,2005,"12",24,,,,
Switzerland,2006,"01",39,,,,
Switzerland,2006,"01",28,,,,
Switzerland,2006,"01",42,,,,
Switzerland,2006,"01",33,,,,
Switzerland,2006,"01",38,,,,
Switzerland,2006,"02",129,,,,
Switzerland,2006,"02",75,,,,
Switzerland,2006,"02",97,,,,
Switzerland,2006,"02",64,,,,
Switzerland,2006,"03",148,,,,
Switzerland,2006,"03",139,,,,
Switzerland,2006,"03",86,,,,
Switzerland,2006,"03",138,,,,
Switzerland,2006,"04",33,,,,
Switzerland,2006,"04",15,,,,
Switzerland,2006,"04",14,,,,
Switzerland,2006,"04",25,,,,
Switzerland,2006,"04",48,,,,
Switzerland,2006,"05",9,,,,
Switzerland,2006,"05",10,,,,
Switzerland,2006,"05",12,,,,
Switzerland,2006,"05",14,,,,
Switzerland,2006,"06",8,,,,
Switzerland,2006,"06",10,,,,
Switzerland,2006,"06",9,,,,
Switzerland,2006,"06",8,,,,
Switzerland,2006,"07",8,,,,
Switzerland,2006,"07",9,,,,
Switzerland,2006,"07",10,,,,
Switzerland,2006,"07",10,,,,
Switzerland,2006,"07",8,,,,
Switzerland,2006,"08",10,,,,
Switzerland,2006,"08",12,,,,
Switzerland,2006,"08",10,,,,
Switzerland,2006,"08",8,,,,
Switzerland,2006,"09",15,,,,
Switzerland,2006,"09",16,,,,
Switzerland,2006,"09",18,,,,
Switzerland,2006,"09",13,,,,
Switzerland,2006,"10",19,,,,
Switzerland,2006,"10",15,,,,
Switzerland,2006,"10",19,,,,
Switzerland,2006,"10",19,,,,
Switzerland,2006,"10",23,,,,
Switzerland,2006,"11",25,,,,
Switzerland,2006,"11",21,,,,
Switzerland,2006,"11",32,,,,
Switzerland,2006,"11",31,,,,
Switzerland,2006,"12",27,,,,
Switzerland,2006,"12",47,,,,
Switzerland,2006,"12",32,,,,
Switzerland,2006,"12",26,,,,
Switzerland,2006,"12",27,,,,
Switzerland,2007,"01",90,,,,
Switzerland,2007,"01",65,,,,
Switzerland,2007,"01",45,,,,
Switzerland,2007,"01",188,,,,
Switzerland,2007,"02",322,,,,
Switzerland,2007,"02",339,,,,
Switzerland,2007,"02",183,,,,
Switzerland,2007,"02",395,,,,
Switzerland,2007,"03",61,,,,
Switzerland,2007,"03",30,,,,
Switzerland,2007,"03",131,,,,
Switzerland,2007,"03",45,,,,
Switzerland,2007,"04",10,,,,
Switzerland,2007,"04",15,,,,
Switzerland,2007,"04",9,,,,
Switzerland,2007,"04",22,,,,
Switzerland,2007,"04",11,,,,
Switzerland,2007,"05",11,,,,
Switzerland,2007,"05",14,,,,
Switzerland,2007,"05",14,,,,
Switzerland,2007,"05",13,,,,
Switzerland,2007,"06",12,,,,
Switzerland,2007,"06",14,,,,
Switzerland,2007,"06",16,,,,
Switzerland,2007,"06",10,,,,
Switzerland,2007,"07",12,,,,
Switzerland,2007,"07",13,,,,
Switzerland,2007,"07",11,,,,
Switzerland,2007,"07",15,,,,
Switzerland,2007,"07",13,,,,
Switzerland,2007,"08",9,,,,
Switzerland,2007,"08",8,,,,
Switzerland,2007,"08",12,,,,
Switzerland,2007,"08",8,,,,
Switzerland,2007,"09",26,,,,
Switzerland,2007,"09",30,,,,
Switzerland,2007,"09",18,,,,
Switzerland,2007,"09",16,,,,
Switzerland,2007,"09",23,,,,
Switzerland,2007,"10",21,,,,
Switzerland,2007,"10",20,,,,
Switzerland,2007,"10",30,,,,
Switzerland,2007,"10",21,,,,
Switzerland,2007,"11",24,,,,
Switzerland,2007,"11",32,,,,
Switzerland,2007,"11",33,,,,
Switzerland,2007,"11",33,,,,
Switzerland,2007,"12",63,,,,
Switzerland,2007,"12",107,,,,
Switzerland,2007,"12",57,,,,
Switzerland,2007,"12",240,,,,
Switzerland,2007,"12",39,,,,
Switzerland,2008,"01",291,,,,
Switzerland,2008,"01",389,,,,
Switzerland,2008,"01",310,,,,
Switzerland,2008,"01",379,,,,
Switzerland,2008,"02",100,,,,
Switzerland,2008,"02",140,,,,
Switzerland,2008,"02",157,,,,
Switzerland,2008,"02",193,,,,
Switzerland,2008,"03",41,,,,
Switzerland,2008,"03",91,,,,
Switzerland,2008,"03",76,,,,
Switzerland,2008,"03",59,,,,
Switzerland,2008,"03",54,,,,
Switzerland,2008,"04",33,,,,
Switzerland,2008,"04",16,,,,
Switzerland,2008,"04",23,,,,
Switzerland,2008,"04",19,,,,
Switzerland,2008,"05",10,,,,
Switzerland,2008,"05",9,,,,
Switzerland,2008,"05",13,,,,
Switzerland,2008,"05",10,,,,
Switzerland,2008,"06",10,,,,
Switzerland,2008,"06",12,,,,
Switzerland,2008,"06",19,,,,
Switzerland,2008,"06",16,,,,
Switzerland,2008,"06",14,,,,
Switzerland,2008,"07",7,,,,
Switzerland,2008,"07",10,,,,
Switzerland,2008,"07",10,,,,
Switzerland,2008,"07",8,,,,
Switzerland,2008,"08",8,,,,
Switzerland,2008,"08",8,,,,
Switzerland,2008,"08",13,,,,
Switzerland,2008,"08",11,,,,
Switzerland,2008,"08",10,,,,
Switzerland,2008,"09",15,,,,
Switzerland,2008,"09",26,,,,
Switzerland,2008,"09",31,,,,
Switzerland,2008,"09",30,,,,
Switzerland,2008,"10",23,,,,
Switzerland,2008,"10",28,,,,
Switzerland,2008,"10",27,,,,
Switzerland,2008,"10",24,,,,
Switzerland,2008,"11",48,,,,
Switzerland,2008,"11",37,,,,
Switzerland,2008,"11",40,,,,
Switzerland,2008,"11",25,,,,
Switzerland,2008,"11",42,,,,
Switzerland,2008,"12",42,,,,
Switzerland,2008,"12",54,,,,
Switzerland,2008,"12",213,,,,
Switzerland,2008,"12",71,,,,
Switzerland,2009,"01",293,,,,
Switzerland,2009,"01",578,,,,
Switzerland,2009,"01",527,,,,
Switzerland,2009,"01",476,,,,
Switzerland,2009,"02",113,,,,
Switzerland,2009,"02",385,,,,
Switzerland,2009,"02",200,,,,
Switzerland,2009,"02",132,,,,
Switzerland,2009,"03",61,,,,
Switzerland,2009,"03",36,,,,
Switzerland,2009,"03",48,,,,
Switzerland,2009,"03",76,,,,
Switzerland,2009,"03",71,,,,
Switzerland,2009,"04",25,,,,
Switzerland,2009,"04",52,,,,
Switzerland,2009,"04",16,,,,
Switzerland,2009,"04",16,,,,
Switzerland,2009,"05",18,,,,
Switzerland,2009,"05",20,,,,
Switzerland,2009,"05",14,,,,
Switzerland,2009,"05",38,,,,
Switzerland,2009,"05",15,,,,
Switzerland,2009,"06",16,,,,
Switzerland,2009,"06",16,,,,
Switzerland,2009,"06",13,,,,
Switzerland,2009,"06",14,,,,
Switzerland,2009,"07",83,,,,
Switzerland,2009,"07",23,,,,
Switzerland,2009,"07",28,,,,
Switzerland,2009,"07",60,,,,
Switzerland,2009,"08",60,,,,
Switzerland,2009,"08",86,,,,
Switzerland,2009,"08",52,,,,
Switzerland,2009,"08",80,,,,
Switzerland,2009,"08",114,,,,
Switzerland,2009,"09",43,,,,
Switzerland,2009,"09",54,,,,
Switzerland,2009,"09",53,,,,
Switzerland,2009,"09",67,,,,
Switzerland,2009,"10",63,,,,
Switzerland,2009,"10",57,,,,
Switzerland,2009,"10",50,,,,
Switzerland,2009,"10",46,,,,
Switzerland,2009,"11",189,,,,
Switzerland,2009,"11",140,,,,
Switzerland,2009,"11",204,,,,
Switzerland,2009,"11",262,,,,
Switzerland,2009,"11",231,,,,
Switzerland,2009,"12",186,,,,
Switzerland,2009,"12",124,,,,
Switzerland,2009,"12",153,,,,
Switzerland,2009,"12",59,,,,
Switzerland,2010,"01",33,,,,
Switzerland,2010,"01",27,,,,
Switzerland,2010,"01",30,,,,
Switzerland,2010,"01",45,,,,
Switzerland,2010,"01",31,,,,
Switzerland,2010,"02",26,,,,
Switzerland,2010,"02",16,,,,
Switzerland,2010,"02",21,,,,
Switzerland,2010,"02",29,,,,
Switzerland,2010,"03",15,,,,
Switzerland,2010,"03",12,,,,
Switzerland,2010,"03",14,,,,
Switzerland,2010,"03",10,,,,
Switzerland,2010,"04",9,,,,
Switzerland,2010,"04",10,,,,
Switzerland,2010,"04",7,,,,
Switzerland,2010,"04",6,,,,
Switzerland,2010,"05",7,,,,
Switzerland,2010,"05",10,,,,
Switzerland,2010,"05",6,,,,
Switzerland,2010,"05",5,,,,
Switzerland,2010,"05",8,,,,
Switzerland,2010,"06",7,,,,
Switzerland,2010,"06",9,,,,
Switzerland,2010,"06",6,,,,
Switzerland,2010,"06",6,,,,
Switzerland,2010,"07",8,,,,
Switzerland,2010,"07",7,,,,
Switzerland,2010,"07",8,,,,
Switzerland,2010,"07",7,,,,
Switzerland,2010,"08",9,,,,
Switzerland,2010,"08",7,,,,
Switzerland,2010,"08",9,,,,
Switzerland,2010,"08",13,,,,
Switzerland,2010,"08",16,,,,
Switzerland,2010,"09",17,,,,
Switzerland,2010,"09",26,,,,
Switzerland,2010,"09",21,,,,
Switzerland,2010,"09",21,,,,
Switzerland,2010,"10",19,,,,
Switzerland,2010,"10",19,,,,
Switzerland,2010,"10",21,,,,
Switzerland,2010,"10",24,,,,
Switzerland,2010,"10",19,,,,
Switzerland,2010,"11",24,,,,
Switzerland,2010,"11",27,,,,
Switzerland,2010,"11",20,,,,
Switzerland,2010,"11",25,,,,
Switzerland,2010,"12",28,,,,
Switzerland,2010,"12",139,,,,
Switzerland,2010,"12",45,,,,
Switzerland,2010,"12",60,,,,
Switzerland,2011,"01",189,,,,
Switzerland,2011,"01",180,,,,
Switzerland,2011,"01",202,,,,
Switzerland,2011,"01",231,,,,
Switzerland,2011,"01",190,,,,
Switzerland,2011,"02",158,,,,
Switzerland,2011,"02",219,,,,
Switzerland,2011,"02",99,,,,
Switzerland,2011,"02",82,,,,
Switzerland,2011,"03",49,,,,
Switzerland,2011,"03",41,,,,
Switzerland,2011,"03",25,,,,
Switzerland,2011,"03",69,,,,
Switzerland,2011,"04",11,,,,
Switzerland,2011,"04",7,,,,
Switzerland,2011,"04",12,,,,
Switzerland,2011,"04",15,,,,
Switzerland,2011,"05",8,,,,
Switzerland,2011,"05",9,,,,
Switzerland,2011,"05",6,,,,
Switzerland,2011,"05",8,,,,
Switzerland,2011,"05",6,,,,
Switzerland,2011,"06",6,,,,
Switzerland,2011,"06",5,,,,
Switzerland,2011,"06",6,,,,
Switzerland,2011,"06",5,,,,
Switzerland,2011,"07",5,,,,
Switzerland,2011,"07",5,,,,
Switzerland,2011,"07",4,,,,
Switzerland,2011,"07",5,,,,
Switzerland,2011,"07",6,,,,
Switzerland,2011,"08",4,,,,
Switzerland,2011,"08",3,,,,
Switzerland,2011,"08",4,,,,
Switzerland,2011,"08",4,,,,
Switzerland,2011,"09",17,,,,
Switzerland,2011,"09",7,,,,
Switzerland,2011,"09",10,,,,
Switzerland,2011,"09",8,,,,
Switzerland,2011,"10",15,,,,
Switzerland,2011,"10",21,,,,
Switzerland,2011,"10",26,,,,
Switzerland,2011,"10",21,,,,
Switzerland,2011,"10",14,,,,
Switzerland,2011,"11",37,,,,
Switzerland,2011,"11",28,,,,
Switzerland,2011,"11",35,,,,
Switzerland,2011,"11",33,,,,
Switzerland,2011,"12",36,,,,
Switzerland,2011,"12",42,,,,
Switzerland,2011,"12",48,,,,
Switzerland,2011,"12",38,,,,
Switzerland,2012,"01",62,,,,
Switzerland,2012,"01",61,,,,
Switzerland,2012,"01",86,,,,
Switzerland,2012,"01",50,,,,
Switzerland,2012,"01",40,,,,
Switzerland,2012,"02",204,,,,
Switzerland,2012,"02",203,,,,
Switzerland,2012,"02",106,,,,
Switzerland,2012,"02",159,,,,
Switzerland,2012,"03",173,,,,
Switzerland,2012,"03",100,,,,
Switzerland,2012,"03",64,,,,
Switzerland,2012,"03",131,,,,
Switzerland,2012,"04",23,,,,
Switzerland,2012,"04",33,,,,
Switzerland,2012,"04",15,,,,
Switzerland,2012,"04",43,,,,
Switzerland,2012,"04",32,,,,
Switzerland,2012,"05",16,,,,
Switzerland,2012,"05",15,,,,
Switzerland,2012,"05",15,,,,
Switzerland,2012,"05",14,,,,
Switzerland,2012,"06",14,,,,
Switzerland,2012,"06",15,,,,
Switzerland,2012,"06",11,,,,
Switzerland,2012,"06",17,,,,
Switzerland,2012,"07",14,,,,
Switzerland,2012,"07",13,,,,
Switzerland,2012,"07",16,,,,
Switzerland,2012,"07",17,,,,
Switzerland,2012,"07",11,,,,
Switzerland,2012,"08",19,,,,
Switzerland,2012,"08",12,,,,
Switzerland,2012,"08",15,,,,
Switzerland,2012,"08",15,,,,
Switzerland,2012,"09",46,,,,
Switzerland,2012,"09",36,,,,
Switzerland,2012,"09",38,,,,
Switzerland,2012,"09",29,,,,
Switzerland,2012,"09",39,,,,
Switzerland,2012,"10",39,,,,
Switzerland,2012,"10",39,,,,
Switzerland,2012,"10",40,,,,
Switzerland,2012,"10",45,,,,
Switzerland,2012,"11",37,,,,
Switzerland,2012,"11",42,,,,
Switzerland,2012,"11",50,,,,
Switzerland,2012,"11",35,,,,
Switzerland,2012,"12",209,,,,
Switzerland,2012,"12",49,,,,
Switzerland,2012,"12",56,,,,
Switzerland,2012,"12",95,,,,
Switzerland,2012,"12",186,,,,
Switzerland,2013,"01",719,,,,
Switzerland,2013,"01",392,,,,
Switzerland,2013,"01",598,,,,
Switzerland,2013,"01",280,,,,
Switzerland,2013,"02",669,,,,
Switzerland,2013,"02",400,,,,
Switzerland,2013,"02",537,,,,
Switzerland,2013,"02",687,,,,
Switzerland,2013,"03",262,,,,
Switzerland,2013,"03",133,,,,
Switzerland,2013,"03",84,,,,
Switzerland,2013,"03",89,,,,
Switzerland,2013,"03",167,,,,
Switzerland,2013,"04",23,,,,
Switzerland,2013,"04",54,,,,
Switzerland,2013,"04",30,,,,
Switzerland,2013,"04",26,,,,
Switzerland,2013,"05",31,,,,
Switzerland,2013,"05",27,,,,
Switzerland,2013,"05",23,,,,
Switzerland,2013,"05",27,,,,
Switzerland,2013,"06",21,,,,
Switzerland,2013,"06",24,,,,
Switzerland,2013,"06",29,,,,
Switzerland,2013,"06",20,,,,
Switzerland,2013,"06",17,,,,
Switzerland,2013,"07",23,,,,
Switzerland,2013,"07",26,,,,
Switzerland,2013,"07",19,,,,
Switzerland,2013,"07",21,,,,
Switzerland,2013,"08",25,,,,
Switzerland,2013,"08",21,,,,
Switzerland,2013,"08",27,,,,
Switzerland,2013,"08",27,,,,
Switzerland,2013,"09",44,,,,
Switzerland,2013,"09",33,,,,
Switzerland,2013,"09",40,,,,
Switzerland,2013,"09",46,,,,
Switzerland,2013,"09",35,,,,
Switzerland,2013,"10",41,,,,
Switzerland,2013,"10",32,,,,
Switzerland,2013,"10",35,,,,
Switzerland,2013,"10",41,,,,
Switzerland,2013,"11",40,,,,
Switzerland,2013,"11",40,,,,
Switzerland,2013,"11",52,,,,
Switzerland,2013,"11",43,,,,
Switzerland,2013,"12",57,,,,
Switzerland,2013,"12",54,,,,
Switzerland,2013,"12",71,,,,
Switzerland,2013,"12",72,,,,
Switzerland,2013,"12",45,,,,
Switzerland,2014,"01",171,,,,
Switzerland,2014,"01",87,,,,
Switzerland,2014,"01",122,,,,
Switzerland,2014,"01",84,,,,
Switzerland,2014,"02",251,,,,
Switzerland,2014,"02",257,,,,
Switzerland,2014,"02",257,,,,
Switzerland,2014,"02",196,,,,
Switzerland,2014,"03",90,,,,
Switzerland,2014,"03",59,,,,
Switzerland,2014,"03",188,,,,
Switzerland,2014,"03",141,,,,
Switzerland,2014,"03",98,,,,
Switzerland,2014,"04",48,,,,
Switzerland,2014,"04",31,,,,
Switzerland,2014,"04",35,,,,
Switzerland,2014,"04",27,,,,
Switzerland,2014,"05",27,,,,
Switzerland,2014,"05",29,,,,
Switzerland,2014,"05",23,,,,
Switzerland,2014,"05",29,,,,
Switzerland,2014,"06",22,,,,
Switzerland,2014,"06",20,,,,
Switzerland,2014,"06",18,,,,
Switzerland,2014,"06",24,,,,
Switzerland,2014,"06",17,,,,
Switzerland,2014,"07",26,,,,
Switzerland,2014,"07",21,,,,
Switzerland,2014,"07",21,,,,
Switzerland,2014,"07",26,,,,
Switzerland,2014,"08",32,,,,
Switzerland,2014,"08",25,,,,
Switzerland,2014,"08",41,,,,
Switzerland,2014,"08",32,,,,
Switzerland,2014,"08",46,,,,
Switzerland,2014,"09",48,,,,
Switzerland,2014,"09",48,,,,
Switzerland,2014,"09",49,,,,
Switzerland,2014,"09",45,,,,
Switzerland,2014,"10",62,,,,
Switzerland,2014,"10",53,,,,
Switzerland,2014,"10",46,,,,
Switzerland,2014,"10",52,,,,
Switzerland,2014,"11",84,,,,
Switzerland,2014,"11",85,,,,
Switzerland,2014,"11",78,,,,
Switzerland,2014,"11",76,,,,
Switzerland,2014,"11",77,,,,
Switzerland,2014,"12",100,,,,
Switzerland,2014,"12",158,,,,
Switzerland,2014,"12",92,,,,
Switzerland,2014,"12",96,,,,
Switzerland,2015,"01",452,,,,
Switzerland,2015,"01",220,,,,
Switzerland,2015,"01",684,,,,
Switzerland,2015,"01",303,,,,
Switzerland,2015,"02",603,,,,
Switzerland,2015,"02",719,,,,
Switzerland,2015,"02",822,,,,
Switzerland,2015,"02",812,,,,
Switzerland,2015,"03",106,,,,
Switzerland,2015,"03",137,,,,
Switzerland,2015,"03",285,,,,
Switzerland,2015,"03",207,,,,
Switzerland,2015,"03",430,,,,
Switzerland,2015,"04",61,,,,
Switzerland,2015,"04",32,,,,
Switzerland,2015,"04",44,,,,
Switzerland,2015,"04",96,,,,
Switzerland,2015,"05",29,,,,
Switzerland,2015,"05",28,,,,
Switzerland,2015,"05",28,,,,
Switzerland,2015,"05",25,,,,
Switzerland,2015,"05",32,,,,
Switzerland,2015,"06",24,,,,
Switzerland,2015,"06",23,,,,
Switzerland,2015,"06",27,,,,
Switzerland,2015,"06",22,,,,
Switzerland,2015,"07",24,,,,
Switzerland,2015,"07",19,,,,
Switzerland,2015,"07",32,,,,
Switzerland,2015,"07",24,,,,
Switzerland,2015,"08",21,,,,
Switzerland,2015,"08",19,,,,
Ukraine,2002,"12",,,,,
Ukraine,2003,"01",,,,,
Ukraine,2003,"01",,,,,
Ukraine,2003,"01",,,,,
Ukraine,2003,"01",,,,,
Ukraine,2003,"02",,,,,
Ukraine,2003,"02",,,,,
Ukraine,2003,"02",,,,,
Ukraine,2003,"02",,,,,
Ukraine,2003,"03",,,,,
Ukraine,2003,"03",,,,,
Ukraine,2003,"03",,,,,
Ukraine,2003,"03",,,,,
Ukraine,2003,"03",,,,,
Ukraine,2003,"04",,,,,
Ukraine,2003,"04",,,,,
Ukraine,2003,"04",,,,,
Ukraine,2003,"04",,,,,
Ukraine,2003,"05",,,,,
Ukraine,2003,"05",,,,,
Ukraine,2003,"05",,,,,
Ukraine,2003,"05",,,,,
Ukraine,2003,"06",,,,,
Ukraine,2003,"06",,,,,
Ukraine,2003,"06",,,,,
Ukraine,2003,"06",,,,,
Ukraine,2003,"06",,,,,
Ukraine,2003,"07",,,,,
Ukraine,2003,"07",,,,,
Ukraine,2003,"07",,,,,
Ukraine,2003,"07",,,,,
Ukraine,2003,"08",,,,,
Ukraine,2003,"08",,,,,
Ukraine,2003,"08",,,,,
Ukraine,2003,"08",,,,,
Ukraine,2003,"08",,,,,
Ukraine,2003,"09",,,,,
Ukraine,2003,"09",,,,,
Ukraine,2003,"09",,,,,
Ukraine,2003,"09",,,,,
Ukraine,2003,"10",,,,,
Ukraine,2003,"10",,,,,
Ukraine,2003,"10",,,,,
Ukraine,2003,"10",,,,,
Ukraine,2003,"11",,,,,
Ukraine,2003,"11",,,,,
Ukraine,2003,"11",,,,,
Ukraine,2003,"11",,,,,
Ukraine,2003,"11",,,,,
Ukraine,2003,"12",,,,,
Ukraine,2003,"12",,,,,
Ukraine,2003,"12",,,,,
Ukraine,2003,"12",,,,,
Ukraine,2004,"01",,,,,
Ukraine,2004,"01",,,,,
Ukraine,2004,"01",,,,,
Ukraine,2004,"01",,,,,
Ukraine,2004,"02",,,,,
Ukraine,2004,"02",,,,,
Ukraine,2004,"02",,,,,
Ukraine,2004,"02",,,,,
Ukraine,2004,"02",,,,,
Ukraine,2004,"03",,,,,
Ukraine,2004,"03",,,,,
Ukraine,2004,"03",,,,,
Ukraine,2004,"03",,,,,
Ukraine,2004,"04",,,,,
Ukraine,2004,"04",,,,,
Ukraine,2004,"04",,,,,
Ukraine,2004,"04",,,,,
Ukraine,2004,"05",,,,,
Ukraine,2004,"05",,,,,
Ukraine,2004,"05",,,,,
Ukraine,2004,"05",,,,,
Ukraine,2004,"05",,,,,
Ukraine,2004,"06",,,,,
Ukraine,2004,"06",,,,,
Ukraine,2004,"06",,,,,
Ukraine,2004,"06",,,,,
Ukraine,2004,"07",,,,,
Ukraine,2004,"07",,,,,
Ukraine,2004,"07",,,,,
Ukraine,2004,"07",,,,,
Ukraine,2004,"08",,,,,
Ukraine,2004,"08",,,,,
Ukraine,2004,"08",,,,,
Ukraine,2004,"08",,,,,
Ukraine,2004,"08",,,,,
Ukraine,2004,"09",,,,,
Ukraine,2004,"09",,,,,
Ukraine,2004,"09",,,,,
Ukraine,2004,"09",,,,,
Ukraine,2004,"10",,,,,
Ukraine,2004,"10",,,,,
Ukraine,2004,"10",,,,,
Ukraine,2004,"10",,,,,
Ukraine,2004,"10",,,,,
Ukraine,2004,"11",,,,,
Ukraine,2004,"11",,,,,
Ukraine,2004,"11",,,,,
Ukraine,2004,"11",,,,,
Ukraine,2004,"12",,,,,
Ukraine,2004,"12",,,,,
Ukraine,2004,"12",,,,,
Ukraine,2004,"12",,,,,
Ukraine,2005,"01",,,,,
Ukraine,2005,"01",,,,,
Ukraine,2005,"01",,,,,
Ukraine,2005,"01",,,,,
Ukraine,2005,"01",,,,,
Ukraine,2005,"02",,,,,
Ukraine,2005,"02",,,,,
Ukraine,2005,"02",,,,,
Ukraine,2005,"02",,,,,
Ukraine,2005,"03",,,,,
Ukraine,2005,"03",,,,,
Ukraine,2005,"03",,,,,
Ukraine,2005,"03",,,,,
Ukraine,2005,"04",,,,,
Ukraine,2005,"04",,,,,
Ukraine,2005,"04",,,,,
Ukraine,2005,"04",,,,,
Ukraine,2005,"05",,,,,
Ukraine,2005,"05",,,,,
Ukraine,2005,"05",,,,,
Ukraine,2005,"05",,,,,
Ukraine,2005,"05",,,,,
Ukraine,2005,"06",,,,,
Ukraine,2005,"06",,,,,
Ukraine,2005,"06",,,,,
Ukraine,2005,"06",,,,,
Ukraine,2005,"07",,,,,
Ukraine,2005,"07",,,,,
Ukraine,2005,"07",,,,,
Ukraine,2005,"07",,,,,
Ukraine,2005,"07",,,,,
Ukraine,2005,"08",,,,,
Ukraine,2005,"08",,,,,
Ukraine,2005,"08",,,,,
Ukraine,2005,"08",,,,,
Ukraine,2005,"09",,,,,
Ukraine,2005,"09",,,,,
Ukraine,2005,"09",,,,,
Ukraine,2005,"09",,,,,
Ukraine,2005,"10",534,,,,
Ukraine,2005,"10",672,,,,
Ukraine,2005,"10",359,,,,
Ukraine,2005,"10",,,,,
Ukraine,2005,"10",660,,,,
Ukraine,2005,"11",596,,,,
Ukraine,2005,"11",503,,,,
Ukraine,2005,"11",461,,,,
Ukraine,2005,"11",540,,,,
Ukraine,2005,"12",422,,,,
Ukraine,2005,"12",411,,,,
Ukraine,2005,"12",432,,,,
Ukraine,2005,"12",453,,,,
Ukraine,2006,"01",404,,,,
Ukraine,2006,"01",366,,,,
Ukraine,2006,"01",385,,,,
Ukraine,2006,"01",359,,,,
Ukraine,2006,"01",358,,,,
Ukraine,2006,"02",337,,,,
Ukraine,2006,"02",343,,,,
Ukraine,2006,"02",340,,,,
Ukraine,2006,"02",329,,,,
Ukraine,2006,"03",412,,,,
Ukraine,2006,"03",411,,,,
Ukraine,2006,"03",338,,,,
Ukraine,2006,"03",370,,,,
Ukraine,2006,"04",412,,,,
Ukraine,2006,"04",325,,,,
Ukraine,2006,"04",386,,,,
Ukraine,2006,"04",343,,,,
Ukraine,2006,"04",366,,,,
Ukraine,2006,"05",285,,,,
Ukraine,2006,"05",255,,,,
Ukraine,2006,"05",307,,,,
Ukraine,2006,"05",269,,,,
Ukraine,2006,"06",221,,,,
Ukraine,2006,"06",239,,,,
Ukraine,2006,"06",228,,,,
Ukraine,2006,"06",249,,,,
Ukraine,2006,"07",204,,,,
Ukraine,2006,"07",201,,,,
Ukraine,2006,"07",216,,,,
Ukraine,2006,"07",206,,,,
Ukraine,2006,"07",207,,,,
Ukraine,2006,"08",205,,,,
Ukraine,2006,"08",212,,,,
Ukraine,2006,"08",207,,,,
Ukraine,2006,"08",203,,,,
Ukraine,2006,"09",278,,,,
Ukraine,2006,"09",321,,,,
Ukraine,2006,"09",222,,,,
Ukraine,2006,"09",251,,,,
Ukraine,2006,"10",476,,,,
Ukraine,2006,"10",443,,,,
Ukraine,2006,"10",350,,,,
Ukraine,2006,"10",343,,,,
Ukraine,2006,"10",379,,,,
Ukraine,2006,"11",497,,,,
Ukraine,2006,"11",465,,,,
Ukraine,2006,"11",525,,,,
Ukraine,2006,"11",464,,,,
Ukraine,2006,"12",421,,,,
Ukraine,2006,"12",443,,,,
Ukraine,2006,"12",425,,,,
Ukraine,2006,"12",418,,,,
Ukraine,2006,"12",427,,,,
Ukraine,2007,"01",372,,,,
Ukraine,2007,"01",418,,,,
Ukraine,2007,"01",407,,,,
Ukraine,2007,"01",365,,,,
Ukraine,2007,"02",1175,,,,
Ukraine,2007,"02",1111,,,,
Ukraine,2007,"02",1107,,,,
Ukraine,2007,"02",775,,,,
Ukraine,2007,"03",379,,,,
Ukraine,2007,"03",517,,,,
Ukraine,2007,"03",443,,,,
Ukraine,2007,"03",708,,,,
Ukraine,2007,"04",297,,,,
Ukraine,2007,"04",299,,,,
Ukraine,2007,"04",323,,,,
Ukraine,2007,"04",304,,,,
Ukraine,2007,"04",329,,,,
Ukraine,2007,"05",250,,,,
Ukraine,2007,"05",210,,,,
Ukraine,2007,"05",226,,,,
Ukraine,2007,"05",287,,,,
Ukraine,2007,"06",194,,,,
Ukraine,2007,"06",190,,,,
Ukraine,2007,"06",194,,,,
Ukraine,2007,"06",190,,,,
Ukraine,2007,"07",197,,,,
Ukraine,2007,"07",195,,,,
Ukraine,2007,"07",195,,,,
Ukraine,2007,"07",196,,,,
Ukraine,2007,"07",193,,,,
Ukraine,2007,"08",272,,,,
Ukraine,2007,"08",209,,,,
Ukraine,2007,"08",260,,,,
Ukraine,2007,"08",237,,,,
Ukraine,2007,"09",300,,,,
Ukraine,2007,"09",367,,,,
Ukraine,2007,"09",460,,,,
Ukraine,2007,"09",460,,,,
Ukraine,2007,"09",416,,,,
Ukraine,2007,"10",462,,,,
Ukraine,2007,"10",516,,,,
Ukraine,2007,"10",428,,,,
Ukraine,2007,"10",397,,,,
Ukraine,2007,"11",512,,,,
Ukraine,2007,"11",500,,,,
Ukraine,2007,"11",480,,,,
Ukraine,2007,"11",465,,,,
Ukraine,2007,"12",398,,,,
Ukraine,2007,"12",495,,,,
Ukraine,2007,"12",471,,,,
Ukraine,2007,"12",491,,,,
Ukraine,2007,"12",497,,,,
Ukraine,2008,"01",512,,,,
Ukraine,2008,"01",446,,,,
Ukraine,2008,"01",621,,,,
Ukraine,2008,"01",440,,,,
Ukraine,2008,"02",785,,,,
Ukraine,2008,"02",784,,,,
Ukraine,2008,"02",879,,,,
Ukraine,2008,"02",903,,,,
Ukraine,2008,"03",403,,,,
Ukraine,2008,"03",367,,,,
Ukraine,2008,"03",478,,,,
Ukraine,2008,"03",550,,,,
Ukraine,2008,"03",616,,,,
Ukraine,2008,"04",281,,,,
Ukraine,2008,"04",279,,,,
Ukraine,2008,"04",300,,,,
Ukraine,2008,"04",315,,,,
Ukraine,2008,"05",210,,,,
Ukraine,2008,"05",237,,,,
Ukraine,2008,"05",219,,,,
Ukraine,2008,"05",250,,,,
Ukraine,2008,"06",189,,,,
Ukraine,2008,"06",217,,,,
Ukraine,2008,"06",190,,,,
Ukraine,2008,"06",209,,,,
Ukraine,2008,"06",201,,,,
Ukraine,2008,"07",168,,,,
Ukraine,2008,"07",181,,,,
Ukraine,2008,"07",177,,,,
Ukraine,2008,"07",174,,,,
Ukraine,2008,"08",215,,,,
Ukraine,2008,"08",196,,,,
Ukraine,2008,"08",214,,,,
Ukraine,2008,"08",234,,,,
Ukraine,2008,"08",287,,,,
Ukraine,2008,"09",516,,,,
Ukraine,2008,"09",324,,,,
Ukraine,2008,"09",536,,,,
Ukraine,2008,"09",436,,,,
Ukraine,2008,"10",469,,,,
Ukraine,2008,"10",457,,,,
Ukraine,2008,"10",490,,,,
Ukraine,2008,"10",450,,,,
Ukraine,2008,"11",496,,,,
Ukraine,2008,"11",507,,,,
Ukraine,2008,"11",429,,,,
Ukraine,2008,"11",476,,,,
Ukraine,2008,"11",452,,,,
Ukraine,2008,"12",427,,,,
Ukraine,2008,"12",417,,,,
Ukraine,2008,"12",441,,,,
Ukraine,2008,"12",407,,,,
Ukraine,2009,"01",393,,,,
Ukraine,2009,"01",410,,,,
Ukraine,2009,"01",482,,,,
Ukraine,2009,"01",434,,,,
Ukraine,2009,"02",590,,,,
Ukraine,2009,"02",760,,,,
Ukraine,2009,"02",607,,,,
Ukraine,2009,"02",681,,,,
Ukraine,2009,"03",753,,,,
Ukraine,2009,"03",523,,,,
Ukraine,2009,"03",431,,,,
Ukraine,2009,"03",717,,,,
Ukraine,2009,"03",618,,,,
Ukraine,2009,"04",449,,,,
Ukraine,2009,"04",373,,,,
Ukraine,2009,"04",378,,,,
Ukraine,2009,"04",390,,,,
Ukraine,2009,"05",355,,,,
Ukraine,2009,"05",243,,,,
Ukraine,2009,"05",259,,,,
Ukraine,2009,"05",289,,,,
Ukraine,2009,"05",244,,,,
Ukraine,2009,"06",187,,,,
Ukraine,2009,"06",216,,,,
Ukraine,2009,"06",201,,,,
Ukraine,2009,"06",220,,,,
Ukraine,2009,"07",225,,,,
Ukraine,2009,"07",197,,,,
Ukraine,2009,"07",254,,,,
Ukraine,2009,"07",214,,,,
Ukraine,2009,"08",271,,,,
Ukraine,2009,"08",356,,,,
Ukraine,2009,"08",299,,,,
Ukraine,2009,"08",332,,,,
Ukraine,2009,"08",323,,,,
Ukraine,2009,"09",562,,,,
Ukraine,2009,"09",590,,,,
Ukraine,2009,"09",484,,,,
Ukraine,2009,"09",438,,,,
Ukraine,2009,"10",868,,,,
Ukraine,2009,"10",671,,,,
Ukraine,2009,"10",565,,,,
Ukraine,2009,"10",564,,,,
Ukraine,2009,"11",1240,,,,
Ukraine,2009,"11",1062,,,,
Ukraine,2009,"11",459,,,,
Ukraine,2009,"11",513,,,,
Ukraine,2009,"11",716,,,,
Ukraine,2009,"12",654,,,,
Ukraine,2009,"12",889,,,,
Ukraine,2009,"12",759,,,,
Ukraine,2009,"12",919,,,,
Ukraine,2010,"01",552,,,,
Ukraine,2010,"01",385,,,,
Ukraine,2010,"01",398,,,,
Ukraine,2010,"01",397,,,,
Ukraine,2010,"01",414,,,,
Ukraine,2010,"02",403,,,,
Ukraine,2010,"02",417,,,,
Ukraine,2010,"02",361,,,,
Ukraine,2010,"02",391,,,,
Ukraine,2010,"03",334,,,,
Ukraine,2010,"03",381,,,,
Ukraine,2010,"03",288,,,,
Ukraine,2010,"03",308,,,,
Ukraine,2010,"04",256,,,,
Ukraine,2010,"04",269,,,,
Ukraine,2010,"04",294,,,,
Ukraine,2010,"04",254,,,,
Ukraine,2010,"05",218,,,,
Ukraine,2010,"05",205,,,,
Ukraine,2010,"05",232,,,,
Ukraine,2010,"05",279,,,,
Ukraine,2010,"05",226,,,,
Ukraine,2010,"06",171,,,,
Ukraine,2010,"06",187,,,,
Ukraine,2010,"06",190,,,,
Ukraine,2010,"06",180,,,,
Ukraine,2010,"07",207,,,,
Ukraine,2010,"07",187,,,,
Ukraine,2010,"07",244,,,,
Ukraine,2010,"07",189,,,,
Ukraine,2010,"08",337,,,,
Ukraine,2010,"08",388,,,,
Ukraine,2010,"08",312,,,,
Ukraine,2010,"08",269,,,,
Ukraine,2010,"08",370,,,,
Ukraine,2010,"09",615,,,,
Ukraine,2010,"09",539,,,,
Ukraine,2010,"09",613,,,,
Ukraine,2010,"09",489,,,,
Ukraine,2010,"10",488,,,,
Ukraine,2010,"10",553,,,,
Ukraine,2010,"10",417,,,,
Ukraine,2010,"10",589,,,,
Ukraine,2010,"10",542,,,,
Ukraine,2010,"11",493,,,,
Ukraine,2010,"11",541,,,,
Ukraine,2010,"11",414,,,,
Ukraine,2010,"11",420,,,,
Ukraine,2010,"12",716,,,,
Ukraine,2010,"12",751,,,,
Ukraine,2010,"12",626,,,,
Ukraine,2010,"12",799,,,,
Ukraine,2011,"01",666,,,,
Ukraine,2011,"01",498,,,,
Ukraine,2011,"01",548,,,,
Ukraine,2011,"01",563,,,,
Ukraine,2011,"01",517,,,,
Ukraine,2011,"02",637,,,,
Ukraine,2011,"02",727,,,,
Ukraine,2011,"02",581,,,,
Ukraine,2011,"02",580,,,,
Ukraine,2011,"03",549,,,,
Ukraine,2011,"03",683,,,,
Ukraine,2011,"03",425,,,,
Ukraine,2011,"03",343,,,,
Ukraine,2011,"04",310,,,,
Ukraine,2011,"04",323,,,,
Ukraine,2011,"04",307,,,,
Ukraine,2011,"04",293,,,,
Ukraine,2011,"05",245,,,,
Ukraine,2011,"05",236,,,,
Ukraine,2011,"05",196,,,,
Ukraine,2011,"05",267,,,,
Ukraine,2011,"05",217,,,,
Ukraine,2011,"06",180,,,,
Ukraine,2011,"06",181,,,,
Ukraine,2011,"06",170,,,,
Ukraine,2011,"06",182,,,,
Ukraine,2011,"07",187,,,,
Ukraine,2011,"07",214,,,,
Ukraine,2011,"07",173,,,,
Ukraine,2011,"07",175,,,,
Ukraine,2011,"07",191,,,,
Ukraine,2011,"08",283,,,,
Ukraine,2011,"08",221,,,,
Ukraine,2011,"08",307,,,,
Ukraine,2011,"08",241,,,,
Ukraine,2011,"09",381,,,,
Ukraine,2011,"09",435,,,,
Ukraine,2011,"09",340,,,,
Ukraine,2011,"09",426,,,,
Ukraine,2011,"10",475,,,,
Ukraine,2011,"10",410,,,,
Ukraine,2011,"10",405,,,,
Ukraine,2011,"10",480,,,,
Ukraine,2011,"10",458,,,,
Ukraine,2011,"11",466,,,,
Ukraine,2011,"11",469,,,,
Ukraine,2011,"11",503,,,,
Ukraine,2011,"11",491,,,,
Ukraine,2011,"12",394,,,,
Ukraine,2011,"12",446,,,,
Ukraine,2011,"12",380,,,,
Ukraine,2011,"12",380,,,,
Ukraine,2012,"01",368,,,,
Ukraine,2012,"01",344,,,,
Ukraine,2012,"01",376,,,,
Ukraine,2012,"01",346,,,,
Ukraine,2012,"01",360,,,,
Ukraine,2012,"02",381,,,,
Ukraine,2012,"02",445,,,,
Ukraine,2012,"02",493,,,,
Ukraine,2012,"02",396,,,,
Ukraine,2012,"03",517,,,,
Ukraine,2012,"03",533,,,,
Ukraine,2012,"03",586,,,,
Ukraine,2012,"03",462,,,,
Ukraine,2012,"04",389,,,,
Ukraine,2012,"04",354,,,,
Ukraine,2012,"04",331,,,,
Ukraine,2012,"04",260,,,,
Ukraine,2012,"04",302,,,,
Ukraine,2012,"05",240,,,,
Ukraine,2012,"05",211,,,,
Ukraine,2012,"05",234,,,,
Ukraine,2012,"05",210,,,,
Ukraine,2012,"06",180,,,,
Ukraine,2012,"06",227,,,,
Ukraine,2012,"06",186,,,,
Ukraine,2012,"06",203,,,,
Ukraine,2012,"07",187,,,,
Ukraine,2012,"07",217,,,,
Ukraine,2012,"07",186,,,,
Ukraine,2012,"07",185,,,,
Ukraine,2012,"07",223,,,,
Ukraine,2012,"08",295,,,,
Ukraine,2012,"08",257,,,,
Ukraine,2012,"08",231,,,,
Ukraine,2012,"08",329,,,,
Ukraine,2012,"09",463,,,,
Ukraine,2012,"09",568,,,,
Ukraine,2012,"09",512,,,,
Ukraine,2012,"09",519,,,,
Ukraine,2012,"09",399,,,,
Ukraine,2012,"10",429,,,,
Ukraine,2012,"10",472,,,,
Ukraine,2012,"10",453,,,,
Ukraine,2012,"10",454,,,,
Ukraine,2012,"11",454,,,,
Ukraine,2012,"11",429,,,,
Ukraine,2012,"11",459,,,,
Ukraine,2012,"11",469,,,,
Ukraine,2012,"12",460,,,,
Ukraine,2012,"12",460,,,,
Ukraine,2012,"12",439,,,,
Ukraine,2012,"12",440,,,,
Ukraine,2012,"12",452,,,,
Ukraine,2013,"01",543,,,,
Ukraine,2013,"01",520,,,,
Ukraine,2013,"01",537,,,,
Ukraine,2013,"01",471,,,,
Ukraine,2013,"02",637,,,,
Ukraine,2013,"02",595,,,,
Ukraine,2013,"02",552,,,,
Ukraine,2013,"02",555,,,,
Ukraine,2013,"03",679,,,,
Ukraine,2013,"03",576,,,,
Ukraine,2013,"03",507,,,,
Ukraine,2013,"03",619,,,,
Ukraine,2013,"03",670,,,,
Ukraine,2013,"04",419,,,,
Ukraine,2013,"04",427,,,,
Ukraine,2013,"04",462,,,,
Ukraine,2013,"04",359,,,,
Ukraine,2013,"05",209,,,,
Ukraine,2013,"05",230,,,,
Ukraine,2013,"05",222,,,,
Ukraine,2013,"05",291,,,,
Ukraine,2013,"06",217,,,,
Ukraine,2013,"06",203,,,,
Ukraine,2013,"06",220,,,,
Ukraine,2013,"06",232,,,,
Ukraine,2013,"06",210,,,,
Ukraine,2013,"07",229,,,,
Ukraine,2013,"07",254,,,,
Ukraine,2013,"07",272,,,,
Ukraine,2013,"07",278,,,,
Ukraine,2013,"08",381,,,,
Ukraine,2013,"08",324,,,,
Ukraine,2013,"08",303,,,,
Ukraine,2013,"08",286,,,,
Ukraine,2013,"09",596,,,,
Ukraine,2013,"09",484,,,,
Ukraine,2013,"09",579,,,,
Ukraine,2013,"09",607,,,,
Ukraine,2013,"09",567,,,,
Ukraine,2013,"10",444,,,,
Ukraine,2013,"10",397,,,,
Ukraine,2013,"10",525,,,,
Ukraine,2013,"10",429,,,,
Ukraine,2013,"11",383,,,,
Ukraine,2013,"11",417,,,,
Ukraine,2013,"11",373,,,,
Ukraine,2013,"11",397,,,,
Ukraine,2013,"12",490,,,,
Ukraine,2013,"12",426,,,,
Ukraine,2013,"12",435,,,,
Ukraine,2013,"12",475,,,,
Ukraine,2013,"12",442,,,,
Ukraine,2014,"01",402,,,,
Ukraine,2014,"01",427,,,,
Ukraine,2014,"01",395,,,,
Ukraine,2014,"01",456,,,,
Ukraine,2014,"02",564,,,,
Ukraine,2014,"02",535,,,,
Ukraine,2014,"02",583,,,,
Ukraine,2014,"02",610,,,,
Ukraine,2014,"03",481,,,,
Ukraine,2014,"03",404,,,,
Ukraine,2014,"03",574,,,,
Ukraine,2014,"03",585,,,,
Ukraine,2014,"03",420,,,,
Ukraine,2014,"04",369,,,,
Ukraine,2014,"04",358,,,,
Ukraine,2014,"04",337,,,,
Ukraine,2014,"04",347,,,,
Ukraine,2014,"05",249,,,,
Ukraine,2014,"05",197,,,,
Ukraine,2014,"05",300,,,,
Ukraine,2014,"05",222,,,,
Ukraine,2014,"06",202,,,,
Ukraine,2014,"06",206,,,,
Ukraine,2014,"06",202,,,,
Ukraine,2014,"06",212,,,,
Ukraine,2014,"06",209,,,,
Ukraine,2014,"07",195,,,,
Ukraine,2014,"07",205,,,,
Ukraine,2014,"07",187,,,,
Ukraine,2014,"07",177,,,,
Ukraine,2014,"08",208,,,,
Ukraine,2014,"08",370,,,,
Ukraine,2014,"08",222,,,,
Ukraine,2014,"08",249,,,,
Ukraine,2014,"08",290,,,,
Ukraine,2014,"09",571,,,,
Ukraine,2014,"09",547,,,,
Ukraine,2014,"09",544,,,,
Ukraine,2014,"09",441,,,,
Ukraine,2014,"10",523,,,,
Ukraine,2014,"10",477,,,,
Ukraine,2014,"10",547,,,,
Ukraine,2014,"10",506,,,,
Ukraine,2014,"11",443,,,,
Ukraine,2014,"11",474,,,,
Ukraine,2014,"11",430,,,,
Ukraine,2014,"11",421,,,,
Ukraine,2014,"11",469,,,,
Ukraine,2014,"12",436,,,,
Ukraine,2014,"12",455,,,,
Ukraine,2014,"12",455,,,,
Ukraine,2014,"12",424,,,,
Ukraine,2015,"01",486,,,,
Ukraine,2015,"01",450,,,,
Ukraine,2015,"01",419,,,,
Ukraine,2015,"01",401,,,,
Ukraine,2015,"02",651,,,,
Ukraine,2015,"02",747,,,,
Ukraine,2015,"02",559,,,,
Ukraine,2015,"02",792,,,,
Ukraine,2015,"03",517,,,,
Ukraine,2015,"03",620,,,,
Ukraine,2015,"03",728,,,,
Ukraine,2015,"03",470,,,,
Ukraine,2015,"03",407,,,,
Ukraine,2015,"04",366,,,,
Ukraine,2015,"04",390,,,,
Ukraine,2015,"04",318,,,,
Ukraine,2015,"04",337,,,,
Ukraine,2015,"05",270,,,,
Ukraine,2015,"05",283,,,,
Ukraine,2015,"05",246,,,,
Ukraine,2015,"05",235,,,,
Ukraine,2015,"05",299,,,,
Ukraine,2015,"06",209,,,,
Ukraine,2015,"06",206,,,,
Ukraine,2015,"06",208,,,,
Ukraine,2015,"06",205,,,,
Ukraine,2015,"07",182,,,,
Ukraine,2015,"07",210,,,,
Ukraine,2015,"07",199,,,,
Ukraine,2015,"07",200,,,,
Ukraine,2015,"08",244,,,,
Ukraine,2015,"08",247,,,,
United States,2002,"12",,,,,
United States,2003,"01",,,,,
United States,2003,"01",,,,,
United States,2003,"01",,,,,
United States,2003,"01",,,,,
United States,2003,"02",,,,,
United States,2003,"02",,,,,
United States,2003,"02",,,,,
United States,2003,"02",,,,,
United States,2003,"03",,,,,
United States,2003,"03",,,,,
United States,2003,"03",,,,,
United States,2003,"03",,,,,
United States,2003,"03",,,,,
United States,2003,"04",,,,,
United States,2003,"04",,,,,
United States,2003,"04",,,,,
United States,2003,"04",,,,,
United States,2003,"05",,,,,
United States,2003,"05",,,,,
United States,2003,"05",,,,,
United States,2003,"05",,,,,
United States,2003,"06",,,,,
United States,2003,"06",,,,,
United States,2003,"06",,,,,
United States,2003,"06",,,,,
United States,2003,"06",,,,,
United States,2003,"07",,,,,
United States,2003,"07",,,,,
United States,2003,"07",,,,,
United States,2003,"07",,,,,
United States,2003,"08",,,,,
United States,2003,"08",,,,,
United States,2003,"08",,,,,
United States,2003,"08",,,,,
United States,2003,"08",,,,,
United States,2003,"09",902,,,,
United States,2003,"09",,,,,
United States,2003,"09",,,,,
United States,2003,"09",,,,,
United States,2003,"10",1209,,,,
United States,2003,"10",1092,,,,
United States,2003,"10",1249,,,,
United States,2003,"10",952,,,,
United States,2003,"11",1702,,,,
United States,2003,"11",2148,,,,
United States,2003,"11",2968,,,,
United States,2003,"11",1374,,,,
United States,2003,"11",3524,,,,
United States,2003,"12",5389,,,,
United States,2003,"12",5250,,,,
United States,2003,"12",7276,,,,
United States,2003,"12",8196,,,,
United States,2004,"01",1396,,,,
United States,2004,"01",2057,,,,
United States,2004,"01",1616,,,,
United States,2004,"01",3154,,,,
United States,2004,"02",1227,,,,
United States,2004,"02",1186,,,,
United States,2004,"02",989,,,,
United States,2004,"02",1162,,,,
United States,2004,"02",1118,,,,
United States,2004,"03",846,,,,
United States,2004,"03",883,,,,
United States,2004,"03",919,,,,
United States,2004,"03",808,,,,
United States,2004,"04",796,,,,
United States,2004,"04",831,,,,
United States,2004,"04",719,,,,
United States,2004,"04",722,,,,
United States,2004,"05",663,,,,
United States,2004,"05",680,,,,
United States,2004,"05",650,,,,
United States,2004,"05",649,,,,
United States,2004,"05",705,,,,
United States,2004,"06",631,,,,
United States,2004,"06",602,,,,
United States,2004,"06",653,,,,
United States,2004,"06",623,,,,
United States,2004,"07",576,,,,
United States,2004,"07",629,,,,
United States,2004,"07",597,,,,
United States,2004,"07",587,,,,
United States,2004,"08",593,,,,
United States,2004,"08",676,,,,
United States,2004,"08",701,,,,
United States,2004,"08",618,,,,
United States,2004,"08",599,,,,
United States,2004,"09",810,,,,
United States,2004,"09",922,,,,
United States,2004,"09",826,,,,
United States,2004,"09",898,,,,
United States,2004,"10",1408,,,,
United States,2004,"10",1630,,,,
United States,2004,"10",1804,,,,
United States,2004,"10",1139,,,,
United States,2004,"10",1767,,,,
United States,2004,"11",1595,,,,
United States,2004,"11",1819,,,,
United States,2004,"11",1800,,,,
United States,2004,"11",1761,,,,
United States,2004,"12",1850,,,,
United States,2004,"12",2715,,,,
United States,2004,"12",1782,,,,
United States,2004,"12",2206,,,,
United States,2005,"01",3429,,,,
United States,2005,"01",2673,,,,
United States,2005,"01",2886,,,,
United States,2005,"01",2562,,,,
United States,2005,"01",2459,,,,
United States,2005,"02",4065,,,,
United States,2005,"02",4037,,,,
United States,2005,"02",3540,,,,
United States,2005,"02",2875,,,,
United States,2005,"03",1749,,,,
United States,2005,"03",2230,,,,
United States,2005,"03",2554,,,,
United States,2005,"03",2024,,,,
United States,2005,"04",1186,,,,
United States,2005,"04",1083,,,,
United States,2005,"04",1421,,,,
United States,2005,"04",1017,,,,
United States,2005,"05",902,,,,
United States,2005,"05",959,,,,
United States,2005,"05",826,,,,
United States,2005,"05",850,,,,
United States,2005,"05",850,,,,
United States,2005,"06",684,,,,
United States,2005,"06",751,,,,
United States,2005,"06",740,,,,
United States,2005,"06",761,,,,
United States,2005,"07",712,,,,
United States,2005,"07",711,,,,
United States,2005,"07",695,,,,
United States,2005,"07",697,,,,
United States,2005,"07",693,,,,
United States,2005,"08",772,,,,
United States,2005,"08",710,,,,
United States,2005,"08",739,,,,
United States,2005,"08",787,,,,
United States,2005,"09",1177,,,,
United States,2005,"09",1053,,,,
United States,2005,"09",1068,,,,
United States,2005,"09",881,,,,
United States,2005,"10",1532,,,,
United States,2005,"10",1591,,,,
United States,2005,"10",1364,,,,
United States,2005,"10",1858,,,,
United States,2005,"10",1504,,,,
United States,2005,"11",1778,,,,
United States,2005,"11",1640,,,,
United States,2005,"11",1808,,,,
United States,2005,"11",1811,,,,
United States,2005,"12",2915,,,,
United States,2005,"12",2494,,,,
United States,2005,"12",2050,,,,
United States,2005,"12",1806,,,,
United States,2006,"01",2522,,,,
United States,2006,"01",2155,,,,
United States,2006,"01",2137,,,,
United States,2006,"01",2098,,,,
United States,2006,"01",1998,,,,
United States,2006,"02",2221,,,,
United States,2006,"02",2437,,,,
United States,2006,"02",2564,,,,
United States,2006,"02",2567,,,,
United States,2006,"03",2170,,,,
United States,2006,"03",2457,,,,
United States,2006,"03",2057,,,,
United States,2006,"03",1896,,,,
United States,2006,"04",1363,,,,
United States,2006,"04",1090,,,,
United States,2006,"04",1574,,,,
United States,2006,"04",1191,,,,
United States,2006,"04",1060,,,,
United States,2006,"05",1003,,,,
United States,2006,"05",927,,,,
United States,2006,"05",939,,,,
United States,2006,"05",884,,,,
United States,2006,"06",775,,,,
United States,2006,"06",729,,,,
United States,2006,"06",706,,,,
United States,2006,"06",818,,,,
United States,2006,"07",717,,,,
United States,2006,"07",695,,,,
United States,2006,"07",735,,,,
United States,2006,"07",695,,,,
United States,2006,"07",677,,,,
United States,2006,"08",760,,,,
United States,2006,"08",681,,,,
United States,2006,"08",741,,,,
United States,2006,"08",717,,,,
United States,2006,"09",1133,,,,
United States,2006,"09",965,,,,
United States,2006,"09",861,,,,
United States,2006,"09",1101,,,,
United States,2006,"10",1445,,,,
United States,2006,"10",1230,,,,
United States,2006,"10",1178,,,,
United States,2006,"10",1297,,,,
United States,2006,"10",1577,,,,
United States,2006,"11",1636,,,,
United States,2006,"11",1595,,,,
United States,2006,"11",1889,,,,
United States,2006,"11",1758,,,,
United States,2006,"12",2079,,,,
United States,2006,"12",2547,,,,
United States,2006,"12",2305,,,,
United States,2006,"12",2419,,,,
United States,2006,"12",1886,,,,
United States,2007,"01",2082,,,,
United States,2007,"01",2409,,,,
United States,2007,"01",2182,,,,
United States,2007,"01",1968,,,,
United States,2007,"02",2970,,,,
United States,2007,"02",2641,,,,
United States,2007,"02",2941,,,,
United States,2007,"02",2806,,,,
United States,2007,"03",2424,,,,
United States,2007,"03",1893,,,,
United States,2007,"03",2086,,,,
United States,2007,"03",1604,,,,
United States,2007,"04",980,,,,
United States,2007,"04",1372,,,,
United States,2007,"04",1080,,,,
United States,2007,"04",1243,,,,
United States,2007,"04",1375,,,,
United States,2007,"05",850,,,,
United States,2007,"05",840,,,,
United States,2007,"05",931,,,,
United States,2007,"05",878,,,,
United States,2007,"06",764,,,,
United States,2007,"06",774,,,,
United States,2007,"06",720,,,,
United States,2007,"06",748,,,,
United States,2007,"07",705,,,,
United States,2007,"07",705,,,,
United States,2007,"07",701,,,,
United States,2007,"07",699,,,,
United States,2007,"07",708,,,,
United States,2007,"08",763,,,,
United States,2007,"08",744,,,,
United States,2007,"08",809,,,,
United States,2007,"08",723,,,,
United States,2007,"09",1082,,,,
United States,2007,"09",1180,,,,
United States,2007,"09",903,,,,
United States,2007,"09",957,,,,
United States,2007,"09",1041,,,,
United States,2007,"10",1512,,,,
United States,2007,"10",1210,,,,
United States,2007,"10",1326,,,,
United States,2007,"10",1377,,,,
United States,2007,"11",1700,,,,
United States,2007,"11",1465,,,,
United States,2007,"11",1644,,,,
United States,2007,"11",1594,,,,
United States,2007,"12",1954,,,,
United States,2007,"12",1632,,,,
United States,2007,"12",1618,,,,
United States,2007,"12",1709,,,,
United States,2007,"12",2278,,,,
United States,2008,"01",2921,,,,
United States,2008,"01",3880,,,,
United States,2008,"01",2230,,,,
United States,2008,"01",2199,,,,
United States,2008,"02",4928,,,,
United States,2008,"02",5050,,,,
United States,2008,"02",5352,,,,
United States,2008,"02",5805,,,,
United States,2008,"03",1776,,,,
United States,2008,"03",2172,,,,
United States,2008,"03",4059,,,,
United States,2008,"03",2592,,,,
United States,2008,"03",3229,,,,
United States,2008,"04",1508,,,,
United States,2008,"04",1046,,,,
United States,2008,"04",1331,,,,
United States,2008,"04",1180,,,,
United States,2008,"05",947,,,,
United States,2008,"05",873,,,,
United States,2008,"05",828,,,,
United States,2008,"05",922,,,,
United States,2008,"06",662,,,,
United States,2008,"06",727,,,,
United States,2008,"06",646,,,,
United States,2008,"06",770,,,,
United States,2008,"06",713,,,,
United States,2008,"07",627,,,,
United States,2008,"07",665,,,,
United States,2008,"07",638,,,,
United States,2008,"07",634,,,,
United States,2008,"08",771,,,,
United States,2008,"08",684,,,,
United States,2008,"08",710,,,,
United States,2008,"08",648,,,,
United States,2008,"08",903,,,,
United States,2008,"09",1221,,,,
United States,2008,"09",1114,,,,
United States,2008,"09",1275,,,,
United States,2008,"09",1009,,,,
United States,2008,"10",1404,,,,
United States,2008,"10",1543,,,,
United States,2008,"10",1334,,,,
United States,2008,"10",1659,,,,
United States,2008,"11",1969,,,,
United States,2008,"11",1747,,,,
United States,2008,"11",2194,,,,
United States,2008,"11",2045,,,,
United States,2008,"11",1953,,,,
United States,2008,"12",1870,,,,
United States,2008,"12",1942,,,,
United States,2008,"12",1938,,,,
United States,2008,"12",2100,,,,
United States,2009,"01",1971,,,,
United States,2009,"01",2555,,,,
United States,2009,"01",2133,,,,
United States,2009,"01",2191,,,,
United States,2009,"02",3484,,,,
United States,2009,"02",3116,,,,
United States,2009,"02",3499,,,,
United States,2009,"02",3447,,,,
United States,2009,"03",2711,,,,
United States,2009,"03",3220,,,,
United States,2009,"03",2348,,,,
United States,2009,"03",2021,,,,
United States,2009,"03",1699,,,,
United States,2009,"04",1378,,,,
United States,2009,"04",1381,,,,
United States,2009,"04",2129,,,,
United States,2009,"04",1462,,,,
United States,2009,"05",1818,,,,
United States,2009,"05",1892,,,,
United States,2009,"05",1885,,,,
United States,2009,"05",1743,,,,
United States,2009,"05",1760,,,,
United States,2009,"06",1686,,,,
United States,2009,"06",1490,,,,
United States,2009,"06",1907,,,,
United States,2009,"06",1895,,,,
United States,2009,"07",1257,,,,
United States,2009,"07",1324,,,,
United States,2009,"07",1278,,,,
United States,2009,"07",1337,,,,
United States,2009,"08",1302,,,,
United States,2009,"08",1276,,,,
United States,2009,"08",2498,,,,
United States,2009,"08",1481,,,,
United States,2009,"08",1915,,,,
United States,2009,"09",3790,,,,
United States,2009,"09",3361,,,,
United States,2009,"09",4254,,,,
United States,2009,"09",4926,,,,
United States,2009,"10",5424,,,,
United States,2009,"10",7112,,,,
United States,2009,"10",6533,,,,
United States,2009,"10",6037,,,,
United States,2009,"11",5722,,,,
United States,2009,"11",2560,,,,
United States,2009,"11",2655,,,,
United States,2009,"11",3587,,,,
United States,2009,"11",4468,,,,
United States,2009,"12",2032,,,,
United States,2009,"12",2190,,,,
United States,2009,"12",2055,,,,
United States,2009,"12",2199,,,,
United States,2010,"01",1916,,,,
United States,2010,"01",1861,,,,
United States,2010,"01",2169,,,,
United States,2010,"01",1860,,,,
United States,2010,"01",1910,,,,
United States,2010,"02",1888,,,,
United States,2010,"02",1968,,,,
United States,2010,"02",2000,,,,
United States,2010,"02",1944,,,,
United States,2010,"03",1511,,,,
United States,2010,"03",1619,,,,
United States,2010,"03",1350,,,,
United States,2010,"03",1793,,,,
United States,2010,"04",1110,,,,
United States,2010,"04",1257,,,,
United States,2010,"04",1123,,,,
United States,2010,"04",1149,,,,
United States,2010,"05",965,,,,
United States,2010,"05",989,,,,
United States,2010,"05",1088,,,,
United States,2010,"05",1042,,,,
United States,2010,"05",1060,,,,
United States,2010,"06",765,,,,
United States,2010,"06",858,,,,
United States,2010,"06",786,,,,
United States,2010,"06",808,,,,
United States,2010,"07",737,,,,
United States,2010,"07",752,,,,
United States,2010,"07",760,,,,
United States,2010,"07",744,,,,
United States,2010,"08",804,,,,
United States,2010,"08",757,,,,
United States,2010,"08",924,,,,
United States,2010,"08",846,,,,
United States,2010,"08",754,,,,
United States,2010,"09",1335,,,,
United States,2010,"09",1315,,,,
United States,2010,"09",1187,,,,
United States,2010,"09",1030,,,,
United States,2010,"10",1430,,,,
United States,2010,"10",1685,,,,
United States,2010,"10",1596,,,,
United States,2010,"10",1421,,,,
United States,2010,"10",1566,,,,
United States,2010,"11",1960,,,,
United States,2010,"11",1864,,,,
United States,2010,"11",1758,,,,
United States,2010,"11",1661,,,,
United States,2010,"12",2917,,,,
United States,2010,"12",2113,,,,
United States,2010,"12",1943,,,,
United States,2010,"12",2512,,,,
United States,2011,"01",2978,,,,
United States,2011,"01",2726,,,,
United States,2011,"01",3089,,,,
United States,2011,"01",3601,,,,
United States,2011,"01",3554,,,,
United States,2011,"02",4077,,,,
United States,2011,"02",2980,,,,
United States,2011,"02",3565,,,,
United States,2011,"02",3784,,,,
United States,2011,"03",2076,,,,
United States,2011,"03",1589,,,,
United States,2011,"03",1776,,,,
United States,2011,"03",2482,,,,
United States,2011,"04",1228,,,,
United States,2011,"04",1405,,,,
United States,2011,"04",1055,,,,
United States,2011,"04",1126,,,,
United States,2011,"05",859,,,,
United States,2011,"05",937,,,,
United States,2011,"05",965,,,,
United States,2011,"05",882,,,,
United States,2011,"05",1013,,,,
United States,2011,"06",744,,,,
United States,2011,"06",811,,,,
United States,2011,"06",651,,,,
United States,2011,"06",714,,,,
United States,2011,"07",597,,,,
United States,2011,"07",626,,,,
United States,2011,"07",604,,,,
United States,2011,"07",610,,,,
United States,2011,"07",639,,,,
United States,2011,"08",634,,,,
United States,2011,"08",616,,,,
United States,2011,"08",821,,,,
United States,2011,"08",717,,,,
United States,2011,"09",951,,,,
United States,2011,"09",1127,,,,
United States,2011,"09",1343,,,,
United States,2011,"09",1521,,,,
United States,2011,"10",1788,,,,
United States,2011,"10",1638,,,,
United States,2011,"10",1608,,,,
United States,2011,"10",1640,,,,
United States,2011,"10",1587,,,,
United States,2011,"11",1880,,,,
United States,2011,"11",2033,,,,
United States,2011,"11",1785,,,,
United States,2011,"11",1797,,,,
United States,2011,"12",1981,,,,
United States,2011,"12",2370,,,,
United States,2011,"12",2094,,,,
United States,2011,"12",2741,,,,
United States,2012,"01",2475,,,,
United States,2012,"01",2860,,,,
United States,2012,"01",2500,,,,
United States,2012,"01",2411,,,,
United States,2012,"01",2507,,,,
United States,2012,"02",2501,,,,
United States,2012,"02",2348,,,,
United States,2012,"02",2519,,,,
United States,2012,"02",2710,,,,
United States,2012,"03",2556,,,,
United States,2012,"03",1936,,,,
United States,2012,"03",2586,,,,
United States,2012,"03",2162,,,,
United States,2012,"04",1799,,,,
United States,2012,"04",1729,,,,
United States,2012,"04",1625,,,,
United States,2012,"04",1801,,,,
United States,2012,"04",1785,,,,
United States,2012,"05",1624,,,,
United States,2012,"05",1537,,,,
United States,2012,"05",1651,,,,
United States,2012,"05",1428,,,,
United States,2012,"06",1265,,,,
United States,2012,"06",1329,,,,
United States,2012,"06",966,,,,
United States,2012,"06",1136,,,,
United States,2012,"07",939,,,,
United States,2012,"07",869,,,,
United States,2012,"07",869,,,,
United States,2012,"07",911,,,,
United States,2012,"07",897,,,,
United States,2012,"08",1199,,,,
United States,2012,"08",977,,,,
United States,2012,"08",1095,,,,
United States,2012,"08",889,,,,
United States,2012,"09",1895,,,,
United States,2012,"09",2018,,,,
United States,2012,"09",1543,,,,
United States,2012,"09",1737,,,,
United States,2012,"09",1374,,,,
United States,2012,"10",2369,,,,
United States,2012,"10",2325,,,,
United States,2012,"10",2391,,,,
United States,2012,"10",2349,,,,
United States,2012,"11",3641,,,,
United States,2012,"11",2913,,,,
United States,2012,"11",2492,,,,
United States,2012,"11",3040,,,,
United States,2012,"12",8618,,,,
United States,2012,"12",6359,,,,
United States,2012,"12",5132,,,,
United States,2012,"12",7904,,,,
United States,2012,"12",4427,,,,
United States,2013,"01",10112,,,,
United States,2013,"01",7209,,,,
United States,2013,"01",9408,,,,
United States,2013,"01",10555,,,,
United States,2013,"02",4240,,,,
United States,2013,"02",5541,,,,
United States,2013,"02",3784,,,,
United States,2013,"02",4555,,,,
United States,2013,"03",2482,,,,
United States,2013,"03",3504,,,,
United States,2013,"03",3242,,,,
United States,2013,"03",2894,,,,
United States,2013,"03",2673,,,,
United States,2013,"04",2121,,,,
United States,2013,"04",1534,,,,
United States,2013,"04",1747,,,,
United States,2013,"04",1681,,,,
United States,2013,"05",1165,,,,
United States,2013,"05",1149,,,,
United States,2013,"05",1438,,,,
United States,2013,"05",1286,,,,
United States,2013,"06",925,,,,
United States,2013,"06",1024,,,,
United States,2013,"06",966,,,,
United States,2013,"06",997,,,,
United States,2013,"06",1063,,,,
United States,2013,"07",941,,,,
United States,2013,"07",956,,,,
United States,2013,"07",907,,,,
United States,2013,"07",850,,,,
United States,2013,"08",977,,,,
United States,2013,"08",907,,,,
United States,2013,"08",952,,,,
United States,2013,"08",869,,,,
United States,2013,"09",1350,,,,
United States,2013,"09",1259,,,,
United States,2013,"09",1154,,,,
United States,2013,"09",1363,,,,
United States,2013,"09",1085,,,,
United States,2013,"10",1354,,,,
United States,2013,"10",1405,,,,
United States,2013,"10",1460,,,,
United States,2013,"10",1445,,,,
United States,2013,"11",1661,,,,
United States,2013,"11",1560,,,,
United States,2013,"11",1628,,,,
United States,2013,"11",1708,,,,
United States,2013,"12",2043,,,,
United States,2013,"12",2238,,,,
United States,2013,"12",3196,,,,
United States,2013,"12",4625,,,,
United States,2013,"12",5008,,,,
United States,2014,"01",3472,,,,
United States,2014,"01",4691,,,,
United States,2014,"01",4486,,,,
United States,2014,"01",4022,,,,
United States,2014,"02",2228,,,,
United States,2014,"02",2496,,,,
United States,2014,"02",1986,,,,
United States,2014,"02",2910,,,,
United States,2014,"03",1778,,,,
United States,2014,"03",1773,,,,
United States,2014,"03",1738,,,,
United States,2014,"03",1750,,,,
United States,2014,"03",1873,,,,
United States,2014,"04",1771,,,,
United States,2014,"04",1467,,,,
United States,2014,"04",1530,,,,
United States,2014,"04",1607,,,,
United States,2014,"05",1289,,,,
United States,2014,"05",1318,,,,
United States,2014,"05",1415,,,,
United States,2014,"05",1339,,,,
United States,2014,"06",995,,,,
United States,2014,"06",1155,,,,
United States,2014,"06",990,,,,
United States,2014,"06",1071,,,,
United States,2014,"06",1054,,,,
United States,2014,"07",1028,,,,
United States,2014,"07",1008,,,,
United States,2014,"07",964,,,,
United States,2014,"07",793,,,,
United States,2014,"08",762,,,,
United States,2014,"08",808,,,,
United States,2014,"08",825,,,,
United States,2014,"08",948,,,,
United States,2014,"08",827,,,,
United States,2014,"09",1164,,,,
United States,2014,"09",1229,,,,
United States,2014,"09",1192,,,,
United States,2014,"09",1096,,,,
United States,2014,"10",1224,,,,
United States,2014,"10",1291,,,,
United States,2014,"10",1352,,,,
United States,2014,"10",1349,,,,
United States,2014,"11",1379,,,,
United States,2014,"11",1784,,,,
United States,2014,"11",1374,,,,
United States,2014,"11",1549,,,,
United States,2014,"11",2287,,,,
United States,2014,"12",3046,,,,
United States,2014,"12",5234,,,,
United States,2014,"12",6220,,,,
United States,2014,"12",6911,,,,
United States,2015,"01",4303,,,,
United States,2015,"01",3998,,,,
United States,2015,"01",4647,,,,
United States,2015,"01",4580,,,,
United States,2015,"02",2956,,,,
United States,2015,"02",3498,,,,
United States,2015,"02",3445,,,,
United States,2015,"02",2671,,,,
United States,2015,"03",2420,,,,
United States,2015,"03",2015,,,,
United States,2015,"03",2123,,,,
United States,2015,"03",2467,,,,
United States,2015,"03",1901,,,,
United States,2015,"04",1195,,,,
United States,2015,"04",1651,,,,
United States,2015,"04",1560,,,,
United States,2015,"04",1353,,,,
United States,2015,"05",1388,,,,
United States,2015,"05",1143,,,,
United States,2015,"05",1211,,,,
United States,2015,"05",1164,,,,
United States,2015,"05",1144,,,,
United States,2015,"06",1073,,,,
United States,2015,"06",820,,,,
United States,2015,"06",786,,,,
United States,2015,"06",1150,,,,
United States,2015,"07",770,,,,
United States,2015,"07",1024,,,,
United States,2015,"07",666,,,,
United States,2015,"07",767,,,,
United States,2015,"08",735,,,,
United States,2015,"08",671,,,,
Uruguay,2002,"12",,,,,
Uruguay,2003,"01",,,,,
Uruguay,2003,"01",,,,,
Uruguay,2003,"01",,,,,
Uruguay,2003,"01",,,,,
Uruguay,2003,"02",,,,,
Uruguay,2003,"02",,,,,
Uruguay,2003,"02",,,,,
Uruguay,2003,"02",,,,,
Uruguay,2003,"03",102,,,,
Uruguay,2003,"03",,,,,
Uruguay,2003,"03",105,,,,
Uruguay,2003,"03",104,,,,
Uruguay,2003,"03",,,,,
Uruguay,2003,"04",111,,,,
Uruguay,2003,"04",104,,,,
Uruguay,2003,"04",110,,,,
Uruguay,2003,"04",106,,,,
Uruguay,2003,"05",118,,,,
Uruguay,2003,"05",122,,,,
Uruguay,2003,"05",119,,,,
Uruguay,2003,"05",116,,,,
Uruguay,2003,"06",251,,,,
Uruguay,2003,"06",128,,,,
Uruguay,2003,"06",221,,,,
Uruguay,2003,"06",308,,,,
Uruguay,2003,"06",157,,,,
Uruguay,2003,"07",205,,,,
Uruguay,2003,"07",189,,,,
Uruguay,2003,"07",173,,,,
Uruguay,2003,"07",199,,,,
Uruguay,2003,"08",212,,,,
Uruguay,2003,"08",178,,,,
Uruguay,2003,"08",184,,,,
Uruguay,2003,"08",214,,,,
Uruguay,2003,"08",158,,,,
Uruguay,2003,"09",208,,,,
Uruguay,2003,"09",182,,,,
Uruguay,2003,"09",162,,,,
Uruguay,2003,"09",149,,,,
Uruguay,2003,"10",157,,,,
Uruguay,2003,"10",142,,,,
Uruguay,2003,"10",147,,,,
Uruguay,2003,"10",136,,,,
Uruguay,2003,"11",154,,,,
Uruguay,2003,"11",136,,,,
Uruguay,2003,"11",124,,,,
Uruguay,2003,"11",138,,,,
Uruguay,2003,"11",134,,,,
Uruguay,2003,"12",109,,,,
Uruguay,2003,"12",117,,,,
Uruguay,2003,"12",130,,,,
Uruguay,2003,"12",126,,,,
Uruguay,2004,"01",108,,,,
Uruguay,2004,"01",117,,,,
Uruguay,2004,"01",122,,,,
Uruguay,2004,"01",127,,,,
Uruguay,2004,"02",106,,,,
Uruguay,2004,"02",108,,,,
Uruguay,2004,"02",104,,,,
Uruguay,2004,"02",115,,,,
Uruguay,2004,"02",100,,,,
Uruguay,2004,"03",110,,,,
Uruguay,2004,"03",113,,,,
Uruguay,2004,"03",120,,,,
Uruguay,2004,"03",115,,,,
Uruguay,2004,"04",132,,,,
Uruguay,2004,"04",125,,,,
Uruguay,2004,"04",122,,,,
Uruguay,2004,"04",119,,,,
Uruguay,2004,"05",145,,,,
Uruguay,2004,"05",137,,,,
Uruguay,2004,"05",151,,,,
Uruguay,2004,"05",163,,,,
Uruguay,2004,"05",166,,,,
Uruguay,2004,"06",165,,,,
Uruguay,2004,"06",163,,,,
Uruguay,2004,"06",162,,,,
Uruguay,2004,"06",172,,,,
Uruguay,2004,"07",245,,,,
Uruguay,2004,"07",208,,,,
Uruguay,2004,"07",231,,,,
Uruguay,2004,"07",251,,,,
Uruguay,2004,"08",150,,,,
Uruguay,2004,"08",190,,,,
Uruguay,2004,"08",174,,,,
Uruguay,2004,"08",226,,,,
Uruguay,2004,"08",136,,,,
Uruguay,2004,"09",153,,,,
Uruguay,2004,"09",172,,,,
Uruguay,2004,"09",189,,,,
Uruguay,2004,"09",176,,,,
Uruguay,2004,"10",124,,,,
Uruguay,2004,"10",141,,,,
Uruguay,2004,"10",172,,,,
Uruguay,2004,"10",158,,,,
Uruguay,2004,"10",193,,,,
Uruguay,2004,"11",116,,,,
Uruguay,2004,"11",117,,,,
Uruguay,2004,"11",117,,,,
Uruguay,2004,"11",114,,,,
Uruguay,2004,"12",101,,,,
Uruguay,2004,"12",117,,,,
Uruguay,2004,"12",98,,,,
Uruguay,2004,"12",99,,,,
Uruguay,2005,"01",102,,,,
Uruguay,2005,"01",91,,,,
Uruguay,2005,"01",92,,,,
Uruguay,2005,"01",84,,,,
Uruguay,2005,"01",89,,,,
Uruguay,2005,"02",100,,,,
Uruguay,2005,"02",111,,,,
Uruguay,2005,"02",102,,,,
Uruguay,2005,"02",102,,,,
Uruguay,2005,"03",86,,,,
Uruguay,2005,"03",82,,,,
Uruguay,2005,"03",81,,,,
Uruguay,2005,"03",93,,,,
Uruguay,2005,"04",146,,,,
Uruguay,2005,"04",150,,,,
Uruguay,2005,"04",83,,,,
Uruguay,2005,"04",107,,,,
Uruguay,2005,"05",137,,,,
Uruguay,2005,"05",125,,,,
Uruguay,2005,"05",132,,,,
Uruguay,2005,"05",140,,,,
Uruguay,2005,"05",132,,,,
Uruguay,2005,"06",143,,,,
Uruguay,2005,"06",159,,,,
Uruguay,2005,"06",140,,,,
Uruguay,2005,"06",142,,,,
Uruguay,2005,"07",175,,,,
Uruguay,2005,"07",118,,,,
Uruguay,2005,"07",124,,,,
Uruguay,2005,"07",130,,,,
Uruguay,2005,"07",159,,,,
Uruguay,2005,"08",178,,,,
Uruguay,2005,"08",180,,,,
Uruguay,2005,"08",154,,,,
Uruguay,2005,"08",162,,,,
Uruguay,2005,"09",143,,,,
Uruguay,2005,"09",145,,,,
Uruguay,2005,"09",175,,,,
Uruguay,2005,"09",163,,,,
Uruguay,2005,"10",175,,,,
Uruguay,2005,"10",167,,,,
Uruguay,2005,"10",205,,,,
Uruguay,2005,"10",179,,,,
Uruguay,2005,"10",155,,,,
Uruguay,2005,"11",133,,,,
Uruguay,2005,"11",99,,,,
Uruguay,2005,"11",112,,,,
Uruguay,2005,"11",86,,,,
Uruguay,2005,"12",94,,,,
Uruguay,2005,"12",92,,,,
Uruguay,2005,"12",90,,,,
Uruguay,2005,"12",103,,,,
Uruguay,2006,"01",95,,,,
Uruguay,2006,"01",84,,,,
Uruguay,2006,"01",81,,,,
Uruguay,2006,"01",81,,,,
Uruguay,2006,"01",103,,,,
Uruguay,2006,"02",75,,,,
Uruguay,2006,"02",85,,,,
Uruguay,2006,"02",87,,,,
Uruguay,2006,"02",80,,,,
Uruguay,2006,"03",79,,,,
Uruguay,2006,"03",83,,,,
Uruguay,2006,"03",81,,,,
Uruguay,2006,"03",90,,,,
Uruguay,2006,"04",89,,,,
Uruguay,2006,"04",95,,,,
Uruguay,2006,"04",88,,,,
Uruguay,2006,"04",86,,,,
Uruguay,2006,"04",91,,,,
Uruguay,2006,"05",151,,,,
Uruguay,2006,"05",120,,,,
Uruguay,2006,"05",165,,,,
Uruguay,2006,"05",133,,,,
Uruguay,2006,"06",158,,,,
Uruguay,2006,"06",155,,,,
Uruguay,2006,"06",135,,,,
Uruguay,2006,"06",147,,,,
Uruguay,2006,"07",179,,,,
Uruguay,2006,"07",177,,,,
Uruguay,2006,"07",188,,,,
Uruguay,2006,"07",183,,,,
Uruguay,2006,"07",177,,,,
Uruguay,2006,"08",194,,,,
Uruguay,2006,"08",175,,,,
Uruguay,2006,"08",181,,,,
Uruguay,2006,"08",194,,,,
Uruguay,2006,"09",197,,,,
Uruguay,2006,"09",180,,,,
Uruguay,2006,"09",173,,,,
Uruguay,2006,"09",178,,,,
Uruguay,2006,"10",135,,,,
Uruguay,2006,"10",157,,,,
Uruguay,2006,"10",152,,,,
Uruguay,2006,"10",141,,,,
Uruguay,2006,"10",129,,,,
Uruguay,2006,"11",126,,,,
Uruguay,2006,"11",120,,,,
Uruguay,2006,"11",126,,,,
Uruguay,2006,"11",110,,,,
Uruguay,2006,"12",110,,,,
Uruguay,2006,"12",111,,,,
Uruguay,2006,"12",88,,,,
Uruguay,2006,"12",96,,,,
Uruguay,2006,"12",82,,,,
Uruguay,2007,"01",75,,,,
Uruguay,2007,"01",71,,,,
Uruguay,2007,"01",73,,,,
Uruguay,2007,"01",72,,,,
Uruguay,2007,"02",76,,,,
Uruguay,2007,"02",72,,,,
Uruguay,2007,"02",74,,,,
Uruguay,2007,"02",73,,,,
Uruguay,2007,"03",77,,,,
Uruguay,2007,"03",96,,,,
Uruguay,2007,"03",120,,,,
Uruguay,2007,"03",98,,,,
Uruguay,2007,"04",114,,,,
Uruguay,2007,"04",117,,,,
Uruguay,2007,"04",101,,,,
Uruguay,2007,"04",107,,,,
Uruguay,2007,"04",124,,,,
Uruguay,2007,"05",127,,,,
Uruguay,2007,"05",109,,,,
Uruguay,2007,"05",175,,,,
Uruguay,2007,"05",195,,,,
Uruguay,2007,"06",219,,,,
Uruguay,2007,"06",201,,,,
Uruguay,2007,"06",218,,,,
Uruguay,2007,"06",237,,,,
Uruguay,2007,"07",232,,,,
Uruguay,2007,"07",294,,,,
Uruguay,2007,"07",290,,,,
Uruguay,2007,"07",179,,,,
Uruguay,2007,"07",221,,,,
Uruguay,2007,"08",219,,,,
Uruguay,2007,"08",210,,,,
Uruguay,2007,"08",221,,,,
Uruguay,2007,"08",230,,,,
Uruguay,2007,"09",126,,,,
Uruguay,2007,"09",144,,,,
Uruguay,2007,"09",196,,,,
Uruguay,2007,"09",133,,,,
Uruguay,2007,"09",164,,,,
Uruguay,2007,"10",128,,,,
Uruguay,2007,"10",138,,,,
Uruguay,2007,"10",135,,,,
Uruguay,2007,"10",136,,,,
Uruguay,2007,"11",113,,,,
Uruguay,2007,"11",110,,,,
Uruguay,2007,"11",127,,,,
Uruguay,2007,"11",133,,,,
Uruguay,2007,"12",120,,,,
Uruguay,2007,"12",101,,,,
Uruguay,2007,"12",92,,,,
Uruguay,2007,"12",110,,,,
Uruguay,2007,"12",107,,,,
Uruguay,2008,"01",80,,,,
Uruguay,2008,"01",82,,,,
Uruguay,2008,"01",76,,,,
Uruguay,2008,"01",76,,,,
Uruguay,2008,"02",80,,,,
Uruguay,2008,"02",73,,,,
Uruguay,2008,"02",75,,,,
Uruguay,2008,"02",77,,,,
Uruguay,2008,"03",86,,,,
Uruguay,2008,"03",88,,,,
Uruguay,2008,"03",99,,,,
Uruguay,2008,"03",78,,,,
Uruguay,2008,"03",96,,,,
Uruguay,2008,"04",119,,,,
Uruguay,2008,"04",105,,,,
Uruguay,2008,"04",100,,,,
Uruguay,2008,"04",115,,,,
Uruguay,2008,"05",139,,,,
Uruguay,2008,"05",129,,,,
Uruguay,2008,"05",133,,,,
Uruguay,2008,"05",127,,,,
Uruguay,2008,"06",147,,,,
Uruguay,2008,"06",177,,,,
Uruguay,2008,"06",157,,,,
Uruguay,2008,"06",196,,,,
Uruguay,2008,"06",185,,,,
Uruguay,2008,"07",208,,,,
Uruguay,2008,"07",200,,,,
Uruguay,2008,"07",209,,,,
Uruguay,2008,"07",210,,,,
Uruguay,2008,"08",169,,,,
Uruguay,2008,"08",176,,,,
Uruguay,2008,"08",157,,,,
Uruguay,2008,"08",156,,,,
Uruguay,2008,"08",179,,,,
Uruguay,2008,"09",140,,,,
Uruguay,2008,"09",134,,,,
Uruguay,2008,"09",146,,,,
Uruguay,2008,"09",149,,,,
Uruguay,2008,"10",109,,,,
Uruguay,2008,"10",96,,,,
Uruguay,2008,"10",115,,,,
Uruguay,2008,"10",134,,,,
Uruguay,2008,"11",99,,,,
Uruguay,2008,"11",80,,,,
Uruguay,2008,"11",89,,,,
Uruguay,2008,"11",103,,,,
Uruguay,2008,"11",95,,,,
Uruguay,2008,"12",73,,,,
Uruguay,2008,"12",70,,,,
Uruguay,2008,"12",71,,,,
Uruguay,2008,"12",77,,,,
Uruguay,2009,"01",76,,,,
Uruguay,2009,"01",75,,,,
Uruguay,2009,"01",73,,,,
Uruguay,2009,"01",71,,,,
Uruguay,2009,"02",64,,,,
Uruguay,2009,"02",66,,,,
Uruguay,2009,"02",62,,,,
Uruguay,2009,"02",63,,,,
Uruguay,2009,"03",66,,,,
Uruguay,2009,"03",62,,,,
Uruguay,2009,"03",65,,,,
Uruguay,2009,"03",79,,,,
Uruguay,2009,"03",75,,,,
Uruguay,2009,"04",133,,,,
Uruguay,2009,"04",81,,,,
Uruguay,2009,"04",87,,,,
Uruguay,2009,"04",99,,,,
Uruguay,2009,"05",147,,,,
Uruguay,2009,"05",135,,,,
Uruguay,2009,"05",156,,,,
Uruguay,2009,"05",129,,,,
Uruguay,2009,"05",128,,,,
Uruguay,2009,"06",134,,,,
Uruguay,2009,"06",282,,,,
Uruguay,2009,"06",190,,,,
Uruguay,2009,"06",127,,,,
Uruguay,2009,"07",156,,,,
Uruguay,2009,"07",271,,,,
Uruguay,2009,"07",256,,,,
Uruguay,2009,"07",204,,,,
Uruguay,2009,"08",138,,,,
Uruguay,2009,"08",132,,,,
Uruguay,2009,"08",122,,,,
Uruguay,2009,"08",120,,,,
Uruguay,2009,"08",139,,,,
Uruguay,2009,"09",99,,,,
Uruguay,2009,"09",122,,,,
Uruguay,2009,"09",116,,,,
Uruguay,2009,"09",109,,,,
Uruguay,2009,"10",111,,,,
Uruguay,2009,"10",108,,,,
Uruguay,2009,"10",113,,,,
Uruguay,2009,"10",103,,,,
Uruguay,2009,"11",72,,,,
Uruguay,2009,"11",81,,,,
Uruguay,2009,"11",68,,,,
Uruguay,2009,"11",78,,,,
Uruguay,2009,"11",90,,,,
Uruguay,2009,"12",54,,,,
Uruguay,2009,"12",62,,,,
Uruguay,2009,"12",64,,,,
Uruguay,2009,"12",57,,,,
Uruguay,2010,"01",53,,,,
Uruguay,2010,"01",54,,,,
Uruguay,2010,"01",51,,,,
Uruguay,2010,"01",53,,,,
Uruguay,2010,"01",56,,,,
Uruguay,2010,"02",58,,,,
Uruguay,2010,"02",56,,,,
Uruguay,2010,"02",56,,,,
Uruguay,2010,"02",57,,,,
Uruguay,2010,"03",70,,,,
Uruguay,2010,"03",54,,,,
Uruguay,2010,"03",58,,,,
Uruguay,2010,"03",63,,,,
Uruguay,2010,"04",82,,,,
Uruguay,2010,"04",86,,,,
Uruguay,2010,"04",79,,,,
Uruguay,2010,"04",89,,,,
Uruguay,2010,"05",97,,,,
Uruguay,2010,"05",101,,,,
Uruguay,2010,"05",102,,,,
Uruguay,2010,"05",104,,,,
Uruguay,2010,"05",108,,,,
Uruguay,2010,"06",112,,,,
Uruguay,2010,"06",101,,,,
Uruguay,2010,"06",107,,,,
Uruguay,2010,"06",107,,,,
Uruguay,2010,"07",103,,,,
Uruguay,2010,"07",102,,,,
Uruguay,2010,"07",117,,,,
Uruguay,2010,"07",105,,,,
Uruguay,2010,"08",122,,,,
Uruguay,2010,"08",162,,,,
Uruguay,2010,"08",172,,,,
Uruguay,2010,"08",152,,,,
Uruguay,2010,"08",131,,,,
Uruguay,2010,"09",149,,,,
Uruguay,2010,"09",158,,,,
Uruguay,2010,"09",141,,,,
Uruguay,2010,"09",157,,,,
Uruguay,2010,"10",139,,,,
Uruguay,2010,"10",138,,,,
Uruguay,2010,"10",135,,,,
Uruguay,2010,"10",107,,,,
Uruguay,2010,"10",113,,,,
Uruguay,2010,"11",96,,,,
Uruguay,2010,"11",88,,,,
Uruguay,2010,"11",104,,,,
Uruguay,2010,"11",107,,,,
Uruguay,2010,"12",65,,,,
Uruguay,2010,"12",75,,,,
Uruguay,2010,"12",72,,,,
Uruguay,2010,"12",63,,,,
Uruguay,2011,"01",62,,,,
Uruguay,2011,"01",59,,,,
Uruguay,2011,"01",58,,,,
Uruguay,2011,"01",60,,,,
Uruguay,2011,"01",62,,,,
Uruguay,2011,"02",55,,,,
Uruguay,2011,"02",55,,,,
Uruguay,2011,"02",53,,,,
Uruguay,2011,"02",52,,,,
Uruguay,2011,"03",55,,,,
Uruguay,2011,"03",67,,,,
Uruguay,2011,"03",55,,,,
Uruguay,2011,"03",59,,,,
Uruguay,2011,"04",79,,,,
Uruguay,2011,"04",75,,,,
Uruguay,2011,"04",85,,,,
Uruguay,2011,"04",75,,,,
Uruguay,2011,"05",97,,,,
Uruguay,2011,"05",109,,,,
Uruguay,2011,"05",84,,,,
Uruguay,2011,"05",73,,,,
Uruguay,2011,"05",117,,,,
Uruguay,2011,"06",103,,,,
Uruguay,2011,"06",115,,,,
Uruguay,2011,"06",113,,,,
Uruguay,2011,"06",111,,,,
Uruguay,2011,"07",131,,,,
Uruguay,2011,"07",144,,,,
Uruguay,2011,"07",175,,,,
Uruguay,2011,"07",129,,,,
Uruguay,2011,"07",138,,,,
Uruguay,2011,"08",150,,,,
Uruguay,2011,"08",153,,,,
Uruguay,2011,"08",174,,,,
Uruguay,2011,"08",147,,,,
Uruguay,2011,"09",122,,,,
Uruguay,2011,"09",92,,,,
Uruguay,2011,"09",141,,,,
Uruguay,2011,"09",105,,,,
Uruguay,2011,"10",81,,,,
Uruguay,2011,"10",90,,,,
Uruguay,2011,"10",77,,,,
Uruguay,2011,"10",75,,,,
Uruguay,2011,"10",78,,,,
Uruguay,2011,"11",73,,,,
Uruguay,2011,"11",64,,,,
Uruguay,2011,"11",71,,,,
Uruguay,2011,"11",66,,,,
Uruguay,2011,"12",53,,,,
Uruguay,2011,"12",60,,,,
Uruguay,2011,"12",54,,,,
Uruguay,2011,"12",55,,,,
Uruguay,2012,"01",52,,,,
Uruguay,2012,"01",52,,,,
Uruguay,2012,"01",52,,,,
Uruguay,2012,"01",54,,,,
Uruguay,2012,"01",53,,,,
Uruguay,2012,"02",51,,,,
Uruguay,2012,"02",49,,,,
Uruguay,2012,"02",51,,,,
Uruguay,2012,"02",51,,,,
Uruguay,2012,"03",65,,,,
Uruguay,2012,"03",62,,,,
Uruguay,2012,"03",54,,,,
Uruguay,2012,"03",52,,,,
Uruguay,2012,"04",75,,,,
Uruguay,2012,"04",77,,,,
Uruguay,2012,"04",80,,,,
Uruguay,2012,"04",77,,,,
Uruguay,2012,"04",78,,,,
Uruguay,2012,"05",86,,,,
Uruguay,2012,"05",107,,,,
Uruguay,2012,"05",109,,,,
Uruguay,2012,"05",99,,,,
Uruguay,2012,"06",139,,,,
Uruguay,2012,"06",200,,,,
Uruguay,2012,"06",156,,,,
Uruguay,2012,"06",118,,,,
Uruguay,2012,"07",162,,,,
Uruguay,2012,"07",182,,,,
Uruguay,2012,"07",186,,,,
Uruguay,2012,"07",165,,,,
Uruguay,2012,"07",141,,,,
Uruguay,2012,"08",129,,,,
Uruguay,2012,"08",132,,,,
Uruguay,2012,"08",136,,,,
Uruguay,2012,"08",121,,,,
Uruguay,2012,"09",120,,,,
Uruguay,2012,"09",130,,,,
Uruguay,2012,"09",140,,,,
Uruguay,2012,"09",111,,,,
Uruguay,2012,"09",111,,,,
Uruguay,2012,"10",86,,,,
Uruguay,2012,"10",108,,,,
Uruguay,2012,"10",91,,,,
Uruguay,2012,"10",101,,,,
Uruguay,2012,"11",83,,,,
Uruguay,2012,"11",86,,,,
Uruguay,2012,"11",74,,,,
Uruguay,2012,"11",69,,,,
Uruguay,2012,"12",60,,,,
Uruguay,2012,"12",66,,,,
Uruguay,2012,"12",60,,,,
Uruguay,2012,"12",57,,,,
Uruguay,2012,"12",64,,,,
Uruguay,2013,"01",66,,,,
Uruguay,2013,"01",63,,,,
Uruguay,2013,"01",65,,,,
Uruguay,2013,"01",61,,,,
Uruguay,2013,"02",55,,,,
Uruguay,2013,"02",56,,,,
Uruguay,2013,"02",55,,,,
Uruguay,2013,"02",56,,,,
Uruguay,2013,"03",88,,,,
Uruguay,2013,"03",84,,,,
Uruguay,2013,"03",65,,,,
Uruguay,2013,"03",59,,,,
Uruguay,2013,"03",56,,,,
Uruguay,2013,"04",75,,,,
Uruguay,2013,"04",74,,,,
Uruguay,2013,"04",78,,,,
Uruguay,2013,"04",71,,,,
Uruguay,2013,"05",94,,,,
Uruguay,2013,"05",138,,,,
Uruguay,2013,"05",113,,,,
Uruguay,2013,"05",88,,,,
Uruguay,2013,"06",149,,,,
Uruguay,2013,"06",150,,,,
Uruguay,2013,"06",159,,,,
Uruguay,2013,"06",133,,,,
Uruguay,2013,"06",147,,,,
Uruguay,2013,"07",143,,,,
Uruguay,2013,"07",137,,,,
Uruguay,2013,"07",129,,,,
Uruguay,2013,"07",130,,,,
Uruguay,2013,"08",146,,,,
Uruguay,2013,"08",148,,,,
Uruguay,2013,"08",145,,,,
Uruguay,2013,"08",141,,,,
Uruguay,2013,"09",143,,,,
Uruguay,2013,"09",102,,,,
Uruguay,2013,"09",95,,,,
Uruguay,2013,"09",113,,,,
Uruguay,2013,"09",101,,,,
Uruguay,2013,"10",95,,,,
Uruguay,2013,"10",90,,,,
Uruguay,2013,"10",94,,,,
Uruguay,2013,"10",91,,,,
Uruguay,2013,"11",73,,,,
Uruguay,2013,"11",71,,,,
Uruguay,2013,"11",89,,,,
Uruguay,2013,"11",84,,,,
Uruguay,2013,"12",74,,,,
Uruguay,2013,"12",71,,,,
Uruguay,2013,"12",67,,,,
Uruguay,2013,"12",73,,,,
Uruguay,2013,"12",62,,,,
Uruguay,2014,"01",59,,,,
Uruguay,2014,"01",61,,,,
Uruguay,2014,"01",56,,,,
Uruguay,2014,"01",59,,,,
Uruguay,2014,"02",60,,,,
Uruguay,2014,"02",60,,,,
Uruguay,2014,"02",58,,,,
Uruguay,2014,"02",60,,,,
Uruguay,2014,"03",98,,,,
Uruguay,2014,"03",64,,,,
Uruguay,2014,"03",77,,,,
Uruguay,2014,"03",83,,,,
Uruguay,2014,"03",95,,,,
Uruguay,2014,"04",78,,,,
Uruguay,2014,"04",103,,,,
Uruguay,2014,"04",84,,,,
Uruguay,2014,"04",90,,,,
Uruguay,2014,"05",103,,,,
Uruguay,2014,"05",116,,,,
Uruguay,2014,"05",100,,,,
Uruguay,2014,"05",115,,,,
Uruguay,2014,"06",131,,,,
Uruguay,2014,"06",114,,,,
Uruguay,2014,"06",130,,,,
Uruguay,2014,"06",131,,,,
Uruguay,2014,"06",118,,,,
Uruguay,2014,"07",141,,,,
Uruguay,2014,"07",137,,,,
Uruguay,2014,"07",147,,,,
Uruguay,2014,"07",146,,,,
Uruguay,2014,"08",204,,,,
Uruguay,2014,"08",166,,,,
Uruguay,2014,"08",174,,,,
Uruguay,2014,"08",146,,,,
Uruguay,2014,"08",173,,,,
Uruguay,2014,"09",125,,,,
Uruguay,2014,"09",124,,,,
Uruguay,2014,"09",131,,,,
Uruguay,2014,"09",137,,,,
Uruguay,2014,"10",110,,,,
Uruguay,2014,"10",93,,,,
Uruguay,2014,"10",112,,,,
Uruguay,2014,"10",108,,,,
Uruguay,2014,"11",90,,,,
Uruguay,2014,"11",81,,,,
Uruguay,2014,"11",86,,,,
Uruguay,2014,"11",83,,,,
Uruguay,2014,"11",75,,,,
Uruguay,2014,"12",75,,,,
Uruguay,2014,"12",75,,,,
Uruguay,2014,"12",75,,,,
Uruguay,2014,"12",73,,,,
Uruguay,2015,"01",71,,,,
Uruguay,2015,"01",71,,,,
Uruguay,2015,"01",70,,,,
Uruguay,2015,"01",77,,,,
Uruguay,2015,"02",80,,,,
Uruguay,2015,"02",79,,,,
Uruguay,2015,"02",80,,,,
Uruguay,2015,"02",82,,,,
Uruguay,2015,"03",74,,,,
Uruguay,2015,"03",99,,,,
Uruguay,2015,"03",76,,,,
Uruguay,2015,"03",88,,,,
Uruguay,2015,"03",104,,,,
Uruguay,2015,"04",107,,,,
Uruguay,2015,"04",104,,,,
Uruguay,2015,"04",117,,,,
Uruguay,2015,"04",116,,,,
Uruguay,2015,"05",134,,,,
Uruguay,2015,"05",132,,,,
Uruguay,2015,"05",136,,,,
Uruguay,2015,"05",133,,,,
Uruguay,2015,"05",112,,,,
Uruguay,2015,"06",149,,,,
Uruguay,2015,"06",191,,,,
Uruguay,2015,"06",223,,,,
Uruguay,2015,"06",208,,,,
Uruguay,2015,"07",220,,,,
Uruguay,2015,"07",215,,,,
Uruguay,2015,"07",224,,,,
Uruguay,2015,"07",225,,,,
Uruguay,2015,"08",183,,,,
Uruguay,2015,"08",215,,,,
